idx,type,severity,l1,ssim,psnr
0,clean,none,0.08435805886983871,0.5601415634155273,18.195894241333008
1,clean,none,0.06029919907450676,0.6298280954360962,21.40191078186035
2,clean,none,0.08286217600107193,0.4986512064933777,18.956802368164062
3,occlusion,low,0.07689692825078964,0.40437430143356323,19.5267333984375
4,salt_pepper,low,0.04362408444285393,0.7079724669456482,22.908538818359375
5,salt_pepper,high,0.05584142729640007,0.5626771450042725,22.592449188232422
6,salt_pepper,low,0.09423699975013733,0.6367560625076294,17.43280029296875
7,clean,none,0.04288339614868164,0.8044618368148804,24.222183227539062
8,salt_pepper,high,0.06801295280456543,0.5532025098800659,20.689727783203125
9,blur,medium,0.07024259120225906,0.6069769263267517,20.20511245727539
10,blur,low,0.06672023236751556,0.5892683267593384,20.627117156982422
11,blur,low,0.056549083441495895,0.6563367247581482,22.48413848876953
12,occlusion,medium,0.07787460088729858,0.5106706023216248,19.0943603515625
13,occlusion,high,0.07642592489719391,0.5893772840499878,18.11720085144043
14,clean,none,0.054086342453956604,0.6736168265342712,22.48600196838379
15,blur,high,0.10360397398471832,0.4981740713119507,17.776168823242188
16,clean,none,0.0706220418214798,0.544840395450592,20.144804000854492
17,occlusion,low,0.07623434066772461,0.657069206237793,19.74592399597168
18,clean,none,0.0684947595000267,0.6247296333312988,19.611248016357422
19,salt_pepper,high,0.07463812828063965,0.6087870001792908,19.923965454101562
20,blur,high,0.0709540843963623,0.6084761023521423,20.257797241210938
21,clean,none,0.08030436933040619,0.5663740038871765,19.306550979614258
22,occlusion,low,0.08548887819051743,0.4839816987514496,18.707622528076172
23,occlusion,low,0.06314123421907425,0.5498501062393188,20.71930694580078
24,occlusion,low,0.0693276971578598,0.458741158246994,20.66474723815918
25,salt_pepper,low,0.07423482835292816,0.770389199256897,20.15850257873535
26,clean,none,0.08093789964914322,0.6202353239059448,18.89685821533203
27,clean,none,0.07726268470287323,0.51075279712677,19.76845932006836
28,salt_pepper,medium,0.0655100867152214,0.6649859547615051,21.28835678100586
29,clean,none,0.05475524067878723,0.6200323104858398,22.674428939819336
30,salt_pepper,low,0.0406867079436779,0.8106931447982788,24.245433807373047
31,clean,none,0.05412585288286209,0.6039332151412964,20.934612274169922
32,clean,none,0.042642902582883835,0.7723666429519653,22.35314178466797
33,blur,medium,0.06743784993886948,0.570588231086731,20.929649353027344
34,occlusion,high,0.11970146000385284,0.5352497696876526,15.9002685546875
35,salt_pepper,medium,0.0858646035194397,0.4576587677001953,18.844646453857422
36,blur,high,0.11529406160116196,0.5299736857414246,16.079381942749023
37,occlusion,medium,0.05726277828216553,0.7416369915008545,20.06557846069336
38,occlusion,low,0.09708867967128754,0.46400734782218933,16.88896942138672
39,blur,medium,0.05837473273277283,0.6163884997367859,21.15872573852539
40,clean,none,0.13584575057029724,0.666110098361969,14.384166717529297
41,salt_pepper,high,0.07488786429166794,0.7010952830314636,20.49405288696289
42,occlusion,high,0.05538184568285942,0.6646902561187744,21.354618072509766
43,salt_pepper,low,0.07302878797054291,0.6676439046859741,20.759693145751953
44,salt_pepper,high,0.06938864290714264,0.6358196139335632,19.05249786376953
45,occlusion,medium,0.07191385328769684,0.6215592622756958,19.998414993286133
46,occlusion,high,0.03514893352985382,0.6073435544967651,24.89559555053711
47,clean,none,0.09735111892223358,0.5978378653526306,18.312997817993164
48,clean,none,0.0748710185289383,0.6106029748916626,20.270845413208008
49,salt_pepper,medium,0.06643868237733841,0.6049079298973083,21.017473220825195
50,occlusion,medium,0.048707515001297,0.7312002182006836,22.494943618774414
51,clean,none,0.053426604717969894,0.6379218101501465,22.464324951171875
52,occlusion,high,0.08488331735134125,0.7060458660125732,18.993209838867188
53,salt_pepper,medium,0.06900357455015182,0.6137093305587769,20.02049446105957
54,clean,none,0.054114118218421936,0.7743040919303894,22.790700912475586
55,salt_pepper,high,0.07824861258268356,0.4655088782310486,19.343856811523438
56,occlusion,high,0.04680947959423065,0.6278681755065918,22.953765869140625
57,salt_pepper,medium,0.10965263098478317,0.43597501516342163,16.005016326904297
58,blur,low,0.044075772166252136,0.5897129774093628,23.245838165283203
59,clean,none,0.10355745255947113,0.39428505301475525,16.434362411499023
60,clean,none,0.16646425426006317,0.4993765354156494,13.614494323730469
61,salt_pepper,low,0.054711055010557175,0.7728604078292847,20.274126052856445
62,blur,high,0.0868573784828186,0.6608174443244934,19.30071258544922
63,blur,medium,0.05198339372873306,0.6770563125610352,23.1527042388916
64,salt_pepper,medium,0.06227019429206848,0.5290917754173279,21.264759063720703
65,clean,none,0.048778411000967026,0.672843337059021,23.541095733642578
66,blur,medium,0.10609772056341171,0.6566755175590515,17.523801803588867
67,clean,none,0.0491267554461956,0.7173632383346558,22.747657775878906
68,clean,none,0.07052019238471985,0.6485174894332886,20.279678344726562
69,clean,none,0.051759928464889526,0.7097811698913574,21.61095428466797
70,blur,medium,0.047152213752269745,0.6368443965911865,23.90771484375
71,occlusion,low,0.08317901939153671,0.4887470602989197,18.069093704223633
72,blur,medium,0.05709334462881088,0.6876550912857056,21.539119720458984
73,occlusion,medium,0.09091584384441376,0.255410760641098,18.02260971069336
74,salt_pepper,high,0.10003478825092316,0.6534595489501953,17.76344871520996
75,blur,low,0.09074016660451889,0.4404452443122864,17.385099411010742
76,occlusion,medium,0.06978949904441833,0.4961249530315399,19.580909729003906
77,salt_pepper,medium,0.07520729303359985,0.7741405963897705,19.941341400146484
78,salt_pepper,high,0.11886505782604218,0.5804169178009033,15.635387420654297
79,blur,high,0.09655039012432098,0.41237470507621765,17.213329315185547
80,salt_pepper,low,0.0683308094739914,0.6693047881126404,20.336835861206055
81,salt_pepper,medium,0.07873906195163727,0.5569173097610474,19.526473999023438
82,clean,none,0.060462586581707,0.585771918296814,21.160072326660156
83,occlusion,high,0.09689179062843323,0.35790130496025085,17.00577163696289
84,blur,medium,0.07599836587905884,0.3911484181880951,19.897241592407227
85,blur,high,0.08860035240650177,0.5319432020187378,17.71332550048828
86,salt_pepper,high,0.04693330451846123,0.6762224435806274,23.4030704498291
87,occlusion,medium,0.08359378576278687,0.4630710482597351,18.21678924560547
88,salt_pepper,medium,0.06181620806455612,0.6879631280899048,21.45459747314453
89,occlusion,medium,0.08912567794322968,0.4999583661556244,17.860897064208984
90,occlusion,high,0.08351737260818481,0.4772385060787201,19.35721206665039
91,salt_pepper,low,0.05588250607252121,0.6250850558280945,20.77594757080078
92,salt_pepper,medium,0.07588376104831696,0.576785147190094,20.156105041503906
93,occlusion,medium,0.062221549451351166,0.6447357535362244,20.09701156616211
94,occlusion,high,0.07604941725730896,0.5220513939857483,19.639827728271484
95,occlusion,low,0.11709462106227875,0.4517158269882202,16.274564743041992
96,salt_pepper,medium,0.09534233063459396,0.4808759391307831,17.598194122314453
97,blur,high,0.06057211756706238,0.7540468573570251,21.842166900634766
98,clean,none,0.08915291726589203,0.426100492477417,18.61345863342285
99,occlusion,high,0.12084554135799408,0.3870055079460144,15.668111801147461
100,salt_pepper,medium,0.04731898754835129,0.6513196229934692,23.144025802612305
101,blur,low,0.0834016352891922,0.46439218521118164,19.26781463623047
102,salt_pepper,low,0.05343829095363617,0.6082693934440613,22.477497100830078
103,occlusion,low,0.0825432538986206,0.5114282369613647,18.489713668823242
104,salt_pepper,high,0.055913012474775314,0.6678781509399414,21.596651077270508
105,salt_pepper,low,0.051878951489925385,0.6257421970367432,22.830448150634766
106,clean,none,0.10006573051214218,0.5661895275115967,16.89397430419922
107,salt_pepper,high,0.06046053022146225,0.6173128485679626,20.779197692871094
108,salt_pepper,high,0.06511931121349335,0.6294395923614502,20.31836700439453
109,salt_pepper,low,0.0524846613407135,0.6913301348686218,22.571889877319336
110,clean,none,0.07324938476085663,0.6173695921897888,19.17487144470215
111,blur,medium,0.042004894465208054,0.7384748458862305,24.559425354003906
112,clean,none,0.05992838740348816,0.5838409662246704,21.102367401123047
113,salt_pepper,high,0.060517579317092896,0.6950670480728149,21.265003204345703
114,blur,high,0.06816662102937698,0.47101330757141113,20.341129302978516
115,salt_pepper,low,0.06311358511447906,0.7074155211448669,19.473499298095703
116,blur,medium,0.056609079241752625,0.6869205832481384,21.256591796875
117,blur,medium,0.06286930292844772,0.6302289366722107,20.687570571899414
118,occlusion,medium,0.07891710847616196,0.5546991229057312,19.418312072753906
119,occlusion,low,0.08332369476556778,0.4800899028778076,18.663219451904297
120,blur,medium,0.0678907185792923,0.5005726218223572,20.71113395690918
121,salt_pepper,high,0.0890483409166336,0.36437496542930603,18.434803009033203
122,salt_pepper,high,0.053101908415555954,0.6714286804199219,22.899721145629883
123,blur,medium,0.07923122495412827,0.581218421459198,19.496944427490234
124,occlusion,medium,0.096920907497406,0.48557767271995544,17.713119506835938
125,salt_pepper,medium,0.06326852738857269,0.7043816447257996,20.69272232055664
126,occlusion,medium,0.08629073202610016,0.407338947057724,18.685562133789062
127,clean,none,0.07208836823701859,0.5840129852294922,19.681055068969727
128,occlusion,medium,0.1538439393043518,0.5068935751914978,14.187995910644531
129,clean,none,0.0916147232055664,0.42546576261520386,18.133880615234375
130,salt_pepper,high,0.08236154168844223,0.6197307705879211,18.3261661529541
131,blur,high,0.0735575258731842,0.5273730754852295,19.839149475097656
132,occlusion,medium,0.07923662662506104,0.48073944449424744,18.903749465942383
133,blur,medium,0.08290828764438629,0.5399465560913086,17.67123031616211
134,salt_pepper,medium,0.06618665903806686,0.5092154741287231,20.427143096923828
135,clean,none,0.058050625026226044,0.7291866540908813,21.771461486816406
136,clean,none,0.0606142058968544,0.7053553462028503,21.206457138061523
137,salt_pepper,high,0.08136200159788132,0.4376048445701599,19.226573944091797
138,blur,medium,0.08054734766483307,0.5378038287162781,19.4652042388916
139,occlusion,high,0.07912000268697739,0.5252676010131836,18.501903533935547
140,clean,none,0.0770714282989502,0.6444419622421265,19.133617401123047
141,salt_pepper,high,0.07043352723121643,0.5192031860351562,19.99245834350586
142,clean,none,0.0648060142993927,0.6148582696914673,20.41120719909668
143,blur,low,0.05552278086543083,0.65513014793396,22.602947235107422
144,blur,medium,0.09958991408348083,0.5827522277832031,17.56739044189453
145,blur,medium,0.06351729482412338,0.5224612951278687,20.515844345092773
146,occlusion,medium,0.07565082609653473,0.47348570823669434,19.235061645507812
147,occlusion,medium,0.06834307312965393,0.5657398700714111,20.13775062561035
148,salt_pepper,medium,0.07564382255077362,0.5621320009231567,20.18079948425293
149,blur,low,0.06812195479869843,0.5416804552078247,19.75296974182129
150,blur,high,0.08069778233766556,0.4816286563873291,19.132402420043945
151,salt_pepper,high,0.0629824623465538,0.7322105169296265,20.819595336914062
152,occlusion,low,0.06327729672193527,0.5814844369888306,21.027982711791992
153,salt_pepper,low,0.06849034875631332,0.6031996011734009,20.59075927734375
154,blur,low,0.053487882018089294,0.5739168524742126,21.697690963745117
155,salt_pepper,high,0.08760261535644531,0.6032272577285767,18.50853157043457
156,occlusion,low,0.0916530191898346,0.3563016355037689,17.69431495666504
157,clean,none,0.06123222038149834,0.6284453868865967,22.045215606689453
158,occlusion,medium,0.08057381212711334,0.5083268880844116,18.37039566040039
159,occlusion,low,0.06600292026996613,0.5387033820152283,20.389375686645508
160,occlusion,low,0.08387596905231476,0.4973928928375244,17.837642669677734
161,salt_pepper,medium,0.08468204736709595,0.5733017921447754,18.54059410095215
162,clean,none,0.0842156931757927,0.48223015666007996,18.581897735595703
163,blur,medium,0.16387665271759033,0.2521001398563385,14.017110824584961
164,occlusion,medium,0.14406894147396088,0.28778326511383057,14.595907211303711
165,clean,none,0.10819913446903229,0.5607116222381592,16.184629440307617
166,blur,medium,0.06512761116027832,0.713103175163269,20.9903507232666
167,clean,none,0.060082338750362396,0.5448366403579712,21.010189056396484
168,blur,low,0.07799026370048523,0.4762648046016693,19.557464599609375
169,salt_pepper,high,0.07692690938711166,0.47215354442596436,19.485572814941406
170,blur,medium,0.06939797848463058,0.613858163356781,20.3331298828125
171,clean,none,0.08095932006835938,0.549801766872406,19.20680809020996
172,blur,high,0.04879821836948395,0.673545777797699,22.533309936523438
173,clean,none,0.06868383288383484,0.6028290390968323,20.012615203857422
174,occlusion,medium,0.0846087858080864,0.47085803747177124,18.45459747314453
175,blur,low,0.08353225886821747,0.4396018385887146,19.480030059814453
176,occlusion,high,0.11596256494522095,0.41817933320999146,16.096111297607422
177,clean,none,0.08187681436538696,0.35594093799591064,19.87271499633789
178,salt_pepper,low,0.07294363528490067,0.6334207057952881,19.63387680053711
179,salt_pepper,medium,0.08378937095403671,0.5160540342330933,18.816808700561523
180,salt_pepper,high,0.10062288492918015,0.40995320677757263,17.150066375732422
181,blur,medium,0.06051031872630119,0.6560665369033813,21.186477661132812
182,salt_pepper,low,0.06702984869480133,0.6128407716751099,20.0264835357666
183,blur,low,0.06953652203083038,0.5048211216926575,20.675737380981445
184,blur,high,0.0629526898264885,0.6283255219459534,21.132434844970703
185,salt_pepper,low,0.11040255427360535,0.33559346199035645,15.331575393676758
186,salt_pepper,high,0.13541333377361298,0.5152455568313599,14.255279541015625
187,clean,none,0.08787946403026581,0.5472444295883179,18.30960464477539
188,clean,none,0.08932086080312729,0.32797741889953613,18.714946746826172
189,clean,none,0.06134558469057083,0.7093576192855835,19.766117095947266
190,blur,medium,0.07884085923433304,0.6494755148887634,17.88922882080078
191,blur,high,0.07887875288724899,0.5037949085235596,19.441818237304688
192,blur,medium,0.06150645762681961,0.6032837629318237,20.969839096069336
193,blur,medium,0.11707699298858643,0.5139148235321045,16.21538543701172
194,blur,low,0.10481280088424683,0.4758073091506958,17.861568450927734
195,blur,high,0.0684923455119133,0.5285429358482361,20.545480728149414
196,occlusion,high,0.07651977986097336,0.5700055956840515,18.41611099243164
197,occlusion,high,0.10361826419830322,0.5426355600357056,15.789255142211914
198,salt_pepper,high,0.06019681692123413,0.6104320287704468,20.83399200439453
199,salt_pepper,high,0.060763102024793625,0.6167651414871216,21.313613891601562
200,occlusion,high,0.09432613849639893,0.4325103163719177,17.80402183532715
201,clean,none,0.06874546408653259,0.418529212474823,21.058156967163086
202,blur,low,0.06392576545476913,0.7755259871482849,20.198137283325195
203,occlusion,low,0.08603237569332123,0.4814460873603821,18.669755935668945
204,salt_pepper,medium,0.07238657772541046,0.4499240517616272,19.890926361083984
205,salt_pepper,high,0.07781144231557846,0.3808687627315521,19.42155647277832
206,occlusion,high,0.07764741033315659,0.4892466068267822,19.16655731201172
207,salt_pepper,medium,0.0747707188129425,0.541580855846405,20.03078842163086
208,salt_pepper,medium,0.04933688044548035,0.5988590717315674,22.492897033691406
209,salt_pepper,low,0.10414423793554306,0.37628576159477234,17.856792449951172
210,clean,none,0.07843056321144104,0.4970168471336365,19.62596893310547
211,blur,low,0.08424560725688934,0.4093737006187439,19.5690860748291
212,occlusion,high,0.08124780654907227,0.46758413314819336,18.42416000366211
213,occlusion,low,0.07476352900266647,0.6028581857681274,19.722688674926758
214,blur,medium,0.08284454792737961,0.49092110991477966,19.442899703979492
215,salt_pepper,high,0.10705006122589111,0.4099971652030945,16.914859771728516
216,clean,none,0.07131083309650421,0.4149744510650635,20.42290496826172
217,salt_pepper,low,0.09472380578517914,0.4594810903072357,17.84071922302246
218,salt_pepper,high,0.07120432704687119,0.3785223960876465,20.34124755859375
219,clean,none,0.08183379471302032,0.37187623977661133,19.249631881713867
220,occlusion,low,0.0635664239525795,0.5925828218460083,21.040422439575195
221,clean,none,0.0932641476392746,0.573042631149292,18.887012481689453
222,blur,low,0.06274280697107315,0.6153390407562256,20.694595336914062
223,clean,none,0.09865909069776535,0.35620638728141785,17.449628829956055
224,occlusion,low,0.07264678180217743,0.458036869764328,19.804718017578125
225,clean,none,0.10793604701757431,0.42902350425720215,17.342514038085938
226,occlusion,medium,0.05141976475715637,0.6284993886947632,22.253894805908203
227,salt_pepper,high,0.11566044390201569,0.38979530334472656,16.442358016967773
228,occlusion,medium,0.06408130377531052,0.5338322520256042,21.287799835205078
229,occlusion,low,0.08658210933208466,0.46438831090927124,17.682058334350586
230,clean,none,0.07096640020608902,0.590709388256073,19.795352935791016
231,blur,high,0.1101432666182518,0.30811578035354614,17.148029327392578
232,salt_pepper,medium,0.08126130700111389,0.42153987288475037,18.8369197845459
233,salt_pepper,high,0.08756498992443085,0.6180586218833923,17.422405242919922
234,blur,high,0.1174161434173584,0.3370225429534912,16.0155086517334
235,blur,high,0.12690220773220062,0.40474987030029297,14.642810821533203
236,occlusion,low,0.05672702193260193,0.6594982147216797,21.78868865966797
237,blur,high,0.06324395537376404,0.5810745358467102,20.753189086914062
238,blur,high,0.09251618385314941,0.38696616888046265,18.511127471923828
239,clean,none,0.09068405628204346,0.3046118915081024,18.141620635986328
240,clean,none,0.07709750533103943,0.4365907609462738,19.216617584228516
241,blur,medium,0.0858628898859024,0.5042209625244141,19.087434768676758
242,occlusion,low,0.11960279196500778,0.3660869002342224,15.911956787109375
243,occlusion,medium,0.0981847494840622,0.4761902689933777,17.805688858032227
244,blur,low,0.10724407434463501,0.4496387243270874,17.290990829467773
245,salt_pepper,low,0.08350850641727448,0.6143162846565247,18.706418991088867
246,blur,medium,0.07719554007053375,0.4423512816429138,19.602773666381836
247,blur,low,0.11048802733421326,0.43631893396377563,16.431005477905273
248,salt_pepper,high,0.06534671783447266,0.6544979810714722,20.133447647094727
249,salt_pepper,low,0.07719011604785919,0.5800406336784363,19.342588424682617
250,salt_pepper,medium,0.07989540696144104,0.5546151995658875,20.081172943115234
251,occlusion,medium,0.0903402715921402,0.57410728931427,17.4666748046875
252,occlusion,high,0.10315369069576263,0.3587343394756317,17.144893646240234
253,salt_pepper,high,0.087879978120327,0.5901860594749451,19.10338592529297
254,salt_pepper,low,0.10295267403125763,0.3517337739467621,17.22873878479004
255,clean,none,0.09350894391536713,0.4856204390525818,17.32887077331543
256,salt_pepper,medium,0.06992711871862411,0.4661105275154114,19.84018898010254
257,clean,none,0.07955081015825272,0.49187004566192627,19.641511917114258
258,clean,none,0.081087127327919,0.4457440972328186,18.78232765197754
259,salt_pepper,low,0.06067613884806633,0.5396843552589417,21.66089630126953
260,clean,none,0.060286980122327805,0.5485991835594177,21.177194595336914
261,salt_pepper,low,0.06860217452049255,0.338981956243515,20.498241424560547
262,occlusion,low,0.10510897636413574,0.4200340211391449,17.048490524291992
263,clean,none,0.10072851181030273,0.3835904002189636,17.141021728515625
264,salt_pepper,low,0.13091501593589783,0.48302507400512695,15.064186096191406
265,clean,none,0.06484843790531158,0.663728654384613,20.77263069152832
266,salt_pepper,low,0.040154606103897095,0.8740906119346619,24.80681610107422
267,clean,none,0.11233395338058472,0.457643985748291,16.672725677490234
268,occlusion,medium,0.09631719440221786,0.30048927664756775,18.129638671875
269,occlusion,high,0.11030666530132294,0.4046132564544678,16.29043197631836
270,blur,low,0.1194385290145874,0.37846896052360535,16.125471115112305
271,blur,low,0.09462865442037582,0.45251259207725525,17.87807273864746
272,blur,low,0.09876831620931625,0.3794388771057129,17.48720932006836
273,blur,high,0.08507025241851807,0.44001829624176025,18.766366958618164
274,blur,medium,0.07539618015289307,0.5549159049987793,20.23053741455078
275,occlusion,low,0.06598880887031555,0.5893886685371399,20.82395362854004
276,clean,none,0.10318799316883087,0.5510858297348022,17.24256706237793
277,salt_pepper,low,0.07480687648057938,0.5390568971633911,20.248586654663086
278,salt_pepper,high,0.04508226364850998,0.6747347712516785,24.034992218017578
279,salt_pepper,low,0.08163972944021225,0.6035902500152588,18.56019401550293
280,blur,high,0.09439413994550705,0.582816481590271,16.814252853393555
281,salt_pepper,medium,0.07947304844856262,0.514822244644165,18.650774002075195
282,clean,none,0.07037879526615143,0.5308200120925903,19.924827575683594
283,clean,none,0.06188971921801567,0.5628061294555664,21.07855987548828
284,occlusion,medium,0.06978806108236313,0.6735910773277283,19.500080108642578
285,clean,none,0.08179976046085358,0.3274593949317932,19.021921157836914
286,salt_pepper,medium,0.09018822014331818,0.44296738505363464,18.504854202270508
287,salt_pepper,low,0.06711497157812119,0.5851725339889526,18.759292602539062
288,blur,medium,0.04797162860631943,0.6000001430511475,23.44882583618164
289,occlusion,low,0.08269741386175156,0.6889843344688416,19.73561668395996
290,blur,medium,0.1604311764240265,0.35180479288101196,12.976696014404297
291,blur,low,0.08834239095449448,0.4239528179168701,18.66519546508789
292,occlusion,low,0.08786986768245697,0.5766808986663818,18.2796630859375
293,salt_pepper,low,0.07240854203701019,0.4755215346813202,19.41513442993164
294,blur,medium,0.12738454341888428,0.4041954278945923,15.584856033325195
295,occlusion,high,0.11781861633062363,0.2915648818016052,15.468040466308594
296,clean,none,0.13373631238937378,0.49417898058891296,14.339985847473145
297,clean,none,0.06563244014978409,0.6491713523864746,21.02814483642578
298,clean,none,0.06550320982933044,0.6804444193840027,20.09088706970215
299,salt_pepper,medium,0.07163551449775696,0.576109766960144,20.545093536376953
300,clean,none,0.05582226440310478,0.735027551651001,20.965547561645508
301,occlusion,medium,0.11907640099525452,0.522479772567749,15.027469635009766
302,salt_pepper,low,0.11349433660507202,0.5282751321792603,16.564176559448242
303,blur,low,0.10432091355323792,0.36979514360427856,17.150049209594727
304,clean,none,0.059515099972486496,0.6259803175926208,20.399898529052734
305,clean,none,0.06334205716848373,0.45457717776298523,21.55364990234375
306,salt_pepper,high,0.05463729426264763,0.6103562712669373,21.67036247253418
307,salt_pepper,medium,0.11476844549179077,0.391476035118103,15.715124130249023
308,salt_pepper,high,0.09203847497701645,0.2888166308403015,18.3190860748291
309,blur,medium,0.06111043691635132,0.7092167735099792,20.725482940673828
310,blur,low,0.07419582456350327,0.43323954939842224,19.631662368774414
311,salt_pepper,medium,0.06848412752151489,0.5576815605163574,20.019996643066406
312,salt_pepper,low,0.06444846093654633,0.575007438659668,21.33029556274414
313,salt_pepper,low,0.062020428478717804,0.6438360214233398,20.548717498779297
314,clean,none,0.04863281175494194,0.7529259920120239,21.370269775390625
315,occlusion,high,0.11986449360847473,0.5488847494125366,15.22218132019043
316,blur,low,0.11809894442558289,0.5645849704742432,16.63202667236328
317,salt_pepper,high,0.07272808253765106,0.5156812071800232,20.60594367980957
318,salt_pepper,medium,0.08935505151748657,0.6340717673301697,15.822182655334473
319,occlusion,low,0.13419243693351746,0.4841756224632263,15.040399551391602
320,clean,none,0.0746295303106308,0.5901468992233276,20.156230926513672
321,blur,high,0.07538814842700958,0.5297591090202332,19.656137466430664
322,salt_pepper,high,0.07683676481246948,0.4476022720336914,18.84288787841797
323,blur,medium,0.12081249058246613,0.3784326910972595,16.670345306396484
324,salt_pepper,medium,0.08622296899557114,0.463483989238739,18.441476821899414
325,blur,low,0.07804664224386215,0.3943868577480316,19.489330291748047
326,salt_pepper,low,0.0803576111793518,0.4827425479888916,19.341323852539062
327,clean,none,0.07810799032449722,0.5508109331130981,19.620515823364258
328,blur,high,0.0555327944457531,0.6744447946548462,22.477453231811523
329,salt_pepper,medium,0.1177041158080101,0.4403376281261444,16.24184799194336
330,clean,none,0.09085547924041748,0.5411792993545532,18.25581169128418
331,clean,none,0.06895510852336884,0.4335440993309021,20.547237396240234
332,salt_pepper,high,0.07790397852659225,0.5828614234924316,19.069387435913086
333,clean,none,0.0861990675330162,0.45285892486572266,18.26180648803711
334,occlusion,medium,0.10808129608631134,0.5018870234489441,16.225048065185547
335,occlusion,high,0.1209690198302269,0.5112141370773315,13.855162620544434
336,salt_pepper,medium,0.1458127498626709,0.27593231201171875,15.079150199890137
337,blur,high,0.08980181068181992,0.45429179072380066,18.634510040283203
338,occlusion,low,0.06274686753749847,0.4879765510559082,21.389575958251953
339,blur,medium,0.06396298110485077,0.571401059627533,21.11253547668457
340,occlusion,medium,0.12700240314006805,0.4316175580024719,15.776702880859375
341,salt_pepper,low,0.07869449257850647,0.45128005743026733,19.618471145629883
342,salt_pepper,medium,0.05350237339735031,0.5568978786468506,20.985031127929688
343,blur,high,0.08251093327999115,0.483578622341156,19.13795280456543
344,clean,none,0.06045862287282944,0.6110596656799316,21.187252044677734
345,clean,none,0.07796211540699005,0.41746795177459717,19.60848617553711
346,occlusion,high,0.09853597730398178,0.45617246627807617,16.964866638183594
347,blur,low,0.0895833820104599,0.5229756832122803,18.01885986328125
348,clean,none,0.05372392386198044,0.6453663110733032,21.981908798217773
349,blur,medium,0.08565790951251984,0.5653705596923828,19.21061134338379
350,clean,none,0.05694916844367981,0.6391915678977966,22.055089950561523
351,occlusion,medium,0.10233654826879501,0.4778752028942108,17.141891479492188
352,salt_pepper,medium,0.06531305611133575,0.5770144462585449,20.863128662109375
353,salt_pepper,high,0.08697859942913055,0.41054248809814453,18.35848617553711
354,blur,low,0.08458651602268219,0.615098237991333,19.76805877685547
355,clean,none,0.12243059277534485,0.27823173999786377,15.587221145629883
356,clean,none,0.09881190955638885,0.5214812159538269,18.320714950561523
357,occlusion,low,0.09643503278493881,0.36420246958732605,16.69496726989746
358,clean,none,0.07472880184650421,0.47684070467948914,19.155818939208984
359,blur,medium,0.11578619480133057,0.6373535394668579,16.234580993652344
360,salt_pepper,medium,0.06109873577952385,0.6396993398666382,20.890104293823242
361,blur,medium,0.08943146467208862,0.4158078134059906,18.250446319580078
362,occlusion,low,0.0790635496377945,0.8295755386352539,19.529722213745117
363,occlusion,low,0.08957795798778534,0.3395807147026062,18.28949546813965
364,salt_pepper,high,0.050746068358421326,0.6360360383987427,23.05170440673828
365,occlusion,low,0.1160571277141571,0.3805990219116211,16.045169830322266
366,salt_pepper,high,0.12686890363693237,0.48402440547943115,15.436872482299805
367,blur,medium,0.06667029112577438,0.5555559992790222,20.52410888671875
368,occlusion,medium,0.08754368871450424,0.623476505279541,17.297134399414062
369,occlusion,high,0.12769705057144165,0.3250403106212616,15.80928897857666
370,clean,none,0.11332061141729355,0.3560546040534973,17.105085372924805
371,occlusion,low,0.12255939096212387,0.24284875392913818,16.353899002075195
372,occlusion,low,0.05823066085577011,0.7331646680831909,21.50818634033203
373,occlusion,high,0.11227041482925415,0.3954831063747406,15.277433395385742
374,occlusion,low,0.09952345490455627,0.33503925800323486,17.70559310913086
375,salt_pepper,high,0.058421604335308075,0.5781148672103882,21.134681701660156
376,occlusion,low,0.11080380529165268,0.5358723402023315,16.28010368347168
377,blur,high,0.08107754588127136,0.5998899936676025,19.08945655822754
378,salt_pepper,high,0.0772564634680748,0.5613354444503784,19.4735050201416
379,blur,low,0.049453698098659515,0.6649265289306641,22.683670043945312
380,salt_pepper,medium,0.06907489895820618,0.5868229866027832,20.380735397338867
381,salt_pepper,medium,0.05617348104715347,0.5823352932929993,22.290552139282227
382,occlusion,low,0.08188742399215698,0.6546661853790283,19.33663558959961
383,clean,none,0.08694371581077576,0.626092791557312,18.40926742553711
384,occlusion,low,0.05021578073501587,0.777624249458313,21.842254638671875
385,occlusion,low,0.12271856516599655,0.47114038467407227,15.141633987426758
386,clean,none,0.04357742890715599,0.6538707613945007,24.057233810424805
387,clean,none,0.08359982073307037,0.5080931186676025,17.929523468017578
388,clean,none,0.07834097743034363,0.5216508507728577,19.06363868713379
389,blur,high,0.08202645182609558,0.37782716751098633,19.00133514404297
390,clean,none,0.07353270798921585,0.3420777916908264,20.109954833984375
391,blur,low,0.0655754953622818,0.36639735102653503,21.373153686523438
392,salt_pepper,high,0.07774156332015991,0.4113234281539917,19.825166702270508
393,clean,none,0.0796208381652832,0.5168879628181458,19.879423141479492
394,salt_pepper,high,0.06617707014083862,0.6019010543823242,20.513141632080078
395,occlusion,low,0.043973326683044434,0.6861507892608643,22.734600067138672
396,occlusion,medium,0.1243697851896286,0.38100314140319824,14.720563888549805
397,blur,high,0.09555831551551819,0.3961365222930908,18.201337814331055
398,occlusion,high,0.11516886949539185,0.4942449927330017,15.070154190063477
399,occlusion,medium,0.08105164766311646,0.5620998740196228,18.81666374206543
400,clean,none,0.0781010314822197,0.6074059009552002,18.726451873779297
401,blur,low,0.08625035732984543,0.41840070486068726,18.68407440185547
402,blur,medium,0.06947945058345795,0.6435139775276184,20.426034927368164
403,salt_pepper,high,0.051185041666030884,0.7470982074737549,22.545164108276367
404,salt_pepper,low,0.13627511262893677,0.7427865266799927,16.5452880859375
405,occlusion,medium,0.0742344856262207,0.5671214461326599,18.720781326293945
406,blur,high,0.08423027396202087,0.44030997157096863,18.707963943481445
407,blur,high,0.08035289496183395,0.46899330615997314,19.005125045776367
408,clean,none,0.07239880412817001,0.5510368347167969,19.517349243164062
409,blur,medium,0.052028995007276535,0.7248393893241882,22.397489547729492
410,blur,high,0.07793086022138596,0.5986725687980652,19.320276260375977
411,clean,none,0.06527581065893173,0.6626675724983215,18.80925750732422
412,occlusion,high,0.1775023192167282,0.41231390833854675,12.23187255859375
413,salt_pepper,medium,0.13318651914596558,0.5186598300933838,14.639886856079102
414,clean,none,0.15727560222148895,0.24388961493968964,13.989437103271484
415,clean,none,0.09894309937953949,0.2518359422683716,17.97357749938965
416,blur,low,0.05390305072069168,0.6608246564865112,22.904247283935547
417,blur,low,0.0570065975189209,0.6697548627853394,21.192890167236328
418,occlusion,medium,0.08730416744947433,0.5588540434837341,16.609375
419,clean,none,0.0496925488114357,0.6141470670700073,22.37063217163086
420,salt_pepper,high,0.10996683686971664,0.4595681130886078,16.48130989074707
421,clean,none,0.08574783802032471,0.4425346851348877,19.272907257080078
422,salt_pepper,high,0.10966106504201889,0.31454044580459595,17.425201416015625
423,clean,none,0.058532267808914185,0.7505506873130798,22.23027801513672
424,clean,none,0.08773629367351532,0.22502289712429047,18.884462356567383
425,occlusion,medium,0.08195918053388596,0.5616812705993652,18.913022994995117
426,blur,medium,0.05678752064704895,0.6769843101501465,22.051990509033203
427,salt_pepper,low,0.13909912109375,0.38525649905204773,14.284163475036621
428,salt_pepper,low,0.08126869052648544,0.5174921751022339,19.28935432434082
429,salt_pepper,high,0.06872179359197617,0.5828752517700195,19.77790641784668
430,blur,high,0.11071881651878357,0.48968392610549927,16.36147689819336
431,occlusion,medium,0.100526824593544,0.5179058909416199,16.656837463378906
432,blur,medium,0.054643742740154266,0.5947606563568115,21.83843421936035
433,salt_pepper,medium,0.07435224950313568,0.7003454566001892,19.862653732299805
434,salt_pepper,low,0.09703819453716278,0.3645319640636444,17.38416862487793
435,salt_pepper,medium,0.09067533910274506,0.4855426251888275,18.3480167388916
436,clean,none,0.07614467293024063,0.5755669474601746,19.531099319458008
437,salt_pepper,medium,0.12993627786636353,0.2674297094345093,15.871255874633789
438,occlusion,high,0.13086533546447754,0.5771709680557251,14.5615234375
439,blur,low,0.07563771307468414,0.5992569327354431,19.808069229125977
440,occlusion,low,0.09608491510152817,0.22653460502624512,17.321596145629883
441,occlusion,low,0.07925206422805786,0.6431103944778442,17.67752456665039
442,blur,high,0.09653254598379135,0.570776104927063,17.89508056640625
443,blur,low,0.0674506276845932,0.2835274338722229,19.33452796936035
444,blur,high,0.08408491313457489,0.623412013053894,19.35578155517578
445,clean,none,0.11570199579000473,0.30409324169158936,17.02753448486328
446,salt_pepper,low,0.12546376883983612,0.2736507058143616,17.09886360168457
447,blur,low,0.06450158357620239,0.431386798620224,20.95534324645996
448,clean,none,0.11242850869894028,0.22408494353294373,16.73174285888672
449,blur,low,0.04975619912147522,0.6735175848007202,22.93288230895996
450,clean,none,0.054102472960948944,0.6325917840003967,21.647850036621094
451,clean,none,0.09063838422298431,0.39492446184158325,18.239553451538086
452,clean,none,0.0725785493850708,0.48618587851524353,19.57514190673828
453,salt_pepper,low,0.17225758731365204,0.2659028172492981,13.284053802490234
454,clean,none,0.09056524932384491,0.4129989743232727,17.912425994873047
455,clean,none,0.06113361567258835,0.564205527305603,19.416725158691406
456,clean,none,0.06949375569820404,0.6169124841690063,20.34735679626465
457,salt_pepper,high,0.1132134199142456,0.5024744868278503,16.765039443969727
458,blur,medium,0.06844871491193771,0.645413875579834,19.679529190063477
459,blur,high,0.046698447316884995,0.6582728624343872,23.99571990966797
460,occlusion,high,0.13928091526031494,0.46848687529563904,14.861125946044922
461,salt_pepper,high,0.11053644865751266,0.4415917992591858,17.00090789794922
462,occlusion,low,0.0726650059223175,0.6059728860855103,19.407503128051758
463,blur,high,0.05741873383522034,0.7463288307189941,20.04212188720703
464,occlusion,high,0.15313252806663513,0.28259918093681335,15.101226806640625
465,occlusion,medium,0.0833718329668045,0.5836140513420105,18.002851486206055
466,clean,none,0.07027702033519745,0.4842860698699951,19.782621383666992
467,clean,none,0.08031966537237167,0.44214874505996704,19.936603546142578
468,occlusion,high,0.11848326772451401,0.34445124864578247,16.220701217651367
469,occlusion,medium,0.1268560290336609,0.3442816138267517,15.80478286743164
470,occlusion,medium,0.1013265997171402,0.5961236357688904,15.985989570617676
471,blur,medium,0.07371063530445099,0.6125604510307312,20.033153533935547
472,blur,low,0.05828970670700073,0.5488322973251343,21.145708084106445
473,salt_pepper,medium,0.06134917587041855,0.5163183212280273,21.00255584716797
474,blur,medium,0.07100670039653778,0.6440317630767822,19.935401916503906
475,occlusion,low,0.0946175754070282,0.44933339953422546,18.110004425048828
476,blur,high,0.0643615648150444,0.569774866104126,21.113056182861328
477,occlusion,medium,0.06864316761493683,0.5917617082595825,19.446529388427734
478,blur,medium,0.057480864226818085,0.6230628490447998,22.069889068603516
479,occlusion,high,0.09280072897672653,0.49683189392089844,17.519458770751953
480,salt_pepper,high,0.07952507585287094,0.5731925964355469,18.960670471191406
481,occlusion,medium,0.07395195215940475,0.6035217642784119,19.615793228149414
482,occlusion,medium,0.07069592922925949,0.6073851585388184,20.04044532775879
483,clean,none,0.06000269204378128,0.700556218624115,21.575607299804688
484,occlusion,medium,0.05378159135580063,0.7420816421508789,21.788129806518555
485,clean,none,0.07720018923282623,0.5728005170822144,18.333261489868164
486,salt_pepper,high,0.07226963341236115,0.6694215536117554,20.104961395263672
487,occlusion,low,0.07464192807674408,0.5991172790527344,19.669328689575195
488,salt_pepper,low,0.09558278322219849,0.2750374674797058,18.15544319152832
489,clean,none,0.08054007589817047,0.404605507850647,19.750444412231445
490,clean,none,0.07708120346069336,0.5404094457626343,19.506790161132812
491,blur,medium,0.07781215757131577,0.5006693601608276,19.26649284362793
492,clean,none,0.10839848965406418,0.21112334728240967,17.59584617614746
493,clean,none,0.06981849670410156,0.6310550570487976,20.112079620361328
494,occlusion,medium,0.09490905702114105,0.5153859853744507,17.625764846801758
495,salt_pepper,high,0.07026474177837372,0.4592543840408325,20.63115882873535
496,occlusion,high,0.10007219016551971,0.3528752028942108,16.642526626586914
497,salt_pepper,medium,0.08790278434753418,0.5446286201477051,18.07730484008789
498,blur,low,0.0876435860991478,0.46776604652404785,18.650747299194336
499,salt_pepper,high,0.08820110559463501,0.430525004863739,18.85822296142578
500,salt_pepper,high,0.09464030712842941,0.4765802323818207,17.723451614379883
501,occlusion,low,0.13214752078056335,0.2519145607948303,15.570243835449219
502,occlusion,low,0.08039721846580505,0.4383670687675476,19.438997268676758
503,clean,none,0.06986995786428452,0.5361542701721191,20.325708389282227
504,blur,high,0.05200890451669693,0.6769590377807617,21.147336959838867
505,clean,none,0.06504928320646286,0.564927875995636,20.633197784423828
506,salt_pepper,medium,0.10083223879337311,0.2589946389198303,17.167266845703125
507,clean,none,0.05390050262212753,0.6606870889663696,21.182518005371094
508,clean,none,0.08073236048221588,0.47939881682395935,18.94363021850586
509,salt_pepper,high,0.11797627061605453,0.5457198619842529,16.516429901123047
510,blur,low,0.04893139749765396,0.7878021597862244,22.272502899169922
511,blur,high,0.06687542051076889,0.5826994180679321,20.179052352905273
512,salt_pepper,high,0.07056375592947006,0.35130447149276733,20.33148193359375
513,blur,high,0.14628949761390686,0.2254789173603058,14.624641418457031
514,salt_pepper,high,0.047254692763090134,0.5591980218887329,23.714006423950195
515,blur,medium,0.06706658005714417,0.5191666483879089,20.859725952148438
516,blur,medium,0.06458448618650436,0.5698814392089844,20.80834197998047
517,salt_pepper,high,0.10767225921154022,0.4884266257286072,16.75942611694336
518,occlusion,high,0.09479022026062012,0.447664350271225,15.838186264038086
519,occlusion,medium,0.12338347733020782,0.40850895643234253,15.77790355682373
520,occlusion,medium,0.08239506185054779,0.41090816259384155,18.903017044067383
521,occlusion,low,0.1003589779138565,0.40202927589416504,17.021963119506836
522,blur,low,0.07642841339111328,0.6013901233673096,20.166011810302734
523,occlusion,high,0.0833958238363266,0.4742676615715027,18.52169418334961
524,blur,medium,0.08558762073516846,0.2841237485408783,19.28013038635254
525,clean,none,0.09884659945964813,0.3146762251853943,17.889503479003906
526,occlusion,low,0.08297788351774216,0.29232779145240784,19.45903968811035
527,occlusion,high,0.054083459079265594,0.583489179611206,22.11591339111328
528,blur,medium,0.064480260014534,0.560250461101532,20.52239990234375
529,salt_pepper,high,0.09443128108978271,0.39893874526023865,18.2164363861084
530,clean,none,0.10015278309583664,0.469765841960907,17.669713973999023
531,occlusion,high,0.10506822913885117,0.3769744634628296,17.027406692504883
532,occlusion,high,0.12915465235710144,0.33613061904907227,15.665335655212402
533,salt_pepper,medium,0.10542933642864227,0.4424707293510437,16.8852596282959
534,blur,low,0.08970125764608383,0.4038618505001068,18.78902816772461
535,salt_pepper,low,0.09199859946966171,0.5680074095726013,17.89263153076172
536,clean,none,0.06511110067367554,0.4868132472038269,20.992809295654297
537,salt_pepper,high,0.09157274663448334,0.4100637435913086,18.15753173828125
538,clean,none,0.07540956139564514,0.5373971462249756,19.36515998840332
539,clean,none,0.05297303944826126,0.6691662669181824,22.382057189941406
540,salt_pepper,high,0.10343188047409058,0.5690417289733887,17.707767486572266
541,occlusion,medium,0.0829588919878006,0.31426578760147095,18.976228713989258
542,salt_pepper,low,0.10151280462741852,0.271751344203949,17.67628288269043
543,clean,none,0.053926270455121994,0.6161633729934692,22.207218170166016
544,blur,high,0.087907575070858,0.5239841341972351,17.934633255004883
545,occlusion,medium,0.0986335501074791,0.40104013681411743,17.399639129638672
546,salt_pepper,high,0.09664875268936157,0.46786555647850037,17.624666213989258
547,salt_pepper,medium,0.07710625976324081,0.5471116304397583,19.500825881958008
548,occlusion,high,0.12947571277618408,0.27385231852531433,14.972564697265625
549,clean,none,0.0790160596370697,0.7365848422050476,20.068599700927734
550,blur,medium,0.05736701935529709,0.5535488128662109,21.933595657348633
551,blur,high,0.06230810284614563,0.684658408164978,21.02452278137207
552,blur,medium,0.11515623331069946,0.542443037033081,15.873374938964844
553,salt_pepper,high,0.06792925298213959,0.5783641338348389,20.98710060119629
554,occlusion,medium,0.08703738451004028,0.6222719550132751,17.919471740722656
555,blur,high,0.10483159124851227,0.5320576429367065,16.026165008544922
556,occlusion,medium,0.09958727657794952,0.27028971910476685,17.83466148376465
557,blur,medium,0.10418833792209625,0.6184372305870056,17.054357528686523
558,occlusion,low,0.07400041073560715,0.5279834270477295,18.95645523071289
559,occlusion,low,0.05686922371387482,0.63280189037323,22.244373321533203
560,blur,high,0.0510563850402832,0.6916154623031616,22.759435653686523
561,clean,none,0.048100292682647705,0.6421747207641602,22.66473960876465
562,occlusion,medium,0.17129582166671753,0.72453373670578,13.420766830444336
563,salt_pepper,medium,0.0486060306429863,0.6113243103027344,22.401527404785156
564,occlusion,high,0.15221530199050903,0.3296792209148407,13.893904685974121
565,clean,none,0.05974956974387169,0.6674575805664062,21.679157257080078
566,blur,low,0.05343510955572128,0.6833478808403015,21.873416900634766
567,blur,high,0.053666651248931885,0.7173296809196472,22.63361930847168
568,clean,none,0.06857957690954208,0.5647087693214417,19.06110954284668
569,blur,high,0.07652433216571808,0.4269865155220032,20.022655487060547
570,blur,high,0.04306953400373459,0.7370176315307617,23.025463104248047
571,clean,none,0.05545572564005852,0.6423034071922302,22.12019920349121
572,salt_pepper,medium,0.05673348903656006,0.41952693462371826,22.12023162841797
573,blur,low,0.08947386592626572,0.3863927721977234,18.618343353271484
574,blur,high,0.09551379084587097,0.5127133727073669,16.82037925720215
575,clean,none,0.15550439059734344,0.26595836877822876,13.83106803894043
576,salt_pepper,high,0.04867818206548691,0.5824591517448425,23.080522537231445
577,clean,none,0.04972006008028984,0.4908176064491272,22.751331329345703
578,clean,none,0.08412232249975204,0.5151427984237671,19.434677124023438
579,blur,low,0.0790649950504303,0.5459582805633545,19.109848022460938
580,blur,medium,0.07233188301324844,0.6237248778343201,19.739459991455078
581,clean,none,0.08070327341556549,0.5374361276626587,18.90563201904297
582,clean,none,0.06342511624097824,0.5205312371253967,21.076335906982422
583,salt_pepper,medium,0.1535465121269226,0.477069616317749,12.429388999938965
584,blur,high,0.07897781580686569,0.49379676580429077,18.73992347717285
585,occlusion,medium,0.09056200832128525,0.5149091482162476,18.298494338989258
586,clean,none,0.10315104573965073,0.42879718542099,16.723600387573242
587,occlusion,medium,0.07870010286569595,0.5090524554252625,19.33481216430664
588,occlusion,medium,0.09872718900442123,0.46097156405448914,16.676509857177734
589,salt_pepper,low,0.08613331615924835,0.4291742444038391,18.50437355041504
590,occlusion,medium,0.06899576634168625,0.46616196632385254,20.538349151611328
591,blur,high,0.05849326774477959,0.6202850341796875,21.124191284179688
592,occlusion,low,0.052492570132017136,0.6890078783035278,20.904767990112305
593,salt_pepper,medium,0.10505799949169159,0.324081152677536,17.295473098754883
594,clean,none,0.08658429980278015,0.47209620475769043,18.47107696533203
595,occlusion,low,0.07614780962467194,0.45525097846984863,19.35546112060547
596,clean,none,0.06133526191115379,0.5668739080429077,20.232101440429688
597,clean,none,0.11551540344953537,0.49782848358154297,15.195769309997559
598,clean,none,0.06609365344047546,0.6943413615226746,19.90255355834961
599,clean,none,0.05795763432979584,0.6171135306358337,21.783462524414062
600,occlusion,low,0.05089451000094414,0.6531921625137329,21.712425231933594
601,salt_pepper,high,0.06993796676397324,0.48990219831466675,20.16636085510254
602,clean,none,0.04885641485452652,0.7086838483810425,23.018739700317383
603,clean,none,0.050783246755599976,0.7125531435012817,23.46795654296875
604,blur,high,0.05505720525979996,0.8020904064178467,23.10979461669922
605,clean,none,0.05167442560195923,0.725740909576416,22.98993682861328
606,occlusion,high,0.12720559537410736,0.4773889183998108,15.07372760772705
607,salt_pepper,medium,0.07440721988677979,0.7078591585159302,19.56825065612793
608,salt_pepper,medium,0.03981151431798935,0.7928361892700195,24.129209518432617
609,clean,none,0.0720476359128952,0.7180082201957703,19.563335418701172
610,blur,low,0.09395521879196167,0.5192502737045288,17.89188575744629
611,occlusion,medium,0.10726108402013779,0.5468775033950806,16.355112075805664
612,clean,none,0.08360712230205536,0.3826580047607422,19.34369659423828
613,occlusion,medium,0.08263169229030609,0.46391376852989197,19.148696899414062
614,blur,low,0.13096800446510315,0.37604960799217224,15.0471830368042
615,salt_pepper,low,0.05259684473276138,0.7163874506950378,22.8543701171875
616,clean,none,0.04635220021009445,0.8298931121826172,24.10388946533203
617,occlusion,low,0.046708278357982635,0.6852380633354187,23.406694412231445
618,blur,low,0.06135070323944092,0.5987898111343384,20.64842414855957
619,salt_pepper,medium,0.07735997438430786,0.5265325307846069,19.40665054321289
620,blur,low,0.07085677236318588,0.630505383014679,20.372516632080078
621,clean,none,0.07777860760688782,0.5772533416748047,19.198057174682617
622,blur,medium,0.03814584016799927,0.8174518942832947,24.325468063354492
623,clean,none,0.059214379638433456,0.6171452403068542,21.52193832397461
624,clean,none,0.07160916924476624,0.5332142114639282,20.472509384155273
625,blur,low,0.11044805496931076,0.5667542219161987,15.620147705078125
626,blur,medium,0.07791908085346222,0.6294739246368408,19.447113037109375
627,salt_pepper,low,0.06235906481742859,0.7511451244354248,21.649951934814453
628,salt_pepper,medium,0.050924867391586304,0.7044562697410583,23.656696319580078
629,blur,low,0.03876349329948425,0.7230513095855713,25.37071990966797
630,occlusion,medium,0.05132812261581421,0.6879289150238037,22.86846160888672
631,clean,none,0.06226753443479538,0.7066535949707031,20.836868286132812
632,clean,none,0.09422435611486435,0.7000856399536133,17.89913558959961
633,clean,none,0.07715737074613571,0.6585090160369873,19.616535186767578
634,blur,high,0.0582968108355999,0.6915675401687622,21.918838500976562
635,clean,none,0.0598985031247139,0.6379385590553284,22.153392791748047
636,occlusion,high,0.07366634905338287,0.5872237682342529,19.03445053100586
637,clean,none,0.0723954439163208,0.6981762647628784,19.61116600036621
638,blur,medium,0.037139762192964554,0.7713739275932312,25.677410125732422
639,occlusion,low,0.07945795357227325,0.7184598445892334,17.818450927734375
640,blur,low,0.057881247252225876,0.7306668162345886,20.801849365234375
641,clean,none,0.05479445308446884,0.633823812007904,22.288776397705078
642,occlusion,low,0.06612125039100647,0.6781401634216309,20.311887741088867
643,occlusion,high,0.11163874715566635,0.5773677229881287,16.144527435302734
644,occlusion,high,0.09234148263931274,0.5493359565734863,16.705352783203125
645,occlusion,medium,0.08041248470544815,0.5600153207778931,18.58047866821289
646,clean,none,0.0396551787853241,0.7367795705795288,24.973299026489258
647,occlusion,low,0.05419132113456726,0.6748819351196289,22.55185317993164
648,salt_pepper,medium,0.03323216736316681,0.8230646848678589,27.11246681213379
649,salt_pepper,low,0.06417042016983032,0.5936164855957031,20.719717025756836
650,occlusion,low,0.08068160712718964,0.49133580923080444,19.116098403930664
651,occlusion,high,0.07901600003242493,0.5514690279960632,18.800384521484375
652,clean,none,0.09760379791259766,0.6788539886474609,18.40544891357422
653,blur,low,0.1181834265589714,0.5516084432601929,16.63531494140625
654,occlusion,medium,0.056808214634656906,0.8016595840454102,22.273319244384766
655,occlusion,medium,0.20456179976463318,0.6459829807281494,11.548185348510742
656,occlusion,low,0.0847238153219223,0.34731364250183105,17.90951919555664
657,blur,low,0.08177512884140015,0.6610449552536011,17.18239402770996
658,clean,none,0.046314626932144165,0.757394015789032,23.475305557250977
659,blur,medium,0.14691433310508728,0.6959125995635986,14.2904052734375
660,occlusion,low,0.07476159185171127,0.6071765422821045,18.909440994262695
661,salt_pepper,high,0.06780479848384857,0.6385202407836914,20.296791076660156
662,blur,low,0.03952917456626892,0.7696348428726196,24.651336669921875
663,blur,high,0.046904873102903366,0.77215975522995,23.098726272583008
664,clean,none,0.05330456420779228,0.5793389081954956,22.58062171936035
665,blur,low,0.057598479092121124,0.6082247495651245,22.323062896728516
666,occlusion,low,0.04215889424085617,0.6692832708358765,23.78784942626953
667,occlusion,medium,0.060838401317596436,0.5863438844680786,20.03241729736328
668,blur,low,0.05142742022871971,0.6837747097015381,22.46393585205078
669,blur,low,0.07569848001003265,0.6631675958633423,18.53400993347168
670,blur,medium,0.05890830606222153,0.7300616502761841,21.20878028869629
671,occlusion,medium,0.06924153119325638,0.6718919277191162,20.532997131347656
672,occlusion,low,0.06895937025547028,0.6905340552330017,20.54535675048828
673,blur,low,0.060729771852493286,0.7375389933586121,21.52899742126465
674,salt_pepper,high,0.0731857568025589,0.6210602521896362,20.548824310302734
675,blur,medium,0.04089275002479553,0.8110508918762207,24.64655303955078
676,occlusion,low,0.17187702655792236,0.5608181357383728,11.528936386108398
677,blur,low,0.050449930131435394,0.6890314817428589,22.90195655822754
678,clean,none,0.04475810378789902,0.7950619459152222,22.893056869506836
679,clean,none,0.08292105793952942,0.690115213394165,18.39654541015625
680,occlusion,high,0.15949776768684387,0.6012699604034424,14.015069007873535
681,blur,high,0.09390537440776825,0.6040607690811157,17.371360778808594
682,occlusion,medium,0.08351122587919235,0.5050737857818604,17.949642181396484
683,salt_pepper,medium,0.061477839946746826,0.6223359704017639,20.925262451171875
684,clean,none,0.05677580088376999,0.5600440502166748,21.840621948242188
685,blur,high,0.06413084268569946,0.5552109479904175,20.916934967041016
686,clean,none,0.05875520035624504,0.6912643909454346,21.326868057250977
687,occlusion,low,0.06704635918140411,0.6880720853805542,20.22396469116211
688,blur,high,0.09508560597896576,0.6543914079666138,16.707666397094727
689,blur,low,0.04911361262202263,0.5944356322288513,23.72158432006836
690,occlusion,low,0.08912338316440582,0.5040470957756042,17.576194763183594
691,blur,high,0.05320800468325615,0.6986807584762573,22.566024780273438
692,blur,high,0.07095415890216827,0.6447495818138123,21.12112045288086
693,clean,none,0.05835791677236557,0.7437085509300232,22.13396453857422
694,occlusion,high,0.06808370351791382,0.7091805934906006,18.765380859375
695,clean,none,0.05434630811214447,0.7794923782348633,22.1114559173584
696,occlusion,high,0.06393495202064514,0.763194739818573,19.775007247924805
697,clean,none,0.06936640292406082,0.5722298622131348,20.012981414794922
698,blur,medium,0.035493403673172,0.8280167579650879,26.72003746032715
699,blur,medium,0.06327617168426514,0.6463202238082886,21.100048065185547
700,clean,none,0.06682033836841583,0.5415686368942261,20.678958892822266
701,blur,low,0.0815519243478775,0.6475239992141724,19.29887580871582
702,occlusion,medium,0.061973460018634796,0.6244336366653442,19.688703536987305
703,clean,none,0.0632493793964386,0.6013894081115723,20.989105224609375
704,occlusion,high,0.1022045910358429,0.5266528725624084,16.14773941040039
705,occlusion,high,0.10128054022789001,0.4962408244609833,16.03985595703125
706,occlusion,high,0.16980183124542236,0.6013523936271667,11.395611763000488
707,blur,low,0.0734511986374855,0.46175047755241394,19.798831939697266
708,blur,low,0.08855094015598297,0.4489218592643738,18.357789993286133
709,occlusion,high,0.08248681575059891,0.5114058256149292,18.355571746826172
710,blur,low,0.06457147002220154,0.6274071931838989,20.49968719482422
711,blur,medium,0.05264639854431152,0.8122833967208862,21.36176109313965
712,occlusion,high,0.07964670658111572,0.5042383074760437,18.399580001831055
713,occlusion,medium,0.07206203788518906,0.49280446767807007,18.653242111206055
714,occlusion,medium,0.0579659566283226,0.6002413034439087,21.524375915527344
715,occlusion,low,0.09288080036640167,0.3605961799621582,17.77078628540039
716,occlusion,high,0.05211896449327469,0.7475231885910034,22.412824630737305
717,clean,none,0.058368049561977386,0.5305323600769043,21.543182373046875
718,clean,none,0.07942703366279602,0.7615320086479187,19.22657585144043
719,salt_pepper,high,0.15485012531280518,0.5591795444488525,14.670839309692383
720,occlusion,medium,0.08494292199611664,0.660015344619751,18.705322265625
721,salt_pepper,medium,0.09145420789718628,0.48886340856552124,17.59939193725586
722,blur,low,0.06656976789236069,0.7194840312004089,20.94759178161621
723,occlusion,medium,0.0776066705584526,0.4563329815864563,19.414264678955078
724,occlusion,low,0.07906253635883331,0.52567458152771,19.200355529785156
725,blur,high,0.06244450435042381,0.7538832426071167,20.236665725708008
726,blur,high,0.07319037616252899,0.55653977394104,19.112092971801758
727,clean,none,0.06246856972575188,0.5387799739837646,21.178083419799805
728,occlusion,high,0.08517776429653168,0.557866632938385,18.317983627319336
729,clean,none,0.05208125710487366,0.7142927646636963,22.365711212158203
730,blur,medium,0.06740723550319672,0.5833069086074829,21.10079574584961
731,clean,none,0.04191048443317413,0.7641125917434692,24.678916931152344
732,clean,none,0.10693678259849548,0.3103947341442108,16.780912399291992
733,occlusion,low,0.06050042435526848,0.7517451047897339,19.44013214111328
734,salt_pepper,medium,0.032620664685964584,0.7236607074737549,26.371843338012695
735,occlusion,medium,0.16709572076797485,0.5973848700523376,13.516801834106445
736,occlusion,low,0.0660732090473175,0.5806860327720642,19.893070220947266
737,clean,none,0.0653277188539505,0.5594666600227356,20.803741455078125
738,clean,none,0.03997945785522461,0.7454704642295837,22.413803100585938
739,salt_pepper,high,0.06231122836470604,0.5634536743164062,19.592479705810547
740,blur,low,0.07838030904531479,0.5690082311630249,19.681299209594727
741,salt_pepper,low,0.0688074380159378,0.5690770745277405,20.422590255737305
742,clean,none,0.06296662986278534,0.5235610008239746,21.48209571838379
743,occlusion,high,0.09380608797073364,0.37616413831710815,17.134321212768555
744,occlusion,low,0.06184772402048111,0.4869372248649597,20.248746871948242
745,salt_pepper,high,0.03438440337777138,0.8246545791625977,22.901018142700195
746,clean,none,0.077542245388031,0.5492774248123169,19.05776023864746
747,occlusion,high,0.08828012645244598,0.47220858931541443,17.684659957885742
748,blur,high,0.08212883770465851,0.6251566410064697,19.143157958984375
749,salt_pepper,high,0.08832234144210815,0.618874728679657,18.191869735717773
750,salt_pepper,medium,0.05820537358522415,0.6241991519927979,21.66428565979004
751,salt_pepper,medium,0.047220878303050995,0.7853350639343262,21.878887176513672
752,blur,low,0.09633403271436691,0.5120847821235657,17.902515411376953
753,salt_pepper,medium,0.061063334345817566,0.47132062911987305,21.655834197998047
754,salt_pepper,medium,0.05326782166957855,0.6658161878585815,22.250051498413086
755,salt_pepper,medium,0.08393625915050507,0.6123098731040955,19.0275936126709
756,occlusion,medium,0.05788794904947281,0.6074625849723816,21.244361877441406
757,blur,low,0.07091749459505081,0.6312488913536072,19.700319290161133
758,clean,none,0.0484137237071991,0.5532622337341309,23.40022087097168
759,occlusion,low,0.0842972844839096,0.6061451435089111,18.59979248046875
760,blur,medium,0.09013234078884125,0.5599141716957092,17.611976623535156
761,clean,none,0.0423155352473259,0.810460090637207,24.277057647705078
762,occlusion,medium,0.13958923518657684,0.33409374952316284,14.762782096862793
763,salt_pepper,medium,0.03788150101900101,0.811265230178833,24.223583221435547
764,occlusion,low,0.13608318567276,0.5082414150238037,14.757368087768555
765,blur,high,0.0785408616065979,0.6701831817626953,19.343830108642578
766,clean,none,0.07115909457206726,0.6046830415725708,18.628002166748047
767,occlusion,low,0.07013353705406189,0.7192586660385132,18.613222122192383
768,salt_pepper,high,0.06912806630134583,0.5361456871032715,20.10657501220703
769,occlusion,high,0.05654917657375336,0.462472140789032,21.59163475036621
770,salt_pepper,medium,0.08373662829399109,0.36161208152770996,19.079940795898438
771,clean,none,0.08157239854335785,0.531611442565918,18.660472869873047
772,clean,none,0.03140018507838249,0.8498679399490356,23.333406448364258
773,blur,low,0.044364362955093384,0.819968581199646,24.80370330810547
774,salt_pepper,low,0.04159000888466835,0.6918176412582397,22.805566787719727
775,clean,none,0.06277353316545486,0.7232972979545593,21.604795455932617
776,blur,high,0.14678147435188293,0.5109869837760925,14.936311721801758
777,occlusion,medium,0.07858236879110336,0.5066269636154175,18.424423217773438
778,salt_pepper,medium,0.044059790670871735,0.7192510366439819,23.275117874145508
779,salt_pepper,high,0.11796262115240097,0.38333559036254883,15.93812084197998
780,salt_pepper,high,0.06211937591433525,0.6611813902854919,20.93461036682129
781,clean,none,0.053899310529232025,0.5680259466171265,21.885395050048828
782,salt_pepper,low,0.10096356272697449,0.6532422304153442,16.570152282714844
783,blur,medium,0.07786386460065842,0.6785368323326111,19.395816802978516
784,blur,high,0.04556551203131676,0.6458946466445923,23.678462982177734
785,blur,high,0.05070018768310547,0.6932932734489441,21.878616333007812
786,occlusion,low,0.10404793918132782,0.31105223298072815,17.366029739379883
787,salt_pepper,high,0.07486431300640106,0.459753155708313,19.6007137298584
788,blur,low,0.11647285521030426,0.3565335273742676,16.524431228637695
789,salt_pepper,low,0.05255500599741936,0.641960859298706,22.167118072509766
790,clean,none,0.08215798437595367,0.5868103504180908,17.366607666015625
791,occlusion,medium,0.12599146366119385,0.30699867010116577,15.554099082946777
792,blur,high,0.05427753925323486,0.6200206875801086,21.807464599609375
793,occlusion,medium,0.1079099178314209,0.35756367444992065,16.80549430847168
794,clean,none,0.06998935341835022,0.4547123908996582,20.72605323791504
795,salt_pepper,high,0.0823718011379242,0.504321277141571,19.111892700195312
796,blur,high,0.0654166042804718,0.6509932279586792,20.547819137573242
797,salt_pepper,high,0.07285080850124359,0.6027432680130005,20.502538681030273
798,occlusion,high,0.12773942947387695,0.32434165477752686,14.150766372680664
799,clean,none,0.12361292541027069,0.36607837677001953,15.241003036499023
800,blur,medium,0.1227666586637497,0.5689399242401123,16.019866943359375
801,salt_pepper,medium,0.05326632782816887,0.7047581672668457,22.09701156616211
802,blur,medium,0.08124875277280807,0.5887858271598816,18.96209144592285
803,blur,low,0.057614412158727646,0.630713701248169,20.816390991210938
804,blur,medium,0.09101909399032593,0.49498552083969116,18.359281539916992
805,salt_pepper,medium,0.09416218847036362,0.6190006732940674,18.306640625
806,blur,low,0.05887691304087639,0.6696977615356445,22.027101516723633
807,clean,none,0.05121035501360893,0.652767539024353,22.650806427001953
808,clean,none,0.1018621176481247,0.48303329944610596,16.576955795288086
809,occlusion,low,0.05663367733359337,0.7149429321289062,21.945972442626953
810,clean,none,0.07929299771785736,0.4911231994628906,19.13418197631836
811,blur,high,0.07577607035636902,0.5804921388626099,20.472881317138672
812,clean,none,0.06242208927869797,0.7225222587585449,20.174169540405273
813,clean,none,0.09397204220294952,0.4989967942237854,17.659893035888672
814,salt_pepper,low,0.08386115729808807,0.4678952395915985,18.894407272338867
815,salt_pepper,medium,0.08391966670751572,0.4980076253414154,18.770191192626953
816,occlusion,medium,0.08250933885574341,0.5164435505867004,17.39468765258789
817,blur,high,0.0810379832983017,0.6166051626205444,19.839664459228516
818,clean,none,0.08305062353610992,0.5910387635231018,18.8955020904541
819,salt_pepper,high,0.10480648279190063,0.327414870262146,17.548521041870117
820,salt_pepper,high,0.08212387561798096,0.569990873336792,19.344799041748047
821,salt_pepper,high,0.06212642788887024,0.7368305921554565,19.906843185424805
822,occlusion,high,0.13425080478191376,0.2026183307170868,14.63155746459961
823,occlusion,low,0.09651267528533936,0.36703604459762573,18.004241943359375
824,occlusion,low,0.09096264839172363,0.5084124207496643,17.9776554107666
825,occlusion,medium,0.1179795116186142,0.3361898362636566,15.7532320022583
826,occlusion,high,0.17499415576457977,0.4513063132762909,13.605175018310547
827,salt_pepper,medium,0.06586375087499619,0.6501713395118713,20.442808151245117
828,salt_pepper,high,0.06912413984537125,0.5643102526664734,20.246925354003906
829,blur,high,0.07880052924156189,0.5170139074325562,19.713098526000977
830,blur,medium,0.07365365326404572,0.4271303117275238,20.207958221435547
831,blur,high,0.07168112695217133,0.5759972333908081,19.678424835205078
832,occlusion,high,0.10285604000091553,0.3750472068786621,16.53900146484375
833,salt_pepper,medium,0.08102448284626007,0.42645639181137085,18.944011688232422
834,occlusion,low,0.06311102956533432,0.6790029406547546,18.33334732055664
835,occlusion,high,0.11955492198467255,0.540107250213623,13.989044189453125
836,clean,none,0.07210832834243774,0.6839241981506348,20.321931838989258
837,occlusion,medium,0.0771060660481453,0.3145608603954315,19.59250831604004
838,salt_pepper,low,0.06034937500953674,0.6632155776023865,20.99720001220703
839,blur,high,0.07536454498767853,0.48767733573913574,19.803220748901367
840,salt_pepper,high,0.07730840891599655,0.5779476165771484,19.291234970092773
841,blur,low,0.07485082745552063,0.4841417670249939,19.625703811645508
842,occlusion,medium,0.07986637949943542,0.42902252078056335,19.308704376220703
843,clean,none,0.10016442835330963,0.5688246488571167,17.371734619140625
844,salt_pepper,low,0.0979553684592247,0.38466915488243103,17.719921112060547
845,occlusion,low,0.10780539363622665,0.3745250701904297,16.93209457397461
846,blur,low,0.07358744740486145,0.5413972735404968,20.0478515625
847,salt_pepper,medium,0.08287408947944641,0.45660385489463806,19.505956649780273
848,blur,low,0.11637040227651596,0.48783692717552185,15.243433952331543
849,blur,low,0.07382985949516296,0.5975765585899353,19.692398071289062
850,blur,high,0.09631127119064331,0.6187839508056641,18.276836395263672
851,occlusion,medium,0.16456609964370728,0.47723254561424255,11.71475887298584
852,clean,none,0.0696079283952713,0.505048930644989,19.441808700561523
853,clean,none,0.11639290302991867,0.5105449557304382,15.607375144958496
854,occlusion,low,0.08090163767337799,0.6530814170837402,17.76251983642578
855,salt_pepper,medium,0.11674471199512482,0.4153616428375244,15.450065612792969
856,clean,none,0.06477182358503342,0.6210964918136597,20.295564651489258
857,salt_pepper,medium,0.08367574214935303,0.5523243546485901,18.397079467773438
858,occlusion,high,0.08670305460691452,0.4844885468482971,18.681076049804688
859,clean,none,0.0893075093626976,0.5741857290267944,17.583110809326172
860,salt_pepper,high,0.05034229904413223,0.7126829028129578,21.91350746154785
861,blur,high,0.12106149643659592,0.5831364393234253,15.35316276550293
862,blur,low,0.055806197226047516,0.5358541011810303,21.513002395629883
863,clean,none,0.09858228266239166,0.6604570150375366,18.218870162963867
864,blur,low,0.07391394674777985,0.5587167739868164,20.08319854736328
865,blur,medium,0.0844225138425827,0.35875043272972107,18.844219207763672
866,occlusion,high,0.08107524365186691,0.3631356656551361,19.410057067871094
867,blur,high,0.08607646077871323,0.5905274152755737,18.415771484375
868,blur,low,0.05990707874298096,0.4615243375301361,20.82831573486328
869,blur,high,0.08222972601652145,0.5144388675689697,19.21084213256836
870,clean,none,0.08185145258903503,0.5831060409545898,19.329334259033203
871,salt_pepper,medium,0.0749051570892334,0.45006614923477173,19.88764762878418
872,clean,none,0.06902614235877991,0.5220543146133423,20.036914825439453
873,blur,medium,0.1189918965101242,0.39739561080932617,16.488725662231445
874,salt_pepper,low,0.09926240891218185,0.49363845586776733,17.089115142822266
875,clean,none,0.10388718545436859,0.3670351207256317,16.658649444580078
876,occlusion,medium,0.07769274711608887,0.5597442388534546,19.028011322021484
877,blur,high,0.07294194400310516,0.619491457939148,19.754112243652344
878,clean,none,0.09191875159740448,0.45365965366363525,18.236955642700195
879,salt_pepper,high,0.08667290210723877,0.4236513376235962,18.756940841674805
880,clean,none,0.06484866142272949,0.5900762677192688,21.2246150970459
881,blur,high,0.06371843069791794,0.5641114115715027,20.989883422851562
882,occlusion,medium,0.0966566801071167,0.5042809247970581,17.631298065185547
883,occlusion,medium,0.11116544902324677,0.4819537401199341,15.921270370483398
884,salt_pepper,low,0.06394809484481812,0.5850035548210144,20.797801971435547
885,occlusion,high,0.05319931358098984,0.5478948354721069,22.621780395507812
886,clean,none,0.06952325254678726,0.7095691561698914,20.29334831237793
887,salt_pepper,high,0.03616486117243767,0.7191570997238159,25.9914608001709
888,clean,none,0.038905780762434006,0.7235792875289917,24.6641902923584
889,occlusion,medium,0.08871247619390488,0.5627127289772034,18.234458923339844
890,salt_pepper,low,0.05068769305944443,0.7131141424179077,23.801393508911133
891,blur,low,0.09120114892721176,0.5763131380081177,17.92108726501465
892,occlusion,medium,0.07701084017753601,0.32942476868629456,20.10443687438965
893,occlusion,high,0.1339556872844696,0.5949594378471375,13.35268783569336
894,occlusion,medium,0.11891325563192368,0.4581593871116638,15.314911842346191
895,occlusion,medium,0.07842767238616943,0.6696323156356812,18.76111602783203
896,clean,none,0.046956416219472885,0.7146490812301636,23.051908493041992
897,blur,low,0.047917671501636505,0.686408519744873,22.953330993652344
898,clean,none,0.048013389110565186,0.7177220582962036,24.32647705078125
899,clean,none,0.16873213648796082,0.6965715885162354,13.046111106872559
900,salt_pepper,low,0.04263618588447571,0.6836504936218262,24.1306209564209
901,occlusion,low,0.09963380545377731,0.4159766435623169,16.70665740966797
902,occlusion,high,0.08967553079128265,0.6834062933921814,15.916003227233887
903,clean,none,0.05302939936518669,0.5201003551483154,23.232707977294922
904,occlusion,medium,0.07534928619861603,0.6079474687576294,20.28327751159668
905,occlusion,medium,0.06315940618515015,0.6707603931427002,19.52093505859375
906,salt_pepper,medium,0.07310844957828522,0.48932671546936035,20.19477081298828
907,salt_pepper,low,0.039598967880010605,0.7121438384056091,23.583572387695312
908,salt_pepper,high,0.038472313433885574,0.8013460040092468,20.849994659423828
909,blur,high,0.06298460066318512,0.4966665208339691,21.589733123779297
910,occlusion,medium,0.07827121019363403,0.5209904909133911,19.06501579284668
911,blur,low,0.07280587404966354,0.4864073693752289,20.28658103942871
912,blur,medium,0.05387644097208977,0.8084985613822937,22.498672485351562
913,clean,none,0.10089406371116638,0.3693709075450897,17.20766830444336
914,clean,none,0.08646118640899658,0.4273124635219574,19.16942596435547
915,blur,low,0.026414230465888977,0.7955617904663086,27.136646270751953
916,clean,none,0.06204502284526825,0.48092660307884216,20.60335922241211
917,salt_pepper,high,0.06439228355884552,0.5461151599884033,21.296363830566406
918,blur,low,0.09059872478246689,0.6690894961357117,18.136486053466797
919,blur,low,0.07136048376560211,0.5361692905426025,20.099475860595703
920,occlusion,medium,0.10392021387815475,0.4488048255443573,16.935901641845703
921,clean,none,0.04963592812418938,0.709232747554779,22.89313507080078
922,blur,medium,0.04674947261810303,0.5673689842224121,23.865100860595703
923,salt_pepper,medium,0.08298543095588684,0.40918540954589844,18.511064529418945
924,occlusion,low,0.10631677508354187,0.4258684515953064,16.475624084472656
925,blur,medium,0.061510663479566574,0.5633490681648254,21.980104446411133
926,occlusion,low,0.09937894344329834,0.6896265745162964,17.918912887573242
927,occlusion,medium,0.03545410931110382,0.7898019552230835,25.823421478271484
928,blur,high,0.07286681234836578,0.42592620849609375,19.574983596801758
929,blur,low,0.04660739004611969,0.6766833066940308,23.811824798583984
930,occlusion,low,0.059505950659513474,0.6165465116500854,20.985504150390625
931,clean,none,0.06235228106379509,0.7304623126983643,22.204326629638672
932,occlusion,high,0.07699570059776306,0.5195075273513794,19.13953971862793
933,salt_pepper,medium,0.04797693341970444,0.5995362401008606,23.59603500366211
934,occlusion,low,0.03768811747431755,0.8212379217147827,22.386898040771484
935,clean,none,0.053348492830991745,0.608916699886322,22.576854705810547
936,blur,medium,0.13826249539852142,0.6383053064346313,15.067562103271484
937,clean,none,0.10359843820333481,0.6283742189407349,17.49703025817871
938,salt_pepper,low,0.04747196286916733,0.5924996733665466,23.424434661865234
939,occlusion,high,0.09269606322050095,0.5431411266326904,17.550886154174805
940,occlusion,low,0.04834158346056938,0.6063153743743896,23.938430786132812
941,salt_pepper,medium,0.04587351530790329,0.6871187090873718,24.45265769958496
942,clean,none,0.08613904565572739,0.5208184719085693,18.16179847717285
943,clean,none,0.0831366628408432,0.5729138255119324,19.182876586914062
944,occlusion,medium,0.06115010380744934,0.6005604267120361,21.870811462402344
945,blur,low,0.05161399394273758,0.6880373954772949,23.17754554748535
946,occlusion,low,0.09190130233764648,0.6460765600204468,18.160554885864258
947,blur,high,0.051776986569166183,0.6162590384483337,22.417499542236328
948,occlusion,high,0.055344145745038986,0.6037362217903137,21.98834991455078
949,salt_pepper,medium,0.05919697880744934,0.6113173365592957,21.90829849243164
950,occlusion,medium,0.04185786470770836,0.7748334407806396,23.0179386138916
951,clean,none,0.05405638739466667,0.6396982669830322,22.1248836517334
952,salt_pepper,medium,0.06567593663930893,0.6424264311790466,20.814163208007812
953,salt_pepper,medium,0.05054416507482529,0.6893662214279175,22.283077239990234
954,occlusion,medium,0.060666777193546295,0.5847858786582947,20.56494140625
955,clean,none,0.05114790424704552,0.6355584859848022,20.719970703125
956,clean,none,0.042700521647930145,0.7998654246330261,23.710628509521484
957,clean,none,0.06925095617771149,0.7072272300720215,20.69513511657715
958,occlusion,low,0.04765084385871887,0.7326998114585876,23.283416748046875
959,salt_pepper,medium,0.08753877133131027,0.7066185474395752,19.05190086364746
960,salt_pepper,high,0.055545516312122345,0.6197975873947144,21.680919647216797
961,salt_pepper,high,0.06169916316866875,0.6057090759277344,21.316843032836914
962,blur,high,0.04541250690817833,0.5862943530082703,24.675094604492188
963,blur,high,0.062415122985839844,0.6057969927787781,21.710844039916992
964,salt_pepper,low,0.04916025325655937,0.6710658073425293,22.93886947631836
965,clean,none,0.05052381008863449,0.6835519075393677,22.41377830505371
966,salt_pepper,low,0.06385931372642517,0.6251397132873535,20.567628860473633
967,salt_pepper,high,0.08493922650814056,0.48827096819877625,18.482072830200195
968,salt_pepper,medium,0.057821448892354965,0.5435728430747986,22.104188919067383
969,blur,medium,0.03689795359969139,0.7038133144378662,25.026416778564453
970,occlusion,low,0.08887049555778503,0.6249202489852905,18.379371643066406
971,occlusion,medium,0.11613719165325165,0.301667183637619,16.650426864624023
972,occlusion,high,0.08061450719833374,0.48435521125793457,18.850379943847656
973,clean,none,0.04893180727958679,0.7173861861228943,22.666019439697266
974,occlusion,low,0.07261312007904053,0.4860536754131317,19.903831481933594
975,salt_pepper,medium,0.05663072317838669,0.5757114887237549,22.54459571838379
976,salt_pepper,low,0.07101669162511826,0.6362821459770203,20.210704803466797
977,occlusion,medium,0.062330350279808044,0.6817092895507812,21.491607666015625
978,occlusion,medium,0.09379003942012787,0.4499083459377289,17.236865997314453
979,blur,low,0.059250280261039734,0.6452881097793579,21.40654754638672
980,salt_pepper,low,0.06029246002435684,0.653071403503418,21.302494049072266
981,clean,none,0.09041625261306763,0.6395208835601807,18.08843994140625
982,clean,none,0.06020902842283249,0.5048892498016357,21.568777084350586
983,blur,high,0.08538609743118286,0.5776121616363525,18.990161895751953
984,salt_pepper,medium,0.15796881914138794,0.527296781539917,13.786336898803711
985,salt_pepper,high,0.06939281523227692,0.6330852508544922,19.68257713317871
986,clean,none,0.05500495433807373,0.6839401125907898,22.608501434326172
987,salt_pepper,medium,0.10293068736791611,0.6180204749107361,17.838603973388672
988,occlusion,high,0.11018877476453781,0.5107181668281555,16.60276985168457
989,clean,none,0.06266405433416367,0.5214718580245972,20.896297454833984
990,occlusion,high,0.11780437082052231,0.30256709456443787,15.981527328491211
991,blur,low,0.0758751630783081,0.5774397850036621,18.64078712463379
992,occlusion,high,0.1421603262424469,0.4103763997554779,12.629993438720703
993,salt_pepper,medium,0.057997286319732666,0.6020921468734741,21.088361740112305
994,blur,high,0.059754639863967896,0.7143222689628601,20.993453979492188
995,blur,low,0.055195026099681854,0.6293808221817017,22.118465423583984
996,salt_pepper,medium,0.09805642068386078,0.4632990062236786,17.610300064086914
997,clean,none,0.05505711957812309,0.6670747995376587,22.504796981811523
998,salt_pepper,low,0.08051880449056625,0.32322973012924194,19.706300735473633
999,clean,none,0.09355758875608444,0.28128206729888916,18.37936019897461
1000,blur,medium,0.08426274359226227,0.517516553401947,18.868249893188477
1001,salt_pepper,high,0.06763915717601776,0.515899121761322,20.080280303955078
1002,clean,none,0.07910656929016113,0.535614550113678,19.940969467163086
1003,clean,none,0.05755835026502609,0.7004795074462891,20.813411712646484
1004,occlusion,low,0.11288730800151825,0.45611605048179626,16.558637619018555
1005,blur,high,0.044868629425764084,0.7949795722961426,23.097570419311523
1006,salt_pepper,low,0.06631319969892502,0.5699896812438965,20.583621978759766
1007,clean,none,0.09074371308088303,0.4765552878379822,18.348512649536133
1008,blur,high,0.05920427292585373,0.5843057036399841,22.073888778686523
1009,salt_pepper,high,0.10884609073400497,0.4361112117767334,16.13365364074707
1010,occlusion,low,0.11481007933616638,0.5615972280502319,15.730594635009766
1011,blur,low,0.056867700070142746,0.6394820213317871,21.199913024902344
1012,occlusion,high,0.18003249168395996,0.16574952006340027,12.776575088500977
1013,blur,low,0.03997501730918884,0.7762207984924316,24.571611404418945
1014,salt_pepper,high,0.044138845056295395,0.5930615663528442,23.084125518798828
1015,occlusion,low,0.07646851986646652,0.5768589973449707,19.385692596435547
1016,blur,high,0.0713316798210144,0.7073208093643188,20.632125854492188
1017,salt_pepper,medium,0.09260474145412445,0.603347897529602,18.9713077545166
1018,clean,none,0.054355405271053314,0.7011887431144714,21.34515380859375
1019,occlusion,medium,0.06947784125804901,0.56071537733078,19.391706466674805
1020,clean,none,0.0921100303530693,0.7469813227653503,18.129249572753906
1021,clean,none,0.08123692870140076,0.43253087997436523,19.294042587280273
1022,clean,none,0.055676236748695374,0.6805996298789978,22.664644241333008
1023,blur,medium,0.10921069234609604,0.6689741611480713,16.874645233154297
1024,salt_pepper,high,0.09746103733778,0.5473167300224304,17.325515747070312
1025,blur,medium,0.1212412565946579,0.47488903999328613,14.885576248168945
1026,clean,none,0.049170952290296555,0.5257813334465027,23.449703216552734
1027,clean,none,0.0636848509311676,0.6600865721702576,20.092981338500977
1028,clean,none,0.040927525609731674,0.6722783446311951,25.566192626953125
1029,blur,medium,0.11007969826459885,0.3451560437679291,16.95631217956543
1030,salt_pepper,medium,0.08739315718412399,0.42810219526290894,18.26538848876953
1031,blur,medium,0.10430207848548889,0.5736349821090698,16.09520721435547
1032,blur,low,0.04579442739486694,0.7634379863739014,22.78241729736328
1033,clean,none,0.08455922454595566,0.5026874542236328,18.520465850830078
1034,salt_pepper,high,0.06776759773492813,0.35305190086364746,21.073596954345703
1035,clean,none,0.06588416546583176,0.6440666317939758,20.490921020507812
1036,blur,low,0.08607922494411469,0.566278338432312,18.991230010986328
1037,occlusion,medium,0.10542263835668564,0.5537483096122742,15.750877380371094
1038,blur,high,0.07526159286499023,0.5530062913894653,19.269248962402344
1039,clean,none,0.0539872869849205,0.6267867088317871,22.31664276123047
1040,salt_pepper,medium,0.09466880559921265,0.39198336005210876,18.094995498657227
1041,blur,high,0.07648244500160217,0.45583435893058777,17.580154418945312
1042,salt_pepper,low,0.06457233428955078,0.6876659393310547,20.550622940063477
1043,clean,none,0.07235492765903473,0.5058194398880005,19.991458892822266
1044,occlusion,high,0.09061747044324875,0.4609644412994385,17.498313903808594
1045,blur,low,0.08015196770429611,0.7261865139007568,18.242765426635742
1046,clean,none,0.0678185522556305,0.5774378180503845,19.646360397338867
1047,salt_pepper,high,0.11151503026485443,0.4471222758293152,16.001876831054688
1048,blur,medium,0.04876379296183586,0.7670340538024902,23.390785217285156
1049,blur,low,0.05459168553352356,0.581375002861023,22.720624923706055
1050,salt_pepper,high,0.10426817834377289,0.5114342570304871,16.816118240356445
1051,blur,medium,0.19163015484809875,0.41064971685409546,12.13982105255127
1052,salt_pepper,high,0.08378865569829941,0.7429572343826294,19.655664443969727
1053,clean,none,0.1355544924736023,0.5491845607757568,13.62539291381836
1054,salt_pepper,high,0.07197641581296921,0.6398615837097168,19.316064834594727
1055,occlusion,low,0.06498197466135025,0.7232499122619629,21.191415786743164
1056,salt_pepper,medium,0.06583448499441147,0.569861114025116,19.85634994506836
1057,occlusion,medium,0.09497874975204468,0.5748350620269775,18.113445281982422
1058,occlusion,high,0.1195593923330307,0.4489164352416992,15.199813842773438
1059,salt_pepper,low,0.12254684418439865,0.40326106548309326,14.572956085205078
1060,salt_pepper,low,0.0396089181303978,0.69073885679245,23.190872192382812
1061,blur,high,0.07938017696142197,0.6579930186271667,19.16008758544922
1062,blur,high,0.058852192014455795,0.5294963717460632,21.088008880615234
1063,clean,none,0.04073202237486839,0.7193519473075867,23.276521682739258
1064,occlusion,low,0.08160179108381271,0.6371793746948242,16.889209747314453
1065,clean,none,0.10539545863866806,0.6208836436271667,17.13544273376465
1066,clean,none,0.06382124871015549,0.4122157692909241,21.443431854248047
1067,occlusion,high,0.20881199836730957,0.2396397590637207,9.667101860046387
1068,clean,none,0.06378144025802612,0.4704742431640625,21.217819213867188
1069,occlusion,high,0.059859782457351685,0.5719835758209229,20.957059860229492
1070,blur,medium,0.1035151332616806,0.45765572786331177,17.14077377319336
1071,blur,medium,0.09300722181797028,0.6179348826408386,18.615459442138672
1072,occlusion,medium,0.07369445264339447,0.6503090262413025,20.703516006469727
1073,salt_pepper,medium,0.07000196725130081,0.48809635639190674,20.63718605041504
1074,salt_pepper,high,0.08013390004634857,0.37060433626174927,20.18027114868164
1075,blur,low,0.1740153282880783,0.26869356632232666,13.112955093383789
1076,blur,high,0.06753601133823395,0.5253862142562866,20.54562759399414
1077,blur,low,0.05136062204837799,0.6278618574142456,22.53948211669922
1078,salt_pepper,low,0.06101909279823303,0.7320326566696167,20.879955291748047
1079,clean,none,0.09600138664245605,0.3242405354976654,17.556930541992188
1080,salt_pepper,high,0.0844770073890686,0.4833294749259949,18.587936401367188
1081,salt_pepper,low,0.043303072452545166,0.7900978922843933,23.83974266052246
1082,occlusion,high,0.1268996149301529,0.3580276370048523,14.053401947021484
1083,occlusion,low,0.09976878017187119,0.6056660413742065,17.61625099182129
1084,clean,none,0.06994961947202682,0.7546302676200867,20.534347534179688
1085,occlusion,medium,0.09047698974609375,0.3519120216369629,18.628293991088867
1086,blur,medium,0.09320211410522461,0.38679152727127075,18.605121612548828
1087,blur,high,0.10245676338672638,0.4149742126464844,17.337318420410156
1088,clean,none,0.045367952436208725,0.7044947147369385,21.541915893554688
1089,clean,none,0.06347240507602692,0.5787511467933655,21.17537498474121
1090,salt_pepper,low,0.057979654520750046,0.5695854425430298,22.029052734375
1091,clean,none,0.07484064996242523,0.5266228914260864,19.83739471435547
1092,salt_pepper,low,0.055752575397491455,0.6629712581634521,21.825950622558594
1093,salt_pepper,low,0.08540129661560059,0.4764394760131836,19.051029205322266
1094,clean,none,0.1027151569724083,0.3313419818878174,17.44203758239746
1095,clean,none,0.04787152260541916,0.6746808886528015,23.071258544921875
1096,blur,medium,0.09030254185199738,0.3856341242790222,17.96875
1097,clean,none,0.08744901418685913,0.49715131521224976,18.764698028564453
1098,blur,medium,0.08730711787939072,0.5291479229927063,17.87615394592285
1099,blur,low,0.06372755020856857,0.49402785301208496,21.08149528503418
1100,blur,low,0.08880629390478134,0.3648814558982849,18.560386657714844
1101,clean,none,0.054645031690597534,0.5178978443145752,22.49161720275879
1102,blur,low,0.05072418972849846,0.6038366556167603,23.500728607177734
1103,clean,none,0.052547603845596313,0.5393157005310059,22.79182243347168
1104,salt_pepper,high,0.08098063617944717,0.5845462083816528,19.206523895263672
1105,occlusion,medium,0.12602731585502625,0.5460631251335144,16.21825408935547
1106,salt_pepper,medium,0.12722796201705933,0.2550714612007141,15.61771297454834
1107,clean,none,0.06610003113746643,0.5566733479499817,19.70296859741211
1108,salt_pepper,low,0.05349546670913696,0.5657891631126404,22.07760238647461
1109,blur,low,0.06966481357812881,0.49916455149650574,20.477252960205078
1110,occlusion,low,0.09864422678947449,0.3264094591140747,16.747726440429688
1111,occlusion,high,0.0806008130311966,0.4760777950286865,18.764318466186523
1112,occlusion,low,0.05626803636550903,0.6458108425140381,22.571887969970703
1113,occlusion,high,0.0879654511809349,0.35910314321517944,18.228559494018555
1114,clean,none,0.04512026533484459,0.659961998462677,23.280237197875977
1115,occlusion,medium,0.06695389747619629,0.5970155596733093,21.591476440429688
1116,salt_pepper,medium,0.06587520241737366,0.4621632695198059,20.575475692749023
1117,blur,medium,0.12883268296718597,0.6350838541984558,16.23760986328125
1118,occlusion,high,0.0858285129070282,0.4297700524330139,18.76893424987793
1119,blur,medium,0.0765024870634079,0.4980703294277191,20.276811599731445
1120,occlusion,medium,0.11451389640569687,0.4931994378566742,16.563932418823242
1121,clean,none,0.04079190269112587,0.7871454954147339,21.360267639160156
1122,occlusion,medium,0.20070897042751312,0.3855244517326355,11.644835472106934
1123,blur,medium,0.05913183093070984,0.6217932105064392,22.087928771972656
1124,blur,medium,0.07596420496702194,0.4184635579586029,19.70227813720703
1125,occlusion,high,0.07840432226657867,0.38883039355278015,19.784536361694336
1126,salt_pepper,medium,0.08470909297466278,0.24037489295005798,19.017986297607422
1127,blur,low,0.03716401010751724,0.8427449464797974,24.079368591308594
1128,salt_pepper,medium,0.142355814576149,0.4938161373138428,14.927604675292969
1129,salt_pepper,low,0.08171208202838898,0.5595999956130981,19.725757598876953
1130,blur,medium,0.06483136117458344,0.49988383054733276,21.40454864501953
1131,occlusion,high,0.09650125354528427,0.4818447530269623,17.307085037231445
1132,blur,low,0.14593404531478882,0.4444204270839691,15.589263916015625
1133,occlusion,high,0.08311225473880768,0.5110553503036499,18.78311538696289
1134,salt_pepper,high,0.060887034982442856,0.5981439352035522,21.22081756591797
1135,occlusion,low,0.03868918865919113,0.7562899589538574,24.32522964477539
1136,clean,none,0.14060606062412262,0.5958184599876404,14.655069351196289
1137,occlusion,high,0.15833830833435059,0.331025093793869,13.708650588989258
1138,blur,high,0.04821614921092987,0.6669160723686218,22.975147247314453
1139,occlusion,high,0.1148078590631485,0.3078095614910126,16.227916717529297
1140,clean,none,0.07009272277355194,0.435244083404541,20.744064331054688
1141,clean,none,0.046634625643491745,0.6574728488922119,21.7978572845459
1142,blur,medium,0.06382445245981216,0.6239892244338989,21.277481079101562
1143,blur,medium,0.09855173528194427,0.28195542097091675,17.145679473876953
1144,blur,low,0.07761448621749878,0.422685831785202,20.03494644165039
1145,occlusion,low,0.08113650977611542,0.5028371810913086,19.967166900634766
1146,salt_pepper,high,0.06761996448040009,0.5284603834152222,18.906917572021484
1147,salt_pepper,high,0.05828007310628891,0.7368565797805786,21.558740615844727
1148,blur,low,0.07504753768444061,0.5624202489852905,19.950607299804688
1149,occlusion,low,0.08929187059402466,0.5201525092124939,17.860458374023438
1150,blur,high,0.24119600653648376,0.36726123094558716,10.12755012512207
1151,occlusion,medium,0.10697346925735474,0.44575536251068115,15.6519136428833
1152,occlusion,high,0.08234930038452148,0.6369802951812744,17.830766677856445
1153,salt_pepper,low,0.05920612812042236,0.7036131620407104,21.531192779541016
1154,salt_pepper,low,0.050353627651929855,0.4927440583705902,23.147239685058594
1155,salt_pepper,medium,0.06006775051355362,0.6468884348869324,21.13158416748047
1156,occlusion,low,0.1463475227355957,0.5034372210502625,14.591371536254883
1157,salt_pepper,high,0.05422460287809372,0.6082767248153687,21.94138526916504
1158,clean,none,0.0514502190053463,0.6485838890075684,21.84532356262207
1159,occlusion,low,0.0575856976211071,0.6451600790023804,20.156532287597656
1160,blur,medium,0.05279143899679184,0.5518205761909485,22.824316024780273
1161,clean,none,0.10545222461223602,0.46712350845336914,17.312000274658203
1162,clean,none,0.10318702459335327,0.555722713470459,17.739011764526367
1163,occlusion,medium,0.07148867100477219,0.5681211948394775,18.64348602294922
1164,blur,high,0.05744525417685509,0.5579830408096313,21.619796752929688
1165,salt_pepper,medium,0.08828272670507431,0.36645621061325073,18.45339584350586
1166,occlusion,medium,0.06374508142471313,0.4545184075832367,21.276748657226562
1167,salt_pepper,low,0.1442662477493286,0.347207248210907,15.169676780700684
1168,occlusion,low,0.09898259490728378,0.6378746628761292,18.143095016479492
1169,occlusion,medium,0.07238071411848068,0.603766143321991,19.62917709350586
1170,occlusion,low,0.13540665805339813,0.6206169724464417,15.73515510559082
1171,occlusion,high,0.0888490080833435,0.5278105139732361,17.315624237060547
1172,blur,high,0.17487883567810059,0.3469970226287842,13.616052627563477
1173,blur,low,0.08133073151111603,0.3789202570915222,19.189119338989258
1174,clean,none,0.07463283836841583,0.5486154556274414,19.82745933532715
1175,blur,low,0.04731683060526848,0.7092100977897644,23.2091064453125
1176,salt_pepper,low,0.05258222669363022,0.6980893015861511,21.297588348388672
1177,blur,high,0.04605723172426224,0.7555936574935913,22.561161041259766
1178,salt_pepper,medium,0.06962268799543381,0.3438147008419037,18.82430648803711
1179,salt_pepper,low,0.10021322965621948,0.25679811835289,16.08900260925293
1180,occlusion,low,0.03363540768623352,0.8510931730270386,23.9364013671875
1181,salt_pepper,high,0.10752098262310028,0.5177994966506958,17.817005157470703
1182,salt_pepper,medium,0.1349494457244873,0.46465152502059937,15.2022066116333
1183,salt_pepper,medium,0.0754777044057846,0.4156561493873596,19.907072067260742
1184,clean,none,0.0656495988368988,0.4944191575050354,20.12755584716797
1185,occlusion,medium,0.0850684866309166,0.40518587827682495,18.3161563873291
1186,clean,none,0.06449887156486511,0.39748379588127136,21.228736877441406
1187,blur,high,0.05619407817721367,0.5545417070388794,22.29081916809082
1188,salt_pepper,medium,0.08651264011859894,0.4582604765892029,18.662012100219727
1189,clean,none,0.10250574350357056,0.4123266637325287,16.76911163330078
1190,clean,none,0.1097046434879303,0.3885790705680847,16.852434158325195
1191,occlusion,high,0.1346147507429123,0.3334354758262634,14.738520622253418
1192,occlusion,medium,0.08157530426979065,0.3718120753765106,19.238998413085938
1193,blur,high,0.12303545325994492,0.4194846749305725,15.521088600158691
1194,salt_pepper,high,0.06134980171918869,0.44774481654167175,21.291419982910156
1195,clean,none,0.07859354466199875,0.4615723490715027,19.441612243652344
1196,clean,none,0.07699940353631973,0.5418270826339722,19.581069946289062
1197,occlusion,low,0.0730193555355072,0.515369176864624,19.99474334716797
1198,occlusion,high,0.08255209773778915,0.5432494878768921,18.344663619995117
1199,salt_pepper,low,0.08576487004756927,0.4875168800354004,18.798200607299805
1200,occlusion,high,0.11012282222509384,0.4619982838630676,16.92136573791504
1201,clean,none,0.10219424962997437,0.39752131700515747,17.826295852661133
1202,clean,none,0.09134693443775177,0.4455033540725708,17.973360061645508
1203,clean,none,0.09075983613729477,0.3336130380630493,18.400222778320312
1204,blur,low,0.06454117596149445,0.5822145938873291,20.329940795898438
1205,occlusion,low,0.0616779550909996,0.629155158996582,21.218730926513672
1206,blur,medium,0.09114696830511093,0.4514029026031494,18.734943389892578
1207,occlusion,high,0.1417185366153717,0.4994804859161377,14.815221786499023
1208,salt_pepper,low,0.10054954886436462,0.6291239857673645,17.732511520385742
1209,clean,none,0.07309716194868088,0.37872251868247986,19.62142562866211
1210,salt_pepper,high,0.07959127426147461,0.5061283111572266,18.636249542236328
1211,blur,medium,0.09576216340065002,0.42914503812789917,17.840129852294922
1212,clean,none,0.09546147286891937,0.7054852843284607,18.637510299682617
1213,salt_pepper,low,0.13477736711502075,0.23395773768424988,15.153715133666992
1214,occlusion,high,0.10782372206449509,0.2738167941570282,17.042015075683594
1215,salt_pepper,high,0.08086328208446503,0.27828383445739746,19.80394744873047
1216,occlusion,medium,0.10653408616781235,0.26158857345581055,17.221851348876953
1217,blur,low,0.11110168695449829,0.3659103512763977,16.326820373535156
1218,blur,medium,0.11374531686306,0.5246908664703369,15.79716682434082
1219,salt_pepper,low,0.08116338402032852,0.47517430782318115,18.51301383972168
1220,clean,none,0.10349258035421371,0.2992863059043884,17.464126586914062
1221,blur,high,0.1200946792960167,0.40083765983581543,15.74174690246582
1222,clean,none,0.10581600666046143,0.5822078585624695,17.13634490966797
1223,blur,low,0.10584244132041931,0.39871466159820557,17.36766242980957
1224,salt_pepper,medium,0.09023096412420273,0.3415832221508026,18.361751556396484
1225,clean,none,0.08231034129858017,0.3161242604255676,19.35334014892578
1226,blur,medium,0.054210029542446136,0.6820608973503113,23.171232223510742
1227,salt_pepper,low,0.1008555144071579,0.5295413732528687,16.851112365722656
1228,salt_pepper,medium,0.10042482614517212,0.4044620990753174,18.16238021850586
1229,salt_pepper,low,0.07235904783010483,0.5833966732025146,18.64144515991211
1230,salt_pepper,high,0.14218495786190033,0.4057645797729492,12.841484069824219
1231,salt_pepper,low,0.0734865665435791,0.6280419230461121,18.592426300048828
1232,blur,medium,0.07969825714826584,0.5811574459075928,19.239349365234375
1233,clean,none,0.08974232524633408,0.41367048025131226,18.436092376708984
1234,clean,none,0.07437857985496521,0.4717434346675873,20.35717010498047
1235,blur,medium,0.07910823822021484,0.4532564580440521,19.277889251708984
1236,blur,high,0.11111123859882355,0.20802609622478485,16.985057830810547
1237,clean,none,0.09797494113445282,0.7618560194969177,18.286678314208984
1238,salt_pepper,medium,0.05704213306307793,0.5335105657577515,21.732141494750977
1239,salt_pepper,medium,0.052293188869953156,0.6185634136199951,21.38739013671875
1240,clean,none,0.07270665466785431,0.5386292934417725,20.394392013549805
1241,salt_pepper,medium,0.06870417296886444,0.5241579413414001,20.470008850097656
1242,clean,none,0.14380696415901184,0.36515867710113525,14.258539199829102
1243,occlusion,medium,0.08148898929357529,0.5416665077209473,19.3717041015625
1244,blur,low,0.11697922646999359,0.593346357345581,16.41954803466797
1245,blur,low,0.06546881049871445,0.612758994102478,21.79112434387207
1246,blur,low,0.11978807300329208,0.5832125544548035,16.036705017089844
1247,occlusion,medium,0.07222244143486023,0.5781795382499695,19.447553634643555
1248,blur,medium,0.0801444947719574,0.5540227293968201,19.79129981994629
1249,occlusion,medium,0.12002594769001007,0.2753952741622925,16.40812110900879
1250,salt_pepper,high,0.0710095763206482,0.5033355355262756,20.07761001586914
1251,occlusion,low,0.09651312232017517,0.34773510694503784,17.525768280029297
1252,clean,none,0.11501513421535492,0.6901018023490906,16.762935638427734
1253,salt_pepper,medium,0.0800471231341362,0.47383353114128113,19.5275936126709
1254,salt_pepper,medium,0.08629073947668076,0.35581856966018677,18.934425354003906
1255,salt_pepper,high,0.05329441651701927,0.648004412651062,21.467918395996094
1256,salt_pepper,medium,0.10815046727657318,0.3624829649925232,16.96384048461914
1257,blur,high,0.09822613000869751,0.37053462862968445,18.122684478759766
1258,salt_pepper,high,0.10680678486824036,0.42709028720855713,16.991331100463867
1259,clean,none,0.09829821437597275,0.3289356827735901,17.754379272460938
1260,occlusion,low,0.11112161725759506,0.4572685658931732,16.697343826293945
1261,clean,none,0.09511610120534897,0.36806607246398926,17.981178283691406
1262,occlusion,low,0.07648507505655289,0.46931037306785583,19.373184204101562
1263,occlusion,medium,0.05610078573226929,0.7208229899406433,21.86568832397461
1264,salt_pepper,high,0.07929015159606934,0.4887166917324066,19.553285598754883
1265,blur,low,0.08411268889904022,0.49683481454849243,19.162498474121094
1266,blur,high,0.061330318450927734,0.6771172285079956,21.26279640197754
1267,occlusion,high,0.1103472113609314,0.423541396856308,16.611572265625
1268,clean,none,0.06411120295524597,0.5228701829910278,21.252248764038086
1269,salt_pepper,medium,0.1317489594221115,0.4815983474254608,15.417167663574219
1270,blur,low,0.0848294124007225,0.4896421432495117,18.463199615478516
1271,occlusion,high,0.08116717636585236,0.2881712317466736,19.19132423400879
1272,clean,none,0.11186331510543823,0.45257624983787537,17.244247436523438
1273,blur,low,0.05368294566869736,0.5076543092727661,23.01572608947754
1274,occlusion,medium,0.06180326268076897,0.5626798868179321,21.426048278808594
1275,occlusion,low,0.08200844377279282,0.4459056258201599,19.109479904174805
1276,occlusion,low,0.06196048483252525,0.5400786399841309,21.5224666595459
1277,salt_pepper,medium,0.081976018846035,0.41405075788497925,18.98660659790039
1278,salt_pepper,high,0.11581707000732422,0.3273770809173584,16.483543395996094
1279,clean,none,0.10958932340145111,0.31819868087768555,17.14610481262207
1280,clean,none,0.06453500688076019,0.5389707088470459,21.01770782470703
1281,occlusion,high,0.08800186961889267,0.4233275353908539,17.918100357055664
1282,occlusion,low,0.15921005606651306,0.30700576305389404,13.710593223571777
1283,blur,medium,0.08088954538106918,0.5555202960968018,19.67262840270996
1284,salt_pepper,low,0.08778604120016098,0.3744167685508728,18.178489685058594
1285,blur,medium,0.06720075011253357,0.5871536731719971,19.909120559692383
1286,salt_pepper,high,0.09357583522796631,0.4255771040916443,18.023597717285156
1287,blur,high,0.05786919593811035,0.6915606260299683,22.37461280822754
1288,blur,high,0.071170374751091,0.5013347268104553,20.288681030273438
1289,salt_pepper,medium,0.055930979549884796,0.6070394515991211,22.34931182861328
1290,blur,high,0.07515408843755722,0.4632261395454407,19.266666412353516
1291,salt_pepper,medium,0.06335754692554474,0.5344913005828857,20.53361701965332
1292,blur,low,0.11602776497602463,0.39289718866348267,16.303272247314453
1293,blur,low,0.06344087421894073,0.48994314670562744,21.295429229736328
1294,clean,none,0.07120275497436523,0.4070325493812561,20.264368057250977
1295,occlusion,low,0.08218997716903687,0.39774787425994873,19.182432174682617
1296,clean,none,0.09779177606105804,0.365200936794281,17.632938385009766
1297,blur,low,0.07771596312522888,0.49636518955230713,19.867046356201172
1298,salt_pepper,medium,0.08773022890090942,0.39881059527397156,19.049362182617188
1299,clean,none,0.06916472315788269,0.5745939016342163,20.8458309173584
1300,blur,medium,0.07630054652690887,0.5380539298057556,20.02501678466797
1301,occlusion,high,0.11595024913549423,0.4969305396080017,16.062143325805664
1302,salt_pepper,medium,0.06089664250612259,0.5289644002914429,21.932125091552734
1303,occlusion,medium,0.08907176554203033,0.5077676773071289,18.211284637451172
1304,blur,low,0.08776601403951645,0.5672634840011597,18.505897521972656
1305,salt_pepper,low,0.0809086263179779,0.43415507674217224,18.58249855041504
1306,clean,none,0.06988842785358429,0.498824805021286,19.893310546875
1307,blur,medium,0.05612722039222717,0.6757011413574219,22.218948364257812
1308,clean,none,0.07054799050092697,0.5242795348167419,19.633617401123047
1309,clean,none,0.10277228057384491,0.23883607983589172,17.48809242248535
1310,clean,none,0.08255305886268616,0.6124584674835205,18.875499725341797
1311,blur,high,0.07835661619901657,0.43159931898117065,19.496004104614258
1312,occlusion,high,0.10722186416387558,0.36600518226623535,16.323469161987305
1313,blur,medium,0.06891461461782455,0.379347026348114,20.741243362426758
1314,clean,none,0.06353148072957993,0.34162506461143494,21.71649169921875
1315,clean,none,0.07732678949832916,0.514866292476654,19.464313507080078
1316,salt_pepper,low,0.08270999789237976,0.41161179542541504,19.283340454101562
1317,occlusion,high,0.08684967458248138,0.41892707347869873,17.599384307861328
1318,blur,high,0.05711847543716431,0.564458966255188,21.976211547851562
1319,clean,none,0.051207285374403,0.6227990984916687,22.43173599243164
1320,salt_pepper,medium,0.0730796754360199,0.45334547758102417,20.387060165405273
1321,salt_pepper,low,0.0746515765786171,0.5424391031265259,19.197420120239258
1322,salt_pepper,low,0.08669650554656982,0.5242918133735657,18.88703155517578
1323,clean,none,0.09532277286052704,0.3690710961818695,18.125244140625
1324,blur,high,0.1123681291937828,0.306041419506073,17.08292007446289
1325,blur,medium,0.06274130940437317,0.561820924282074,21.819881439208984
1326,clean,none,0.07774278521537781,0.6651701927185059,19.56785011291504
1327,blur,high,0.13979089260101318,0.2409060299396515,15.141266822814941
1328,occlusion,low,0.06001152843236923,0.6597851514816284,19.083288192749023
1329,blur,high,0.0768565982580185,0.38708099722862244,19.377077102661133
1330,salt_pepper,high,0.07717876881361008,0.3542019724845886,19.91131019592285
1331,salt_pepper,medium,0.08296523988246918,0.48058807849884033,19.376306533813477
1332,blur,low,0.09430155158042908,0.5689516067504883,18.74030303955078
1333,blur,low,0.0824684351682663,0.4747772216796875,19.2558650970459
1334,salt_pepper,medium,0.08479863405227661,0.3742005527019501,19.133142471313477
1335,clean,none,0.10770346969366074,0.40943941473960876,16.975528717041016
1336,occlusion,low,0.07521268725395203,0.4533950686454773,19.90921401977539
1337,occlusion,medium,0.0743829533457756,0.4824563264846802,19.599716186523438
1338,occlusion,medium,0.08377411961555481,0.4355606734752655,18.692583084106445
1339,blur,high,0.11619314551353455,0.31698888540267944,16.360557556152344
1340,occlusion,high,0.09226058423519135,0.3982962965965271,17.400806427001953
1341,clean,none,0.13552771508693695,0.36159127950668335,15.508855819702148
1342,blur,medium,0.10891001671552658,0.26748257875442505,16.85830307006836
1343,occlusion,high,0.15518155694007874,0.39685413241386414,13.37824821472168
1344,blur,medium,0.06260427832603455,0.5885200500488281,19.526092529296875
1345,occlusion,low,0.06480838358402252,0.583396852016449,20.705060958862305
1346,occlusion,low,0.0773996040225029,0.4063208997249603,19.875822067260742
1347,blur,high,0.0995088443160057,0.35202503204345703,17.50408363342285
1348,salt_pepper,high,0.06158837303519249,0.5247618556022644,21.826480865478516
1349,salt_pepper,low,0.14919258654117584,0.4487029016017914,14.818973541259766
1350,blur,medium,0.07073603570461273,0.6142634749412537,19.61176300048828
1351,salt_pepper,high,0.05659205839037895,0.6613907217979431,21.412084579467773
1352,clean,none,0.1134716272354126,0.39427268505096436,16.856090545654297
1353,blur,medium,0.08852839469909668,0.4270850419998169,18.95327377319336
1354,blur,high,0.06703488528728485,0.38046205043792725,20.65974235534668
1355,clean,none,0.06785024702548981,0.48841413855552673,20.909076690673828
1356,salt_pepper,low,0.06295756250619888,0.5948717594146729,20.72064208984375
1357,occlusion,low,0.09637288749217987,0.24822267889976501,18.03080940246582
1358,salt_pepper,low,0.05069147050380707,0.6177554130554199,22.907371520996094
1359,clean,none,0.07087115943431854,0.6467908620834351,20.144939422607422
1360,clean,none,0.09171029180288315,0.4278603792190552,18.395822525024414
1361,blur,low,0.11160908639431,0.3521523177623749,17.12478256225586
1362,salt_pepper,high,0.09968482702970505,0.32088977098464966,17.759967803955078
1363,salt_pepper,high,0.08116352558135986,0.4743698835372925,18.71808624267578
1364,blur,medium,0.09350061416625977,0.4349084496498108,18.110431671142578
1365,salt_pepper,medium,0.08681541681289673,0.36739012598991394,19.18452262878418
1366,blur,high,0.0557011179625988,0.5436474680900574,21.579904556274414
1367,salt_pepper,medium,0.06376007199287415,0.4185158610343933,21.091461181640625
1368,clean,none,0.06376425921916962,0.6116350889205933,20.97186851501465
1369,occlusion,high,0.10275165736675262,0.22979305684566498,17.428468704223633
1370,occlusion,medium,0.07556479424238205,0.5715785026550293,18.43238639831543
1371,clean,none,0.09016367048025131,0.5894181132316589,17.80070686340332
1372,occlusion,high,0.10379906743764877,0.33942675590515137,17.15776252746582
1373,blur,high,0.07236068695783615,0.5688917636871338,20.06777572631836
1374,blur,low,0.10891667008399963,0.3926700949668884,16.70025062561035
1375,salt_pepper,medium,0.07239462435245514,0.5816220641136169,20.09740447998047
1376,occlusion,high,0.1041627749800682,0.4758182764053345,14.721885681152344
1377,blur,low,0.05361373350024223,0.7827221751213074,21.695571899414062
1378,blur,high,0.06992585957050323,0.5071779489517212,20.383302688598633
1379,blur,high,0.07555556297302246,0.5076403021812439,20.044048309326172
1380,occlusion,medium,0.10313998907804489,0.5668267011642456,17.554643630981445
1381,blur,high,0.0980604887008667,0.4805212914943695,17.7336368560791
1382,clean,none,0.09353359788656235,0.43424463272094727,17.951454162597656
1383,occlusion,high,0.09083124995231628,0.37596961855888367,17.227340698242188
1384,occlusion,low,0.15155506134033203,0.49406862258911133,14.674878120422363
1385,occlusion,low,0.08669094741344452,0.7089223861694336,18.124731063842773
1386,occlusion,high,0.12468472123146057,0.413688600063324,15.547127723693848
1387,salt_pepper,medium,0.0751025602221489,0.6067724823951721,18.700332641601562
1388,occlusion,low,0.07951480150222778,0.3919304609298706,19.023468017578125
1389,blur,high,0.08361566066741943,0.542776346206665,18.616687774658203
1390,clean,none,0.08458312600851059,0.545979380607605,18.288616180419922
1391,occlusion,high,0.139265239238739,0.35807788372039795,13.696769714355469
1392,clean,none,0.09903666377067566,0.49758046865463257,17.943151473999023
1393,clean,none,0.13962051272392273,0.48828789591789246,15.07901668548584
1394,occlusion,medium,0.13246473670005798,0.3248918652534485,14.904318809509277
1395,clean,none,0.09035204350948334,0.30680516362190247,18.40218734741211
1396,salt_pepper,medium,0.08663032948970795,0.4186648726463318,19.148515701293945
1397,clean,none,0.10243774950504303,0.3456439971923828,17.55960464477539
1398,clean,none,0.11321598291397095,0.25613802671432495,16.694629669189453
1399,salt_pepper,low,0.0940660834312439,0.4459495544433594,18.095205307006836
1400,occlusion,low,0.09481959044933319,0.3620600700378418,18.056453704833984
1401,salt_pepper,medium,0.07031555473804474,0.5080466270446777,19.348604202270508
1402,salt_pepper,high,0.06279435753822327,0.4415605962276459,21.612651824951172
1403,salt_pepper,medium,0.06972028315067291,0.4046430289745331,20.79726219177246
1404,salt_pepper,medium,0.060332030057907104,0.5434510111808777,21.263933181762695
1405,clean,none,0.08105756342411041,0.43217548727989197,19.279788970947266
1406,salt_pepper,high,0.08679001778364182,0.3345426023006439,18.938457489013672
1407,blur,low,0.06367801874876022,0.5675455331802368,20.54621124267578
1408,blur,medium,0.08693356812000275,0.5380497574806213,18.424076080322266
1409,salt_pepper,low,0.07456739991903305,0.5111879110336304,19.000015258789062
1410,blur,medium,0.08012966811656952,0.5305576324462891,19.04491424560547
1411,occlusion,low,0.07905958592891693,0.36954960227012634,18.890701293945312
1412,clean,none,0.08775877207517624,0.5028297901153564,18.35199546813965
1413,blur,high,0.07186275720596313,0.42129290103912354,20.44003677368164
1414,clean,none,0.09966661781072617,0.32422733306884766,18.18240737915039
1415,occlusion,medium,0.07835915684700012,0.46421390771865845,20.026960372924805
1416,salt_pepper,high,0.07144586741924286,0.372469425201416,20.14504623413086
1417,blur,high,0.077151358127594,0.6059437990188599,18.82344627380371
1418,occlusion,medium,0.06605264544487,0.5719313621520996,19.932003021240234
1419,occlusion,low,0.06681536138057709,0.5742669105529785,19.68267250061035
1420,salt_pepper,high,0.08520369976758957,0.46078619360923767,18.533405303955078
1421,blur,low,0.06039195880293846,0.44837629795074463,21.026647567749023
1422,occlusion,medium,0.12818346917629242,0.27637743949890137,15.219486236572266
1423,clean,none,0.08649790287017822,0.29422804713249207,18.773170471191406
1424,salt_pepper,high,0.14162741601467133,0.48676443099975586,15.642362594604492
1425,salt_pepper,high,0.07626628130674362,0.40952038764953613,19.75757598876953
1426,occlusion,high,0.10503280162811279,0.34843748807907104,17.178953170776367
1427,clean,none,0.06334397196769714,0.4038585126399994,21.31778907775879
1428,occlusion,medium,0.08117221295833588,0.38973328471183777,19.052452087402344
1429,salt_pepper,high,0.08100661635398865,0.3997911810874939,19.101177215576172
1430,occlusion,medium,0.10601557791233063,0.299436092376709,17.22879409790039
1431,blur,low,0.09712845087051392,0.3957453966140747,18.590791702270508
1432,clean,none,0.09154526889324188,0.32434701919555664,18.59606170654297
1433,clean,none,0.10477590560913086,0.4028283953666687,17.31746482849121
1434,blur,medium,0.08415420353412628,0.3726864755153656,19.485151290893555
1435,clean,none,0.10104753822088242,0.3903540074825287,18.034503936767578
1436,salt_pepper,low,0.15624399483203888,0.40378832817077637,14.460010528564453
1437,salt_pepper,high,0.10974991321563721,0.5355159044265747,16.74227523803711
1438,salt_pepper,medium,0.07400509715080261,0.5509154796600342,21.0997371673584
1439,occlusion,high,0.08846645802259445,0.3871646523475647,19.23298454284668
1440,blur,high,0.06588022410869598,0.6115991473197937,19.937541961669922
1441,clean,none,0.1314714252948761,0.4001186788082123,15.851112365722656
1442,occlusion,low,0.08370526880025864,0.451166033744812,18.722871780395508
1443,salt_pepper,low,0.07420383393764496,0.4790707528591156,19.616565704345703
1444,salt_pepper,low,0.060236942023038864,0.7094740867614746,19.83416748046875
1445,salt_pepper,medium,0.10375270247459412,0.4309973120689392,17.426231384277344
1446,blur,low,0.09018455445766449,0.41258224844932556,18.57024383544922
1447,salt_pepper,medium,0.09492667764425278,0.5134731531143188,17.62612533569336
1448,blur,low,0.111726775765419,0.3415730893611908,16.76546859741211
1449,salt_pepper,high,0.06008893996477127,0.5702906847000122,21.324176788330078
1450,salt_pepper,low,0.11008846014738083,0.5887508392333984,16.945833206176758
1451,clean,none,0.14982593059539795,0.33684587478637695,14.53471565246582
1452,blur,medium,0.138396218419075,0.1794086992740631,15.164961814880371
1453,occlusion,medium,0.18327713012695312,0.1992122381925583,12.737141609191895
1454,occlusion,medium,0.1463395655155182,0.30484074354171753,14.408841133117676
1455,occlusion,high,0.10586278885602951,0.34601014852523804,16.485403060913086
1456,occlusion,low,0.056419216096401215,0.5538092255592346,21.679092407226562
1457,blur,high,0.1167757511138916,0.3513351380825043,16.587671279907227
1458,blur,high,0.07818520814180374,0.44289514422416687,20.430633544921875
1459,clean,none,0.11522772163152695,0.36903220415115356,16.31391716003418
1460,clean,none,0.07100675255060196,0.664836049079895,19.078771591186523
1461,salt_pepper,high,0.0823427140712738,0.442217081785202,18.97972869873047
1462,salt_pepper,high,0.06690357625484467,0.503937840461731,19.9676570892334
1463,salt_pepper,high,0.0789598822593689,0.5120713710784912,18.698379516601562
1464,occlusion,low,0.08646367490291595,0.3738212585449219,18.477294921875
1465,blur,high,0.10986757278442383,0.37061095237731934,17.527996063232422
1466,occlusion,medium,0.11564314365386963,0.3401758670806885,16.244277954101562
1467,blur,low,0.08391889184713364,0.5843263268470764,18.764368057250977
1468,blur,high,0.08539127558469772,0.3068866729736328,18.97654151916504
1469,clean,none,0.09348779916763306,0.43477973341941833,18.388444900512695
1470,blur,low,0.09948503971099854,0.5585068464279175,17.61467170715332
1471,salt_pepper,medium,0.0883297249674797,0.4252779483795166,18.539705276489258
1472,blur,low,0.0939333438873291,0.41261184215545654,18.10531997680664
1473,blur,high,0.06606873124837875,0.46018004417419434,20.845823287963867
1474,clean,none,0.09952734410762787,0.5607213973999023,17.98245620727539
1475,clean,none,0.08848398923873901,0.5814121961593628,18.972660064697266
1476,salt_pepper,low,0.07642389088869095,0.4586126506328583,19.294849395751953
1477,salt_pepper,high,0.09680406749248505,0.4313611686229706,16.771398544311523
1478,clean,none,0.04240202531218529,0.7622885704040527,24.2702693939209
1479,blur,low,0.07932212948799133,0.5413001775741577,19.663616180419922
1480,clean,none,0.08947108685970306,0.38711318373680115,18.42630386352539
1481,clean,none,0.08380244672298431,0.3030591905117035,19.433605194091797
1482,salt_pepper,low,0.056942760944366455,0.5530146360397339,22.14743423461914
1483,clean,none,0.04697785899043083,0.6152592897415161,24.004871368408203
1484,occlusion,low,0.07309378683567047,0.6140545606613159,19.340944290161133
1485,clean,none,0.0585506372153759,0.5772508382797241,22.391910552978516
1486,occlusion,high,0.08845900744199753,0.5515174269676208,17.924884796142578
1487,blur,medium,0.07279078662395477,0.48140716552734375,19.989154815673828
1488,salt_pepper,low,0.04969511553645134,0.5766165256500244,23.52215003967285
1489,blur,low,0.052735112607479095,0.507039487361908,22.63681411743164
1490,blur,low,0.03776015341281891,0.8256616592407227,25.748231887817383
1491,blur,high,0.03486870601773262,0.7030093669891357,25.073976516723633
1492,salt_pepper,low,0.059121571481227875,0.5944806933403015,21.574947357177734
1493,occlusion,low,0.04130830615758896,0.7379671335220337,23.369457244873047
1494,salt_pepper,medium,0.058229684829711914,0.4496951103210449,21.536863327026367
1495,salt_pepper,low,0.04512515664100647,0.5620431900024414,23.88115882873535
1496,blur,low,0.06528063118457794,0.6095057725906372,20.40753173828125
1497,clean,none,0.05431070923805237,0.5837485194206238,21.318641662597656
1498,salt_pepper,high,0.07414433360099792,0.4832432270050049,20.471263885498047
1499,clean,none,0.04441758245229721,0.6974121928215027,23.981060028076172
1500,blur,high,0.05497674271464348,0.6690773367881775,21.784801483154297
1501,occlusion,high,0.08692019432783127,0.4813501238822937,18.435476303100586
1502,clean,none,0.0757099986076355,0.6158641576766968,19.50088882446289
1503,blur,high,0.07092063128948212,0.5657695531845093,19.457027435302734
1504,blur,high,0.06471630185842514,0.578484296798706,21.042583465576172
1505,blur,low,0.05146680399775505,0.6884735822677612,23.037033081054688
1506,salt_pepper,high,0.0565200001001358,0.5787661671638489,22.30949592590332
1507,occlusion,low,0.07403656840324402,0.5276398062705994,17.946605682373047
1508,occlusion,low,0.06496046483516693,0.6037615537643433,20.26115608215332
1509,blur,low,0.04750044271349907,0.5789605975151062,22.724029541015625
1510,salt_pepper,low,0.05477886646986008,0.6088745594024658,21.152124404907227
1511,occlusion,low,0.0903763398528099,0.44490545988082886,16.84668731689453
1512,salt_pepper,medium,0.08424409478902817,0.5414958596229553,19.54323959350586
1513,blur,low,0.06330494582653046,0.5067316293716431,21.8465518951416
1514,occlusion,high,0.0801151767373085,0.6079807281494141,19.13638687133789
1515,clean,none,0.061470091342926025,0.5873340368270874,21.52405548095703
1516,clean,none,0.06770235300064087,0.5252150297164917,20.15169334411621
1517,blur,medium,0.058396339416503906,0.5858147144317627,21.759517669677734
1518,occlusion,high,0.09298717975616455,0.5794352293014526,18.69605255126953
1519,clean,none,0.10131101310253143,0.49766215682029724,16.62871551513672
1520,clean,none,0.10379352420568466,0.41662558913230896,17.409440994262695
1521,clean,none,0.04187341034412384,0.5914791822433472,23.337173461914062
1522,salt_pepper,low,0.05055991932749748,0.7326871752738953,23.518390655517578
1523,blur,low,0.04932427406311035,0.7239241600036621,22.24855613708496
1524,occlusion,high,0.09987392276525497,0.4126724600791931,17.456645965576172
1525,occlusion,high,0.10912127792835236,0.5203288793563843,16.467323303222656
1526,salt_pepper,low,0.09798657894134521,0.45741504430770874,17.0200252532959
1527,blur,low,0.0631282702088356,0.6475700736045837,20.881752014160156
1528,occlusion,high,0.06635748594999313,0.5582520961761475,19.35602569580078
1529,clean,none,0.05279741808772087,0.5745376944541931,21.95063591003418
1530,salt_pepper,low,0.04988831281661987,0.7089261412620544,22.650720596313477
1531,occlusion,low,0.0757228285074234,0.49416300654411316,19.69553565979004
1532,salt_pepper,medium,0.06795834004878998,0.759135901927948,21.360225677490234
1533,salt_pepper,low,0.059580158442258835,0.6463860273361206,20.760387420654297
1534,blur,medium,0.08059076219797134,0.6540158987045288,18.16524887084961
1535,salt_pepper,high,0.041937410831451416,0.7354685068130493,24.53842544555664
1536,occlusion,high,0.09659025073051453,0.4909042716026306,15.824190139770508
1537,clean,none,0.08694880455732346,0.44707638025283813,19.433305740356445
1538,salt_pepper,low,0.06274743378162384,0.4569058120250702,21.289276123046875
1539,salt_pepper,high,0.0520423948764801,0.630777895450592,22.374778747558594
1540,clean,none,0.06732051074504852,0.5499875545501709,20.445510864257812
1541,salt_pepper,medium,0.04695379361510277,0.6583654880523682,23.359546661376953
1542,blur,high,0.03205756098031998,0.7601205706596375,26.244401931762695
1543,clean,none,0.03545626625418663,0.8057324290275574,25.781679153442383
1544,clean,none,0.03883620351552963,0.7539147138595581,24.760799407958984
1545,salt_pepper,medium,0.047673068940639496,0.6611813306808472,22.936086654663086
1546,salt_pepper,low,0.041075628250837326,0.7471153736114502,25.106151580810547
1547,occlusion,high,0.07097534835338593,0.5659716129302979,19.610273361206055
1548,clean,none,0.056703802198171616,0.6127922534942627,21.923839569091797
1549,salt_pepper,low,0.05781436711549759,0.46686166524887085,22.075843811035156
1550,salt_pepper,low,0.05646286532282829,0.4638996124267578,22.09043312072754
1551,clean,none,0.06890752911567688,0.5533996820449829,20.235637664794922
1552,salt_pepper,medium,0.1022796481847763,0.42689621448516846,16.97233009338379
1553,salt_pepper,low,0.06997500360012054,0.5068274736404419,20.57136344909668
1554,clean,none,0.05835103988647461,0.4738393723964691,21.81838035583496
1555,occlusion,medium,0.06151281297206879,0.568356990814209,20.759231567382812
1556,blur,low,0.05288269370794296,0.526049017906189,22.759187698364258
1557,occlusion,high,0.09950365871191025,0.5703024864196777,17.055646896362305
1558,occlusion,medium,0.06388361752033234,0.6370192170143127,20.42903709411621
1559,occlusion,low,0.1042359322309494,0.553672730922699,16.636394500732422
1560,clean,none,0.04872628673911095,0.6784703731536865,23.3866024017334
1561,blur,high,0.04527635499835014,0.7299412488937378,24.60300064086914
1562,blur,high,0.10153026878833771,0.33114489912986755,17.628307342529297
1563,salt_pepper,low,0.09204506874084473,0.5090972185134888,17.27824592590332
1564,salt_pepper,low,0.06745743006467819,0.6980396509170532,20.08211898803711
1565,clean,none,0.06339625269174576,0.5232968330383301,21.210243225097656
1566,clean,none,0.06336494535207748,0.6270695328712463,21.518888473510742
1567,occlusion,medium,0.08187847584486008,0.4837493300437927,19.384809494018555
1568,salt_pepper,medium,0.05830022692680359,0.6356551051139832,19.153003692626953
1569,blur,low,0.07332047820091248,0.47251877188682556,20.301528930664062
1570,occlusion,high,0.10195209830999374,0.3347388207912445,16.202245712280273
1571,occlusion,high,0.10575340688228607,0.45955950021743774,16.45143699645996
1572,occlusion,high,0.0652066320180893,0.5070292949676514,20.856868743896484
1573,salt_pepper,medium,0.06225164979696274,0.7595534324645996,20.849817276000977
1574,blur,medium,0.09239736199378967,0.5691904425621033,18.69081687927246
1575,salt_pepper,low,0.05647362768650055,0.5610851049423218,21.966827392578125
1576,salt_pepper,medium,0.05041719228029251,0.6754841208457947,23.174007415771484
1577,blur,high,0.07738691568374634,0.4468703866004944,19.968950271606445
1578,blur,low,0.06300336122512817,0.6019634008407593,21.321216583251953
1579,clean,none,0.10360924899578094,0.3051738440990448,17.232145309448242
1580,occlusion,high,0.08560606092214584,0.4492635130882263,18.560575485229492
1581,salt_pepper,high,0.060871612280607224,0.45911717414855957,21.44365692138672
1582,occlusion,high,0.05637408420443535,0.6086713075637817,20.25071907043457
1583,clean,none,0.05693936347961426,0.6550864577293396,21.620441436767578
1584,blur,high,0.043326884508132935,0.5648311376571655,24.239654541015625
1585,clean,none,0.0542617104947567,0.6123785972595215,22.146705627441406
1586,blur,medium,0.05850677937269211,0.48062533140182495,22.179851531982422
1587,salt_pepper,high,0.07743752002716064,0.4486254155635834,19.2301082611084
1588,blur,medium,0.05264526605606079,0.5601913332939148,22.850778579711914
1589,blur,high,0.09398922324180603,0.3320196270942688,18.392427444458008
1590,occlusion,high,0.10276983678340912,0.36811208724975586,17.003524780273438
1591,blur,high,0.06511740386486053,0.6157997846603394,20.73120880126953
1592,blur,low,0.07483773678541183,0.4816908538341522,20.27982521057129
1593,clean,none,0.06526634097099304,0.5681750178337097,21.24785614013672
1594,clean,none,0.07699519395828247,0.49082431197166443,19.408227920532227
1595,occlusion,low,0.0898018628358841,0.42140763998031616,18.00510597229004
1596,salt_pepper,medium,0.06315074861049652,0.3960019052028656,21.81118392944336
1597,occlusion,high,0.11315783858299255,0.38587504625320435,14.795699119567871
1598,blur,medium,0.04314335435628891,0.5917457342147827,24.95775604248047
1599,salt_pepper,medium,0.06132720038294792,0.5724158883094788,21.475791931152344
1600,clean,none,0.06383703649044037,0.4353512227535248,21.464393615722656
1601,blur,low,0.06167283281683922,0.5190905928611755,21.274063110351562
1602,salt_pepper,medium,0.08030057698488235,0.4920561909675598,19.143291473388672
1603,clean,none,0.06062520295381546,0.5143601894378662,21.481952667236328
1604,occlusion,low,0.060735344886779785,0.421867698431015,22.161645889282227
1605,occlusion,high,0.1352376490831375,0.3840089738368988,14.300260543823242
1606,occlusion,low,0.0755307599902153,0.5758086442947388,19.21092987060547
1607,salt_pepper,low,0.07067888975143433,0.49641698598861694,20.21123695373535
1608,occlusion,high,0.09355118125677109,0.26663732528686523,17.3182315826416
1609,clean,none,0.06888769567012787,0.44762641191482544,20.839242935180664
1610,salt_pepper,high,0.06385119259357452,0.5716027021408081,20.986831665039062
1611,occlusion,medium,0.07824252545833588,0.5006251335144043,19.216936111450195
1612,blur,medium,0.06484378129243851,0.4628239870071411,21.50937271118164
1613,salt_pepper,low,0.06799323856830597,0.3980782926082611,21.186538696289062
1614,blur,low,0.06085694953799248,0.5326558947563171,21.882953643798828
1615,salt_pepper,low,0.07400606572628021,0.4956870973110199,19.906795501708984
1616,blur,high,0.08734987676143646,0.4552112817764282,18.706254959106445
1617,occlusion,low,0.09975528717041016,0.5076611042022705,17.665882110595703
1618,blur,high,0.1017821878194809,0.4950123429298401,17.587568283081055
1619,blur,medium,0.08384932577610016,0.5978971719741821,18.28873062133789
1620,blur,high,0.04631323739886284,0.6293227076530457,23.707521438598633
1621,salt_pepper,medium,0.08249488472938538,0.5238582491874695,19.435401916503906
1622,clean,none,0.0906539186835289,0.5456396341323853,18.224912643432617
1623,blur,low,0.03831912577152252,0.6806747913360596,25.375263214111328
1624,clean,none,0.07534310966730118,0.5131793022155762,20.341766357421875
1625,salt_pepper,high,0.049142852425575256,0.6770088076591492,21.922508239746094
1626,occlusion,high,0.08674608170986176,0.34381651878356934,19.05812644958496
1627,clean,none,0.03897823765873909,0.759616494178772,24.19551658630371
1628,clean,none,0.03425560146570206,0.762281060218811,26.687021255493164
1629,occlusion,medium,0.06125858426094055,0.6027865409851074,21.21485710144043
1630,clean,none,0.07680953294038773,0.5467664003372192,19.07740020751953
1631,salt_pepper,low,0.0674315094947815,0.5378515124320984,20.212993621826172
1632,occlusion,medium,0.10221673548221588,0.5485109090805054,17.8526554107666
1633,salt_pepper,high,0.07787492871284485,0.42695027589797974,19.819705963134766
1634,blur,medium,0.10386970639228821,0.3162935972213745,17.420368194580078
1635,occlusion,low,0.08388777077198029,0.47526785731315613,18.542253494262695
1636,blur,medium,0.04278569668531418,0.7292004823684692,24.46895980834961
1637,blur,high,0.05425342917442322,0.544869065284729,22.961156845092773
1638,clean,none,0.06513996422290802,0.567840039730072,20.76717758178711
1639,clean,none,0.08014848083257675,0.5467315912246704,18.612245559692383
1640,clean,none,0.11107876151800156,0.33420366048812866,16.7346134185791
1641,salt_pepper,high,0.06756910681724548,0.5640854239463806,20.031147003173828
1642,salt_pepper,low,0.09145021438598633,0.45866164565086365,17.85051918029785
1643,blur,medium,0.0512639582157135,0.5606757998466492,22.843551635742188
1644,salt_pepper,medium,0.04437371343374252,0.6805814504623413,24.245223999023438
1645,occlusion,medium,0.05265960097312927,0.5913297533988953,22.636701583862305
1646,clean,none,0.0635676309466362,0.5431828498840332,21.17426300048828
1647,salt_pepper,low,0.09667330980300903,0.38646265864372253,17.43675994873047
1648,salt_pepper,low,0.058986272662878036,0.47148439288139343,22.16995620727539
1649,clean,none,0.05058249831199646,0.5788756012916565,22.81189727783203
1650,occlusion,medium,0.06115805357694626,0.5701490640640259,20.523595809936523
1651,occlusion,high,0.07031576335430145,0.5532057285308838,20.03331184387207
1652,occlusion,high,0.11707381904125214,0.30772390961647034,15.057616233825684
1653,occlusion,low,0.09338336437940598,0.5362282991409302,17.71303939819336
1654,occlusion,high,0.08347387611865997,0.23681382834911346,19.364377975463867
1655,clean,none,0.06533883512020111,0.607127845287323,20.763704299926758
1656,occlusion,high,0.1258184015750885,0.2996674180030823,16.004453659057617
1657,salt_pepper,medium,0.05222494527697563,0.5894720554351807,22.679306030273438
1658,clean,none,0.099295973777771,0.4911777973175049,17.641254425048828
1659,clean,none,0.061458684504032135,0.5281251668930054,21.812053680419922
1660,occlusion,low,0.11021459102630615,0.5285017490386963,16.65140724182129
1661,occlusion,medium,0.0971081554889679,0.5865784287452698,17.625633239746094
1662,blur,medium,0.054596494883298874,0.7763494849205017,22.695392608642578
1663,blur,medium,0.09970849007368088,0.5381484031677246,16.225650787353516
1664,salt_pepper,low,0.05512210354208946,0.6996546983718872,20.95581817626953
1665,blur,high,0.15460005402565002,0.2688938081264496,14.091100692749023
1666,salt_pepper,high,0.04342549294233322,0.680046021938324,23.54215431213379
1667,occlusion,medium,0.11903627216815948,0.5116147994995117,15.37710189819336
1668,clean,none,0.08302202820777893,0.38712382316589355,19.3677921295166
1669,salt_pepper,high,0.07864948362112045,0.45364388823509216,19.648523330688477
1670,clean,none,0.06499002873897552,0.4622797667980194,21.21004295349121
1671,occlusion,high,0.11191582679748535,0.2883351445198059,16.11600112915039
1672,occlusion,medium,0.060680560767650604,0.685339629650116,21.479270935058594
1673,blur,low,0.05862650275230408,0.5992691516876221,21.488548278808594
1674,salt_pepper,medium,0.06984473764896393,0.5019141435623169,21.169536590576172
1675,occlusion,low,0.09292056411504745,0.3727499842643738,17.791486740112305
1676,occlusion,low,0.1006203293800354,0.514935314655304,17.266071319580078
1677,blur,low,0.0644315630197525,0.42636343836784363,21.51845932006836
1678,occlusion,medium,0.06853988766670227,0.6154811382293701,20.355297088623047
1679,clean,none,0.06090046092867851,0.507841944694519,21.55865478515625
1680,salt_pepper,high,0.06939584761857986,0.5334001779556274,20.626708984375
1681,blur,low,0.06404832005500793,0.5260264873504639,21.1522216796875
1682,occlusion,medium,0.08399846404790878,0.6903101205825806,17.990434646606445
1683,clean,none,0.055528514087200165,0.6888364553451538,22.40447235107422
1684,occlusion,high,0.07213473320007324,0.6648024916648865,19.689762115478516
1685,blur,medium,0.09155362844467163,0.553827166557312,18.236915588378906
1686,salt_pepper,low,0.049581240862607956,0.7162082195281982,22.552221298217773
1687,clean,none,0.0636051818728447,0.5948249101638794,20.76412010192871
1688,salt_pepper,low,0.06761057674884796,0.6008189916610718,20.17969512939453
1689,salt_pepper,high,0.0533115491271019,0.6608068943023682,22.674943923950195
1690,occlusion,low,0.058834969997406006,0.6637023091316223,20.716035842895508
1691,salt_pepper,high,0.05539548397064209,0.653481125831604,21.526142120361328
1692,clean,none,0.04849892854690552,0.6825289726257324,22.893310546875
1693,salt_pepper,high,0.06278585642576218,0.5673713088035583,21.277835845947266
1694,salt_pepper,high,0.05576862022280693,0.618942379951477,21.505695343017578
1695,salt_pepper,medium,0.04917153716087341,0.7463023662567139,22.495208740234375
1696,salt_pepper,low,0.06454724073410034,0.6891908645629883,21.07318687438965
1697,clean,none,0.06038728356361389,0.5785519480705261,21.911821365356445
1698,occlusion,medium,0.0856795534491539,0.519762396812439,18.54595947265625
1699,clean,none,0.0478888675570488,0.6713937520980835,22.46942710876465
1700,salt_pepper,low,0.055698543787002563,0.7087850570678711,21.874252319335938
1701,blur,high,0.14998893439769745,0.6009835600852966,14.314173698425293
1702,blur,high,0.04578706622123718,0.7374173998832703,23.787723541259766
1703,blur,high,0.052990272641181946,0.48364269733428955,22.573678970336914
1704,clean,none,0.062329016625881195,0.6393313407897949,21.14703941345215
1705,blur,high,0.06862881779670715,0.5839430689811707,20.320283889770508
1706,blur,medium,0.06269767135381699,0.6221857070922852,21.502016067504883
1707,occlusion,high,0.0873073935508728,0.48915743827819824,17.01850128173828
1708,salt_pepper,medium,0.06577292084693909,0.4909813404083252,20.44504165649414
1709,occlusion,medium,0.06630551815032959,0.6679262518882751,20.119667053222656
1710,occlusion,medium,0.08470984548330307,0.4507896304130554,16.98175811767578
1711,occlusion,low,0.05306495353579521,0.6615073680877686,22.04818344116211
1712,occlusion,low,0.055440496653318405,0.6386752128601074,21.058198928833008
1713,blur,medium,0.05239212512969971,0.735517144203186,22.15652084350586
1714,salt_pepper,low,0.06488807499408722,0.6851744055747986,20.888347625732422
1715,clean,none,0.05215577408671379,0.7115296721458435,21.28767967224121
1716,occlusion,low,0.041025713086128235,0.6370133757591248,24.58700180053711
1717,clean,none,0.10163449496030807,0.5096398591995239,16.409910202026367
1718,salt_pepper,low,0.06772938370704651,0.671067476272583,20.490283966064453
1719,occlusion,high,0.14715269207954407,0.23118726909160614,14.453556060791016
1720,blur,low,0.06605523824691772,0.6280217170715332,21.46163558959961
1721,salt_pepper,medium,0.08261483162641525,0.39880818128585815,19.234708786010742
1722,occlusion,medium,0.0831599235534668,0.5547868013381958,17.300399780273438
1723,blur,low,0.0532122366130352,0.6190507411956787,22.49677848815918
1724,salt_pepper,medium,0.06746640801429749,0.46704792976379395,20.82752227783203
1725,occlusion,medium,0.11204280704259872,0.4524812698364258,14.965614318847656
1726,blur,medium,0.10462985932826996,0.34935852885246277,17.482864379882812
1727,blur,high,0.08515952527523041,0.415539026260376,19.300535202026367
1728,occlusion,medium,0.08607321232557297,0.5278807878494263,18.012237548828125
1729,clean,none,0.08054684847593307,0.6795469522476196,19.34650230407715
1730,occlusion,high,0.12138008326292038,0.5256024599075317,14.012917518615723
1731,salt_pepper,low,0.07895012944936752,0.547890305519104,19.09259605407715
1732,blur,high,0.07198189198970795,0.6423637270927429,19.22622299194336
1733,occlusion,low,0.08837705850601196,0.6616042852401733,18.69626808166504
1734,blur,low,0.06803704053163528,0.6142640113830566,20.499059677124023
1735,blur,high,0.08724574744701385,0.6064679622650146,18.697965621948242
1736,occlusion,high,0.06777314841747284,0.6344847679138184,18.923114776611328
1737,clean,none,0.0456242561340332,0.6940782070159912,24.200870513916016
1738,clean,none,0.07680633664131165,0.44775936007499695,19.806991577148438
1739,blur,low,0.050417423248291016,0.6692081689834595,23.31320571899414
1740,clean,none,0.04044545814394951,0.6939762830734253,24.667755126953125
1741,occlusion,low,0.038728415966033936,0.690984845161438,24.697265625
1742,blur,medium,0.056075066328048706,0.6470760703086853,21.744155883789062
1743,clean,none,0.05953487753868103,0.7170645594596863,22.088855743408203
1744,blur,high,0.05771768093109131,0.6388444304466248,21.694658279418945
1745,clean,none,0.11575230211019516,0.4952777326107025,15.480652809143066
1746,blur,high,0.06904210150241852,0.5091142058372498,19.69722557067871
1747,clean,none,0.04962439835071564,0.7418872714042664,22.635345458984375
1748,clean,none,0.03251953423023224,0.7985002398490906,25.262096405029297
1749,blur,high,0.05771221965551376,0.5905716419219971,21.6495361328125
1750,blur,medium,0.07554764300584793,0.659672737121582,19.056915283203125
1751,occlusion,medium,0.07464462518692017,0.7001610994338989,19.32298469543457
1752,occlusion,medium,0.09354370832443237,0.3958222270011902,18.156028747558594
1753,blur,high,0.0924251526594162,0.5084079504013062,18.242393493652344
1754,occlusion,high,0.06004095822572708,0.6137450933456421,21.157930374145508
1755,clean,none,0.09633743762969971,0.7184537649154663,15.798612594604492
1756,clean,none,0.10661764442920685,0.5939950346946716,16.975112915039062
1757,clean,none,0.05048508569598198,0.638330340385437,22.376407623291016
1758,occlusion,high,0.12882891297340393,0.4478970766067505,14.994491577148438
1759,salt_pepper,low,0.06570474803447723,0.7347866892814636,20.799589157104492
1760,blur,medium,0.06774943321943283,0.5969283580780029,20.03150177001953
1761,salt_pepper,low,0.06687916815280914,0.5554062724113464,20.687213897705078
1762,salt_pepper,medium,0.09477035701274872,0.6970415115356445,18.343774795532227
1763,salt_pepper,medium,0.05127200484275818,0.5913369655609131,22.02792739868164
1764,salt_pepper,medium,0.05086503550410271,0.6194577217102051,22.686729431152344
1765,blur,low,0.07984935492277145,0.3788849115371704,20.02964973449707
1766,clean,none,0.04745505750179291,0.7765137553215027,22.82778549194336
1767,occlusion,low,0.06672942638397217,0.6684644222259521,20.879764556884766
1768,clean,none,0.08337508887052536,0.3407551944255829,19.070350646972656
1769,occlusion,high,0.09374946355819702,0.37934374809265137,17.356552124023438
1770,occlusion,medium,0.07498933374881744,0.4771159589290619,19.632770538330078
1771,blur,high,0.04338369891047478,0.7456817030906677,23.89751625061035
1772,clean,none,0.06299066543579102,0.6508670449256897,21.01059341430664
1773,clean,none,0.08428043127059937,0.5421898365020752,19.05433464050293
1774,occlusion,high,0.06702513992786407,0.5447879433631897,20.06839370727539
1775,clean,none,0.08547335863113403,0.43310031294822693,18.056026458740234
1776,blur,low,0.05938319116830826,0.6832267642021179,21.377534866333008
1777,occlusion,high,0.09728237241506577,0.31631362438201904,17.133596420288086
1778,blur,high,0.09216627478599548,0.4963430166244507,17.299501419067383
1779,blur,low,0.06050129979848862,0.650403618812561,21.60126495361328
1780,clean,none,0.06339999288320541,0.5777787566184998,21.40597915649414
1781,occlusion,medium,0.06173931062221527,0.6776105165481567,20.519187927246094
1782,blur,medium,0.0730506181716919,0.5387165546417236,20.196483612060547
1783,salt_pepper,high,0.08010360598564148,0.46719735860824585,19.806108474731445
1784,occlusion,high,0.10598179697990417,0.43462979793548584,16.6315860748291
1785,salt_pepper,low,0.058722518384456635,0.6384650468826294,22.30103302001953
1786,salt_pepper,medium,0.05651667341589928,0.744901180267334,21.762277603149414
1787,blur,low,0.06537064164876938,0.49841541051864624,21.218196868896484
1788,blur,low,0.0666835680603981,0.6037845611572266,20.56402015686035
1789,salt_pepper,medium,0.08721890300512314,0.42309805750846863,18.349103927612305
1790,occlusion,high,0.0859525203704834,0.5786269307136536,18.15967559814453
1791,blur,medium,0.0803995132446289,0.39918750524520874,18.994449615478516
1792,clean,none,0.05889343470335007,0.6180828809738159,22.287691116333008
1793,clean,none,0.05358435958623886,0.6802951693534851,22.252761840820312
1794,clean,none,0.09887295961380005,0.513198971748352,17.528560638427734
1795,clean,none,0.06653225421905518,0.5921115875244141,20.628263473510742
1796,occlusion,high,0.11789631843566895,0.31851720809936523,16.18181037902832
1797,salt_pepper,high,0.06916961073875427,0.5355682373046875,21.025638580322266
1798,clean,none,0.0989779680967331,0.41297322511672974,18.319869995117188
1799,salt_pepper,high,0.08118507266044617,0.38383063673973083,19.763248443603516
1800,occlusion,medium,0.09915409982204437,0.2927775979042053,17.527576446533203
1801,clean,none,0.05822938308119774,0.6210718154907227,22.04950523376465
1802,occlusion,medium,0.07341569662094116,0.49703678488731384,19.89420509338379
1803,salt_pepper,high,0.04598560184240341,0.6871892809867859,23.797969818115234
1804,blur,high,0.062157779932022095,0.572353720664978,21.422382354736328
1805,occlusion,medium,0.0681334137916565,0.411160409450531,19.97734260559082
1806,blur,low,0.08623647689819336,0.358121395111084,18.44553565979004
1807,clean,none,0.05482427403330803,0.7021017074584961,22.30099868774414
1808,occlusion,low,0.08592423051595688,0.32633572816848755,19.184038162231445
1809,salt_pepper,high,0.0721682608127594,0.4225504398345947,20.498321533203125
1810,clean,none,0.05541745945811272,0.611956775188446,22.755069732666016
1811,blur,high,0.07322560995817184,0.4230247437953949,20.419403076171875
1812,blur,high,0.06046178191900253,0.612578272819519,21.539363861083984
1813,blur,high,0.08272890746593475,0.32295066118240356,19.502681732177734
1814,clean,none,0.04828549548983574,0.6923373937606812,23.85973358154297
1815,salt_pepper,low,0.055483169853687286,0.6638222336769104,22.230419158935547
1816,blur,high,0.06087852641940117,0.6284829378128052,21.978673934936523
1817,clean,none,0.10659715533256531,0.39604803919792175,17.249649047851562
1818,blur,low,0.09827973693609238,0.28795814514160156,18.332210540771484
1819,salt_pepper,high,0.10752521455287933,0.35580796003341675,17.17148208618164
1820,clean,none,0.10757850855588913,0.29216623306274414,17.299650192260742
1821,clean,none,0.0875578373670578,0.46719110012054443,18.714088439941406
1822,occlusion,high,0.12605121731758118,0.48115652799606323,13.7376070022583
1823,occlusion,medium,0.07914235442876816,0.4845735430717468,19.23810386657715
1824,clean,none,0.04269961640238762,0.6221463084220886,25.005626678466797
1825,salt_pepper,low,0.05419684574007988,0.45037469267845154,22.5224666595459
1826,clean,none,0.05264285206794739,0.6173014640808105,22.850719451904297
1827,occlusion,medium,0.0738595724105835,0.47293418645858765,19.999433517456055
1828,salt_pepper,high,0.07575883716344833,0.36749541759490967,20.15119171142578
1829,occlusion,medium,0.07948940992355347,0.44978389143943787,19.188573837280273
1830,clean,none,0.054609041661024094,0.6043290495872498,22.417726516723633
1831,blur,high,0.08240159600973129,0.38234788179397583,19.67642593383789
1832,occlusion,medium,0.08255324512720108,0.39550459384918213,19.520992279052734
1833,clean,none,0.04892469942569733,0.6310091614723206,23.978376388549805
1834,salt_pepper,low,0.05949421972036362,0.5528900623321533,21.320140838623047
1835,salt_pepper,low,0.05520148202776909,0.5843530893325806,21.8818302154541
1836,occlusion,high,0.09892060607671738,0.3868013620376587,17.21344566345215
1837,salt_pepper,medium,0.052756935358047485,0.7748672962188721,23.00401496887207
1838,occlusion,medium,0.0976552814245224,0.286848247051239,17.514110565185547
1839,salt_pepper,low,0.04547863453626633,0.6280795931816101,24.110610961914062
1840,blur,high,0.05210995301604271,0.5632541179656982,22.603395462036133
1841,blur,medium,0.058814819902181625,0.5973784923553467,21.354251861572266
1842,clean,none,0.04518194496631622,0.7348464727401733,24.216651916503906
1843,occlusion,high,0.10391521453857422,0.2940291166305542,17.152679443359375
1844,occlusion,medium,0.08728109300136566,0.48785465955734253,18.259878158569336
1845,clean,none,0.062102269381284714,0.5236098766326904,21.33971405029297
1846,salt_pepper,medium,0.06410404294729233,0.5038684606552124,21.241050720214844
1847,salt_pepper,high,0.05492953583598137,0.687905490398407,22.4219970703125
1848,salt_pepper,low,0.05256661772727966,0.6454066634178162,22.545644760131836
1849,clean,none,0.11183293908834457,0.30700743198394775,16.543771743774414
1850,blur,high,0.09874217212200165,0.4303141236305237,17.581159591674805
1851,blur,low,0.05540705472230911,0.6730215549468994,22.04288101196289
1852,occlusion,medium,0.07944457232952118,0.5540160536766052,19.422847747802734
1853,blur,low,0.0630987137556076,0.4986913204193115,21.589160919189453
1854,salt_pepper,low,0.07618812471628189,0.5412671566009521,19.73880386352539
1855,blur,high,0.05512947961688042,0.6359917521476746,22.158893585205078
1856,occlusion,medium,0.06676052510738373,0.68152916431427,19.99108123779297
1857,clean,none,0.05539597570896149,0.5909079313278198,22.183029174804688
1858,occlusion,low,0.0586639866232872,0.6003475189208984,21.72870445251465
1859,occlusion,high,0.17191433906555176,0.2746529281139374,11.905755996704102
1860,salt_pepper,medium,0.04689105600118637,0.7279090285301208,22.94131088256836
1861,salt_pepper,high,0.05179184302687645,0.6213147640228271,22.670948028564453
1862,clean,none,0.04670874401926994,0.6570808291435242,24.18899917602539
1863,clean,none,0.06874559819698334,0.6049911975860596,19.95576286315918
1864,clean,none,0.10326537489891052,0.5647655725479126,17.484416961669922
1865,clean,none,0.05159619078040123,0.6492537260055542,23.216724395751953
1866,occlusion,low,0.08875885605812073,0.5470085144042969,18.944564819335938
1867,salt_pepper,low,0.09522037953138351,0.41358840465545654,18.052358627319336
1868,blur,medium,0.045031167566776276,0.7468600273132324,23.86801528930664
1869,blur,medium,0.07386675477027893,0.5440226793289185,19.87421226501465
1870,clean,none,0.07935956865549088,0.4557952582836151,19.356647491455078
1871,occlusion,medium,0.08164891600608826,0.5855832099914551,19.32954216003418
1872,blur,medium,0.04794268310070038,0.7355508208274841,21.682945251464844
1873,clean,none,0.04380958527326584,0.7170900702476501,22.130582809448242
1874,occlusion,high,0.07709266990423203,0.43144649267196655,19.35325813293457
1875,blur,low,0.05806361883878708,0.3926813006401062,22.53520965576172
1876,salt_pepper,high,0.08836531639099121,0.5933786630630493,17.960201263427734
1877,occlusion,medium,0.08140741288661957,0.48198264837265015,18.403732299804688
1878,clean,none,0.07065995782613754,0.5891389846801758,19.643442153930664
1879,occlusion,high,0.0736946314573288,0.5476575493812561,19.42074203491211
1880,clean,none,0.0838237851858139,0.43887099623680115,18.9538631439209
1881,clean,none,0.054590895771980286,0.639505922794342,23.16328239440918
1882,occlusion,high,0.09021621942520142,0.45302075147628784,18.39432716369629
1883,clean,none,0.046187929809093475,0.7296852469444275,23.21945571899414
1884,blur,medium,0.048865675926208496,0.5449237823486328,23.365367889404297
1885,clean,none,0.057863421738147736,0.5254865288734436,22.437801361083984
1886,clean,none,0.05375687777996063,0.5304874777793884,22.525529861450195
1887,occlusion,low,0.11391466110944748,0.34116262197494507,16.67153549194336
1888,blur,medium,0.0744461864233017,0.45418721437454224,20.232036590576172
1889,salt_pepper,low,0.058489181101322174,0.6319624185562134,21.270565032958984
1890,clean,none,0.18036983907222748,0.3782041668891907,11.023883819580078
1891,blur,high,0.0776982232928276,0.4734240174293518,20.055238723754883
1892,blur,low,0.055412959307432175,0.4535556435585022,22.823755264282227
1893,clean,none,0.14356926083564758,0.2893291115760803,15.202354431152344
1894,occlusion,high,0.09869351238012314,0.2879890203475952,17.23999786376953
1895,blur,low,0.07518438994884491,0.4755544066429138,19.754961013793945
1896,occlusion,high,0.09009915590286255,0.5748096704483032,17.751293182373047
1897,salt_pepper,high,0.08033434301614761,0.5328595042228699,19.827592849731445
1898,occlusion,low,0.07733338326215744,0.5656527280807495,19.453174591064453
1899,clean,none,0.060242824256420135,0.518418550491333,21.45479965209961
1900,occlusion,medium,0.108060821890831,0.5709776282310486,17.51831817626953
1901,clean,none,0.04078062251210213,0.7609953880310059,24.033584594726562
1902,salt_pepper,low,0.08564206212759018,0.5048917531967163,18.788612365722656
1903,blur,high,0.0615953654050827,0.7554623484611511,20.95282745361328
1904,occlusion,medium,0.08326771855354309,0.4016791582107544,19.447891235351562
1905,salt_pepper,medium,0.08039884269237518,0.44698724150657654,19.335615158081055
1906,salt_pepper,medium,0.08999717235565186,0.4118691682815552,18.416229248046875
1907,salt_pepper,high,0.08754564821720123,0.4362201690673828,18.07123565673828
1908,salt_pepper,medium,0.09483899176120758,0.620641827583313,18.308513641357422
1909,clean,none,0.06598203629255295,0.5390671491622925,20.926666259765625
1910,occlusion,low,0.06709885597229004,0.48607420921325684,20.890531539916992
1911,blur,medium,0.0792829617857933,0.511485755443573,19.173555374145508
1912,salt_pepper,high,0.09207236021757126,0.30795153975486755,18.59931182861328
1913,clean,none,0.07149875164031982,0.5698058009147644,20.392314910888672
1914,salt_pepper,medium,0.055356498807668686,0.8036600947380066,21.838796615600586
1915,occlusion,medium,0.0974227637052536,0.49281686544418335,17.99579429626465
1916,blur,medium,0.06433121860027313,0.5375620126724243,21.316316604614258
1917,occlusion,low,0.09572901576757431,0.3615257740020752,18.01833724975586
1918,clean,none,0.08170820772647858,0.4811633229255676,19.61457061767578
1919,salt_pepper,high,0.10375195741653442,0.4216267466545105,17.6131534576416
1920,salt_pepper,medium,0.0637674629688263,0.5698881149291992,20.989028930664062
1921,clean,none,0.08816509693861008,0.399898499250412,18.966176986694336
1922,salt_pepper,high,0.10116863250732422,0.3774585723876953,17.989307403564453
1923,salt_pepper,medium,0.0744578018784523,0.4813607931137085,20.044193267822266
1924,occlusion,medium,0.11565017700195312,0.47423264384269714,16.83099365234375
1925,blur,medium,0.07265491783618927,0.46786367893218994,20.348623275756836
1926,occlusion,low,0.061160292476415634,0.7110108137130737,21.661155700683594
1927,blur,medium,0.04876052588224411,0.5944468975067139,23.542400360107422
1928,clean,none,0.0488467738032341,0.7276278734207153,23.466787338256836
1929,occlusion,low,0.07663200795650482,0.46390804648399353,20.06232261657715
1930,clean,none,0.07648965716362,0.42588597536087036,19.8516845703125
1931,clean,none,0.07504498958587646,0.3799353539943695,20.3183650970459
1932,clean,none,0.07833557575941086,0.497861385345459,20.14320182800293
1933,salt_pepper,medium,0.06453143060207367,0.464585542678833,21.49132537841797
1934,clean,none,0.09835405647754669,0.3852529227733612,18.0579833984375
1935,blur,low,0.08495129644870758,0.4340452551841736,18.192689895629883
1936,occlusion,high,0.08615654706954956,0.5506568551063538,17.925151824951172
1937,clean,none,0.07036203891038895,0.4262165427207947,20.452781677246094
1938,blur,medium,0.08504895865917206,0.3741268515586853,19.342899322509766
1939,salt_pepper,medium,0.0805383175611496,0.4042612910270691,19.760791778564453
1940,clean,none,0.06178898736834526,0.5838662981987,21.729419708251953
1941,clean,none,0.05507960915565491,0.6446274518966675,22.32914161682129
1942,occlusion,medium,0.060488104820251465,0.6235215663909912,21.374338150024414
1943,blur,low,0.09405100345611572,0.4996708333492279,18.324993133544922
1944,clean,none,0.11223305761814117,0.3871304988861084,16.37814712524414
1945,clean,none,0.06814895570278168,0.5842269062995911,20.53583526611328
1946,salt_pepper,low,0.08432458341121674,0.37798136472702026,19.250499725341797
1947,salt_pepper,medium,0.09861936420202255,0.47886574268341064,17.517135620117188
1948,clean,none,0.10974371433258057,0.4297119975090027,17.40843963623047
1949,blur,medium,0.08625616878271103,0.6422989964485168,19.352706909179688
1950,blur,high,0.05427957698702812,0.6161644458770752,22.03375244140625
1951,salt_pepper,medium,0.11222174763679504,0.3900294303894043,17.148969650268555
1952,clean,none,0.09968038648366928,0.46058210730552673,17.531402587890625
1953,salt_pepper,low,0.08591999858617783,0.5603315830230713,18.75286865234375
1954,blur,medium,0.06380966305732727,0.6218106150627136,21.255420684814453
1955,blur,medium,0.08378289639949799,0.5426645278930664,19.05683135986328
1956,blur,high,0.07475635409355164,0.5353896021842957,20.388225555419922
1957,occlusion,high,0.07376156747341156,0.47194862365722656,19.045560836791992
1958,salt_pepper,low,0.07703059911727905,0.4351794123649597,19.699737548828125
1959,occlusion,low,0.08128927648067474,0.4042646288871765,17.69301986694336
1960,occlusion,medium,0.08838421106338501,0.4173313081264496,18.534339904785156
1961,occlusion,medium,0.08623435348272324,0.4487001895904541,18.41268539428711
1962,blur,low,0.09603026509284973,0.39020806550979614,18.032329559326172
1963,occlusion,medium,0.08208480477333069,0.5307710766792297,18.4835205078125
1964,clean,none,0.08797170966863632,0.6337880492210388,18.704151153564453
1965,clean,none,0.09563964605331421,0.4041191041469574,18.010046005249023
1966,blur,medium,0.09552478790283203,0.6742887496948242,18.30526351928711
1967,salt_pepper,high,0.09522517770528793,0.39500853419303894,17.72631072998047
1968,salt_pepper,medium,0.059526585042476654,0.5714318752288818,21.554279327392578
1969,salt_pepper,medium,0.07045318931341171,0.5253748893737793,20.05242156982422
1970,clean,none,0.06289532035589218,0.5461714267730713,20.775936126708984
1971,blur,medium,0.072292260825634,0.679709792137146,19.594839096069336
1972,blur,high,0.059866875410079956,0.595994234085083,22.251785278320312
1973,salt_pepper,high,0.10965454578399658,0.4022846817970276,17.284013748168945
1974,salt_pepper,low,0.07235413789749146,0.40595850348472595,19.91482162475586
1975,occlusion,low,0.0892290323972702,0.5611763000488281,17.24289894104004
1976,occlusion,low,0.091050885617733,0.3245135247707367,17.698131561279297
1977,clean,none,0.09150765836238861,0.5526301860809326,17.97928810119629
1978,salt_pepper,high,0.07329574227333069,0.5851840972900391,19.275066375732422
1979,blur,low,0.0759681761264801,0.5547140836715698,19.298261642456055
1980,blur,high,0.061937492340803146,0.34426653385162354,22.09674644470215
1981,occlusion,low,0.07686491310596466,0.5813233256340027,19.171356201171875
1982,salt_pepper,low,0.06487225741147995,0.5595139265060425,21.64346694946289
1983,occlusion,medium,0.06652537733316422,0.4541178345680237,20.425987243652344
1984,blur,medium,0.0438690185546875,0.6565207242965698,24.66263198852539
1985,clean,none,0.052831970155239105,0.801435649394989,21.838464736938477
1986,clean,none,0.18025986850261688,0.5251849889755249,13.167415618896484
1987,salt_pepper,high,0.08887051790952682,0.5597975254058838,19.171350479125977
1988,occlusion,high,0.08758648484945297,0.48406076431274414,16.744205474853516
1989,clean,none,0.05219895392656326,0.554779052734375,22.873926162719727
1990,clean,none,0.05629894882440567,0.6195069551467896,22.028791427612305
1991,salt_pepper,medium,0.0674988403916359,0.6160483956336975,19.346343994140625
1992,occlusion,high,0.10026681423187256,0.33168667554855347,17.14899444580078
1993,blur,medium,0.05637230724096298,0.5874190330505371,22.05522918701172
1994,clean,none,0.09639766812324524,0.5314218401908875,15.8414306640625
1995,occlusion,low,0.07737408578395844,0.45579394698143005,19.112525939941406
1996,salt_pepper,medium,0.06444176286458969,0.5551676154136658,21.109798431396484
1997,occlusion,low,0.05751483887434006,0.6511738300323486,21.50516128540039
1998,clean,none,0.03805762156844139,0.8135806322097778,24.588481903076172
1999,clean,none,0.04959876090288162,0.7009272575378418,23.16026496887207
2000,occlusion,medium,0.0655231699347496,0.6084715127944946,19.15733528137207
2001,occlusion,medium,0.24629227817058563,0.4315575063228607,9.785972595214844
2002,occlusion,low,0.06829805672168732,0.4642608165740967,20.61212921142578
2003,occlusion,low,0.07460107654333115,0.4620276391506195,18.987125396728516
2004,occlusion,medium,0.05645611137151718,0.7146821022033691,19.78005027770996
2005,blur,medium,0.04279544949531555,0.6555778384208679,24.159286499023438
2006,clean,none,0.054219722747802734,0.5322060585021973,22.56641387939453
2007,salt_pepper,low,0.0494304895401001,0.6000310182571411,23.422204971313477
2008,clean,none,0.08469502627849579,0.4911362826824188,18.942481994628906
2009,salt_pepper,low,0.07273901998996735,0.6357908248901367,19.298664093017578
2010,blur,high,0.05067857354879379,0.6185522079467773,23.017568588256836
2011,clean,none,0.07330368459224701,0.4752204120159149,20.4061336517334
2012,occlusion,high,0.10821029543876648,0.3798978328704834,16.96282958984375
2013,occlusion,low,0.05945826694369316,0.6257412433624268,21.134502410888672
2014,clean,none,0.11071288585662842,0.5465166568756104,16.760311126708984
2015,blur,high,0.03878163546323776,0.7702699899673462,24.452232360839844
2016,blur,low,0.05554492026567459,0.587239146232605,22.285478591918945
2017,blur,medium,0.09001993387937546,0.32078754901885986,17.94623565673828
2018,clean,none,0.07569503039121628,0.48675164580345154,19.711196899414062
2019,salt_pepper,high,0.10892088711261749,0.5447355508804321,17.189390182495117
2020,blur,high,0.11251431703567505,0.390924870967865,16.580238342285156
2021,blur,medium,0.1351044625043869,0.3772854804992676,14.876323699951172
2022,occlusion,high,0.09388592094182968,0.44593533873558044,16.598800659179688
2023,salt_pepper,low,0.05838581174612045,0.595967710018158,21.06654930114746
2024,salt_pepper,low,0.07099451869726181,0.5680069923400879,21.102779388427734
2025,blur,medium,0.13528302311897278,0.5779725909233093,14.234532356262207
2026,salt_pepper,low,0.06828916072845459,0.5096242427825928,20.35379409790039
2027,occlusion,high,0.0667012631893158,0.5456335544586182,20.07551383972168
2028,salt_pepper,medium,0.06394872069358826,0.511786937713623,19.84801483154297
2029,clean,none,0.06777305901050568,0.4766516089439392,20.402877807617188
2030,occlusion,low,0.04113414138555527,0.7528862357139587,24.144805908203125
2031,salt_pepper,high,0.06817425042390823,0.6625595092773438,18.878093719482422
2032,blur,low,0.05460767075419426,0.684438943862915,22.564504623413086
2033,blur,medium,0.06760174036026001,0.7095780372619629,20.1877498626709
2034,occlusion,low,0.05888091027736664,0.7766052484512329,21.649429321289062
2035,clean,none,0.07734501361846924,0.44053906202316284,18.249515533447266
2036,salt_pepper,high,0.07342907041311264,0.5149432420730591,19.079910278320312
2037,occlusion,medium,0.06768873333930969,0.5533441305160522,20.6727294921875
2038,clean,none,0.06219470500946045,0.5689282417297363,20.91546630859375
2039,salt_pepper,high,0.0795493796467781,0.42981037497520447,19.008018493652344
2040,occlusion,high,0.11279784888029099,0.2849768400192261,15.61524772644043
2041,clean,none,0.0632806196808815,0.5578598976135254,20.698823928833008
2042,salt_pepper,low,0.07453344017267227,0.4954094886779785,19.566938400268555
2043,clean,none,0.04785905033349991,0.8194742202758789,22.241607666015625
2044,occlusion,medium,0.0889849066734314,0.5937255620956421,17.232295989990234
2045,occlusion,high,0.09648565948009491,0.511106014251709,17.36330223083496
2046,blur,low,0.08252739906311035,0.5110926628112793,18.612699508666992
2047,clean,none,0.0973588079214096,0.4802881181240082,17.34021759033203
2048,clean,none,0.11717196553945541,0.6151991486549377,16.881011962890625
2049,blur,high,0.08812933415174484,0.5941778421401978,17.087160110473633
2050,clean,none,0.06742461770772934,0.5813499689102173,21.010986328125
2051,salt_pepper,medium,0.13609154522418976,0.5417412519454956,15.706214904785156
2052,blur,medium,0.12268295884132385,0.5205478668212891,16.862060546875
2053,clean,none,0.07327063381671906,0.5257507562637329,20.158090591430664
2054,salt_pepper,medium,0.05811481922864914,0.5528753399848938,21.88011360168457
2055,occlusion,low,0.057999201118946075,0.6348311901092529,22.032899856567383
2056,blur,medium,0.0931418389081955,0.4453152120113373,17.39459800720215
2057,blur,high,0.07516390830278397,0.588279128074646,20.037708282470703
2058,clean,none,0.060558658093214035,0.6227118968963623,21.728858947753906
2059,occlusion,low,0.07197295129299164,0.5899591445922852,19.863727569580078
2060,clean,none,0.062017135322093964,0.637169361114502,21.914976119995117
2061,blur,high,0.13147084414958954,0.40354451537132263,15.688940048217773
2062,salt_pepper,low,0.060731902718544006,0.6380149722099304,21.498987197875977
2063,occlusion,low,0.059428587555885315,0.5379568934440613,21.57275390625
2064,salt_pepper,high,0.07495333254337311,0.5694522261619568,19.925535202026367
2065,salt_pepper,low,0.09957851469516754,0.5464795827865601,17.916648864746094
2066,clean,none,0.11376558244228363,0.6296796798706055,15.924944877624512
2067,salt_pepper,high,0.07118728011846542,0.5321980118751526,20.2779598236084
2068,salt_pepper,low,0.07858902215957642,0.34500885009765625,19.65528678894043
2069,blur,high,0.14173322916030884,0.538908839225769,14.761846542358398
2070,clean,none,0.12999074161052704,0.5223362445831299,16.501638412475586
2071,salt_pepper,low,0.10373258590698242,0.3991418778896332,17.54405975341797
2072,occlusion,medium,0.07154272496700287,0.6994940638542175,19.80287742614746
2073,blur,low,0.0670945942401886,0.38558515906333923,21.048572540283203
2074,clean,none,0.08997125923633575,0.5125543475151062,18.51051139831543
2075,blur,low,0.1265985518693924,0.5530895590782166,15.716710090637207
2076,blur,medium,0.06253889203071594,0.6359714865684509,21.577449798583984
2077,clean,none,0.09919846057891846,0.5864706635475159,17.792522430419922
2078,blur,medium,0.09989804029464722,0.6730198860168457,17.864347457885742
2079,salt_pepper,medium,0.10819955170154572,0.6493219137191772,17.062480926513672
2080,salt_pepper,low,0.08371786773204803,0.5787844657897949,18.91266632080078
2081,occlusion,high,0.1636223942041397,0.41101059317588806,13.447524070739746
2082,occlusion,medium,0.07361236214637756,0.5808113813400269,19.46010398864746
2083,salt_pepper,low,0.053291790187358856,0.7035290598869324,21.424448013305664
2084,clean,none,0.05094331502914429,0.6291937828063965,20.972126007080078
2085,occlusion,high,0.1431710124015808,0.26480579376220703,13.741860389709473
2086,clean,none,0.0779152512550354,0.6054043173789978,18.753387451171875
2087,occlusion,medium,0.08545809984207153,0.4773556590080261,18.820802688598633
2088,salt_pepper,low,0.04794558882713318,0.6390000581741333,23.3425235748291
2089,clean,none,0.05631260201334953,0.72350013256073,20.181570053100586
2090,occlusion,high,0.10905193537473679,0.49889251589775085,15.695880889892578
2091,clean,none,0.10325586795806885,0.5053863525390625,17.609224319458008
2092,blur,low,0.05995817482471466,0.6375938653945923,20.29804229736328
2093,occlusion,medium,0.11531804502010345,0.44193702936172485,15.951342582702637
2094,blur,medium,0.1477077305316925,0.47291287779808044,14.993953704833984
2095,clean,none,0.09065967053174973,0.6191417574882507,18.553508758544922
2096,occlusion,high,0.07807100564241409,0.4595414102077484,19.03977394104004
2097,occlusion,medium,0.09251730144023895,0.49187716841697693,18.511707305908203
2098,clean,none,0.06276272237300873,0.6338267922401428,20.46196746826172
2099,salt_pepper,low,0.12252311408519745,0.4679645895957947,16.216760635375977
2100,clean,none,0.0811557024717331,0.48201876878738403,18.508726119995117
2101,blur,medium,0.14941571652889252,0.4038630723953247,15.184393882751465
2102,salt_pepper,medium,0.12987449765205383,0.3713681697845459,15.746232986450195
2103,blur,high,0.08031944930553436,0.48474258184432983,18.849842071533203
2104,clean,none,0.051819056272506714,0.6676329374313354,22.414209365844727
2105,occlusion,high,0.10365453362464905,0.5075201988220215,16.66033172607422
2106,clean,none,0.1246526688337326,0.6292684674263,15.650640487670898
2107,blur,high,0.1485109031200409,0.36861544847488403,14.943700790405273
2108,clean,none,0.07821215689182281,0.5228047370910645,18.067689895629883
2109,blur,low,0.07479582726955414,0.558083176612854,18.753597259521484
2110,salt_pepper,high,0.06399844586849213,0.5483978986740112,19.883302688598633
2111,clean,none,0.0681065171957016,0.5540052652359009,19.683849334716797
2112,salt_pepper,medium,0.10592281818389893,0.4507225453853607,16.477895736694336
2113,clean,none,0.14900919795036316,0.24058954417705536,14.585976600646973
2114,clean,none,0.09326495975255966,0.6509509086608887,17.83637237548828
2115,clean,none,0.048730552196502686,0.7153030633926392,22.419527053833008
2116,clean,none,0.05380267649888992,0.7228646278381348,20.930192947387695
2117,salt_pepper,low,0.08133673667907715,0.6267294883728027,18.698450088500977
2118,salt_pepper,low,0.03100956603884697,0.6550552845001221,27.057035446166992
2119,salt_pepper,medium,0.07619472593069077,0.21669769287109375,19.94207000732422
2120,occlusion,low,0.07919962704181671,0.545731782913208,18.34442710876465
2121,occlusion,high,0.08544313907623291,0.18636715412139893,18.282882690429688
2122,blur,low,0.12347732484340668,0.4323016107082367,15.822509765625
2123,blur,high,0.09218958020210266,0.4079253077507019,18.16506576538086
2124,clean,none,0.07833629101514816,0.6245836019515991,19.702800750732422
2125,blur,medium,0.04457448050379753,0.7167090773582458,23.55160140991211
2126,blur,low,0.048718612641096115,0.7673723101615906,23.142131805419922
2127,blur,high,0.07710989564657211,0.5195362567901611,19.501060485839844
2128,clean,none,0.1049681305885315,0.4147460460662842,17.60369110107422
2129,occlusion,low,0.08342789858579636,0.4393145740032196,17.4792423248291
2130,blur,low,0.08795717358589172,0.34376734495162964,18.518417358398438
2131,salt_pepper,medium,0.11970013380050659,0.22685787081718445,16.28018569946289
2132,blur,low,0.06167931482195854,0.6565839648246765,21.284637451171875
2133,blur,medium,0.10132510960102081,0.6649967432022095,17.804351806640625
2134,salt_pepper,low,0.056778084486722946,0.7077089548110962,22.08900260925293
2135,blur,medium,0.11471344530582428,0.5739483833312988,17.13294792175293
2136,blur,medium,0.05213549733161926,0.7302699089050293,22.86928367614746
2137,salt_pepper,low,0.10648888349533081,0.4110966622829437,16.3541202545166
2138,blur,high,0.05614343285560608,0.5715750455856323,20.837907791137695
2139,occlusion,medium,0.1429016888141632,0.37259215116500854,14.68548583984375
2140,occlusion,medium,0.09576529264450073,0.44791579246520996,17.034605026245117
2141,blur,high,0.09309148788452148,0.5959643125534058,18.293479919433594
2142,clean,none,0.05570540949702263,0.6270490884780884,21.86122703552246
2143,blur,high,0.048720210790634155,0.6829304099082947,22.294885635375977
2144,blur,high,0.09500321000814438,0.39592716097831726,17.691904067993164
2145,occlusion,low,0.08608464896678925,0.46261128783226013,18.683530807495117
2146,salt_pepper,high,0.0527823381125927,0.7154929637908936,20.174110412597656
2147,salt_pepper,medium,0.04788651317358017,0.614029049873352,23.3115177154541
2148,salt_pepper,low,0.05180273950099945,0.6184889674186707,22.01587677001953
2149,blur,medium,0.050486695021390915,0.5731876492500305,23.01134490966797
2150,blur,high,0.06842869520187378,0.44202229380607605,20.529945373535156
2151,clean,none,0.08078281581401825,0.41404080390930176,18.520465850830078
2152,clean,none,0.16926944255828857,0.4537356495857239,13.385261535644531
2153,occlusion,high,0.09584878385066986,0.5730506777763367,16.854795455932617
2154,blur,medium,0.15535172820091248,0.4229740798473358,13.689168930053711
2155,occlusion,medium,0.11516943573951721,0.3356266915798187,16.162431716918945
2156,occlusion,high,0.11133447289466858,0.4158500134944916,16.62918472290039
2157,occlusion,medium,0.1143914982676506,0.32212767004966736,15.928448677062988
2158,occlusion,medium,0.05938803777098656,0.6509373188018799,21.073806762695312
2159,occlusion,high,0.1193222925066948,0.3687779903411865,15.56337833404541
2160,salt_pepper,high,0.06737517565488815,0.5982810258865356,20.79085350036621
2161,clean,none,0.10990031808614731,0.42063093185424805,16.302959442138672
2162,clean,none,0.08139719069004059,0.35864686965942383,19.992687225341797
2163,blur,high,0.038323212414979935,0.6375390291213989,23.97071647644043
2164,blur,low,0.11146716773509979,0.4825066030025482,16.47356605529785
2165,clean,none,0.08809372037649155,0.44410330057144165,18.381803512573242
2166,blur,low,0.10933206975460052,0.6307277679443359,17.540424346923828
2167,clean,none,0.19754385948181152,0.39611539244651794,10.856395721435547
2168,occlusion,medium,0.1015268862247467,0.4953314960002899,16.536758422851562
2169,clean,none,0.10830363631248474,0.5054635405540466,15.966687202453613
2170,clean,none,0.06792598962783813,0.6988756060600281,19.77250862121582
2171,salt_pepper,medium,0.11532964557409286,0.4104628264904022,16.065065383911133
2172,occlusion,high,0.11190285533666611,0.4073220193386078,16.48265838623047
2173,blur,medium,0.11352625489234924,0.5848801136016846,16.728532791137695
2174,occlusion,medium,0.08600974082946777,0.2894536256790161,19.144594192504883
2175,blur,medium,0.07735355198383331,0.5610966682434082,19.21787452697754
2176,occlusion,medium,0.05954074114561081,0.6159905791282654,21.0877628326416
2177,blur,low,0.08496566116809845,0.5651757121086121,19.06824493408203
2178,occlusion,medium,0.1003238782286644,0.198350191116333,17.927902221679688
2179,blur,low,0.07807645201683044,0.6847180128097534,19.13656234741211
2180,occlusion,low,0.09541814029216766,0.5365256667137146,17.602188110351562
2181,occlusion,low,0.07192355394363403,0.44741642475128174,20.52914810180664
2182,occlusion,low,0.06314152479171753,0.716639518737793,20.52337646484375
2183,occlusion,high,0.07544225454330444,0.5359994173049927,18.456401824951172
2184,clean,none,0.05714578554034233,0.5802525281906128,20.72684097290039
2185,occlusion,low,0.07697267830371857,0.5594035983085632,19.046422958374023
2186,clean,none,0.06507893651723862,0.6557406187057495,20.708148956298828
2187,clean,none,0.09239214658737183,0.4772952198982239,17.99339485168457
2188,clean,none,0.07866580784320831,0.4320356547832489,20.0948429107666
2189,blur,low,0.04892683029174805,0.5075942873954773,23.785064697265625
2190,blur,medium,0.03440500795841217,0.7274960279464722,25.260007858276367
2191,salt_pepper,medium,0.03124643675982952,0.7530559301376343,25.609466552734375
2192,clean,none,0.13017216324806213,0.29210183024406433,15.3526029586792
2193,blur,high,0.06410124897956848,0.4001189172267914,21.147668838500977
2194,clean,none,0.058592721819877625,0.4566189646720886,22.463817596435547
2195,salt_pepper,low,0.06351832300424576,0.4465584456920624,21.602901458740234
2196,clean,none,0.09641241282224655,0.3810229003429413,18.272342681884766
2197,salt_pepper,medium,0.07961886376142502,0.45397281646728516,19.422624588012695
2198,blur,medium,0.06839169561862946,0.6502712965011597,20.731346130371094
2199,occlusion,high,0.10577922314405441,0.4105704724788666,16.71286392211914
2200,blur,high,0.08195473998785019,0.4887045621871948,18.4085693359375
2201,occlusion,low,0.07073280960321426,0.35722070932388306,20.603954315185547
2202,clean,none,0.09504152834415436,0.5323404669761658,16.977293014526367
2203,blur,low,0.0841534435749054,0.555539071559906,18.540081024169922
2204,clean,none,0.10208103060722351,0.33734890818595886,17.63488006591797
2205,blur,low,0.0813484936952591,0.5054782629013062,18.074365615844727
2206,clean,none,0.08038380742073059,0.44366931915283203,19.14921760559082
2207,salt_pepper,low,0.05383908748626709,0.5866536498069763,22.41830825805664
2208,salt_pepper,high,0.05636663734912872,0.5507097244262695,21.232322692871094
2209,salt_pepper,medium,0.07179813832044601,0.5088638067245483,19.347299575805664
2210,blur,high,0.11668287962675095,0.4726520776748657,16.055818557739258
2211,clean,none,0.09561537951231003,0.3488795757293701,17.943965911865234
2212,clean,none,0.061455048620700836,0.6189461946487427,21.05245590209961
2213,clean,none,0.0763998031616211,0.5574543476104736,19.155546188354492
2214,clean,none,0.06988301873207092,0.5627879500389099,20.1851749420166
2215,occlusion,high,0.1405383050441742,0.3451550602912903,13.5164155960083
2216,salt_pepper,medium,0.09822981059551239,0.45324620604515076,18.300060272216797
2217,salt_pepper,high,0.07839313894510269,0.4505802392959595,19.197023391723633
2218,clean,none,0.05566170811653137,0.5654566287994385,22.32038688659668
2219,occlusion,low,0.10553082078695297,0.4829034209251404,17.052555084228516
2220,salt_pepper,high,0.07274112105369568,0.48361441493034363,20.775850296020508
2221,salt_pepper,medium,0.10906543582677841,0.3460392951965332,17.287954330444336
2222,occlusion,high,0.1192656010389328,0.3459545969963074,16.634525299072266
2223,blur,medium,0.12776988744735718,0.2805803120136261,15.836316108703613
2224,salt_pepper,low,0.05236927419900894,0.5484760403633118,23.436134338378906
2225,blur,low,0.10987506806850433,0.46839600801467896,14.630799293518066
2226,clean,none,0.07966348528862,0.5286442041397095,19.454334259033203
2227,salt_pepper,medium,0.086287721991539,0.3675343692302704,19.19099998474121
2228,salt_pepper,low,0.040555164217948914,0.6891111135482788,24.973974227905273
2229,clean,none,0.059301551431417465,0.6353068947792053,20.483211517333984
2230,clean,none,0.08386047929525375,0.44739454984664917,18.753358840942383
2231,clean,none,0.06284138560295105,0.5978788137435913,21.281051635742188
2232,clean,none,0.08436532318592072,0.44861191511154175,18.606287002563477
2233,salt_pepper,high,0.09972964227199554,0.43950900435447693,18.349166870117188
2234,salt_pepper,high,0.057982683181762695,0.6213074326515198,21.882617950439453
2235,salt_pepper,high,0.09649257361888885,0.2773565649986267,18.162160873413086
2236,salt_pepper,high,0.10678021609783173,0.33407676219940186,16.746496200561523
2237,clean,none,0.055434077978134155,0.6705953478813171,21.00944709777832
2238,blur,medium,0.0669272392988205,0.575602114200592,20.201881408691406
2239,clean,none,0.07555383443832397,0.48051244020462036,20.094970703125
2240,blur,low,0.07607007026672363,0.4861440062522888,19.81046485900879
2241,salt_pepper,low,0.08700575679540634,0.45715421438217163,18.568317413330078
2242,occlusion,medium,0.1030721664428711,0.4031286835670471,16.58793830871582
2243,salt_pepper,low,0.05454500764608383,0.5009181499481201,22.92240333557129
2244,clean,none,0.07534970343112946,0.5973325371742249,19.09113121032715
2245,occlusion,medium,0.11316186189651489,0.24362364411354065,16.072813034057617
2246,occlusion,high,0.08903293311595917,0.3397234082221985,18.585384368896484
2247,clean,none,0.08841714262962341,0.4590846002101898,18.82095718383789
2248,salt_pepper,low,0.07950638979673386,0.4978325366973877,19.50229835510254
2249,occlusion,medium,0.09257864952087402,0.5693788528442383,17.530656814575195
2250,salt_pepper,low,0.08221099525690079,0.4568910300731659,19.472633361816406
2251,blur,high,0.07700503617525101,0.6812753081321716,18.921566009521484
2252,blur,high,0.08426400274038315,0.44914406538009644,18.36190414428711
2253,salt_pepper,low,0.07299455255270004,0.4051583409309387,20.181652069091797
2254,blur,medium,0.07974255084991455,0.433782696723938,19.426218032836914
2255,blur,medium,0.05851157754659653,0.48603010177612305,21.899168014526367
2256,clean,none,0.09291338920593262,0.39746755361557007,17.748313903808594
2257,salt_pepper,low,0.0767768919467926,0.4885370135307312,19.50506591796875
2258,clean,none,0.09627364575862885,0.434922993183136,17.625886917114258
2259,clean,none,0.06111167371273041,0.4667978286743164,21.90021514892578
2260,occlusion,medium,0.07344794273376465,0.47298067808151245,20.27970314025879
2261,salt_pepper,low,0.07572060823440552,0.4342920184135437,19.938350677490234
2262,clean,none,0.1272541880607605,0.3716392517089844,15.046538352966309
2263,blur,high,0.13924038410186768,0.34769245982170105,14.837861061096191
2264,clean,none,0.08967652171850204,0.4608364701271057,18.555139541625977
2265,salt_pepper,medium,0.12110958993434906,0.28612804412841797,15.692693710327148
2266,clean,none,0.08587133139371872,0.4884945750236511,18.909700393676758
2267,clean,none,0.08517728745937347,0.47948527336120605,18.30339241027832
2268,occlusion,medium,0.09764014184474945,0.3854009509086609,18.004758834838867
2269,blur,high,0.08738459646701813,0.5078250765800476,18.58639144897461
2270,clean,none,0.07630322873592377,0.43460211157798767,20.413986206054688
2271,blur,high,0.06653375923633575,0.6220738887786865,19.61671257019043
2272,blur,medium,0.11760072410106659,0.32986903190612793,17.03352928161621
2273,clean,none,0.058064766228199005,0.7242929339408875,20.70903778076172
2274,clean,none,0.10658582299947739,0.47370386123657227,16.18258285522461
2275,clean,none,0.0596926286816597,0.4265284240245819,21.517868041992188
2276,blur,low,0.057701677083969116,0.6334177255630493,21.398866653442383
2277,blur,low,0.08326362073421478,0.429234117269516,19.008220672607422
2278,occlusion,medium,0.07833045721054077,0.49299415946006775,19.68115997314453
2279,occlusion,low,0.14201122522354126,0.41172951459884644,14.430187225341797
2280,clean,none,0.05873650312423706,0.6472196578979492,22.079038619995117
2281,blur,high,0.07651499658823013,0.49199414253234863,20.107011795043945
2282,clean,none,0.11254757642745972,0.7659568786621094,17.17217254638672
2283,blur,high,0.08263065665960312,0.44214510917663574,19.30066680908203
2284,occlusion,low,0.07872653752565384,0.7659208178520203,18.09634780883789
2285,salt_pepper,low,0.1097312867641449,0.6390343904495239,17.139873504638672
2286,blur,medium,0.05065515637397766,0.6668676137924194,22.308265686035156
2287,clean,none,0.05858936160802841,0.5525400638580322,21.217851638793945
2288,blur,low,0.051860611885786057,0.6737879514694214,22.824848175048828
2289,salt_pepper,medium,0.1751442402601242,0.3676486015319824,10.887508392333984
2290,blur,medium,0.03812921792268753,0.7792681455612183,26.00377655029297
2291,blur,high,0.06417600810527802,0.7211682796478271,20.824613571166992
2292,salt_pepper,low,0.037187471985816956,0.7846407294273376,25.187240600585938
2293,clean,none,0.08480968326330185,0.6355168223381042,19.33138656616211
2294,clean,none,0.03657229244709015,0.7719564437866211,25.49879264831543
2295,salt_pepper,medium,0.058521658182144165,0.6369116306304932,21.549213409423828
2296,salt_pepper,medium,0.05376690626144409,0.6770824193954468,21.776369094848633
2297,clean,none,0.09063903987407684,0.6399316787719727,18.647615432739258
2298,blur,high,0.05296611785888672,0.7435555458068848,22.65747833251953
2299,clean,none,0.09564968943595886,0.6038607358932495,18.37635612487793
2300,blur,low,0.14320316910743713,0.6978391408920288,15.023140907287598
2301,salt_pepper,low,0.06723232567310333,0.7141215801239014,21.083066940307617
2302,blur,high,0.04551010578870773,0.7392244338989258,23.630544662475586
2303,occlusion,medium,0.09588389098644257,0.5060874223709106,18.236114501953125
2304,blur,medium,0.08688589930534363,0.5306289196014404,18.85525131225586
2305,salt_pepper,medium,0.06820296496152878,0.6006184816360474,20.479496002197266
2306,occlusion,medium,0.15460708737373352,0.5002506971359253,12.863045692443848
2307,occlusion,medium,0.13933619856834412,0.5823541879653931,14.490660667419434
2308,blur,medium,0.05477028712630272,0.5762762427330017,22.105825424194336
2309,blur,medium,0.07088877260684967,0.6228443384170532,20.02954864501953
2310,blur,low,0.14016103744506836,0.6273583769798279,15.254770278930664
2311,salt_pepper,high,0.05043885111808777,0.6937252879142761,23.08711051940918
2312,blur,medium,0.07693549990653992,0.7581056356430054,19.695777893066406
2313,occlusion,medium,0.06902580708265305,0.5675793886184692,20.03375244140625
2314,salt_pepper,medium,0.04657864570617676,0.7255837321281433,23.77696990966797
2315,salt_pepper,low,0.06233012676239014,0.5900399088859558,21.190841674804688
2316,blur,high,0.0531163215637207,0.6341841220855713,22.58526039123535
2317,occlusion,high,0.06412450969219208,0.5071462392807007,20.218246459960938
2318,occlusion,medium,0.06977516412734985,0.46396002173423767,20.82002830505371
2319,occlusion,medium,0.09408177435398102,0.5294436812400818,17.681987762451172
2320,occlusion,low,0.06452338397502899,0.620768666267395,20.19329833984375
2321,clean,none,0.10222604870796204,0.7663609385490417,16.097877502441406
2322,occlusion,low,0.1167105883359909,0.47968849539756775,16.816741943359375
2323,blur,medium,0.05696442723274231,0.6339683532714844,21.82752799987793
2324,blur,low,0.06902843713760376,0.7627353668212891,21.212167739868164
2325,blur,high,0.1022290587425232,0.4987029433250427,17.73129653930664
2326,clean,none,0.12263962626457214,0.3957613706588745,16.05445098876953
2327,occlusion,low,0.04745206981897354,0.6552716493606567,24.085800170898438
2328,blur,medium,0.0555415153503418,0.6187731623649597,22.650253295898438
2329,clean,none,0.15267837047576904,0.5318375825881958,11.936544418334961
2330,occlusion,low,0.06572630256414413,0.5782744884490967,20.831993103027344
2331,clean,none,0.048109859228134155,0.7362784147262573,24.056827545166016
2332,salt_pepper,medium,0.06960456818342209,0.5271515846252441,19.71926498413086
2333,salt_pepper,low,0.08517450094223022,0.61962890625,18.673608779907227
2334,blur,low,0.06729218363761902,0.6587352156639099,20.12120819091797
2335,clean,none,0.05289585515856743,0.681993842124939,22.865196228027344
2336,occlusion,high,0.09674762934446335,0.3966151177883148,17.99922752380371
2337,clean,none,0.042333126068115234,0.596582293510437,24.791013717651367
2338,salt_pepper,low,0.07185564935207367,0.6924562454223633,20.434696197509766
2339,blur,high,0.05550941824913025,0.6580917239189148,21.368825912475586
2340,occlusion,low,0.03478716313838959,0.7338839769363403,25.04848861694336
2341,clean,none,0.03863702714443207,0.7948634624481201,25.27023696899414
2342,blur,medium,0.04069572314620018,0.738481879234314,24.636831283569336
2343,occlusion,high,0.10145449638366699,0.43771958351135254,17.16769790649414
2344,salt_pepper,low,0.07285201549530029,0.5363642573356628,20.309223175048828
2345,blur,low,0.0636352151632309,0.5752556324005127,21.199031829833984
2346,salt_pepper,medium,0.09473437070846558,0.6519071459770203,18.049335479736328
2347,salt_pepper,low,0.11195604503154755,0.4554246664047241,17.047082901000977
2348,occlusion,low,0.06122198700904846,0.6258804202079773,21.29084014892578
2349,occlusion,medium,0.1142876148223877,0.3480207324028015,16.465404510498047
2350,blur,medium,0.07988019287586212,0.6516976356506348,19.80708885192871
2351,occlusion,medium,0.0706995502114296,0.5758637189865112,18.336530685424805
2352,occlusion,low,0.09487849473953247,0.4766651391983032,18.323583602905273
2353,salt_pepper,low,0.07064353674650192,0.4674837291240692,20.070556640625
2354,clean,none,0.05795993655920029,0.45926058292388916,21.112987518310547
2355,salt_pepper,medium,0.05784837529063225,0.5895949006080627,22.062129974365234
2356,clean,none,0.051502250134944916,0.6032825708389282,22.2117919921875
2357,blur,high,0.06171330064535141,0.6119626760482788,21.113521575927734
2358,occlusion,high,0.07743343710899353,0.604934573173523,18.12846565246582
2359,occlusion,low,0.05944928526878357,0.7122944593429565,18.62160873413086
2360,clean,none,0.08473004400730133,0.6163159012794495,18.70570182800293
2361,blur,medium,0.03579838573932648,0.7552337050437927,25.284757614135742
2362,clean,none,0.06610950827598572,0.5857688784599304,21.51869773864746
2363,salt_pepper,high,0.07465141266584396,0.6322603225708008,20.260868072509766
2364,blur,low,0.05215419456362724,0.6415791511535645,22.756479263305664
2365,salt_pepper,medium,0.08185213059186935,0.5963480472564697,19.877464294433594
2366,salt_pepper,medium,0.05467761307954788,0.7438620328903198,22.651765823364258
2367,occlusion,high,0.05356595665216446,0.6600661277770996,23.307525634765625
2368,clean,none,0.07731106132268906,0.5958926677703857,19.350492477416992
2369,salt_pepper,low,0.06539743393659592,0.5940874814987183,21.038284301757812
2370,salt_pepper,high,0.06289323419332504,0.5489752292633057,21.07272720336914
2371,clean,none,0.043907906860113144,0.7544440627098083,24.45983123779297
2372,salt_pepper,low,0.09394073486328125,0.556041419506073,17.746883392333984
2373,clean,none,0.04588797688484192,0.6964892745018005,23.709049224853516
2374,salt_pepper,high,0.07638393342494965,0.6333173513412476,19.478025436401367
2375,blur,high,0.05545719712972641,0.6348302960395813,22.413841247558594
2376,clean,none,0.07085462659597397,0.5749019384384155,19.77639389038086
2377,occlusion,high,0.12732690572738647,0.576380729675293,14.505403518676758
2378,salt_pepper,medium,0.055215682834386826,0.6802341341972351,22.25163459777832
2379,salt_pepper,high,0.09435860812664032,0.6280479431152344,17.691862106323242
2380,clean,none,0.05353907495737076,0.6580809950828552,22.556182861328125
2381,occlusion,low,0.058374784886837006,0.6030711531639099,21.679031372070312
2382,occlusion,medium,0.08647376298904419,0.5819190740585327,18.840984344482422
2383,clean,none,0.0399322509765625,0.7384054660797119,23.590354919433594
2384,salt_pepper,medium,0.08924350142478943,0.5586338043212891,18.511600494384766
2385,occlusion,low,0.07326185703277588,0.5775854587554932,18.21259117126465
2386,blur,medium,0.05275123566389084,0.580185055732727,23.04235076904297
2387,occlusion,high,0.08733733743429184,0.6763367652893066,18.447101593017578
2388,salt_pepper,low,0.07886077463626862,0.6545782089233398,19.30337142944336
2389,salt_pepper,low,0.06403245776891708,0.6279243230819702,21.493234634399414
2390,occlusion,high,0.11659274995326996,0.49373316764831543,15.800163269042969
2391,salt_pepper,medium,0.041424207389354706,0.7326077818870544,24.680307388305664
2392,occlusion,medium,0.07169754058122635,0.3261617422103882,20.467205047607422
2393,clean,none,0.06695400178432465,0.5944688320159912,20.528034210205078
2394,blur,medium,0.12269118428230286,0.49602317810058594,16.063058853149414
2395,occlusion,medium,0.04203903675079346,0.8172926306724548,24.533668518066406
2396,clean,none,0.03742419555783272,0.7717441916465759,25.578895568847656
2397,clean,none,0.07760315388441086,0.4716927409172058,19.95231819152832
2398,salt_pepper,medium,0.04887950047850609,0.7749900221824646,23.361967086791992
2399,salt_pepper,low,0.10796733945608139,0.3967885971069336,16.698354721069336
2400,salt_pepper,high,0.07199981063604355,0.5386230945587158,19.209718704223633
2401,blur,low,0.09178055822849274,0.5744609832763672,18.030759811401367
2402,clean,none,0.08974965661764145,0.5895776152610779,18.2983455657959
2403,blur,low,0.06387004256248474,0.6158477067947388,20.72929573059082
2404,blur,high,0.14533989131450653,0.3687288761138916,14.679614067077637
2405,blur,high,0.056235384196043015,0.4906091094017029,22.077964782714844
2406,occlusion,low,0.09482166171073914,0.6891870498657227,17.780641555786133
2407,clean,none,0.129825621843338,0.565327525138855,15.857443809509277
2408,clean,none,0.07950352132320404,0.4892983138561249,18.73209571838379
2409,clean,none,0.05910714715719223,0.70293128490448,21.533077239990234
2410,blur,medium,0.06555559486150742,0.5688158869743347,21.026138305664062
2411,salt_pepper,low,0.06630267202854156,0.5859495401382446,20.591154098510742
2412,clean,none,0.04613704979419708,0.7610403895378113,24.245054244995117
2413,salt_pepper,high,0.06990548223257065,0.6230394840240479,20.389863967895508
2414,clean,none,0.04461728036403656,0.8154759407043457,24.5168514251709
2415,blur,high,0.0678819790482521,0.7650710940361023,20.620773315429688
2416,salt_pepper,low,0.05039605498313904,0.6079911589622498,22.73553466796875
2417,salt_pepper,high,0.07781940698623657,0.3696030080318451,19.82897186279297
2418,occlusion,low,0.04042637348175049,0.7571290731430054,23.98241424560547
2419,blur,high,0.06320463120937347,0.6503934860229492,21.261489868164062
2420,occlusion,high,0.07703207433223724,0.5522463321685791,18.598859786987305
2421,occlusion,medium,0.056515660136938095,0.6739269495010376,21.698400497436523
2422,occlusion,high,0.04671134799718857,0.6215215921401978,22.39783477783203
2423,occlusion,high,0.08621782064437866,0.5778278708457947,18.42317008972168
2424,occlusion,medium,0.09679006040096283,0.5619098544120789,17.720884323120117
2425,clean,none,0.0641033872961998,0.6032758951187134,20.914697647094727
2426,clean,none,0.04403701052069664,0.7880364656448364,24.576913833618164
2427,clean,none,0.06684675067663193,0.6047843098640442,21.082183837890625
2428,clean,none,0.06484150886535645,0.7136682271957397,21.45282745361328
2429,occlusion,medium,0.05516204237937927,0.6710473895072937,21.090778350830078
2430,salt_pepper,high,0.057354431599378586,0.7306239008903503,21.870094299316406
2431,occlusion,medium,0.11810044944286346,0.5212692022323608,15.36562442779541
2432,blur,high,0.05311955139040947,0.6525201201438904,22.843225479125977
2433,clean,none,0.07037636637687683,0.665592610836029,20.458770751953125
2434,occlusion,medium,0.07936014980077744,0.6583802700042725,18.912466049194336
2435,occlusion,high,0.07984235882759094,0.6426633596420288,19.015024185180664
2436,occlusion,low,0.07645874470472336,0.607313871383667,19.720327377319336
2437,occlusion,medium,0.12635663151741028,0.520967423915863,15.011360168457031
2438,occlusion,high,0.12140460312366486,0.4857565760612488,13.747729301452637
2439,occlusion,high,0.073523610830307,0.562755823135376,20.019237518310547
2440,blur,medium,0.055726826190948486,0.7087878584861755,22.744281768798828
2441,occlusion,medium,0.09027101844549179,0.42972955107688904,17.232196807861328
2442,blur,medium,0.05883682519197464,0.5681563019752502,21.83414649963379
2443,clean,none,0.07704918831586838,0.595234751701355,19.78517723083496
2444,occlusion,medium,0.09945546835660934,0.4852103590965271,17.4497013092041
2445,occlusion,high,0.07877873629331589,0.6614418625831604,19.84246826171875
2446,blur,high,0.04624088853597641,0.7147244215011597,24.688644409179688
2447,occlusion,low,0.0412227027118206,0.7197819948196411,24.784021377563477
2448,blur,medium,0.04376987740397453,0.6922885775566101,24.07413673400879
2449,salt_pepper,high,0.09057974070310593,0.3297783136367798,18.383455276489258
2450,salt_pepper,medium,0.07234417647123337,0.6124374270439148,20.161983489990234
2451,occlusion,low,0.11027039587497711,0.4411556124687195,17.27643585205078
2452,clean,none,0.060034435242414474,0.6385188102722168,21.606582641601562
2453,clean,none,0.05818144604563713,0.5923900604248047,20.968446731567383
2454,blur,low,0.049830954521894455,0.5536725521087646,23.51152801513672
2455,blur,medium,0.06646840274333954,0.43851277232170105,21.0716609954834
2456,salt_pepper,low,0.06943243741989136,0.6655961275100708,19.371906280517578
2457,clean,none,0.06847795844078064,0.6486765742301941,20.20574951171875
2458,clean,none,0.043642058968544006,0.6359820365905762,24.246871948242188
2459,occlusion,high,0.09055500477552414,0.3837001919746399,18.48118782043457
2460,occlusion,high,0.09292422980070114,0.5846034288406372,17.476726531982422
2461,blur,low,0.1048545241355896,0.623809278011322,17.09989356994629
2462,salt_pepper,high,0.04734878987073898,0.5970124006271362,23.80093765258789
2463,blur,low,0.06945984065532684,0.6677788496017456,20.637645721435547
2464,blur,low,0.0618443489074707,0.7305123805999756,21.177734375
2465,blur,low,0.06062854453921318,0.7067033648490906,21.79381561279297
2466,clean,none,0.06233392283320427,0.6620413661003113,20.41105079650879
2467,clean,none,0.05625108629465103,0.7066669464111328,21.735027313232422
2468,salt_pepper,medium,0.07292002439498901,0.6695406436920166,20.462806701660156
2469,clean,none,0.06593751162290573,0.5975207090377808,20.405780792236328
2470,occlusion,low,0.10954073071479797,0.6124826669692993,17.247060775756836
2471,salt_pepper,low,0.07065483182668686,0.5226476192474365,19.87412452697754
2472,occlusion,medium,0.13415618240833282,0.3966955542564392,15.224934577941895
2473,salt_pepper,low,0.08454136550426483,0.6057190895080566,19.30280303955078
2474,clean,none,0.03576531633734703,0.8241032361984253,26.61901092529297
2475,blur,medium,0.05981794744729996,0.7517331838607788,21.65727424621582
2476,clean,none,0.07978032529354095,0.61296546459198,19.79966163635254
2477,salt_pepper,medium,0.12383472919464111,0.4174526631832123,15.77542781829834
2478,salt_pepper,low,0.0657738596200943,0.6009798645973206,21.2515926361084
2479,occlusion,high,0.08606382459402084,0.4413316249847412,18.42707061767578
2480,salt_pepper,medium,0.047443121671676636,0.6237496137619019,23.743000030517578
2481,blur,medium,0.042580634355545044,0.6832154989242554,24.426856994628906
2482,blur,low,0.07943835854530334,0.6034758687019348,18.933313369750977
2483,occlusion,medium,0.12113189697265625,0.25936996936798096,15.847429275512695
2484,occlusion,low,0.09220194816589355,0.5493372678756714,18.102306365966797
2485,salt_pepper,low,0.07863789051771164,0.4085632264614105,19.246822357177734
2486,blur,high,0.04960073158144951,0.5492426753044128,23.630313873291016
2487,blur,low,0.044762007892131805,0.638999879360199,23.097646713256836
2488,clean,none,0.07396960258483887,0.5848796367645264,20.368852615356445
2489,occlusion,high,0.11452291905879974,0.44316360354423523,15.994489669799805
2490,clean,none,0.04340953379869461,0.7154394388198853,23.66739273071289
2491,occlusion,low,0.04569391906261444,0.7053069472312927,23.836803436279297
2492,salt_pepper,high,0.08960255235433578,0.3682188391685486,18.628536224365234
2493,salt_pepper,medium,0.05102613568305969,0.6126059889793396,21.92227554321289
2494,salt_pepper,medium,0.07649599760770798,0.40464267134666443,19.24394989013672
2495,clean,none,0.07442018389701843,0.5947401523590088,19.4227237701416
2496,occlusion,low,0.13614952564239502,0.343117356300354,14.125080108642578
2497,blur,high,0.10041894763708115,0.617713987827301,17.88796043395996
2498,occlusion,low,0.07709630578756332,0.5914756059646606,18.846969604492188
2499,salt_pepper,low,0.05391242355108261,0.7373685240745544,22.279069900512695
2500,occlusion,low,0.09936696290969849,0.4677141606807709,17.888351440429688
2501,clean,none,0.07833169400691986,0.6731509566307068,20.2249698638916
2502,salt_pepper,medium,0.075030118227005,0.5366671681404114,19.822072982788086
2503,clean,none,0.07473568618297577,0.6507327556610107,19.720548629760742
2504,clean,none,0.08260674774646759,0.407180517911911,19.022708892822266
2505,occlusion,low,0.08666281402111053,0.3985559642314911,19.09789276123047
2506,salt_pepper,low,0.10027442872524261,0.5200319290161133,17.720199584960938
2507,blur,high,0.11887543648481369,0.5042166709899902,16.48452377319336
2508,clean,none,0.0736103281378746,0.36708909273147583,20.159738540649414
2509,blur,medium,0.113748699426651,0.25842851400375366,16.76146697998047
2510,clean,none,0.07720780372619629,0.4010085463523865,19.92186737060547
2511,occlusion,medium,0.08652405440807343,0.27811571955680847,18.96710968017578
2512,occlusion,medium,0.10060238838195801,0.6031589508056641,17.451683044433594
2513,blur,medium,0.06623135507106781,0.5003564357757568,20.602882385253906
2514,occlusion,high,0.0991278737783432,0.5678760409355164,17.439437866210938
2515,blur,low,0.06329565495252609,0.5597174167633057,21.020048141479492
2516,clean,none,0.07659520208835602,0.35306328535079956,19.30030059814453
2517,salt_pepper,medium,0.0802324041724205,0.4591658115386963,19.38041114807129
2518,blur,medium,0.08187216520309448,0.5665854811668396,19.556066513061523
2519,salt_pepper,low,0.07247107475996017,0.47961029410362244,19.912353515625
2520,clean,none,0.09074829518795013,0.47935813665390015,18.315933227539062
2521,occlusion,high,0.1029287576675415,0.4686136245727539,15.99891185760498
2522,salt_pepper,low,0.047847919166088104,0.7173713445663452,22.727157592773438
2523,occlusion,low,0.05908360332250595,0.5631305575370789,20.891807556152344
2524,occlusion,low,0.05438268929719925,0.6022109389305115,22.03941535949707
2525,clean,none,0.059710174798965454,0.6199600100517273,21.64455223083496
2526,salt_pepper,medium,0.06735385954380035,0.6524883508682251,18.848548889160156
2527,salt_pepper,medium,0.05968226119875908,0.5881041884422302,19.794696807861328
2528,salt_pepper,high,0.052860077470541,0.6122123003005981,22.322481155395508
2529,salt_pepper,high,0.07806598395109177,0.4367296099662781,19.58220100402832
2530,clean,none,0.07136648893356323,0.5160762071609497,20.199193954467773
2531,occlusion,high,0.09003780782222748,0.4154748320579529,17.74481964111328
2532,blur,high,0.06234460324048996,0.5860939025878906,20.987699508666992
2533,occlusion,low,0.09251423925161362,0.44269734621047974,18.151844024658203
2534,clean,none,0.067288339138031,0.5361206531524658,20.803672790527344
2535,blur,low,0.0754980593919754,0.6119093894958496,19.01943016052246
2536,salt_pepper,low,0.06023399159312248,0.7170443534851074,19.26378631591797
2537,clean,none,0.04225434362888336,0.7128259539604187,23.688047409057617
2538,salt_pepper,low,0.09395512193441391,0.36654889583587646,18.12526512145996
2539,salt_pepper,medium,0.04645949602127075,0.6543492078781128,23.446901321411133
2540,clean,none,0.060158949345350266,0.6608144640922546,22.020666122436523
2541,blur,medium,0.059235941618680954,0.5697072744369507,21.609037399291992
2542,blur,high,0.07133738696575165,0.45156773924827576,20.68233871459961
2543,blur,high,0.11026942729949951,0.5870271921157837,16.186256408691406
2544,salt_pepper,medium,0.0782628059387207,0.4381215572357178,19.05002784729004
2545,clean,none,0.09896954149007797,0.5503952503204346,17.79203224182129
2546,clean,none,0.08174531161785126,0.5143027305603027,18.77617073059082
2547,clean,none,0.06147643178701401,0.6709544062614441,20.996986389160156
2548,blur,medium,0.09878788888454437,0.6328104734420776,16.82412338256836
2549,blur,medium,0.06647492945194244,0.48899292945861816,19.723827362060547
2550,blur,medium,0.06260877102613449,0.6344984769821167,20.333881378173828
2551,salt_pepper,low,0.08977332711219788,0.4371744990348816,18.215839385986328
2552,occlusion,medium,0.10914240777492523,0.6149170994758606,17.317947387695312
2553,salt_pepper,medium,0.1159907802939415,0.33218127489089966,15.744674682617188
2554,occlusion,low,0.08042342960834503,0.489712119102478,18.87201690673828
2555,blur,medium,0.0460662841796875,0.6116518378257751,21.980941772460938
2556,occlusion,high,0.1355770230293274,0.3604971170425415,14.15168571472168
2557,clean,none,0.07628437876701355,0.5538632273674011,19.35256004333496
2558,clean,none,0.06389248371124268,0.6263483762741089,20.58008575439453
2559,salt_pepper,medium,0.04643578827381134,0.6568173766136169,23.917110443115234
2560,clean,none,0.09017397463321686,0.4457371234893799,18.103445053100586
2561,occlusion,low,0.06765317916870117,0.6984782218933105,19.450820922851562
2562,occlusion,high,0.11536568403244019,0.5510730147361755,15.321392059326172
2563,salt_pepper,low,0.07418130338191986,0.48495370149612427,20.229856491088867
2564,occlusion,low,0.07129968702793121,0.6786066293716431,19.136157989501953
2565,salt_pepper,high,0.07800261676311493,0.584620475769043,19.122634887695312
2566,clean,none,0.042021580040454865,0.7621476054191589,21.28443145751953
2567,blur,medium,0.06862801313400269,0.6545310020446777,20.825109481811523
2568,occlusion,low,0.07265941798686981,0.7622207403182983,18.328041076660156
2569,blur,low,0.06899259984493256,0.6436095237731934,20.90456771850586
2570,blur,medium,0.09983798861503601,0.3493898808956146,16.770727157592773
2571,blur,low,0.05076826736330986,0.6414852142333984,22.0880126953125
2572,salt_pepper,medium,0.11018393933773041,0.4625782370567322,17.248748779296875
2573,clean,none,0.08033128082752228,0.4938200116157532,19.485919952392578
2574,blur,low,0.048664625734090805,0.728315532207489,23.72960090637207
2575,clean,none,0.05828335881233215,0.6770721673965454,21.348657608032227
2576,blur,low,0.055714529007673264,0.7194756269454956,21.020109176635742
2577,salt_pepper,medium,0.09489814937114716,0.6792857050895691,17.898193359375
2578,clean,none,0.08592411130666733,0.44980987906455994,17.93280029296875
2579,occlusion,medium,0.0895213931798935,0.6166400909423828,17.780107498168945
2580,blur,low,0.09402358531951904,0.55743807554245,17.194141387939453
2581,salt_pepper,high,0.17122408747673035,0.5076531767845154,13.252389907836914
2582,salt_pepper,high,0.050048407167196274,0.6782423853874207,23.40080451965332
2583,salt_pepper,high,0.06388907134532928,0.6827682256698608,20.82867431640625
2584,clean,none,0.08471264690160751,0.46782416105270386,19.427555084228516
2585,salt_pepper,low,0.049893513321876526,0.6431705355644226,23.434890747070312
2586,salt_pepper,high,0.06942093372344971,0.6973888874053955,20.608844757080078
2587,blur,medium,0.04043903201818466,0.7423750162124634,24.806631088256836
2588,clean,none,0.06281888484954834,0.6852096915245056,20.511072158813477
2589,clean,none,0.043564360588788986,0.7021045088768005,24.934680938720703
2590,occlusion,low,0.06307833641767502,0.8077294230461121,21.341854095458984
2591,blur,medium,0.050616227090358734,0.6656101942062378,23.278644561767578
2592,salt_pepper,low,0.061925750225782394,0.6147884726524353,21.569969177246094
2593,occlusion,low,0.058686234056949615,0.5670976638793945,21.932069778442383
2594,blur,medium,0.039346616715192795,0.7184362411499023,24.683338165283203
2595,clean,none,0.04624254256486893,0.6960736513137817,23.985458374023438
2596,clean,none,0.05296631157398224,0.7525390982627869,23.06461524963379
2597,occlusion,low,0.04008955508470535,0.7932679653167725,25.403432846069336
2598,blur,low,0.041071925312280655,0.7305357456207275,24.598140716552734
2599,salt_pepper,low,0.04758318513631821,0.6241461038589478,23.954355239868164
2600,salt_pepper,high,0.11889942735433578,0.6906603574752808,16.629060745239258
2601,blur,low,0.08030346781015396,0.7122033834457397,19.214994430541992
2602,salt_pepper,low,0.07447770237922668,0.5638814568519592,20.128124237060547
2603,clean,none,0.074051633477211,0.5734628438949585,19.506175994873047
2604,clean,none,0.05785350501537323,0.7295582294464111,21.88633918762207
2605,salt_pepper,high,0.0375538244843483,0.7502936720848083,25.439064025878906
2606,occlusion,low,0.05955915153026581,0.7108339667320251,21.789838790893555
2607,salt_pepper,medium,0.08600186556577682,0.6036033630371094,18.349565505981445
2608,clean,none,0.09858117997646332,0.6534416079521179,15.476766586303711
2609,salt_pepper,high,0.05900365114212036,0.6350213885307312,21.42303466796875
2610,salt_pepper,medium,0.09384270757436752,0.6661792397499084,18.238170623779297
2611,clean,none,0.044284746050834656,0.7238224744796753,24.114351272583008
2612,occlusion,high,0.13550259172916412,0.604599118232727,15.209961891174316
2613,clean,none,0.05890616029500961,0.6179370880126953,21.6534423828125
2614,blur,high,0.05493573471903801,0.7659777998924255,22.36054229736328
2615,occlusion,medium,0.0785830020904541,0.42822951078414917,19.57430648803711
2616,blur,medium,0.047495707869529724,0.7349214553833008,23.29411506652832
2617,occlusion,high,0.08164063096046448,0.6170147657394409,18.278335571289062
2618,clean,none,0.07704749703407288,0.5882856845855713,19.803234100341797
2619,blur,high,0.06437312066555023,0.7200400829315186,20.408706665039062
2620,salt_pepper,high,0.13559621572494507,0.6950588226318359,15.046392440795898
2621,clean,none,0.11297168582677841,0.7516504526138306,15.575204849243164
2622,salt_pepper,low,0.07217788696289062,0.6999112963676453,20.518980026245117
2623,salt_pepper,high,0.04834812879562378,0.6575495004653931,22.721744537353516
2624,occlusion,low,0.05501818656921387,0.6229488849639893,22.224397659301758
2625,blur,high,0.0654018223285675,0.5252848863601685,21.35265350341797
2626,occlusion,medium,0.06253137439489365,0.6430501341819763,20.912464141845703
2627,blur,medium,0.05866844579577446,0.5991191267967224,20.988906860351562
2628,occlusion,low,0.05085645243525505,0.6284038424491882,22.51866912841797
2629,blur,low,0.1088804230093956,0.6092569828033447,16.713207244873047
2630,blur,high,0.05090678855776787,0.7362406253814697,22.282215118408203
2631,blur,low,0.037562400102615356,0.8554530143737793,24.28919219970703
2632,occlusion,low,0.042367320507764816,0.7287349104881287,24.54017448425293
2633,blur,high,0.08086227625608444,0.6340857744216919,19.723915100097656
2634,blur,high,0.04918547719717026,0.6569985151290894,23.261653900146484
2635,blur,high,0.05660523474216461,0.5941522121429443,21.709266662597656
2636,blur,low,0.05889803171157837,0.6141709089279175,21.502534866333008
2637,blur,medium,0.08878519386053085,0.6881813406944275,18.335912704467773
2638,blur,medium,0.08516758680343628,0.6570889353752136,19.324886322021484
2639,blur,low,0.04251491278409958,0.6752569079399109,24.799053192138672
2640,blur,low,0.07680779695510864,0.7301232218742371,19.267532348632812
2641,clean,none,0.05896499752998352,0.6554020643234253,21.081029891967773
2642,salt_pepper,medium,0.06390904635190964,0.623192548751831,19.905941009521484
2643,blur,high,0.04813156649470329,0.6830401420593262,23.067750930786133
2644,clean,none,0.07133059948682785,0.6182121634483337,19.737812042236328
2645,clean,none,0.03940355032682419,0.7352196574211121,25.603431701660156
2646,clean,none,0.04722760245203972,0.7544865012168884,22.840065002441406
2647,salt_pepper,medium,0.041203103959560394,0.7130681276321411,24.823265075683594
2648,blur,medium,0.12286756932735443,0.6035264730453491,15.734617233276367
2649,occlusion,high,0.1070142313838005,0.632145881652832,16.951608657836914
2650,clean,none,0.05261171609163284,0.6855356097221375,23.08648109436035
2651,salt_pepper,high,0.043001484125852585,0.7091452479362488,24.375896453857422
2652,blur,high,0.05446252226829529,0.5005377531051636,21.877878189086914
2653,occlusion,medium,0.050746262073516846,0.6016597747802734,22.52590560913086
2654,clean,none,0.046039920300245285,0.6873143911361694,23.293779373168945
2655,blur,medium,0.06430347263813019,0.7057482004165649,21.97010040283203
2656,salt_pepper,medium,0.11218266189098358,0.4939947724342346,14.233919143676758
2657,salt_pepper,medium,0.06527447700500488,0.6318475008010864,20.77405548095703
2658,clean,none,0.0496906153857708,0.6980901956558228,23.678625106811523
2659,blur,low,0.056344032287597656,0.7223241329193115,22.497474670410156
2660,occlusion,high,0.10959392040967941,0.5820444822311401,16.793115615844727
2661,blur,high,0.052978821098804474,0.6567696332931519,21.96145248413086
2662,blur,high,0.09036809206008911,0.660700261592865,18.748361587524414
2663,salt_pepper,medium,0.06372343748807907,0.5333271026611328,20.638511657714844
2664,salt_pepper,medium,0.08252991735935211,0.49507397413253784,18.488500595092773
2665,clean,none,0.03940293937921524,0.7409708499908447,25.408374786376953
2666,blur,high,0.04582783207297325,0.8325483202934265,24.87359619140625
2667,occlusion,low,0.05316207930445671,0.6956535577774048,21.831676483154297
2668,salt_pepper,high,0.04406362399458885,0.752971351146698,24.63189125061035
2669,occlusion,medium,0.06937496364116669,0.6564987301826477,18.705942153930664
2670,salt_pepper,high,0.03790604695677757,0.8286027908325195,25.6132869720459
2671,salt_pepper,high,0.05993533134460449,0.6141404509544373,21.83683204650879
2672,occlusion,high,0.08774222433567047,0.5314693450927734,17.524778366088867
2673,blur,high,0.08116336166858673,0.5926955342292786,19.08684730529785
2674,salt_pepper,low,0.03743671625852585,0.7690776586532593,25.685483932495117
2675,blur,medium,0.10391529649496078,0.539297342300415,17.718870162963867
2676,clean,none,0.046365730464458466,0.6773280501365662,23.008424758911133
2677,occlusion,low,0.07349924743175507,0.5408217310905457,19.426315307617188
2678,clean,none,0.052811261266469955,0.5941562652587891,22.521162033081055
2679,clean,none,0.055684588849544525,0.7100557684898376,21.22235107421875
2680,clean,none,0.05457442253828049,0.6766790151596069,21.76260757446289
2681,clean,none,0.04592382162809372,0.7484564781188965,23.38726234436035
2682,salt_pepper,medium,0.058998994529247284,0.7054694890975952,21.82037353515625
2683,occlusion,medium,0.07102881371974945,0.6279436349868774,20.451650619506836
2684,occlusion,high,0.08060216158628464,0.5626635551452637,18.458724975585938
2685,occlusion,low,0.05696496367454529,0.5586561560630798,21.583707809448242
2686,clean,none,0.09609007835388184,0.4769579768180847,18.794174194335938
2687,occlusion,high,0.0774998813867569,0.5439741015434265,18.774211883544922
2688,occlusion,high,0.06681190431118011,0.6760837435722351,20.129554748535156
2689,occlusion,high,0.08652585744857788,0.5284616947174072,18.207117080688477
2690,blur,medium,0.08692197501659393,0.5271646976470947,18.641637802124023
2691,salt_pepper,medium,0.055562250316143036,0.5491507053375244,22.29099464416504
2692,blur,medium,0.046483926475048065,0.7465612292289734,22.69537353515625
2693,occlusion,medium,0.07088698446750641,0.628348708152771,19.211864471435547
2694,salt_pepper,high,0.08607012033462524,0.43757590651512146,18.209651947021484
2695,blur,medium,0.050555579364299774,0.6286249160766602,23.256507873535156
2696,occlusion,medium,0.08119305223226547,0.5326065421104431,18.362279891967773
2697,clean,none,0.0611574649810791,0.6597682237625122,20.452125549316406
2698,occlusion,high,0.06899654120206833,0.5532457828521729,20.063390731811523
2699,blur,high,0.07893781363964081,0.6086056232452393,19.705718994140625
2700,blur,medium,0.05630490183830261,0.6215821504592896,22.14226722717285
2701,salt_pepper,medium,0.048138152807950974,0.6614384055137634,23.802780151367188
2702,blur,medium,0.06904502213001251,0.6342016458511353,20.445343017578125
2703,occlusion,high,0.08861991763114929,0.5204738974571228,17.900468826293945
2704,blur,low,0.04370375722646713,0.7057394981384277,24.872413635253906
2705,salt_pepper,medium,0.06162133812904358,0.532720685005188,21.24312973022461
2706,blur,low,0.06373584270477295,0.622063398361206,20.602415084838867
2707,salt_pepper,medium,0.05316494405269623,0.6967269778251648,22.806642532348633
2708,clean,none,0.07189670205116272,0.7038395404815674,19.633831024169922
2709,salt_pepper,low,0.05682825669646263,0.6514406204223633,21.968997955322266
2710,clean,none,0.04327721148729324,0.6268532276153564,24.461299896240234
2711,clean,none,0.05879811942577362,0.5766311883926392,21.84661865234375
2712,clean,none,0.04862973093986511,0.5843144655227661,23.53189468383789
2713,clean,none,0.15122506022453308,0.28201165795326233,14.100215911865234
2714,blur,high,0.09296141564846039,0.5518827438354492,17.33631134033203
2715,salt_pepper,low,0.08209600299596786,0.4131740927696228,19.345123291015625
2716,salt_pepper,low,0.05796269699931145,0.6336813569068909,22.06998062133789
2717,salt_pepper,medium,0.07979331910610199,0.5722240805625916,18.92772674560547
2718,occlusion,high,0.09855621308088303,0.31721580028533936,17.7351016998291
2719,clean,none,0.04605695605278015,0.7451213598251343,22.981876373291016
2720,blur,high,0.1654994785785675,0.4593946933746338,12.748323440551758
2721,clean,none,0.05913063883781433,0.5784372091293335,21.223783493041992
2722,occlusion,low,0.04001716524362564,0.7081761360168457,24.100446701049805
2723,blur,low,0.0630963146686554,0.6211271286010742,20.756757736206055
2724,salt_pepper,medium,0.048523079603910446,0.6044926643371582,23.540002822875977
2725,salt_pepper,high,0.05925261229276657,0.6149255633354187,21.13743019104004
2726,salt_pepper,high,0.06108802556991577,0.656061589717865,20.928735733032227
2727,clean,none,0.09493112564086914,0.46945247054100037,17.53943634033203
2728,blur,medium,0.045539647340774536,0.636056125164032,23.713491439819336
2729,clean,none,0.0504632368683815,0.6217108964920044,23.041973114013672
2730,occlusion,high,0.13281159102916718,0.577690064907074,14.479833602905273
2731,salt_pepper,low,0.047607701271772385,0.6233470439910889,23.36101722717285
2732,clean,none,0.05388207733631134,0.7443385124206543,21.330764770507812
2733,blur,medium,0.05316146835684776,0.7574187517166138,22.127071380615234
2734,clean,none,0.06035830080509186,0.7283657789230347,21.57343101501465
2735,occlusion,low,0.10391082614660263,0.42154619097709656,16.293073654174805
2736,occlusion,high,0.12757650017738342,0.3966057300567627,15.283879280090332
2737,clean,none,0.06002262979745865,0.6049506068229675,22.196582794189453
2738,occlusion,medium,0.08205418288707733,0.5343485474586487,18.457582473754883
2739,salt_pepper,low,0.04918059706687927,0.7257139086723328,23.898303985595703
2740,salt_pepper,low,0.11923357099294662,0.22041583061218262,16.688045501708984
2741,blur,medium,0.13954071700572968,0.4344246983528137,15.29338264465332
2742,clean,none,0.07368333637714386,0.5927293300628662,19.77231788635254
2743,blur,high,0.12640832364559174,0.3917381763458252,14.26115608215332
2744,clean,none,0.05571018159389496,0.5377721190452576,21.272579193115234
2745,occlusion,medium,0.08962352573871613,0.4996764063835144,15.980302810668945
2746,salt_pepper,low,0.06544505059719086,0.6384742259979248,20.850732803344727
2747,occlusion,low,0.059194546192884445,0.6982359290122986,20.14517593383789
2748,clean,none,0.052153389900922775,0.6955767869949341,22.793825149536133
2749,occlusion,low,0.05706477910280228,0.6710097193717957,22.233226776123047
2750,clean,none,0.039054568856954575,0.7965632677078247,24.54812240600586
2751,salt_pepper,high,0.05742645263671875,0.5518622994422913,22.243043899536133
2752,occlusion,medium,0.0675121396780014,0.46457886695861816,21.11530303955078
2753,blur,medium,0.0864015445113182,0.48151230812072754,18.80782699584961
2754,blur,low,0.07729016244411469,0.6782383322715759,20.181583404541016
2755,blur,medium,0.04350316524505615,0.7763678431510925,23.574438095092773
2756,clean,none,0.128462553024292,0.5607529878616333,14.380590438842773
2757,occlusion,low,0.06031430512666702,0.7614922523498535,21.682518005371094
2758,blur,low,0.0640363022685051,0.6977028846740723,21.361400604248047
2759,clean,none,0.0874234288930893,0.5558304786682129,17.360265731811523
2760,clean,none,0.17981573939323425,0.5384947657585144,11.757079124450684
2761,occlusion,high,0.08090388774871826,0.6087045669555664,16.293424606323242
2762,occlusion,medium,0.0859246477484703,0.5009984374046326,18.647878646850586
2763,blur,low,0.06902208924293518,0.6041117906570435,20.205612182617188
2764,blur,low,0.07722225040197372,0.6458564400672913,19.258787155151367
2765,clean,none,0.07034186273813248,0.6557866334915161,20.237951278686523
2766,salt_pepper,high,0.07036366313695908,0.5589703917503357,20.860902786254883
2767,clean,none,0.06911776214838028,0.5026366710662842,21.17168426513672
2768,occlusion,high,0.10676934570074081,0.2852097451686859,17.14566421508789
2769,salt_pepper,low,0.06937222927808762,0.6573585867881775,19.973081588745117
2770,clean,none,0.0950867161154747,0.4246041476726532,17.687559127807617
2771,blur,medium,0.08179592341184616,0.4987800121307373,18.562477111816406
2772,blur,low,0.069556325674057,0.6873430013656616,20.599546432495117
2773,clean,none,0.06376735866069794,0.6491606831550598,21.210329055786133
2774,clean,none,0.05391836166381836,0.6887156367301941,22.68912124633789
2775,salt_pepper,high,0.06667102873325348,0.5811330080032349,20.98532485961914
2776,occlusion,low,0.13801085948944092,0.3574279546737671,14.621923446655273
2777,clean,none,0.03857684135437012,0.7001931667327881,24.5761661529541
2778,clean,none,0.10534542798995972,0.5131552219390869,15.992183685302734
2779,salt_pepper,low,0.06278033554553986,0.6571275591850281,18.476037979125977
2780,occlusion,low,0.04439743608236313,0.7331374883651733,23.383621215820312
2781,blur,medium,0.06451645493507385,0.5567141175270081,21.156967163085938
2782,clean,none,0.07493368536233902,0.4314868450164795,19.66857147216797
2783,occlusion,low,0.12075489014387131,0.403419554233551,15.369829177856445
2784,occlusion,high,0.11364960670471191,0.24970600008964539,16.270097732543945
2785,clean,none,0.06638292968273163,0.5700470805168152,21.108470916748047
2786,clean,none,0.055670760571956635,0.6024776697158813,21.707805633544922
2787,salt_pepper,high,0.08648906648159027,0.5050903558731079,18.328777313232422
2788,salt_pepper,low,0.10104187577962875,0.4424140155315399,16.95152473449707
2789,salt_pepper,low,0.07039644569158554,0.48796218633651733,19.34516716003418
2790,occlusion,low,0.06406247615814209,0.6243096590042114,20.915111541748047
2791,salt_pepper,low,0.06701503694057465,0.5963026285171509,19.542518615722656
2792,salt_pepper,low,0.09392135590314865,0.4692237377166748,17.991012573242188
2793,blur,low,0.07323091477155685,0.5213462114334106,19.954557418823242
2794,salt_pepper,high,0.06251095235347748,0.6518229842185974,20.326881408691406
2795,blur,high,0.10492157191038132,0.3516004681587219,17.14150619506836
2796,occlusion,medium,0.08528673648834229,0.45062482357025146,18.185152053833008
2797,blur,medium,0.09520640224218369,0.5047115087509155,17.476102828979492
2798,clean,none,0.058465927839279175,0.58159339427948,20.763015747070312
2799,clean,none,0.06468828022480011,0.5462561845779419,21.175539016723633
2800,occlusion,high,0.08024132251739502,0.5281590819358826,17.47845458984375
2801,occlusion,high,0.10728278756141663,0.4686383903026581,15.482949256896973
2802,salt_pepper,low,0.09169074892997742,0.46213680505752563,17.90361976623535
2803,clean,none,0.10356142371892929,0.5355450510978699,16.556324005126953
2804,clean,none,0.1134270429611206,0.44082555174827576,16.709270477294922
2805,occlusion,low,0.06822961568832397,0.5130504369735718,20.28932762145996
2806,occlusion,low,0.06711108237504959,0.5920369029045105,20.202411651611328
2807,occlusion,medium,0.04906632751226425,0.817564845085144,22.756853103637695
2808,clean,none,0.09906071424484253,0.36714959144592285,17.566049575805664
2809,clean,none,0.045244064182043076,0.8036803603172302,23.35289192199707
2810,clean,none,0.08934321254491806,0.42306989431381226,18.528793334960938
2811,salt_pepper,high,0.07689149677753448,0.3597879111766815,19.984405517578125
2812,occlusion,high,0.07708289474248886,0.3416193425655365,19.362167358398438
2813,clean,none,0.10301850736141205,0.4698963165283203,17.072317123413086
2814,blur,low,0.09856661409139633,0.5566456317901611,17.319721221923828
2815,occlusion,high,0.12897905707359314,0.4872981905937195,14.683565139770508
2816,blur,high,0.08219046890735626,0.6089207530021667,18.894702911376953
2817,clean,none,0.05241718143224716,0.6523298025131226,22.641773223876953
2818,clean,none,0.08323969691991806,0.5902732610702515,18.179595947265625
2819,salt_pepper,high,0.0648386999964714,0.5113916397094727,20.263538360595703
2820,salt_pepper,high,0.08616064488887787,0.3203296363353729,18.48402976989746
2821,salt_pepper,low,0.0693926066160202,0.5412423014640808,19.5535888671875
2822,clean,none,0.10470347851514816,0.38831695914268494,17.200889587402344
2823,clean,none,0.07871222496032715,0.5863456726074219,19.636390686035156
2824,occlusion,medium,0.08915616571903229,0.555432915687561,17.09622573852539
2825,blur,high,0.09010326862335205,0.6222342252731323,18.210556030273438
2826,occlusion,low,0.07951955497264862,0.6253083944320679,18.566186904907227
2827,occlusion,high,0.08572131395339966,0.5097324848175049,17.612722396850586
2828,blur,low,0.10778364539146423,0.501995325088501,16.770906448364258
2829,salt_pepper,high,0.0669967532157898,0.670874297618866,20.225221633911133
2830,clean,none,0.06321854889392853,0.7157594561576843,20.38957977294922
2831,blur,medium,0.08097921311855316,0.5661682486534119,18.521020889282227
2832,salt_pepper,medium,0.08151964843273163,0.5360913872718811,18.89240264892578
2833,clean,none,0.12276747077703476,0.328190416097641,15.887372970581055
2834,clean,none,0.06111518666148186,0.6880199909210205,21.192214965820312
2835,blur,medium,0.053101055324077606,0.5290534496307373,22.295000076293945
2836,clean,none,0.07238756120204926,0.5041706562042236,20.315635681152344
2837,clean,none,0.06043919920921326,0.5962759256362915,21.62074089050293
2838,salt_pepper,medium,0.05850573629140854,0.5460766553878784,21.09671401977539
2839,blur,low,0.06017960608005524,0.6343210935592651,21.091583251953125
2840,clean,none,0.072984978556633,0.611011266708374,19.67255973815918
2841,clean,none,0.07569276541471481,0.6308472156524658,19.332521438598633
2842,salt_pepper,medium,0.09345074743032455,0.34870168566703796,17.929594039916992
2843,clean,none,0.09278824180364609,0.5185885429382324,18.196975708007812
2844,blur,high,0.07293672859668732,0.46592962741851807,20.30428695678711
2845,salt_pepper,medium,0.07836438715457916,0.6139899492263794,19.152297973632812
2846,salt_pepper,medium,0.11190634965896606,0.4088277220726013,16.431787490844727
2847,salt_pepper,low,0.051722731441259384,0.6667947769165039,23.094785690307617
2848,blur,high,0.09919396042823792,0.49345844984054565,17.441308975219727
2849,occlusion,high,0.14478927850723267,0.3217303156852722,14.578897476196289
2850,salt_pepper,high,0.07407735288143158,0.530472457408905,20.045764923095703
2851,salt_pepper,medium,0.09058241546154022,0.48166924715042114,18.20660400390625
2852,occlusion,medium,0.06474326550960541,0.5606976747512817,20.19426155090332
2853,blur,low,0.11606515944004059,0.4426273703575134,17.026649475097656
2854,clean,none,0.1386512964963913,0.3042033314704895,15.240546226501465
2855,occlusion,low,0.11065682023763657,0.5706221461296082,16.843860626220703
2856,clean,none,0.05834824964404106,0.5598304271697998,21.438419342041016
2857,occlusion,low,0.07379871606826782,0.5442925691604614,18.985578536987305
2858,blur,high,0.0762537345290184,0.286100834608078,19.885313034057617
2859,occlusion,medium,0.0799940675497055,0.40569815039634705,19.16051483154297
2860,blur,high,0.08340909332036972,0.5119044184684753,18.824920654296875
2861,salt_pepper,low,0.05010494589805603,0.7065362930297852,23.20379638671875
2862,salt_pepper,high,0.09723055362701416,0.46633023023605347,17.27288055419922
2863,clean,none,0.05953966826200485,0.5731238126754761,21.159221649169922
2864,clean,none,0.08558293431997299,0.555178165435791,18.237892150878906
2865,occlusion,medium,0.09368896484375,0.4776039123535156,18.145219802856445
2866,salt_pepper,medium,0.08788373321294785,0.45799505710601807,18.653963088989258
2867,salt_pepper,low,0.0728319063782692,0.4344111680984497,20.04708480834961
2868,blur,high,0.0624273419380188,0.538329541683197,20.82990837097168
2869,occlusion,low,0.10369442403316498,0.45533785223960876,16.721284866333008
2870,blur,medium,0.05918997526168823,0.7278515100479126,21.137544631958008
2871,clean,none,0.10912647098302841,0.4217461943626404,16.549026489257812
2872,occlusion,medium,0.06865116953849792,0.6168705224990845,19.058855056762695
2873,blur,high,0.09770949929952621,0.4247436225414276,17.631675720214844
2874,clean,none,0.11095121502876282,0.34151703119277954,16.47585678100586
2875,clean,none,0.05821288749575615,0.7259766459465027,21.509695053100586
2876,clean,none,0.0770380049943924,0.5901548862457275,19.478792190551758
2877,blur,low,0.06289501488208771,0.7169618010520935,20.507638931274414
2878,blur,high,0.048656485974788666,0.7974509000778198,21.96478271484375
2879,salt_pepper,medium,0.10787086188793182,0.3636547029018402,16.262542724609375
2880,occlusion,low,0.08486883342266083,0.5884517431259155,18.41561508178711
2881,blur,high,0.08338414877653122,0.4105076789855957,19.36536407470703
2882,clean,none,0.0819646418094635,0.446338951587677,19.54320526123047
2883,clean,none,0.06768006086349487,0.6188905239105225,19.58675765991211
2884,clean,none,0.05906808376312256,0.6983811855316162,20.953664779663086
2885,clean,none,0.08402502536773682,0.3921378552913666,19.008434295654297
2886,blur,high,0.07846233248710632,0.5283423662185669,19.577655792236328
2887,blur,low,0.056075744330883026,0.7011513113975525,22.457658767700195
2888,blur,low,0.057946644723415375,0.7430958151817322,20.862695693969727
2889,occlusion,low,0.10990877449512482,0.6236211061477661,16.546913146972656
2890,blur,medium,0.041392456740140915,0.7371653318405151,24.945981979370117
2891,blur,medium,0.07429491728544235,0.45104464888572693,20.307828903198242
2892,salt_pepper,low,0.052434246987104416,0.7182092070579529,21.820125579833984
2893,clean,none,0.052994098514318466,0.7351981401443481,22.400043487548828
2894,salt_pepper,low,0.02974051982164383,0.8049061298370361,26.98439598083496
2895,occlusion,low,0.0502941869199276,0.792730450630188,20.477603912353516
2896,salt_pepper,low,0.05113789439201355,0.7360974550247192,22.33841323852539
2897,salt_pepper,medium,0.0536247119307518,0.7162771224975586,21.892080307006836
2898,occlusion,low,0.06346723437309265,0.5652424097061157,20.768844604492188
2899,clean,none,0.06268371641635895,0.8414718508720398,21.710514068603516
2900,clean,none,0.07522590458393097,0.5921537280082703,19.25076675415039
2901,blur,medium,0.04834314435720444,0.71503746509552,22.76947784423828
2902,blur,high,0.04109710082411766,0.7796132564544678,24.144454956054688
2903,occlusion,low,0.053392112255096436,0.750063419342041,21.49860382080078
2904,occlusion,high,0.08049236238002777,0.5391277074813843,18.285486221313477
2905,clean,none,0.044901154935359955,0.7522901892662048,23.574514389038086
2906,blur,medium,0.07075473666191101,0.5627123117446899,20.478418350219727
2907,clean,none,0.043211039155721664,0.7422913312911987,24.30642318725586
2908,blur,low,0.04787524789571762,0.652743935585022,23.229053497314453
2909,blur,low,0.04675184190273285,0.7624390125274658,24.19339942932129
2910,clean,none,0.06644006073474884,0.6306633353233337,19.838733673095703
2911,occlusion,medium,0.051658280193805695,0.6606049537658691,22.018186569213867
2912,salt_pepper,low,0.05031261593103409,0.737697958946228,22.769577026367188
2913,salt_pepper,high,0.058001868426799774,0.684718132019043,20.741851806640625
2914,salt_pepper,high,0.05604841560125351,0.6762697696685791,21.398483276367188
2915,occlusion,high,0.09406757354736328,0.6722908020019531,15.912775039672852
2916,salt_pepper,medium,0.04179498553276062,0.7873808741569519,23.811878204345703
2917,occlusion,high,0.10929834842681885,0.404127299785614,16.028100967407227
2918,salt_pepper,medium,0.06002458930015564,0.7304540872573853,20.864177703857422
2919,blur,high,0.060925792902708054,0.4810960292816162,21.15566062927246
2920,blur,low,0.0799538642168045,0.31381121277809143,19.492780685424805
2921,clean,none,0.049664586782455444,0.6704339981079102,22.947906494140625
2922,blur,low,0.04069370776414871,0.77824866771698,24.065210342407227
2923,salt_pepper,low,0.04020083695650101,0.7566908597946167,24.436241149902344
2924,clean,none,0.04865757375955582,0.6185437440872192,23.398048400878906
2925,clean,none,0.04645451158285141,0.6974054574966431,23.473337173461914
2926,clean,none,0.06841707229614258,0.5632109642028809,20.971067428588867
2927,blur,low,0.057412948459386826,0.6082360744476318,22.39626121520996
2928,salt_pepper,low,0.03990630805492401,0.7726082801818848,24.77975845336914
2929,salt_pepper,high,0.07969082146883011,0.666366696357727,18.05610466003418
2930,blur,low,0.043875910341739655,0.7197276949882507,23.615930557250977
2931,salt_pepper,medium,0.05510875582695007,0.6481949090957642,22.4488525390625
2932,blur,medium,0.06107327342033386,0.6338428854942322,21.320030212402344
2933,salt_pepper,low,0.08498038351535797,0.4411453604698181,18.902433395385742
2934,salt_pepper,low,0.06996287405490875,0.41276976466178894,20.31876564025879
2935,salt_pepper,medium,0.06483598053455353,0.5061194896697998,21.155929565429688
2936,occlusion,low,0.050181448459625244,0.6045577526092529,22.046714782714844
2937,salt_pepper,medium,0.0576014518737793,0.6914879083633423,21.626272201538086
2938,salt_pepper,high,0.05181568115949631,0.7255276441574097,22.392242431640625
2939,occlusion,medium,0.07147879898548126,0.5865569114685059,19.32981300354004
2940,occlusion,high,0.09742312133312225,0.5787831544876099,16.41618537902832
2941,clean,none,0.05134206265211105,0.681665301322937,22.373369216918945
2942,clean,none,0.08142220973968506,0.5810608863830566,19.03612518310547
2943,blur,medium,0.1218559592962265,0.34161651134490967,15.355928421020508
2944,occlusion,high,0.09707283228635788,0.38613343238830566,16.784015655517578
2945,salt_pepper,high,0.038984157145023346,0.6997263431549072,24.742280960083008
2946,occlusion,high,0.07632704824209213,0.40842077136039734,18.98272705078125
2947,occlusion,medium,0.06646313518285751,0.5936044454574585,19.687847137451172
2948,blur,medium,0.05139337107539177,0.6429336667060852,22.921125411987305
2949,blur,medium,0.09618901461362839,0.4718785881996155,18.1021671295166
2950,occlusion,high,0.22818824648857117,0.42478594183921814,9.402312278747559
2951,clean,none,0.057550668716430664,0.5136516094207764,22.039480209350586
2952,occlusion,low,0.051493726670742035,0.5453709363937378,22.483047485351562
2953,salt_pepper,high,0.05761092156171799,0.6673188209533691,21.87749671936035
2954,salt_pepper,medium,0.04166717082262039,0.6278564929962158,24.106948852539062
2955,blur,low,0.06604232639074326,0.6303104758262634,21.000547409057617
2956,clean,none,0.05238623172044754,0.6810175776481628,22.750736236572266
2957,occlusion,low,0.08687394857406616,0.46119213104248047,18.768714904785156
2958,clean,none,0.11546976864337921,0.675970733165741,15.756990432739258
2959,salt_pepper,low,0.04701346158981323,0.7752970457077026,23.464155197143555
2960,salt_pepper,high,0.0978616401553154,0.42883652448654175,17.43688201904297
2961,blur,low,0.032772280275821686,0.8565090894699097,26.815710067749023
2962,blur,low,0.07644841074943542,0.685074508190155,19.834978103637695
2963,salt_pepper,medium,0.047196920961141586,0.7153457403182983,23.62576675415039
2964,clean,none,0.06713707000017166,0.5380066633224487,20.577503204345703
2965,occlusion,high,0.12716710567474365,0.4928588271141052,14.50775146484375
2966,clean,none,0.050334762781858444,0.7306976318359375,21.89598274230957
2967,clean,none,0.061120133846998215,0.5012313723564148,21.065532684326172
2968,salt_pepper,medium,0.049844514578580856,0.7057539820671082,23.015586853027344
2969,occlusion,medium,0.07164756953716278,0.7366721034049988,19.93593406677246
2970,occlusion,high,0.07606483995914459,0.5661228895187378,18.316349029541016
2971,clean,none,0.0762602686882019,0.462263822555542,20.54278564453125
2972,blur,high,0.06629201769828796,0.508551299571991,21.66823387145996
2973,salt_pepper,high,0.05142727121710777,0.7210251092910767,21.575119018554688
2974,clean,none,0.06335847079753876,0.7027812004089355,20.92296600341797
2975,clean,none,0.0646125078201294,0.6419330835342407,20.26015853881836
2976,salt_pepper,high,0.04712163656949997,0.7131456136703491,22.740800857543945
2977,occlusion,high,0.08028461039066315,0.6209098100662231,18.230554580688477
2978,salt_pepper,medium,0.059751756489276886,0.45984381437301636,22.06229019165039
2979,clean,none,0.03343302756547928,0.8106500506401062,27.11042022705078
2980,blur,low,0.036571454256772995,0.7546881437301636,25.089366912841797
2981,clean,none,0.055056821554899216,0.6923165321350098,23.205835342407227
2982,blur,high,0.0558416023850441,0.6386314630508423,21.7868709564209
2983,occlusion,medium,0.09642743319272995,0.4970055818557739,16.50662612915039
2984,occlusion,high,0.09757336229085922,0.23486468195915222,17.90196418762207
2985,salt_pepper,low,0.07475881278514862,0.5231873393058777,19.528339385986328
2986,blur,low,0.06405466794967651,0.5459506511688232,20.965383529663086
2987,occlusion,low,0.05210292339324951,0.6617226600646973,22.94814682006836
2988,salt_pepper,high,0.08503454178571701,0.6169544458389282,18.9654541015625
2989,occlusion,high,0.09094178676605225,0.5089200735092163,18.29339027404785
2990,occlusion,high,0.11381182074546814,0.3972609043121338,15.222530364990234
2991,blur,low,0.0939461886882782,0.43007707595825195,18.660987854003906
2992,occlusion,high,0.09460979700088501,0.34454888105392456,18.127662658691406
2993,salt_pepper,high,0.04494095966219902,0.7433398962020874,22.66879653930664
2994,clean,none,0.06232549250125885,0.49421223998069763,21.657665252685547
2995,salt_pepper,low,0.09768699109554291,0.477250874042511,17.213542938232422
2996,salt_pepper,high,0.07074414193630219,0.45694422721862793,20.544437408447266
2997,blur,low,0.06881797313690186,0.5045312643051147,19.676048278808594
2998,blur,medium,0.08665359020233154,0.5511744618415833,18.706743240356445
2999,salt_pepper,high,0.10291475057601929,0.4027772843837738,17.30547332763672
3000,clean,none,0.10443763434886932,0.4532012939453125,17.729267120361328
3001,clean,none,0.06296499818563461,0.5381553173065186,21.33474349975586
3002,occlusion,high,0.08902199566364288,0.5459669828414917,17.98800277709961
3003,clean,none,0.07641632854938507,0.597046434879303,19.101213455200195
3004,blur,low,0.12113627791404724,0.37141793966293335,16.073060989379883
3005,clean,none,0.03922317177057266,0.6871174573898315,24.257892608642578
3006,occlusion,high,0.10357068479061127,0.5079777240753174,16.97461700439453
3007,clean,none,0.0819191038608551,0.5591685175895691,18.878393173217773
3008,salt_pepper,high,0.08400282263755798,0.5267118811607361,18.459983825683594
3009,salt_pepper,medium,0.057326026260852814,0.6567875146865845,20.602943420410156
3010,occlusion,medium,0.11551173776388168,0.3542114198207855,16.121456146240234
3011,clean,none,0.07474420964717865,0.5712316036224365,20.33989143371582
3012,clean,none,0.11081429570913315,0.3967442214488983,16.419198989868164
3013,occlusion,low,0.055317144840955734,0.6588581800460815,20.74640655517578
3014,salt_pepper,low,0.062230318784713745,0.5745009183883667,21.284772872924805
3015,salt_pepper,low,0.09670661389827728,0.44534021615982056,17.705047607421875
3016,salt_pepper,high,0.08411338925361633,0.4227426052093506,19.235488891601562
3017,salt_pepper,low,0.09868496656417847,0.44551408290863037,17.279836654663086
3018,blur,medium,0.08882137387990952,0.55611252784729,17.606781005859375
3019,salt_pepper,low,0.08243256062269211,0.474846214056015,18.70757484436035
3020,salt_pepper,high,0.07437224686145782,0.49552151560783386,19.55401039123535
3021,clean,none,0.09336664527654648,0.43438833951950073,17.81896209716797
3022,blur,high,0.09672272205352783,0.27777475118637085,17.843759536743164
3023,clean,none,0.08675088733434677,0.32560643553733826,18.772903442382812
3024,occlusion,medium,0.07890045642852783,0.5308453440666199,19.2067928314209
3025,occlusion,high,0.1366494596004486,0.2569134831428528,15.765389442443848
3026,occlusion,medium,0.05220744013786316,0.6708797812461853,22.897804260253906
3027,occlusion,high,0.09817075729370117,0.3589186668395996,17.608882904052734
3028,clean,none,0.06981383264064789,0.49625155329704285,20.38496971130371
3029,clean,none,0.04965147003531456,0.6311089992523193,23.164325714111328
3030,salt_pepper,low,0.13507050275802612,0.3207765221595764,15.216742515563965
3031,salt_pepper,medium,0.11701464653015137,0.32738766074180603,16.51211166381836
3032,salt_pepper,low,0.11046050488948822,0.4129236340522766,16.988758087158203
3033,occlusion,low,0.10044961422681808,0.4160579442977905,17.304288864135742
3034,blur,low,0.12504896521568298,0.3706114888191223,15.98055362701416
3035,salt_pepper,low,0.08023148775100708,0.48813578486442566,19.347658157348633
3036,clean,none,0.09135165065526962,0.3253468871116638,18.818880081176758
3037,salt_pepper,high,0.06133656948804855,0.7063190937042236,21.162336349487305
3038,salt_pepper,medium,0.13901746273040771,0.31588977575302124,14.744684219360352
3039,salt_pepper,high,0.058823443949222565,0.6309568881988525,20.363798141479492
3040,occlusion,low,0.06579212844371796,0.5327724814414978,19.938814163208008
3041,blur,low,0.04713651165366173,0.7660363912582397,23.033464431762695
3042,salt_pepper,medium,0.07428847253322601,0.6574482917785645,19.700044631958008
3043,clean,none,0.07719031721353531,0.4690481126308441,19.512615203857422
3044,clean,none,0.07907026261091232,0.6305184364318848,18.835641860961914
3045,clean,none,0.0703757107257843,0.6905516386032104,20.5076961517334
3046,salt_pepper,low,0.09785886108875275,0.4579203724861145,17.354717254638672
3047,clean,none,0.04951894283294678,0.6837608814239502,23.008697509765625
3048,blur,medium,0.05804657191038132,0.684440016746521,21.371387481689453
3049,blur,medium,0.10105877369642258,0.34201908111572266,17.643310546875
3050,occlusion,medium,0.10524412244558334,0.380035400390625,16.61197853088379
3051,occlusion,high,0.09340965002775192,0.4069928824901581,17.7847957611084
3052,occlusion,low,0.07922276854515076,0.49434852600097656,18.759702682495117
3053,blur,low,0.06487114727497101,0.506218671798706,20.60254669189453
3054,clean,none,0.052100539207458496,0.5871322154998779,22.107505798339844
3055,salt_pepper,low,0.07868986576795578,0.5453126430511475,18.71113395690918
3056,salt_pepper,high,0.08033367991447449,0.4500617980957031,19.170696258544922
3057,blur,high,0.05866241455078125,0.6163227558135986,21.841106414794922
3058,salt_pepper,high,0.1390215903520584,0.20644137263298035,15.036523818969727
3059,occlusion,low,0.051514845341444016,0.7074812650680542,21.40771484375
3060,clean,none,0.054637253284454346,0.5138179063796997,22.71480941772461
3061,clean,none,0.07356256246566772,0.6319577097892761,19.04302215576172
3062,occlusion,low,0.08409958332777023,0.47869378328323364,18.076868057250977
3063,clean,none,0.08313652873039246,0.3675310015678406,19.157066345214844
3064,occlusion,medium,0.07618408650159836,0.63841313123703,19.955310821533203
3065,clean,none,0.06085284799337387,0.7240779399871826,20.211278915405273
3066,clean,none,0.06060415506362915,0.6018275618553162,21.401844024658203
3067,blur,high,0.06330029666423798,0.5282586812973022,21.389333724975586
3068,clean,none,0.08748015761375427,0.3489391803741455,18.30616569519043
3069,occlusion,high,0.08850505948066711,0.5936959981918335,16.83321189880371
3070,occlusion,high,0.10215382277965546,0.3372606933116913,16.94313621520996
3071,blur,low,0.07442314922809601,0.3116830587387085,20.327184677124023
3072,occlusion,medium,0.09140855073928833,0.4539371430873871,17.87082290649414
3073,occlusion,low,0.0737328827381134,0.549465537071228,19.47119903564453
3074,occlusion,low,0.09703736752271652,0.5924737453460693,18.15050506591797
3075,salt_pepper,medium,0.06521360576152802,0.4734947383403778,21.188840866088867
3076,occlusion,high,0.09624916315078735,0.4317651689052582,17.69071388244629
3077,occlusion,low,0.088412806391716,0.326530784368515,18.359081268310547
3078,occlusion,low,0.06255719065666199,0.554337739944458,20.663774490356445
3079,occlusion,medium,0.07578019052743912,0.6661076545715332,18.44863510131836
3080,occlusion,high,0.1345505565404892,0.3650846481323242,14.707609176635742
3081,blur,medium,0.07755347341299057,0.5059181451797485,20.030221939086914
3082,clean,none,0.07782900333404541,0.3109992444515228,19.85873031616211
3083,salt_pepper,low,0.07206365466117859,0.5005316734313965,19.813535690307617
3084,occlusion,low,0.12707313895225525,0.47115516662597656,15.510293960571289
3085,clean,none,0.08758044242858887,0.3938993811607361,18.189865112304688
3086,blur,high,0.0579955093562603,0.4662850797176361,21.578937530517578
3087,blur,medium,0.083460733294487,0.40843480825424194,18.26532745361328
3088,clean,none,0.06666884571313858,0.5017690062522888,20.310888290405273
3089,blur,low,0.06145158037543297,0.7421073317527771,21.987417221069336
3090,blur,high,0.047993969172239304,0.7165057063102722,23.479373931884766
3091,clean,none,0.10820239782333374,0.45848411321640015,16.15061378479004
3092,blur,medium,0.060957521200180054,0.677541196346283,21.47292709350586
3093,occlusion,low,0.10341793298721313,0.4287028908729553,17.358274459838867
3094,blur,low,0.09379874169826508,0.5419778823852539,17.549348831176758
3095,blur,medium,0.07942613959312439,0.5313107967376709,18.916799545288086
3096,occlusion,high,0.1547817885875702,0.4345718324184418,13.359992980957031
3097,blur,medium,0.06051124632358551,0.5903226137161255,21.94365692138672
3098,clean,none,0.10022526979446411,0.3871150612831116,17.917329788208008
3099,occlusion,medium,0.07495315372943878,0.6269958019256592,18.771400451660156
3100,clean,none,0.0645218938589096,0.3425757884979248,20.596464157104492
3101,occlusion,high,0.10905924439430237,0.29317593574523926,16.793514251708984
3102,clean,none,0.06462813168764114,0.7050144672393799,20.901039123535156
3103,clean,none,0.0735408291220665,0.6724410057067871,19.418432235717773
3104,salt_pepper,low,0.043363939970731735,0.7917517423629761,23.779163360595703
3105,salt_pepper,high,0.059822019189596176,0.6025918126106262,21.282644271850586
3106,occlusion,medium,0.11921199411153793,0.4331609010696411,14.946684837341309
3107,salt_pepper,high,0.05704296752810478,0.7265569567680359,21.652069091796875
3108,blur,medium,0.07244081795215607,0.3980734348297119,20.035892486572266
3109,salt_pepper,medium,0.08825170993804932,0.6524803638458252,19.277263641357422
3110,blur,medium,0.07115159928798676,0.515021800994873,19.14244842529297
3111,occlusion,high,0.05008510500192642,0.6418308615684509,21.961782455444336
3112,clean,none,0.03743830323219299,0.7287158966064453,24.66926383972168
3113,clean,none,0.05597823113203049,0.6277518272399902,21.871187210083008
3114,clean,none,0.13867279887199402,0.610510528087616,14.689682960510254
3115,blur,low,0.10160073637962341,0.5424477458000183,17.683090209960938
3116,blur,low,0.08532583713531494,0.6277269721031189,18.566104888916016
3117,blur,high,0.05892029032111168,0.6611055731773376,21.055702209472656
3118,salt_pepper,high,0.09210779517889023,0.2496517151594162,18.440982818603516
3119,salt_pepper,high,0.127325639128685,0.48401039838790894,16.52530288696289
3120,clean,none,0.05194776505231857,0.722915530204773,22.740779876708984
3121,blur,high,0.05676665157079697,0.6947087645530701,21.06932830810547
3122,blur,high,0.08185301721096039,0.38545745611190796,19.143220901489258
3123,blur,medium,0.09910328686237335,0.5066722631454468,17.782371520996094
3124,occlusion,high,0.050538837909698486,0.7066044807434082,22.198104858398438
3125,salt_pepper,high,0.06580306589603424,0.6643208861351013,20.634742736816406
3126,occlusion,low,0.08885625004768372,0.36991947889328003,18.53634262084961
3127,blur,medium,0.06913982331752777,0.40504759550094604,21.103004455566406
3128,clean,none,0.08679401129484177,0.4894682765007019,18.421470642089844
3129,clean,none,0.22246122360229492,0.45133280754089355,11.758271217346191
3130,occlusion,low,0.06199250742793083,0.4819805324077606,21.723739624023438
3131,occlusion,low,0.07247083634138107,0.40958523750305176,20.018104553222656
3132,occlusion,low,0.057222943753004074,0.646500289440155,21.430349349975586
3133,salt_pepper,medium,0.08083134144544601,0.5430608987808228,18.80211067199707
3134,salt_pepper,medium,0.07802091538906097,0.42056721448898315,19.758426666259766
3135,blur,high,0.07283009588718414,0.6907647848129272,20.74490737915039
3136,blur,medium,0.10510530322790146,0.5766253471374512,15.880605697631836
3137,clean,none,0.061202093958854675,0.5757691264152527,20.426340103149414
3138,blur,medium,0.07907404005527496,0.3852570950984955,18.782350540161133
3139,salt_pepper,low,0.08433888852596283,0.5532678365707397,18.393117904663086
3140,occlusion,medium,0.08851462602615356,0.6328656077384949,17.930017471313477
3141,salt_pepper,medium,0.0995289534330368,0.46448883414268494,17.586990356445312
3142,clean,none,0.08064728230237961,0.5644146203994751,18.99587631225586
3143,salt_pepper,low,0.07185277342796326,0.4301200807094574,20.20622444152832
3144,clean,none,0.08428984880447388,0.5424758791923523,19.32007598876953
3145,blur,low,0.15849624574184418,0.35790038108825684,14.278849601745605
3146,blur,low,0.08616340160369873,0.418644517660141,18.38077735900879
3147,blur,medium,0.06603996455669403,0.7229012250900269,20.819137573242188
3148,salt_pepper,high,0.08355208486318588,0.6219244599342346,18.970779418945312
3149,salt_pepper,high,0.10132008790969849,0.5809205770492554,17.420352935791016
3150,blur,low,0.1608816534280777,0.24223408102989197,14.358596801757812
3151,occlusion,high,0.14273613691329956,0.49736738204956055,15.084434509277344
3152,clean,none,0.08257590979337692,0.6454321146011353,19.372093200683594
3153,clean,none,0.0988282710313797,0.6768743395805359,18.396766662597656
3154,salt_pepper,medium,0.0683581754565239,0.53587806224823,20.66115379333496
3155,salt_pepper,high,0.1025814339518547,0.5682864189147949,17.019346237182617
3156,salt_pepper,medium,0.06108654662966728,0.6863507628440857,20.70441436767578
3157,clean,none,0.0563153438270092,0.737647294998169,22.615558624267578
3158,salt_pepper,high,0.07651932537555695,0.40799030661582947,19.658422470092773
3159,blur,high,0.09122997522354126,0.46916985511779785,18.701990127563477
3160,salt_pepper,medium,0.07476405054330826,0.5673810839653015,20.745929718017578
3161,blur,medium,0.052184633910655975,0.7535021305084229,23.669490814208984
3162,salt_pepper,high,0.09270942211151123,0.4469946026802063,18.49959945678711
3163,occlusion,medium,0.08905231952667236,0.3345218598842621,18.27547836303711
3164,clean,none,0.12580716609954834,0.493022620677948,15.582350730895996
3165,blur,low,0.053612660616636276,0.6937646865844727,22.966659545898438
3166,clean,none,0.0579109713435173,0.6359683871269226,21.45530891418457
3167,occlusion,high,0.07580211013555527,0.5866051316261292,19.092872619628906
3168,blur,medium,0.09663663804531097,0.4327160716056824,17.89852523803711
3169,blur,low,0.05420621484518051,0.7289432287216187,22.082740783691406
3170,occlusion,high,0.09342688322067261,0.4044109284877777,16.71396827697754
3171,salt_pepper,high,0.08531662821769714,0.43694114685058594,19.011667251586914
3172,salt_pepper,medium,0.04923834651708603,0.598577618598938,22.873733520507812
3173,clean,none,0.060944586992263794,0.7377168536186218,21.530155181884766
3174,clean,none,0.21788643300533295,0.33385419845581055,10.304923057556152
3175,salt_pepper,low,0.06786875426769257,0.5386595726013184,19.885717391967773
3176,occlusion,medium,0.06387811154127121,0.7733944654464722,21.437183380126953
3177,clean,none,0.08118057250976562,0.5903624892234802,18.950611114501953
3178,occlusion,medium,0.055372368544340134,0.43337297439575195,22.125308990478516
3179,salt_pepper,low,0.07966788858175278,0.5044739246368408,19.074079513549805
3180,clean,none,0.06081195920705795,0.6684014201164246,21.996597290039062
3181,clean,none,0.06312592327594757,0.6880412101745605,19.949573516845703
3182,blur,low,0.047612935304641724,0.7389887571334839,23.431922912597656
3183,clean,none,0.03701647371053696,0.7824570536613464,25.850669860839844
3184,blur,high,0.06368517130613327,0.611804187297821,19.816402435302734
3185,clean,none,0.12187521904706955,0.5849778652191162,14.581084251403809
3186,clean,none,0.06181381642818451,0.7179853916168213,21.35565948486328
3187,occlusion,low,0.05852873623371124,0.4434099793434143,22.11381721496582
3188,salt_pepper,medium,0.07408615201711655,0.6655395030975342,19.35696029663086
3189,blur,low,0.050994329154491425,0.7817776203155518,23.111474990844727
3190,occlusion,high,0.0552469938993454,0.6823551058769226,21.47405242919922
3191,clean,none,0.07009594142436981,0.5946140289306641,20.708396911621094
3192,occlusion,medium,0.08088549226522446,0.6101559400558472,18.642826080322266
3193,clean,none,0.05972636863589287,0.6647539734840393,21.182876586914062
3194,occlusion,high,0.0715867429971695,0.5631434917449951,19.534332275390625
3195,blur,medium,0.0735437273979187,0.5739070177078247,19.451595306396484
3196,occlusion,medium,0.07438969612121582,0.4341811537742615,20.088043212890625
3197,blur,high,0.09238427877426147,0.5693075060844421,17.262176513671875
3198,occlusion,low,0.05899554491043091,0.659624457359314,20.343719482421875
3199,salt_pepper,high,0.0652608871459961,0.7111226320266724,21.34288787841797
3200,occlusion,high,0.09481613337993622,0.48502764105796814,17.084383010864258
3201,salt_pepper,low,0.03551311045885086,0.7726196646690369,25.383987426757812
3202,salt_pepper,medium,0.056232750415802,0.6129171848297119,22.245986938476562
3203,clean,none,0.038739342242479324,0.7853847742080688,24.902963638305664
3204,blur,low,0.06148083135485649,0.6860142946243286,21.0049991607666
3205,occlusion,medium,0.0549241304397583,0.7097352743148804,21.73366355895996
3206,clean,none,0.06300466507673264,0.7027003169059753,21.079072952270508
3207,blur,high,0.06720538437366486,0.5516769886016846,19.23418426513672
3208,salt_pepper,high,0.06979672610759735,0.6479710936546326,20.139591217041016
3209,occlusion,medium,0.09508253633975983,0.5991971492767334,16.42778778076172
3210,occlusion,low,0.05657412111759186,0.715140700340271,21.704547882080078
3211,occlusion,high,0.09496158361434937,0.6316109895706177,16.217674255371094
3212,salt_pepper,medium,0.07569922506809235,0.6572696566581726,20.01272964477539
3213,occlusion,medium,0.08406342566013336,0.49278634786605835,19.230941772460938
3214,salt_pepper,high,0.07583504170179367,0.5417742729187012,19.036006927490234
3215,occlusion,medium,0.14372041821479797,0.521273672580719,13.789634704589844
3216,clean,none,0.10572665929794312,0.7134970426559448,16.893260955810547
3217,salt_pepper,high,0.06828039884567261,0.5662926435470581,20.434642791748047
3218,clean,none,0.061911921948194504,0.47389841079711914,21.626070022583008
3219,occlusion,high,0.07623917609453201,0.43842145800590515,19.43730926513672
3220,blur,low,0.05128636211156845,0.7169413566589355,22.91638946533203
3221,blur,high,0.05174359679222107,0.7479156851768494,22.45751953125
3222,occlusion,high,0.0669134259223938,0.5983810424804688,20.176725387573242
3223,clean,none,0.056703053414821625,0.6754118800163269,22.003496170043945
3224,salt_pepper,high,0.05011012777686119,0.7534257769584656,23.729293823242188
3225,clean,none,0.04643099009990692,0.7484521865844727,22.736454010009766
3226,occlusion,high,0.07398553192615509,0.5137133002281189,18.711997985839844
3227,clean,none,0.0722079873085022,0.6467680931091309,20.49192237854004
3228,clean,none,0.06659006327390671,0.5944646596908569,20.717552185058594
3229,occlusion,low,0.05428353697061539,0.617428183555603,21.74700927734375
3230,salt_pepper,medium,0.04337450861930847,0.6696761846542358,24.524309158325195
3231,salt_pepper,medium,0.04638540744781494,0.7625455856323242,24.257564544677734
3232,occlusion,high,0.0983320102095604,0.4992390275001526,17.272565841674805
3233,occlusion,low,0.07499894499778748,0.5607402324676514,18.88799285888672
3234,occlusion,low,0.10346382111310959,0.3452596068382263,16.88957977294922
3235,occlusion,medium,0.07699394226074219,0.47934457659721375,18.840715408325195
3236,occlusion,medium,0.11818592250347137,0.27117374539375305,16.797109603881836
3237,clean,none,0.05594608187675476,0.6806058883666992,21.38416290283203
3238,salt_pepper,high,0.06990822404623032,0.6018763780593872,19.275243759155273
3239,salt_pepper,high,0.06149118393659592,0.7044612765312195,20.516244888305664
3240,salt_pepper,medium,0.0941736102104187,0.46780866384506226,17.78678321838379
3241,occlusion,high,0.10093765705823898,0.5176150798797607,16.10820198059082
3242,clean,none,0.05367757007479668,0.5404258966445923,22.975385665893555
3243,salt_pepper,high,0.14789806306362152,0.4597281813621521,14.572734832763672
3244,blur,low,0.05894346162676811,0.6756548285484314,22.310771942138672
3245,clean,none,0.06522919237613678,0.5494827032089233,20.60480499267578
3246,clean,none,0.08462189137935638,0.6413440108299255,18.664777755737305
3247,salt_pepper,medium,0.0662846788764,0.6573542356491089,20.93408203125
3248,clean,none,0.05549214407801628,0.6573939323425293,21.472660064697266
3249,occlusion,high,0.11985411494970322,0.45389461517333984,14.299419403076172
3250,salt_pepper,high,0.07280735671520233,0.520557701587677,20.244810104370117
3251,salt_pepper,high,0.07108405232429504,0.6244058012962341,19.90511131286621
3252,salt_pepper,medium,0.05452078580856323,0.661328136920929,21.832157135009766
3253,occlusion,low,0.09572460502386093,0.3087766170501709,18.609622955322266
3254,clean,none,0.05095095559954643,0.6723396182060242,21.44994354248047
3255,blur,low,0.06640558689832687,0.511864185333252,20.539127349853516
3256,salt_pepper,medium,0.08816958963871002,0.4911983013153076,18.27111053466797
3257,blur,low,0.0475020706653595,0.691279411315918,23.380334854125977
3258,clean,none,0.09421366453170776,0.37059903144836426,18.034793853759766
3259,salt_pepper,low,0.0739404633641243,0.6814596652984619,20.326488494873047
3260,occlusion,high,0.08676974475383759,0.5336277484893799,17.530807495117188
3261,salt_pepper,low,0.07947488874197006,0.6453587412834167,19.812152862548828
3262,blur,low,0.15849275887012482,0.5658144950866699,13.940888404846191
3263,salt_pepper,medium,0.0587785467505455,0.7412828207015991,21.90958023071289
3264,salt_pepper,high,0.0828220546245575,0.6317284107208252,19.415464401245117
3265,clean,none,0.06462996453046799,0.6200411319732666,20.543214797973633
3266,clean,none,0.06136497110128403,0.6078013181686401,20.86672019958496
3267,blur,medium,0.06541741639375687,0.50970059633255,20.66279411315918
3268,blur,medium,0.06762134283781052,0.6996277570724487,19.184459686279297
3269,clean,none,0.12633495032787323,0.6859018206596375,15.619244575500488
3270,clean,none,0.07078424841165543,0.6325398683547974,20.277000427246094
3271,occlusion,high,0.09771545976400375,0.48876428604125977,16.249202728271484
3272,blur,high,0.08656817674636841,0.283161997795105,19.111597061157227
3273,blur,low,0.06431712955236435,0.602044939994812,21.1030216217041
3274,occlusion,high,0.1232825517654419,0.637744128704071,14.398494720458984
3275,blur,low,0.049001120030879974,0.6245608329772949,24.245716094970703
3276,occlusion,medium,0.09091353416442871,0.5205115675926208,16.960599899291992
3277,salt_pepper,medium,0.09296490997076035,0.55313640832901,16.534080505371094
3278,blur,medium,0.04387003183364868,0.760614275932312,23.360918045043945
3279,blur,medium,0.12843924760818481,0.6285466551780701,15.605154991149902
3280,salt_pepper,medium,0.07702356576919556,0.5426754355430603,18.969104766845703
3281,blur,low,0.08513166755437851,0.6216316819190979,19.16625213623047
3282,clean,none,0.04302959889173508,0.7399096488952637,23.501266479492188
3283,blur,medium,0.0571233332157135,0.7664024829864502,20.240686416625977
3284,salt_pepper,high,0.05037752911448479,0.6309928297996521,23.61184310913086
3285,clean,none,0.049936443567276,0.7221264243125916,23.044326782226562
3286,clean,none,0.041919171810150146,0.6483113765716553,24.63756561279297
3287,occlusion,high,0.11055803298950195,0.2851828336715698,16.795698165893555
3288,blur,low,0.057108279317617416,0.531905472278595,22.50758171081543
3289,occlusion,low,0.05005662888288498,0.6932621002197266,22.171062469482422
3290,salt_pepper,medium,0.09099304676055908,0.6002475619316101,17.44520378112793
3291,occlusion,medium,0.06856062263250351,0.5988869667053223,20.193326950073242
3292,occlusion,medium,0.12155016511678696,0.47067341208457947,15.588383674621582
3293,clean,none,0.06569501757621765,0.5979115962982178,21.19451332092285
3294,salt_pepper,medium,0.0815603956580162,0.5655926465988159,19.264989852905273
3295,clean,none,0.059830423444509506,0.6354448199272156,20.973243713378906
3296,salt_pepper,low,0.12704771757125854,0.5960173010826111,15.905963897705078
3297,occlusion,high,0.0928417444229126,0.4354400634765625,18.481307983398438
3298,clean,none,0.0445236936211586,0.7539935111999512,24.63788604736328
3299,salt_pepper,high,0.04925430566072464,0.48222923278808594,21.922271728515625
3300,salt_pepper,medium,0.09285276383161545,0.4489412307739258,17.897565841674805
3301,blur,high,0.07288572192192078,0.5520336031913757,19.68809700012207
3302,occlusion,high,0.07125704735517502,0.4408944249153137,20.047607421875
3303,blur,high,0.07138671725988388,0.5494603514671326,20.42682456970215
3304,occlusion,medium,0.05643424391746521,0.6035051941871643,21.696239471435547
3305,salt_pepper,high,0.07830481976270676,0.5289819240570068,17.8526668548584
3306,occlusion,high,0.10440832376480103,0.45207399129867554,15.832813262939453
3307,salt_pepper,low,0.05679545924067497,0.599683403968811,21.37676429748535
3308,occlusion,medium,0.08949075639247894,0.566384494304657,16.141550064086914
3309,blur,medium,0.06219978258013725,0.579430878162384,21.355052947998047
3310,clean,none,0.04364591836929321,0.7490761280059814,23.103317260742188
3311,salt_pepper,high,0.07639174908399582,0.47501057386398315,18.691404342651367
3312,blur,low,0.08046755194664001,0.5365278720855713,19.220989227294922
3313,clean,none,0.05786097049713135,0.7692901492118835,22.255233764648438
3314,clean,none,0.08573389053344727,0.748094916343689,19.272541046142578
3315,clean,none,0.09813420474529266,0.6597597002983093,17.505027770996094
3316,blur,high,0.12497075647115707,0.66031813621521,14.293521881103516
3317,salt_pepper,low,0.09674056619405746,0.49437078833580017,16.950979232788086
3318,occlusion,medium,0.1664983034133911,0.6543216109275818,14.131614685058594
3319,clean,none,0.07566817849874496,0.6447546482086182,19.492733001708984
3320,clean,none,0.07228150218725204,0.6274939775466919,20.21333885192871
3321,salt_pepper,medium,0.05050313472747803,0.6854394674301147,22.750585556030273
3322,blur,medium,0.09122484177350998,0.7566758394241333,18.84951400756836
3323,occlusion,high,0.12310370057821274,0.47564348578453064,15.649723052978516
3324,salt_pepper,low,0.03909431770443916,0.7921890616416931,22.778461456298828
3325,salt_pepper,medium,0.08572575449943542,0.7551350593566895,19.202682495117188
3326,salt_pepper,high,0.07154654711484909,0.640602707862854,20.46705436706543
3327,clean,none,0.0557304322719574,0.6044759750366211,19.688875198364258
3328,blur,low,0.10337629169225693,0.6766571998596191,16.72745704650879
3329,salt_pepper,low,0.07241359353065491,0.5867611169815063,20.320716857910156
3330,blur,high,0.09893706440925598,0.578010082244873,17.282222747802734
3331,blur,high,0.04077332094311714,0.6865882873535156,24.84688949584961
3332,salt_pepper,medium,0.09314726293087006,0.73731529712677,18.83802032470703
3333,salt_pepper,medium,0.06030648946762085,0.55343097448349,20.292625427246094
3334,clean,none,0.06814081966876984,0.43750569224357605,20.48788833618164
3335,occlusion,low,0.09925936162471771,0.5495313405990601,16.91590118408203
3336,clean,none,0.09470419585704803,0.5555035471916199,16.614810943603516
3337,clean,none,0.11873053014278412,0.6019260287284851,15.641563415527344
3338,clean,none,0.1257501244544983,0.6752967834472656,16.513822555541992
3339,occlusion,high,0.0853128656744957,0.5724961757659912,17.825820922851562
3340,salt_pepper,low,0.05482868477702141,0.6494799852371216,22.22210121154785
3341,occlusion,low,0.05441811680793762,0.654688835144043,22.281814575195312
3342,clean,none,0.09614142030477524,0.5343488454818726,16.959659576416016
3343,occlusion,medium,0.11656244099140167,0.370457261800766,13.805784225463867
3344,salt_pepper,medium,0.09598444402217865,0.42962679266929626,15.872919082641602
3345,occlusion,medium,0.08849400281906128,0.6425986289978027,17.96969985961914
3346,clean,none,0.09189044684171677,0.6005382537841797,17.730642318725586
3347,clean,none,0.11597158759832382,0.755266547203064,16.768463134765625
3348,salt_pepper,low,0.10190068930387497,0.4658622741699219,16.33074951171875
3349,salt_pepper,high,0.08088644593954086,0.7075592279434204,18.54885482788086
3350,occlusion,medium,0.07047143578529358,0.5483431220054626,19.662954330444336
3351,blur,high,0.07197022438049316,0.6245511770248413,19.992639541625977
3352,clean,none,0.04168827831745148,0.7210291624069214,24.224586486816406
3353,salt_pepper,high,0.06188084930181503,0.646310567855835,20.290027618408203
3354,clean,none,0.05124662443995476,0.5413504838943481,22.420429229736328
3355,blur,high,0.11422441899776459,0.7199744582176208,15.489822387695312
3356,salt_pepper,high,0.06474900990724564,0.665982723236084,21.15401840209961
3357,salt_pepper,high,0.09794479608535767,0.5351600646972656,17.241086959838867
3358,salt_pepper,medium,0.06171327084302902,0.5802103281021118,19.592092514038086
3359,salt_pepper,medium,0.058766379952430725,0.5514607429504395,21.455583572387695
3360,occlusion,high,0.07711496949195862,0.6675750613212585,19.913299560546875
3361,clean,none,0.06456738710403442,0.6247538924217224,20.401042938232422
3362,blur,low,0.051561545580625534,0.648551881313324,23.454723358154297
3363,salt_pepper,high,0.07453635334968567,0.6706743240356445,19.50130844116211
3364,salt_pepper,medium,0.08946742117404938,0.6080851554870605,17.727357864379883
3365,salt_pepper,low,0.06827598810195923,0.5872530937194824,20.123775482177734
3366,clean,none,0.1165865957736969,0.5680882334709167,14.502368927001953
3367,clean,none,0.06958521902561188,0.6600666046142578,20.119352340698242
3368,blur,high,0.05538811534643173,0.5487531423568726,21.983478546142578
3369,occlusion,high,0.09515438973903656,0.4766772985458374,17.19253158569336
3370,salt_pepper,high,0.15487945079803467,0.4126199185848236,14.325823783874512
3371,salt_pepper,low,0.04797283932566643,0.7605170011520386,22.23832893371582
3372,clean,none,0.09080328792333603,0.4045337438583374,18.451204299926758
3373,blur,high,0.21737901866436005,0.44439181685447693,10.468488693237305
3374,salt_pepper,low,0.07816186547279358,0.6154800653457642,18.72308921813965
3375,blur,high,0.051864057779312134,0.5551041960716248,22.716594696044922
3376,clean,none,0.08087261021137238,0.4559285640716553,19.434717178344727
3377,blur,medium,0.05640510842204094,0.6584452986717224,22.0823974609375
3378,blur,medium,0.04239417240023613,0.8461169004440308,24.25664710998535
3379,clean,none,0.06985166668891907,0.5076180696487427,20.13556671142578
3380,salt_pepper,low,0.05154940113425255,0.6368488669395447,22.934188842773438
3381,clean,none,0.08610570430755615,0.5019428730010986,17.268413543701172
3382,clean,none,0.0548379123210907,0.5431250333786011,21.893741607666016
3383,clean,none,0.0812966376543045,0.6403394341468811,19.391273498535156
3384,occlusion,medium,0.09336086362600327,0.3887057900428772,18.02189826965332
3385,occlusion,high,0.10068079084157944,0.3086521029472351,16.735870361328125
3386,salt_pepper,high,0.09703031182289124,0.41654300689697266,17.93422508239746
3387,clean,none,0.06139252707362175,0.6966732740402222,21.25353240966797
3388,occlusion,medium,0.10535275936126709,0.44685348868370056,15.977394104003906
3389,occlusion,low,0.12019588053226471,0.3208400011062622,15.831307411193848
3390,salt_pepper,low,0.11612607538700104,0.406059205532074,16.837242126464844
3391,blur,medium,0.092595174908638,0.4560306668281555,17.93857765197754
3392,blur,high,0.10028217732906342,0.23010462522506714,18.078125
3393,clean,none,0.07951100915670395,0.4420379102230072,19.084667205810547
3394,blur,high,0.06652382016181946,0.6133812665939331,21.087902069091797
3395,salt_pepper,high,0.061617664992809296,0.6195751428604126,20.700349807739258
3396,blur,low,0.05924305319786072,0.4996132254600525,21.47300910949707
3397,occlusion,medium,0.1479477733373642,0.2776743769645691,14.724079132080078
3398,blur,medium,0.09222598373889923,0.5246682167053223,17.377294540405273
3399,salt_pepper,low,0.1063276156783104,0.5679735541343689,16.40068817138672
3400,blur,low,0.09706072509288788,0.4614832401275635,17.68378448486328
3401,clean,none,0.08624311536550522,0.4962660074234009,18.776567459106445
3402,clean,none,0.12581823766231537,0.5019466280937195,16.216894149780273
3403,salt_pepper,high,0.05887408182024956,0.5796841979026794,21.893556594848633
3404,clean,none,0.06345691531896591,0.7202000021934509,18.72991943359375
3405,occlusion,low,0.11246348917484283,0.37805959582328796,16.730186462402344
3406,blur,low,0.05346257612109184,0.7300821542739868,22.41115379333496
3407,occlusion,high,0.08563493192195892,0.5439385771751404,17.56171989440918
3408,salt_pepper,low,0.08388043940067291,0.4575065076351166,19.524194717407227
3409,blur,high,0.0534215085208416,0.5868111848831177,22.436233520507812
3410,blur,medium,0.07835867255926132,0.5378917455673218,19.231304168701172
3411,clean,none,0.0985553115606308,0.3199011981487274,18.176685333251953
3412,salt_pepper,low,0.06981085240840912,0.7099735140800476,16.314735412597656
3413,blur,medium,0.11054627597332001,0.5657217502593994,17.11087417602539
3414,occlusion,medium,0.12383131682872772,0.2689342498779297,15.90025520324707
3415,clean,none,0.045392006635665894,0.7409888505935669,22.900793075561523
3416,clean,none,0.07499055564403534,0.5076329112052917,19.821250915527344
3417,clean,none,0.06114931032061577,0.7069258093833923,20.860671997070312
3418,occlusion,high,0.10070765018463135,0.3556690216064453,17.061336517333984
3419,clean,none,0.12354575097560883,0.31068381667137146,15.695929527282715
3420,occlusion,low,0.15620404481887817,0.4553091526031494,12.757728576660156
3421,clean,none,0.056898511946201324,0.635509729385376,22.67232894897461
3422,occlusion,low,0.08576681464910507,0.5091342329978943,18.701297760009766
3423,salt_pepper,low,0.06434831023216248,0.40256643295288086,21.11422348022461
3424,occlusion,medium,0.08010067045688629,0.49063536524772644,19.08378028869629
3425,occlusion,medium,0.1338331550359726,0.3315141499042511,15.230803489685059
3426,blur,medium,0.07554996758699417,0.3425578474998474,19.756105422973633
3427,blur,high,0.10694661736488342,0.4541604518890381,16.703248977661133
3428,salt_pepper,medium,0.13082391023635864,0.3987913131713867,15.676595687866211
3429,blur,high,0.0586693212389946,0.5508966445922852,21.695863723754883
3430,salt_pepper,medium,0.06407221406698227,0.4464200437068939,20.772993087768555
3431,salt_pepper,medium,0.09061366319656372,0.45340436697006226,18.5026798248291
3432,salt_pepper,low,0.05324776470661163,0.7029988765716553,22.057968139648438
3433,salt_pepper,low,0.0733608603477478,0.5577569603919983,19.05889129638672
3434,occlusion,medium,0.0963296890258789,0.41430363059043884,17.142784118652344
3435,clean,none,0.09582307189702988,0.2633587121963501,17.95091438293457
3436,occlusion,low,0.11743360757827759,0.3468758761882782,16.287878036499023
3437,blur,high,0.07782982289791107,0.5757188200950623,19.137170791625977
3438,salt_pepper,low,0.10740982741117477,0.5387264490127563,15.186466217041016
3439,salt_pepper,medium,0.06333383917808533,0.6255316138267517,21.314428329467773
3440,occlusion,low,0.07513929903507233,0.355574369430542,19.84874153137207
3441,blur,low,0.06379525363445282,0.5495399832725525,20.32851219177246
3442,clean,none,0.10048755258321762,0.22328129410743713,16.90997314453125
3443,clean,none,0.09606634080410004,0.37375837564468384,17.440086364746094
3444,salt_pepper,low,0.13408152759075165,0.3505393862724304,15.05952262878418
3445,occlusion,low,0.14064103364944458,0.4523347020149231,15.495511054992676
3446,occlusion,medium,0.0754624530673027,0.32989248633384705,20.081466674804688
3447,salt_pepper,medium,0.09924794733524323,0.31149595975875854,17.728897094726562
3448,occlusion,high,0.11503879725933075,0.47868865728378296,16.695411682128906
3449,blur,medium,0.04299081489443779,0.6751430034637451,23.590370178222656
3450,salt_pepper,high,0.10207801312208176,0.3208349943161011,18.08778953552246
3451,salt_pepper,medium,0.12056176364421844,0.4242069125175476,16.112045288085938
3452,blur,low,0.0683847963809967,0.6249266862869263,20.791728973388672
3453,blur,medium,0.08258789032697678,0.522843599319458,19.21640968322754
3454,salt_pepper,low,0.0701676532626152,0.5567764043807983,20.08434295654297
3455,occlusion,high,0.09561314433813095,0.5223591327667236,17.372501373291016
3456,blur,medium,0.0911632627248764,0.5108782649040222,18.887374877929688
3457,blur,medium,0.08728845417499542,0.554114043712616,18.770278930664062
3458,blur,high,0.09598161280155182,0.5432209372520447,18.59074592590332
3459,clean,none,0.09645287692546844,0.542667031288147,18.49419403076172
3460,clean,none,0.04294542595744133,0.7826831340789795,21.348907470703125
3461,occlusion,high,0.11186389625072479,0.4031469523906708,16.009124755859375
3462,salt_pepper,high,0.07562357187271118,0.4598255753517151,20.19892692565918
3463,occlusion,medium,0.11113389581441879,0.2922940254211426,16.61528778076172
3464,blur,low,0.08947926014661789,0.48887568712234497,17.856792449951172
3465,blur,medium,0.06613960862159729,0.5772722959518433,20.961498260498047
3466,blur,medium,0.07463663071393967,0.5683737397193909,19.165283203125
3467,blur,medium,0.06086543947458267,0.5438444018363953,19.331012725830078
3468,blur,low,0.06990665197372437,0.6760875582695007,19.744291305541992
3469,occlusion,high,0.0727904736995697,0.5482068657875061,19.52814483642578
3470,blur,medium,0.0782192200422287,0.5458624362945557,19.605995178222656
3471,clean,none,0.06536725908517838,0.5348494052886963,21.414588928222656
3472,blur,medium,0.08136724680662155,0.4177928864955902,19.090984344482422
3473,blur,high,0.1021604835987091,0.39532583951950073,17.647430419921875
3474,clean,none,0.05825529247522354,0.6061682105064392,22.14501953125
3475,clean,none,0.0913606733083725,0.53011554479599,18.727537155151367
3476,blur,high,0.055159877985715866,0.611670196056366,22.91619110107422
3477,occlusion,low,0.05958599969744682,0.4844093918800354,22.076671600341797
3478,occlusion,medium,0.13132444024085999,0.45007559657096863,14.697868347167969
3479,clean,none,0.05897357314825058,0.727531909942627,21.859434127807617
3480,occlusion,low,0.043953895568847656,0.7818586230278015,24.19908332824707
3481,occlusion,high,0.08974384516477585,0.4519307613372803,17.996986389160156
3482,clean,none,0.05890504643321037,0.6666356325149536,21.724605560302734
3483,blur,low,0.07599383592605591,0.3687659204006195,19.568801879882812
3484,blur,high,0.045920275151729584,0.6852089166641235,24.12041664123535
3485,salt_pepper,high,0.07366989552974701,0.515316367149353,20.217792510986328
3486,occlusion,medium,0.10690119862556458,0.4413490295410156,17.042818069458008
3487,salt_pepper,medium,0.04557321220636368,0.8154991865158081,23.957752227783203
3488,clean,none,0.0886855348944664,0.558111846446991,17.42481231689453
3489,blur,medium,0.0662141963839531,0.5881144404411316,20.71073341369629
3490,blur,medium,0.09242000430822372,0.3312642276287079,17.97740364074707
3491,blur,high,0.0666549801826477,0.5144267678260803,21.166919708251953
3492,occlusion,medium,0.0537775382399559,0.5857781171798706,22.05866050720215
3493,occlusion,medium,0.07860985398292542,0.45963120460510254,19.196517944335938
3494,occlusion,low,0.07511284202337265,0.511210024356842,19.287151336669922
3495,salt_pepper,high,0.0539451539516449,0.5895185470581055,22.97642707824707
3496,blur,high,0.06633223593235016,0.5189352035522461,20.73129653930664
3497,blur,low,0.06748054176568985,0.4772825241088867,21.561086654663086
3498,clean,none,0.07414573431015015,0.41330617666244507,20.535390853881836
3499,salt_pepper,low,0.05792655795812607,0.6867358088493347,22.446109771728516
3500,blur,high,0.07370148599147797,0.5765897631645203,19.76289176940918
3501,occlusion,high,0.06250642985105515,0.5931183695793152,22.14443588256836
3502,blur,medium,0.0356779545545578,0.6871038675308228,25.9458065032959
3503,salt_pepper,medium,0.08290678262710571,0.49334225058555603,19.223562240600586
3504,occlusion,high,0.0957091897726059,0.22854429483413696,16.668254852294922
3505,blur,high,0.11180901527404785,0.28049445152282715,16.755125045776367
3506,occlusion,high,0.0925150215625763,0.46486520767211914,17.496809005737305
3507,occlusion,low,0.08440892398357391,0.407049298286438,19.071786880493164
3508,occlusion,medium,0.09287901967763901,0.412828266620636,18.12153434753418
3509,blur,medium,0.0855141282081604,0.30910369753837585,19.170400619506836
3510,salt_pepper,medium,0.0764976367354393,0.47675785422325134,20.014188766479492
3511,blur,low,0.06600531935691833,0.5969953536987305,19.88801383972168
3512,salt_pepper,low,0.04630940780043602,0.6589137315750122,23.781421661376953
3513,clean,none,0.07159440964460373,0.49568337202072144,20.400726318359375
3514,occlusion,high,0.08515159785747528,0.5380165576934814,18.596996307373047
3515,blur,high,0.08695530146360397,0.4862592816352844,18.426219940185547
3516,occlusion,low,0.06536447256803513,0.6242837905883789,19.458995819091797
3517,occlusion,medium,0.07641064375638962,0.5708093047142029,19.241962432861328
3518,salt_pepper,medium,0.07944872230291367,0.5529496669769287,18.274194717407227
3519,salt_pepper,low,0.08080200850963593,0.4510582685470581,19.39518165588379
3520,clean,none,0.11863287538290024,0.29485028982162476,16.81017303466797
3521,salt_pepper,high,0.06063900515437126,0.5259626507759094,21.602764129638672
3522,occlusion,high,0.07776781916618347,0.4984426200389862,18.699363708496094
3523,blur,high,0.08963067829608917,0.5225309729576111,18.709470748901367
3524,occlusion,low,0.0812811627984047,0.44036298990249634,19.609739303588867
3525,clean,none,0.044519782066345215,0.5891173481941223,24.4417781829834
3526,clean,none,0.08825858682394028,0.49383828043937683,18.83577537536621
3527,occlusion,low,0.05589744448661804,0.5840305089950562,21.579994201660156
3528,clean,none,0.045016080141067505,0.6791335940361023,24.34844207763672
3529,occlusion,low,0.09970559924840927,0.3676994740962982,17.67845344543457
3530,salt_pepper,medium,0.11513321101665497,0.2786484658718109,16.501754760742188
3531,occlusion,low,0.051683805882930756,0.5518989562988281,22.49814796447754
3532,salt_pepper,medium,0.16192059218883514,0.6123843789100647,14.140796661376953
3533,clean,none,0.1597893238067627,0.4793272912502289,12.770944595336914
3534,clean,none,0.04882105439901352,0.7785755395889282,23.456584930419922
3535,salt_pepper,high,0.12448002398014069,0.5796792507171631,15.426865577697754
3536,blur,medium,0.0921744555234909,0.37906163930892944,18.36507797241211
3537,blur,low,0.12012965977191925,0.5309550762176514,16.317792892456055
3538,occlusion,low,0.11881767213344574,0.24929234385490417,16.123151779174805
3539,blur,high,0.11265087127685547,0.3485492467880249,16.690406799316406
3540,blur,low,0.06150820106267929,0.49091586470603943,21.61391258239746
3541,blur,high,0.10786399245262146,0.39668118953704834,16.929119110107422
3542,occlusion,medium,0.05708178132772446,0.5368962287902832,21.41883659362793
3543,clean,none,0.08095807582139969,0.48931825160980225,19.160608291625977
3544,salt_pepper,low,0.07807688415050507,0.5214108824729919,19.528615951538086
3545,clean,none,0.08835214376449585,0.5041326284408569,18.318496704101562
3546,clean,none,0.12491899728775024,0.5616229772567749,15.628279685974121
3547,occlusion,medium,0.08095091581344604,0.49145159125328064,19.232683181762695
3548,salt_pepper,low,0.05366262048482895,0.5917837023735046,22.42953109741211
3549,clean,none,0.10989668220281601,0.4166310727596283,16.663719177246094
3550,clean,none,0.08256889879703522,0.31003516912460327,18.915571212768555
3551,blur,low,0.0856282114982605,0.5059329271316528,18.091604232788086
3552,salt_pepper,low,0.09386239945888519,0.5614449381828308,17.786542892456055
3553,blur,low,0.08396651595830917,0.5395578145980835,18.515613555908203
3554,blur,low,0.15015742182731628,0.37219488620758057,13.786052703857422
3555,salt_pepper,high,0.07854396104812622,0.4181784987449646,19.5600643157959
3556,salt_pepper,medium,0.05162159353494644,0.6398651003837585,22.87165069580078
3557,occlusion,high,0.1414608657360077,0.4940871596336365,14.762964248657227
3558,clean,none,0.10794435441493988,0.36646243929862976,17.162105560302734
3559,salt_pepper,low,0.09585084766149521,0.5356207489967346,16.69291114807129
3560,occlusion,high,0.09515535831451416,0.39349812269210815,18.33936309814453
3561,salt_pepper,high,0.07796401530504227,0.5124103426933289,20.0340576171875
3562,occlusion,low,0.09527371823787689,0.42946213483810425,17.59657096862793
3563,blur,medium,0.05522309988737106,0.628296971321106,22.53614044189453
3564,blur,high,0.0978441834449768,0.4479486644268036,17.695980072021484
3565,blur,high,0.06235584616661072,0.6066765785217285,22.204051971435547
3566,occlusion,low,0.0494413897395134,0.6267082095146179,23.04685401916504
3567,salt_pepper,high,0.061517007648944855,0.521493673324585,21.86954689025879
3568,clean,none,0.15556827187538147,0.6417026519775391,14.673613548278809
3569,clean,none,0.0986054465174675,0.5257400274276733,16.933990478515625
3570,salt_pepper,medium,0.07542592287063599,0.5028324127197266,20.463123321533203
3571,clean,none,0.07210178673267365,0.5159397721290588,20.466251373291016
3572,salt_pepper,high,0.03767853602766991,0.7582661509513855,26.457612991333008
3573,clean,none,0.08961308002471924,0.5560499429702759,18.436433792114258
3574,blur,medium,0.08105368912220001,0.6489359140396118,19.340194702148438
3575,salt_pepper,low,0.10594560950994492,0.4254032075405121,17.132993698120117
3576,clean,none,0.11613599956035614,0.3376224935054779,16.465375900268555
3577,salt_pepper,low,0.12237773835659027,0.24349534511566162,16.094133377075195
3578,blur,low,0.06162586063146591,0.46774888038635254,21.8736629486084
3579,occlusion,low,0.09182314574718475,0.5133208632469177,18.889728546142578
3580,occlusion,low,0.07430583238601685,0.5479299426078796,20.08041763305664
3581,clean,none,0.07153235375881195,0.5230535268783569,20.418113708496094
3582,clean,none,0.0755862444639206,0.5364243984222412,19.22783088684082
3583,blur,medium,0.0580698661506176,0.5773969292640686,22.083457946777344
3584,clean,none,0.11130847781896591,0.33611688017845154,16.480314254760742
3585,clean,none,0.06440044939517975,0.6621495485305786,19.186826705932617
3586,blur,medium,0.09182927012443542,0.6126440763473511,18.532752990722656
3587,clean,none,0.09986543655395508,0.529225766658783,18.093008041381836
3588,occlusion,low,0.13469672203063965,0.4676174521446228,13.204874992370605
3589,blur,high,0.09396322816610336,0.4777786433696747,17.993661880493164
3590,clean,none,0.08986459672451019,0.5613910555839539,18.672826766967773
3591,blur,low,0.07983329892158508,0.4636680483818054,19.69415283203125
3592,occlusion,high,0.13339072465896606,0.40895578265190125,14.846456527709961
3593,clean,none,0.14288538694381714,0.25396984815597534,14.700189590454102
3594,clean,none,0.1014617308974266,0.29789018630981445,17.537376403808594
3595,salt_pepper,high,0.07891036570072174,0.6749118566513062,16.850858688354492
3596,salt_pepper,high,0.1653878539800644,0.46698904037475586,13.690372467041016
3597,salt_pepper,low,0.07281716912984848,0.5052079558372498,20.73031234741211
3598,occlusion,high,0.0887460932135582,0.41207489371299744,18.10487937927246
3599,occlusion,low,0.0782882571220398,0.6485788822174072,18.546857833862305
3600,salt_pepper,medium,0.08692868798971176,0.44137462973594666,19.059890747070312
3601,blur,low,0.08210726827383041,0.5890792608261108,19.41197967529297
3602,blur,low,0.07359608262777328,0.5831006765365601,19.889881134033203
3603,occlusion,low,0.05698959156870842,0.6487112045288086,21.574676513671875
3604,salt_pepper,low,0.08999689668416977,0.5898346304893494,18.611177444458008
3605,blur,medium,0.07869705557823181,0.47660523653030396,19.891761779785156
3606,salt_pepper,low,0.0845462903380394,0.44079869985580444,18.917165756225586
3607,salt_pepper,high,0.09321802854537964,0.4981536269187927,18.708974838256836
3608,salt_pepper,low,0.09049093723297119,0.4946400821208954,18.757783889770508
3609,blur,medium,0.0844285637140274,0.4505789875984192,19.262876510620117
3610,occlusion,low,0.07412845641374588,0.4433314800262451,20.147504806518555
3611,blur,low,0.07403524219989777,0.6037008166313171,19.874000549316406
3612,occlusion,medium,0.0980210229754448,0.40843820571899414,16.687776565551758
3613,clean,none,0.05191982910037041,0.5695638656616211,22.93544578552246
3614,clean,none,0.07556051015853882,0.42149052023887634,18.378971099853516
3615,occlusion,low,0.09653281420469284,0.4827258586883545,17.416547775268555
3616,occlusion,high,0.09457002580165863,0.3504161834716797,16.432029724121094
3617,occlusion,medium,0.11265471577644348,0.4701539874076843,16.50727653503418
3618,occlusion,medium,0.10724620521068573,0.406749427318573,16.634538650512695
3619,salt_pepper,low,0.0888577550649643,0.5785937309265137,18.925764083862305
3620,salt_pepper,low,0.07711025327444077,0.4455450475215912,19.631942749023438
3621,occlusion,high,0.10473880171775818,0.44202709197998047,16.70097541809082
3622,salt_pepper,low,0.07006405293941498,0.5799332857131958,20.146881103515625
3623,clean,none,0.09362833201885223,0.4882623553276062,18.065580368041992
3624,occlusion,low,0.13654926419258118,0.2083055078983307,15.208230018615723
3625,clean,none,0.07111849635839462,0.5956488847732544,19.534183502197266
3626,blur,high,0.07093632221221924,0.5915374755859375,21.06121063232422
3627,occlusion,high,0.07569140195846558,0.5109728574752808,17.336139678955078
3628,blur,low,0.06679527461528778,0.6284698247909546,20.220130920410156
3629,clean,none,0.058531519025564194,0.4779455363750458,21.838050842285156
3630,occlusion,low,0.08947669714689255,0.3840295672416687,17.849220275878906
3631,clean,none,0.09597063064575195,0.3976539075374603,17.480709075927734
3632,clean,none,0.06748738884925842,0.63337242603302,20.778486251831055
3633,blur,high,0.08177980780601501,0.5198496580123901,18.69070816040039
3634,blur,high,0.05772313475608826,0.5485634803771973,22.400001525878906
3635,clean,none,0.10106836259365082,0.3622521162033081,18.031808853149414
3636,occlusion,low,0.08490639179944992,0.478779137134552,18.8564453125
3637,salt_pepper,low,0.07213137298822403,0.5263647437095642,18.289684295654297
3638,blur,high,0.07025234401226044,0.5037945508956909,20.878376007080078
3639,salt_pepper,high,0.10727091133594513,0.37072551250457764,17.079248428344727
3640,blur,low,0.0921158716082573,0.5986907482147217,18.842609405517578
3641,clean,none,0.06740806996822357,0.5519727468490601,20.425975799560547
3642,occlusion,low,0.07281206548213959,0.5415633916854858,19.529685974121094
3643,clean,none,0.11201002448797226,0.626399040222168,17.516788482666016
3644,salt_pepper,high,0.09456034749746323,0.4574221074581146,18.425626754760742
3645,clean,none,0.08743633329868317,0.5821494460105896,17.63983917236328
3646,occlusion,medium,0.08828620612621307,0.39456140995025635,19.258485794067383
3647,blur,medium,0.08940212428569794,0.5184251070022583,16.78438377380371
3648,occlusion,medium,0.08485178649425507,0.38079461455345154,18.807891845703125
3649,blur,high,0.06968237459659576,0.6840180158615112,19.469505310058594
3650,salt_pepper,low,0.07031819969415665,0.5444774031639099,20.282424926757812
3651,blur,high,0.07384153455495834,0.363150954246521,20.232465744018555
3652,occlusion,high,0.1266888976097107,0.38818201422691345,15.547032356262207
3653,clean,none,0.09684288501739502,0.3405449390411377,18.39830207824707
3654,salt_pepper,low,0.0749940574169159,0.47355103492736816,19.917583465576172
3655,salt_pepper,low,0.04249409958720207,0.605686604976654,23.87337875366211
3656,salt_pepper,high,0.08954773843288422,0.41806548833847046,18.66135597229004
3657,occlusion,medium,0.09911859035491943,0.3212255835533142,18.30278778076172
3658,blur,medium,0.14063404500484467,0.4833371639251709,14.562402725219727
3659,clean,none,0.0856252908706665,0.4601287543773651,17.992647171020508
3660,clean,none,0.06749396026134491,0.4926036298274994,20.67969512939453
3661,salt_pepper,high,0.118816077709198,0.39054107666015625,16.62150001525879
3662,clean,none,0.04859613627195358,0.800676703453064,24.15541648864746
3663,salt_pepper,high,0.0654137060046196,0.5311827659606934,20.327880859375
3664,clean,none,0.09109799563884735,0.4386454224586487,18.633329391479492
3665,occlusion,medium,0.1093972772359848,0.31963056325912476,17.00584602355957
3666,clean,none,0.09085150063037872,0.4807029664516449,17.995113372802734
3667,occlusion,high,0.11055909097194672,0.44201916456222534,16.32937240600586
3668,occlusion,high,0.11955561488866806,0.5237731337547302,15.152399063110352
