idx,type,severity,true_label,pred_label,true_type,pred_type,misrouted,l1_pred,ssim_pred,psnr_pred,l1_oracle,ssim_oracle,psnr_oracle,time_ms_pred,time_ms_oracle
0,clean,none,0,0,clean,clean,False,0.0,1.0,100.0,0.0,1.0,100.0,3.8743700312409146,1.926731187495534
1,clean,none,0,0,clean,clean,False,0.0,1.0,100.0,0.0,1.0,100.0,3.8743700312409146,1.926731187495534
2,clean,none,0,0,clean,clean,False,0.0,1.0,100.0,0.0,1.0,100.0,3.8743700312409146,1.926731187495534
3,occlusion,low,3,3,occlusion,occlusion,False,0.05453859642148018,0.6338055729866028,22.433155059814453,0.05453859642148018,0.6338055729866028,22.433155059814453,3.8743700312409146,1.926731187495534
4,salt_pepper,low,1,1,salt_pepper,salt_pepper,False,0.025710612535476685,0.8714125752449036,27.74234390258789,0.025710612535476685,0.8714125752449036,27.74234390258789,3.8743700312409146,1.926731187495534
5,salt_pepper,high,1,1,salt_pepper,salt_pepper,False,0.03187684714794159,0.8225178718566895,27.49746322631836,0.03187684714794159,0.8225178718566895,27.49746322631836,3.8743700312409146,1.926731187495534
6,salt_pepper,low,1,1,salt_pepper,salt_pepper,False,0.03943720832467079,0.881644070148468,24.917224884033203,0.03943720832467079,0.881644070148468,24.917224884033203,3.8743700312409146,1.926731187495534
7,clean,none,0,0,clean,clean,False,0.0,1.0,100.0,0.0,1.0,100.0,3.8743700312409146,1.926731187495534
8,salt_pepper,high,1,1,salt_pepper,salt_pepper,False,0.03318704292178154,0.8305087089538574,25.724308013916016,0.03318704292178154,0.8305087089538574,25.724308013916016,3.8743700312409146,1.926731187495534
9,blur,medium,2,2,blur,blur,False,0.027328921481966972,0.847735583782196,28.444522857666016,0.027328921481966972,0.847735583782196,28.444522857666016,3.8743700312409146,1.926731187495534
10,blur,low,2,2,blur,blur,False,0.037549957633018494,0.7716357111930847,25.114547729492188,0.037549957633018494,0.7716357111930847,25.114547729492188,3.8743700312409146,1.926731187495534
11,blur,low,2,2,blur,blur,False,0.03460728004574776,0.8237969279289246,26.42520523071289,0.03460728004574776,0.8237969279289246,26.42520523071289,3.8743700312409146,1.926731187495534
12,occlusion,medium,3,3,occlusion,occlusion,False,0.05455854535102844,0.7008830904960632,21.36427879333496,0.05455853417515755,0.7008830904960632,21.364280700683594,3.8743700312409146,1.926731187495534
13,occlusion,high,3,3,occlusion,occlusion,False,0.051140110939741135,0.6981437802314758,21.32822036743164,0.05114012584090233,0.6981439590454102,21.32822036743164,3.8743700312409146,1.926731187495534
14,clean,none,0,0,clean,clean,False,0.0,1.0,100.0,0.0,1.0,100.0,3.8743700312409146,1.926731187495534
15,blur,high,2,2,blur,blur,False,0.04026295989751816,0.7566283345222473,24.991243362426758,0.04026295989751816,0.7566283345222473,24.991243362426758,3.8743700312409146,1.926731187495534
16,clean,none,0,0,clean,clean,False,0.0,1.0,100.0,0.0,1.0,100.0,3.8743700312409146,1.926731187495534
17,occlusion,low,3,3,occlusion,occlusion,False,0.03609972074627876,0.8316137790679932,25.701351165771484,0.03609972074627876,0.8316139578819275,25.701351165771484,3.8743700312409146,1.926731187495534
18,clean,none,0,0,clean,clean,False,0.0,1.0,100.0,0.0,1.0,100.0,3.8743700312409146,1.926731187495534
19,salt_pepper,high,1,1,salt_pepper,salt_pepper,False,0.03403514623641968,0.8470368385314941,26.384944915771484,0.03403514623641968,0.8470368385314941,26.384944915771484,3.8743700312409146,1.926731187495534
20,blur,high,2,2,blur,blur,False,0.04314926266670227,0.8088388442993164,24.37025260925293,0.04314926266670227,0.8088388442993164,24.37025260925293,3.8743700312409146,1.926731187495534
21,clean,none,0,0,clean,clean,False,0.0,1.0,100.0,0.0,1.0,100.0,3.8743700312409146,1.926731187495534
22,occlusion,low,3,3,occlusion,occlusion,False,0.06155616417527199,0.6876835823059082,20.930479049682617,0.06155616417527199,0.687683641910553,20.930479049682617,3.8743700312409146,1.926731187495534
23,occlusion,low,3,3,occlusion,occlusion,False,0.03893795236945152,0.7540541291236877,24.69003677368164,0.03893795236945152,0.754054069519043,24.69003677368164,3.8743700312409146,1.926731187495534
24,occlusion,low,3,3,occlusion,occlusion,False,0.04382597282528877,0.6867694854736328,24.43834686279297,0.04382597282528877,0.6867694854736328,24.43834686279297,3.8743700312409146,1.926731187495534
25,salt_pepper,low,1,1,salt_pepper,salt_pepper,False,0.03167782351374626,0.9102628827095032,27.133638381958008,0.03167782351374626,0.9102628827095032,27.133638381958008,3.8743700312409146,1.926731187495534
26,clean,none,0,0,clean,clean,False,0.0,1.0,100.0,0.0,1.0,100.0,3.8743700312409146,1.926731187495534
27,clean,none,0,0,clean,clean,False,0.0,1.0,100.0,0.0,1.0,100.0,3.8743700312409146,1.926731187495534
28,salt_pepper,medium,1,1,salt_pepper,salt_pepper,False,0.03133287653326988,0.837391197681427,26.709884643554688,0.03133287653326988,0.837391197681427,26.709884643554688,3.8743700312409146,1.926731187495534
29,clean,none,0,0,clean,clean,False,0.0,1.0,100.0,0.0,1.0,100.0,3.8743700312409146,1.926731187495534
30,salt_pepper,low,1,1,salt_pepper,salt_pepper,False,0.023255735635757446,0.9248782992362976,29.206924438476562,0.023255735635757446,0.9248782992362976,29.206924438476562,3.8743700312409146,1.926731187495534
31,clean,none,0,3,clean,occlusion,True,0.023366520181298256,0.864879846572876,27.793941497802734,0.0,1.0,100.0,3.8743700312409146,1.926731187495534
32,clean,none,0,0,clean,clean,False,0.0,1.0,100.0,0.0,1.0,100.0,2.369217531253298,1.7578304062624284
33,blur,medium,2,2,blur,blur,False,0.030371850356459618,0.8355476260185242,26.967769622802734,0.030371850356459618,0.8355476260185242,26.967769622802734,2.369217531253298,1.7578304062624284
34,occlusion,high,3,3,occlusion,occlusion,False,0.08384761214256287,0.6660768985748291,19.175273895263672,0.08384761214256287,0.6660768985748291,19.175273895263672,2.369217531253298,1.7578304062624284
35,salt_pepper,medium,1,1,salt_pepper,salt_pepper,False,0.05121685937047005,0.7669587731361389,23.057106018066406,0.05121685937047005,0.7669587731361389,23.057106018066406,2.369217531253298,1.7578304062624284
36,blur,high,2,2,blur,blur,False,0.0525641143321991,0.7282398343086243,22.877315521240234,0.0525641143321991,0.7282398343086243,22.877315521240234,2.369217531253298,1.7578304062624284
37,occlusion,medium,3,3,occlusion,occlusion,False,0.03148569166660309,0.8620317578315735,24.083261489868164,0.03148569166660309,0.8620317578315735,24.083261489868164,2.369217531253298,1.7578304062624284
38,occlusion,low,3,3,occlusion,occlusion,False,0.05460271239280701,0.7075169682502747,22.19135284423828,0.05460271239280701,0.7075169682502747,22.19135284423828,2.369217531253298,1.7578304062624284
39,blur,medium,2,2,blur,blur,False,0.033892154693603516,0.8486422896385193,25.594032287597656,0.033892154693603516,0.8486422896385193,25.594032287597656,2.369217531253298,1.7578304062624284
40,clean,none,0,0,clean,clean,False,0.0,1.0,100.0,0.0,1.0,100.0,2.369217531253298,1.7578304062624284
41,salt_pepper,high,1,1,salt_pepper,salt_pepper,False,0.029565291479229927,0.868253231048584,27.11942481994629,0.029565291479229927,0.868253231048584,27.11942481994629,2.369217531253298,1.7578304062624284
42,occlusion,high,3,3,occlusion,occlusion,False,0.025579148903489113,0.8307676911354065,25.739009857177734,0.025579148903489113,0.8307676911354065,25.739009857177734,2.369217531253298,1.7578304062624284
43,salt_pepper,low,1,1,salt_pepper,salt_pepper,False,0.02460208535194397,0.8460175395011902,29.406192779541016,0.02460208535194397,0.8460175395011902,29.406192779541016,2.369217531253298,1.7578304062624284
44,salt_pepper,high,1,1,salt_pepper,salt_pepper,False,0.03193273767828941,0.8752492070198059,25.431364059448242,0.03193273767828941,0.8752492070198059,25.431364059448242,2.369217531253298,1.7578304062624284
45,occlusion,medium,3,3,occlusion,occlusion,False,0.03464276343584061,0.7693875432014465,23.610488891601562,0.03464276343584061,0.7693875432014465,23.610488891601562,2.369217531253298,1.7578304062624284
46,occlusion,high,3,3,occlusion,occlusion,False,0.023881418630480766,0.7342500686645508,26.57038688659668,0.023881418630480766,0.7342500686645508,26.57038688659668,2.369217531253298,1.7578304062624284
47,clean,none,0,0,clean,clean,False,0.0,1.0,100.0,0.0,1.0,100.0,2.369217531253298,1.7578304062624284
48,clean,none,0,0,clean,clean,False,0.0,1.0,100.0,0.0,1.0,100.0,2.369217531253298,1.7578304062624284
49,salt_pepper,medium,1,1,salt_pepper,salt_pepper,False,0.02458936907351017,0.868959367275238,28.86775016784668,0.02458936907351017,0.868959367275238,28.86775016784668,2.369217531253298,1.7578304062624284
50,occlusion,medium,3,3,occlusion,occlusion,False,0.02637922205030918,0.8534877300262451,25.990564346313477,0.02637922205030918,0.8534877300262451,25.990564346313477,2.369217531253298,1.7578304062624284
51,clean,none,0,0,clean,clean,False,0.0,1.0,100.0,0.0,1.0,100.0,2.369217531253298,1.7578304062624284
52,occlusion,high,3,3,occlusion,occlusion,False,0.04217054322361946,0.822991132736206,23.49472999572754,0.04217054322361946,0.822991132736206,23.49472999572754,2.369217531253298,1.7578304062624284
53,salt_pepper,medium,1,1,salt_pepper,salt_pepper,False,0.036154236644506454,0.8406786322593689,25.367694854736328,0.036154236644506454,0.8406786322593689,25.367694854736328,2.369217531253298,1.7578304062624284
54,clean,none,0,0,clean,clean,False,0.0,1.0,100.0,0.0,1.0,100.0,2.369217531253298,1.7578304062624284
55,salt_pepper,high,1,1,salt_pepper,salt_pepper,False,0.04336847364902496,0.7325578331947327,24.595195770263672,0.04336847364902496,0.7325578331947327,24.595195770263672,2.369217531253298,1.7578304062624284
56,occlusion,high,3,3,occlusion,occlusion,False,0.03579753637313843,0.7211470603942871,24.01919937133789,0.03579753637313843,0.7211470603942871,24.01919937133789,2.369217531253298,1.7578304062624284
57,salt_pepper,medium,1,1,salt_pepper,salt_pepper,False,0.07497623562812805,0.7004806399345398,18.939836502075195,0.07497623562812805,0.7004806399345398,18.939836502075195,2.369217531253298,1.7578304062624284
58,blur,low,2,2,blur,blur,False,0.0270087793469429,0.8200003504753113,27.96799087524414,0.0270087793469429,0.8200003504753113,27.96799087524414,2.369217531253298,1.7578304062624284
59,clean,none,0,0,clean,clean,False,0.0,1.0,100.0,0.0,1.0,100.0,2.369217531253298,1.7578304062624284
60,clean,none,0,0,clean,clean,False,0.0,1.0,100.0,0.0,1.0,100.0,2.369217531253298,1.7578304062624284
61,salt_pepper,low,1,1,salt_pepper,salt_pepper,False,0.018654396757483482,0.9157147407531738,28.374412536621094,0.018654396757483482,0.9157147407531738,28.374412536621094,2.369217531253298,1.7578304062624284
62,blur,high,2,2,blur,blur,False,0.03523451089859009,0.882652759552002,26.063579559326172,0.03523451089859009,0.882652759552002,26.063579559326172,2.369217531253298,1.7578304062624284
63,blur,medium,2,2,blur,blur,False,0.020558105781674385,0.9001860022544861,30.979740142822266,0.020558105781674385,0.9001860022544861,30.979740142822266,2.369217531253298,1.7578304062624284
64,salt_pepper,medium,1,1,salt_pepper,salt_pepper,False,0.034992244094610214,0.8270253539085388,25.620868682861328,0.034992244094610214,0.8270253539085388,25.620868682861328,2.2599913437488794,1.914340531243397
65,clean,none,0,0,clean,clean,False,0.0,1.0,100.0,0.0,1.0,100.0,2.2599913437488794,1.914340531243397
66,blur,medium,2,2,blur,blur,False,0.031172722578048706,0.8853116035461426,27.417842864990234,0.031172722578048706,0.8853116035461426,27.417842864990234,2.2599913437488794,1.914340531243397
67,clean,none,0,0,clean,clean,False,0.0,1.0,100.0,0.0,1.0,100.0,2.2599913437488794,1.914340531243397
68,clean,none,0,0,clean,clean,False,0.0,1.0,100.0,0.0,1.0,100.0,2.2599913437488794,1.914340531243397
69,clean,none,0,0,clean,clean,False,0.0,1.0,100.0,0.0,1.0,100.0,2.2599913437488794,1.914340531243397
70,blur,medium,2,2,blur,blur,False,0.024220315739512444,0.8687148690223694,29.544219970703125,0.024220315739512444,0.8687148690223694,29.544219970703125,2.2599913437488794,1.914340531243397
71,occlusion,low,3,3,occlusion,occlusion,False,0.057463791221380234,0.7137613296508789,20.913000106811523,0.057463791221380234,0.7137613296508789,20.913000106811523,2.2599913437488794,1.914340531243397
72,blur,medium,2,2,blur,blur,False,0.032848961651325226,0.8263108730316162,26.24972152709961,0.032848961651325226,0.8263108730316162,26.24972152709961,2.2599913437488794,1.914340531243397
73,occlusion,medium,3,3,occlusion,occlusion,False,0.07967108488082886,0.4538278877735138,19.023914337158203,0.07967108488082886,0.4538278877735138,19.023914337158203,2.2599913437488794,1.914340531243397
74,salt_pepper,high,1,1,salt_pepper,salt_pepper,False,0.03673819825053215,0.8644656538963318,25.20608139038086,0.03673819825053215,0.8644656538963318,25.20608139038086,2.2599913437488794,1.914340531243397
75,blur,low,2,2,blur,blur,False,0.06018151715397835,0.7447317242622375,20.81334114074707,0.06018151715397835,0.7447317242622375,20.81334114074707,2.2599913437488794,1.914340531243397
76,occlusion,medium,3,3,occlusion,occlusion,False,0.051405247300863266,0.6822404861450195,22.08427619934082,0.051405247300863266,0.6822404861450195,22.08427619934082,2.2599913437488794,1.914340531243397
77,salt_pepper,medium,1,1,salt_pepper,salt_pepper,False,0.033104296773672104,0.9035220742225647,26.54344940185547,0.033104296773672104,0.9035220742225647,26.54344940185547,2.2599913437488794,1.914340531243397
78,salt_pepper,high,1,1,salt_pepper,salt_pepper,False,0.04374324902892113,0.7840132117271423,24.2788143157959,0.04374324902892113,0.7840132117271423,24.2788143157959,2.2599913437488794,1.914340531243397
79,blur,high,2,2,blur,blur,False,0.05571236088871956,0.6574558615684509,21.68492317199707,0.05571236088871956,0.6574558615684509,21.68492317199707,2.2599913437488794,1.914340531243397
80,salt_pepper,low,1,1,salt_pepper,salt_pepper,False,0.04121934995055199,0.8665370345115662,25.14838981628418,0.04121934995055199,0.8665370345115662,25.14838981628418,2.2599913437488794,1.914340531243397
81,salt_pepper,medium,1,1,salt_pepper,salt_pepper,False,0.04371698573231697,0.8293359875679016,24.27972984313965,0.04371698573231697,0.8293359875679016,24.27972984313965,2.2599913437488794,1.914340531243397
82,clean,none,0,0,clean,clean,False,0.0,1.0,100.0,0.0,1.0,100.0,2.2599913437488794,1.914340531243397
83,occlusion,high,3,3,occlusion,occlusion,False,0.07549040764570236,0.4800882041454315,18.345273971557617,0.07549040764570236,0.4800882041454315,18.345273971557617,2.2599913437488794,1.914340531243397
84,blur,medium,2,2,blur,blur,False,0.05638105794787407,0.6314088702201843,22.413530349731445,0.05638105794787407,0.6314088702201843,22.413530349731445,2.2599913437488794,1.914340531243397
85,blur,high,2,2,blur,blur,False,0.050278082489967346,0.7740381360054016,23.12403106689453,0.050278082489967346,0.7740381360054016,23.12403106689453,2.2599913437488794,1.914340531243397
86,salt_pepper,high,1,1,salt_pepper,salt_pepper,False,0.0223186407238245,0.8906572461128235,29.34280014038086,0.0223186407238245,0.8906572461128235,29.34280014038086,2.2599913437488794,1.914340531243397
87,occlusion,medium,3,3,occlusion,occlusion,False,0.05312071740627289,0.6731937527656555,21.496097564697266,0.05312071740627289,0.6731937527656555,21.496097564697266,2.2599913437488794,1.914340531243397
88,salt_pepper,medium,1,1,salt_pepper,salt_pepper,False,0.02841833233833313,0.8920647501945496,28.198287963867188,0.02841833233833313,0.8920647501945496,28.198287963867188,2.2599913437488794,1.914340531243397
89,occlusion,medium,3,3,occlusion,occlusion,False,0.05498535558581352,0.6647858023643494,20.71219253540039,0.05498535558581352,0.6647858023643494,20.71219253540039,2.2599913437488794,1.914340531243397
90,occlusion,high,3,3,occlusion,occlusion,False,0.05667160823941231,0.6002644896507263,21.86385154724121,0.05667160823941231,0.6002644896507263,21.86385154724121,2.2599913437488794,1.914340531243397
91,salt_pepper,low,1,1,salt_pepper,salt_pepper,False,0.03260523080825806,0.848988950252533,25.2562255859375,0.03260523080825806,0.848988950252533,25.2562255859375,2.2599913437488794,1.914340531243397
92,salt_pepper,medium,1,1,salt_pepper,salt_pepper,False,0.04024626314640045,0.818476140499115,25.043270111083984,0.04024626314640045,0.818476140499115,25.043270111083984,2.2599913437488794,1.914340531243397
93,occlusion,medium,3,3,occlusion,occlusion,False,0.037715647369623184,0.7479063868522644,23.66891098022461,0.037715647369623184,0.7479063868522644,23.66891098022461,2.2599913437488794,1.914340531243397
94,occlusion,high,3,3,occlusion,occlusion,False,0.05678415298461914,0.6494050025939941,21.76972198486328,0.05678415298461914,0.6494050025939941,21.76972198486328,2.2599913437488794,1.914340531243397
95,occlusion,low,3,3,occlusion,occlusion,False,0.058479953557252884,0.6794199347496033,20.38227081298828,0.058479953557252884,0.6794199347496033,20.38227081298828,2.2599913437488794,1.914340531243397
96,salt_pepper,medium,1,1,salt_pepper,salt_pepper,False,0.043000999838113785,0.7884116172790527,23.945430755615234,0.043000999838113785,0.7884116172790527,23.945430755615234,1.8643941562572763,1.530277625022336
97,blur,high,2,2,blur,blur,False,0.032100893557071686,0.8853815197944641,26.502422332763672,0.032100893557071686,0.8853815197944641,26.502422332763672,1.8643941562572763,1.530277625022336
98,clean,none,0,0,clean,clean,False,0.0,1.0,100.0,0.0,1.0,100.0,1.8643941562572763,1.530277625022336
99,occlusion,high,3,3,occlusion,occlusion,False,0.08853980898857117,0.5638208389282227,17.335182189941406,0.08853980898857117,0.5638208389282227,17.335182189941406,1.8643941562572763,1.530277625022336
100,salt_pepper,medium,1,1,salt_pepper,salt_pepper,False,0.02529505454003811,0.8826521039009094,28.68227195739746,0.02529505454003811,0.8826521039009094,28.68227195739746,1.8643941562572763,1.530277625022336
101,blur,low,2,2,blur,blur,False,0.05944560468196869,0.6799241900444031,22.205768585205078,0.05944560468196869,0.6799241900444031,22.205768585205078,1.8643941562572763,1.530277625022336
102,salt_pepper,low,1,1,salt_pepper,salt_pepper,False,0.03379370644688606,0.8334024548530579,26.488988876342773,0.03379370644688606,0.8334024548530579,26.488988876342773,1.8643941562572763,1.530277625022336
103,occlusion,low,3,3,occlusion,occlusion,False,0.054765474051237106,0.739732563495636,21.92144775390625,0.054765474051237106,0.739732563495636,21.92144775390625,1.8643941562572763,1.530277625022336
104,salt_pepper,high,1,1,salt_pepper,salt_pepper,False,0.03144659847021103,0.8860381245613098,27.07277488708496,0.03144659847021103,0.8860381245613098,27.07277488708496,1.8643941562572763,1.530277625022336
105,salt_pepper,low,1,1,salt_pepper,salt_pepper,False,0.03025287203490734,0.8602082133293152,27.813777923583984,0.03025287203490734,0.8602082133293152,27.813777923583984,1.8643941562572763,1.530277625022336
106,clean,none,0,0,clean,clean,False,0.0,1.0,100.0,0.0,1.0,100.0,1.8643941562572763,1.530277625022336
107,salt_pepper,high,1,1,salt_pepper,salt_pepper,False,0.030716316774487495,0.8809159398078918,26.56669807434082,0.030716316774487495,0.8809159398078918,26.56669807434082,1.8643941562572763,1.530277625022336
108,salt_pepper,high,1,1,salt_pepper,salt_pepper,False,0.03597975894808769,0.8431670665740967,25.437257766723633,0.03597975894808769,0.8431670665740967,25.437257766723633,1.8643941562572763,1.530277625022336
109,salt_pepper,low,1,1,salt_pepper,salt_pepper,False,0.027768880128860474,0.9021022319793701,27.914552688598633,0.027768880128860474,0.9021022319793701,27.914552688598633,1.8643941562572763,1.530277625022336
110,clean,none,0,0,clean,clean,False,0.0,1.0,100.0,0.0,1.0,100.0,1.8643941562572763,1.530277625022336
111,blur,medium,2,2,blur,blur,False,0.022019030526280403,0.9117476940155029,29.92417335510254,0.022019030526280403,0.9117476940155029,29.92417335510254,1.8643941562572763,1.530277625022336
112,clean,none,0,0,clean,clean,False,0.0,1.0,100.0,0.0,1.0,100.0,1.8643941562572763,1.530277625022336
113,salt_pepper,high,1,1,salt_pepper,salt_pepper,False,0.031004412099719048,0.876244843006134,26.46234703063965,0.031004412099719048,0.876244843006134,26.46234703063965,1.8643941562572763,1.530277625022336
114,blur,high,2,2,blur,blur,False,0.04467642307281494,0.7323138117790222,24.015735626220703,0.04467642307281494,0.7323138117790222,24.015735626220703,1.8643941562572763,1.530277625022336
115,salt_pepper,low,1,1,salt_pepper,salt_pepper,False,0.028824537992477417,0.9096407890319824,26.711719512939453,0.028824537992477417,0.9096407890319824,26.711719512939453,1.8643941562572763,1.530277625022336
116,blur,medium,2,2,blur,blur,False,0.03369075432419777,0.8813795447349548,26.59379005432129,0.03369075432419777,0.8813795447349548,26.59379005432129,1.8643941562572763,1.530277625022336
117,blur,medium,2,2,blur,blur,False,0.03584910184144974,0.8711636066436768,25.805397033691406,0.03584910184144974,0.8711636066436768,25.805397033691406,1.8643941562572763,1.530277625022336
118,occlusion,medium,3,3,occlusion,occlusion,False,0.04415939375758171,0.7668595910072327,23.859586715698242,0.04415939375758171,0.7668595910072327,23.859586715698242,1.8643941562572763,1.530277625022336
119,occlusion,low,3,3,occlusion,occlusion,False,0.05637095868587494,0.732781708240509,21.8548583984375,0.05637095868587494,0.732781708240509,21.8548583984375,1.8643941562572763,1.530277625022336
120,blur,medium,2,2,blur,blur,False,0.04086081311106682,0.7496611475944519,24.931507110595703,0.04086081311106682,0.7496611475944519,24.931507110595703,1.8643941562572763,1.530277625022336
121,salt_pepper,high,1,1,salt_pepper,salt_pepper,False,0.05687316879630089,0.6803193688392639,22.0054931640625,0.05687316879630089,0.6803193688392639,22.0054931640625,1.8643941562572763,1.530277625022336
122,salt_pepper,high,1,1,salt_pepper,salt_pepper,False,0.024200253188610077,0.8978376388549805,29.469379425048828,0.024200253188610077,0.8978376388549805,29.469379425048828,1.8643941562572763,1.530277625022336
123,blur,medium,2,2,blur,blur,False,0.047832753509283066,0.8379640579223633,23.759048461914062,0.047832753509283066,0.8379640579223633,23.759048461914062,1.8643941562572763,1.530277625022336
124,occlusion,medium,3,3,occlusion,occlusion,False,0.055135343223810196,0.7482607364654541,21.77013397216797,0.055135343223810196,0.7482607364654541,21.77013397216797,1.8643941562572763,1.530277625022336
125,salt_pepper,medium,1,1,salt_pepper,salt_pepper,False,0.02945254184305668,0.886071503162384,26.256093978881836,0.02945254184305668,0.886071503162384,26.256093978881836,1.8643941562572763,1.530277625022336
126,occlusion,medium,3,3,occlusion,occlusion,False,0.05821605399250984,0.6510851383209229,22.07061004638672,0.05821605399250984,0.6510851383209229,22.07061004638672,1.8643941562572763,1.530277625022336
127,clean,none,0,0,clean,clean,False,0.0,1.0,100.0,0.0,1.0,100.0,1.8643941562572763,1.530277625022336
128,occlusion,medium,3,3,occlusion,occlusion,False,0.06433287262916565,0.714881181716919,18.842405319213867,0.06433288007974625,0.7148813605308533,18.842403411865234,1.3282810312489346,1.4107068437567705
129,clean,none,0,0,clean,clean,False,0.0,1.0,100.0,0.0,1.0,100.0,1.3282810312489346,1.4107068437567705
130,salt_pepper,high,1,1,salt_pepper,salt_pepper,False,0.04499286413192749,0.8400099873542786,24.044992446899414,0.04499286413192749,0.8400099873542786,24.044992446899414,1.3282810312489346,1.4107068437567705
131,blur,high,2,2,blur,blur,False,0.047743961215019226,0.7364888191223145,23.49176788330078,0.047743961215019226,0.7364888191223145,23.49176788330078,1.3282810312489346,1.4107068437567705
132,occlusion,medium,3,3,occlusion,occlusion,False,0.05527195334434509,0.6723523139953613,21.874589920043945,0.05527195334434509,0.6723520755767822,21.874589920043945,1.3282810312489346,1.4107068437567705
133,blur,medium,2,2,blur,blur,False,0.0520736388862133,0.7536830902099609,22.0595645904541,0.0520736388862133,0.7536830902099609,22.0595645904541,1.3282810312489346,1.4107068437567705
134,salt_pepper,medium,1,1,salt_pepper,salt_pepper,False,0.04687880352139473,0.7387909889221191,23.151330947875977,0.04687880352139473,0.7387909889221191,23.151330947875977,1.3282810312489346,1.4107068437567705
135,clean,none,0,0,clean,clean,False,0.0,1.0,100.0,0.0,1.0,100.0,1.3282810312489346,1.4107068437567705
136,clean,none,0,0,clean,clean,False,0.0,1.0,100.0,0.0,1.0,100.0,1.3282810312489346,1.4107068437567705
137,salt_pepper,high,1,1,salt_pepper,salt_pepper,False,0.055341530591249466,0.7177734375,22.644229888916016,0.055341530591249466,0.7177734375,22.644229888916016,1.3282810312489346,1.4107068437567705
138,blur,medium,2,2,blur,blur,False,0.04624049738049507,0.8046773076057434,23.979705810546875,0.04624049738049507,0.8046773076057434,23.979705810546875,1.3282810312489346,1.4107068437567705
139,occlusion,high,3,3,occlusion,occlusion,False,0.06044634059071541,0.6655675172805786,20.149824142456055,0.06044634059071541,0.6655675768852234,20.149824142456055,1.3282810312489346,1.4107068437567705
140,clean,none,0,0,clean,clean,False,0.0,1.0,100.0,0.0,1.0,100.0,1.3282810312489346,1.4107068437567705
141,salt_pepper,high,1,1,salt_pepper,salt_pepper,False,0.04273384436964989,0.7962226271629333,24.59540557861328,0.04273384436964989,0.7962226271629333,24.59540557861328,1.3282810312489346,1.4107068437567705
142,clean,none,0,0,clean,clean,False,0.0,1.0,100.0,0.0,1.0,100.0,1.3282810312489346,1.4107068437567705
143,blur,low,2,2,blur,blur,False,0.029058724641799927,0.857262134552002,27.76582908630371,0.029058724641799927,0.857262134552002,27.76582908630371,1.3282810312489346,1.4107068437567705
144,blur,medium,2,2,blur,blur,False,0.037773676216602325,0.8415046334266663,24.910797119140625,0.037773676216602325,0.8415046334266663,24.910797119140625,1.3282810312489346,1.4107068437567705
145,blur,medium,2,2,blur,blur,False,0.046647146344184875,0.7562904357910156,23.344402313232422,0.046647146344184875,0.7562904357910156,23.344402313232422,1.3282810312489346,1.4107068437567705
146,occlusion,medium,3,3,occlusion,occlusion,False,0.05879503861069679,0.6616859436035156,20.186681747436523,0.05879503861069679,0.6616859436035156,20.186681747436523,1.3282810312489346,1.4107068437567705
147,occlusion,medium,3,3,occlusion,occlusion,False,0.0407998263835907,0.7990480065345764,24.23450469970703,0.0407998226583004,0.7990479469299316,24.234506607055664,1.3282810312489346,1.4107068437567705
148,salt_pepper,medium,1,1,salt_pepper,salt_pepper,False,0.035881783813238144,0.7853078842163086,25.591808319091797,0.035881783813238144,0.7853078842163086,25.591808319091797,1.3282810312489346,1.4107068437567705
149,blur,low,2,2,blur,blur,False,0.04695828631520271,0.7634922862052917,23.023374557495117,0.04695828631520271,0.7634922862052917,23.023374557495117,1.3282810312489346,1.4107068437567705
150,blur,high,2,2,blur,blur,False,0.052751798182725906,0.7272995114326477,22.671335220336914,0.052751798182725906,0.7272995114326477,22.671335220336914,1.3282810312489346,1.4107068437567705
151,salt_pepper,high,1,1,salt_pepper,salt_pepper,False,0.03258354589343071,0.8921522498130798,26.548988342285156,0.03258354589343071,0.8921522498130798,26.548988342285156,1.3282810312489346,1.4107068437567705
152,occlusion,low,3,0,occlusion,clean,True,0.01730167306959629,0.8848116993904114,24.185888290405273,0.03232860937714577,0.8026302456855774,26.985069274902344,1.3282810312489346,1.4107068437567705
153,salt_pepper,low,1,1,salt_pepper,salt_pepper,False,0.039618443697690964,0.8320347666740417,25.060636520385742,0.039618443697690964,0.8320347666740417,25.060636520385742,1.3282810312489346,1.4107068437567705
154,blur,low,2,2,blur,blur,False,0.03920818492770195,0.7461424469947815,24.694442749023438,0.03920818492770195,0.7461424469947815,24.694442749023438,1.3282810312489346,1.4107068437567705
155,salt_pepper,high,1,1,salt_pepper,salt_pepper,False,0.05938045680522919,0.8088602423667908,22.294919967651367,0.05938045680522919,0.8088602423667908,22.294919967651367,1.3282810312489346,1.4107068437567705
156,occlusion,low,3,0,occlusion,clean,True,0.03184806928038597,0.8934283256530762,18.618148803710938,0.06976302713155746,0.5589060187339783,20.2187442779541,1.3282810312489346,1.4107068437567705
157,clean,none,0,0,clean,clean,False,0.0,1.0,100.0,0.0,1.0,100.0,1.3282810312489346,1.4107068437567705
158,occlusion,medium,3,3,occlusion,occlusion,False,0.05504416301846504,0.7063477635383606,20.59565544128418,0.05504417046904564,0.7063477039337158,20.59565544128418,1.3282810312489346,1.4107068437567705
159,occlusion,low,3,3,occlusion,occlusion,False,0.044255223125219345,0.7700908184051514,23.127267837524414,0.04425521567463875,0.7700908780097961,23.127267837524414,1.3282810312489346,1.4107068437567705
160,occlusion,low,3,3,occlusion,occlusion,False,0.05367792025208473,0.7082023620605469,21.608675003051758,0.05367792025208473,0.7082023620605469,21.608675003051758,2.7339327812683223,1.3233041249804955
161,salt_pepper,medium,1,1,salt_pepper,salt_pepper,False,0.05321572348475456,0.8600115776062012,22.394203186035156,0.05321572348475456,0.8600115776062012,22.394203186035156,2.7339327812683223,1.3233041249804955
162,clean,none,0,0,clean,clean,False,0.0,1.0,100.0,0.0,1.0,100.0,2.7339327812683223,1.3233041249804955
163,blur,medium,2,2,blur,blur,False,0.145475834608078,0.5006627440452576,14.72297191619873,0.145475834608078,0.5006627440452576,14.72297191619873,2.7339327812683223,1.3233041249804955
164,occlusion,medium,3,3,occlusion,occlusion,False,0.12133999913930893,0.48973599076271057,15.97412109375,0.12133999913930893,0.48973599076271057,15.97412109375,2.7339327812683223,1.3233041249804955
165,clean,none,0,0,clean,clean,False,0.0,1.0,100.0,0.0,1.0,100.0,2.7339327812683223,1.3233041249804955
166,blur,medium,2,2,blur,blur,False,0.045993462204933167,0.8533356189727783,24.066268920898438,0.045993462204933167,0.8533356189727783,24.066268920898438,2.7339327812683223,1.3233041249804955
167,clean,none,0,0,clean,clean,False,0.0,1.0,100.0,0.0,1.0,100.0,2.7339327812683223,1.3233041249804955
168,blur,low,2,2,blur,blur,False,0.062510646879673,0.7053988575935364,21.995166778564453,0.062510646879673,0.7053988575935364,21.995166778564453,2.7339327812683223,1.3233041249804955
169,salt_pepper,high,1,1,salt_pepper,salt_pepper,False,0.04407575726509094,0.7768151164054871,24.3875675201416,0.04407575726509094,0.7768151164054871,24.3875675201416,2.7339327812683223,1.3233041249804955
170,blur,medium,2,2,blur,blur,False,0.03909477964043617,0.8648293018341064,25.262451171875,0.03909477964043617,0.8648293018341064,25.262451171875,2.7339327812683223,1.3233041249804955
171,clean,none,0,0,clean,clean,False,0.0,1.0,100.0,0.0,1.0,100.0,2.7339327812683223,1.3233041249804955
172,blur,high,2,2,blur,blur,False,0.02521173655986786,0.8510646820068359,28.000247955322266,0.02521173655986786,0.8510646820068359,28.000247955322266,2.7339327812683223,1.3233041249804955
173,clean,none,0,0,clean,clean,False,0.0,1.0,100.0,0.0,1.0,100.0,2.7339327812683223,1.3233041249804955
174,occlusion,medium,3,3,occlusion,occlusion,False,0.0577656589448452,0.6307161450386047,19.791034698486328,0.0577656589448452,0.6307161450386047,19.791034698486328,2.7339327812683223,1.3233041249804955
175,blur,low,2,2,blur,blur,False,0.06773979216814041,0.6808744072914124,21.260622024536133,0.06773979216814041,0.6808744072914124,21.260622024536133,2.7339327812683223,1.3233041249804955
176,occlusion,high,3,3,occlusion,occlusion,False,0.06908944249153137,0.665195882320404,19.647319793701172,0.06908944249153137,0.665195882320404,19.647319793701172,2.7339327812683223,1.3233041249804955
177,clean,none,0,0,clean,clean,False,0.0,1.0,100.0,0.0,1.0,100.0,2.7339327812683223,1.3233041249804955
178,salt_pepper,low,1,1,salt_pepper,salt_pepper,False,0.04121248051524162,0.850687563419342,24.905168533325195,0.04121248051524162,0.850687563419342,24.905168533325195,2.7339327812683223,1.3233041249804955
179,salt_pepper,medium,1,1,salt_pepper,salt_pepper,False,0.05790458992123604,0.7793422341346741,22.197294235229492,0.05790458992123604,0.7793422341346741,22.197294235229492,2.7339327812683223,1.3233041249804955
180,salt_pepper,high,1,1,salt_pepper,salt_pepper,False,0.0639156624674797,0.7366510033607483,20.811241149902344,0.0639156624674797,0.7366510033607483,20.811241149902344,2.7339327812683223,1.3233041249804955
181,blur,medium,2,2,blur,blur,False,0.035963475704193115,0.8539312481880188,25.623218536376953,0.035963475704193115,0.8539312481880188,25.623218536376953,2.7339327812683223,1.3233041249804955
182,salt_pepper,low,1,1,salt_pepper,salt_pepper,False,0.04199661314487457,0.8202059864997864,24.630516052246094,0.04199661314487457,0.8202059864997864,24.630516052246094,2.7339327812683223,1.3233041249804955
183,blur,low,2,2,blur,blur,False,0.045010920614004135,0.7409750819206238,24.23679542541504,0.045010920614004135,0.7409750819206238,24.23679542541504,2.7339327812683223,1.3233041249804955
184,blur,high,2,2,blur,blur,False,0.037452105432748795,0.8297126889228821,25.33870506286621,0.037452105432748795,0.8297126889228821,25.33870506286621,2.7339327812683223,1.3233041249804955
185,salt_pepper,low,1,1,salt_pepper,salt_pepper,False,0.07510306686162949,0.6327425837516785,19.011375427246094,0.07510306686162949,0.6327425837516785,19.011375427246094,2.7339327812683223,1.3233041249804955
186,salt_pepper,high,1,1,salt_pepper,salt_pepper,False,0.05371720716357231,0.8007850646972656,22.986289978027344,0.05371720716357231,0.8007850646972656,22.986289978027344,2.7339327812683223,1.3233041249804955
187,clean,none,0,0,clean,clean,False,0.0,1.0,100.0,0.0,1.0,100.0,2.7339327812683223,1.3233041249804955
188,clean,none,0,0,clean,clean,False,0.0,1.0,100.0,0.0,1.0,100.0,2.7339327812683223,1.3233041249804955
189,clean,none,0,0,clean,clean,False,0.0,1.0,100.0,0.0,1.0,100.0,2.7339327812683223,1.3233041249804955
190,blur,medium,2,2,blur,blur,False,0.044539857655763626,0.8927494883537292,22.045536041259766,0.044539857655763626,0.8927494883537292,22.045536041259766,2.7339327812683223,1.3233041249804955
191,blur,high,2,2,blur,blur,False,0.049953658133745193,0.7562872767448425,23.050615310668945,0.049953658133745193,0.7562872767448425,23.050615310668945,2.7339327812683223,1.3233041249804955
192,blur,medium,2,2,blur,blur,False,0.03495417535305023,0.8516806960105896,25.786897659301758,0.03495417535305023,0.8516806960105896,25.786897659301758,1.8853625625183668,1.8909719062492059
193,blur,medium,2,2,blur,blur,False,0.05388769879937172,0.7608254551887512,22.650249481201172,0.05388769879937172,0.7608254551887512,22.650249481201172,1.8853625625183668,1.8909719062492059
194,blur,low,2,2,blur,blur,False,0.057276640087366104,0.7460376620292664,22.322975158691406,0.057276640087366104,0.7460376620292664,22.322975158691406,1.8853625625183668,1.8909719062492059
195,blur,high,2,2,blur,blur,False,0.04482433199882507,0.766577959060669,24.075439453125,0.04482433199882507,0.766577959060669,24.075439453125,1.8853625625183668,1.8909719062492059
196,occlusion,high,3,3,occlusion,occlusion,False,0.05446464940905571,0.7114365696907043,20.948558807373047,0.05446464940905571,0.7114365696907043,20.948558807373047,1.8853625625183668,1.8909719062492059
197,occlusion,high,3,3,occlusion,occlusion,False,0.057494405657052994,0.7143552899360657,20.889934539794922,0.057494405657052994,0.7143552899360657,20.889934539794922,1.8853625625183668,1.8909719062492059
198,salt_pepper,high,1,1,salt_pepper,salt_pepper,False,0.04504935070872307,0.799713134765625,23.151559829711914,0.04504935070872307,0.799713134765625,23.151559829711914,1.8853625625183668,1.8909719062492059
199,salt_pepper,high,1,1,salt_pepper,salt_pepper,False,0.03404731675982475,0.8682592511177063,26.603391647338867,0.03404731675982475,0.8682592511177063,26.603391647338867,1.8853625625183668,1.8909719062492059
200,occlusion,high,3,3,occlusion,occlusion,False,0.067006915807724,0.6207467913627625,20.043621063232422,0.067006915807724,0.6207467913627625,20.043621063232422,1.8853625625183668,1.8909719062492059
201,clean,none,0,0,clean,clean,False,0.0,1.0,100.0,0.0,1.0,100.0,1.8853625625183668,1.8909719062492059
202,blur,low,2,2,blur,blur,False,0.03818326070904732,0.9080815315246582,25.032695770263672,0.03818326070904732,0.9080815315246582,25.032695770263672,1.8853625625183668,1.8909719062492059
203,occlusion,low,3,3,occlusion,occlusion,False,0.052417874336242676,0.7345892786979675,22.935209274291992,0.052417874336242676,0.7345892786979675,22.935209274291992,1.8853625625183668,1.8909719062492059
204,salt_pepper,medium,1,1,salt_pepper,salt_pepper,False,0.05217123404145241,0.7007630467414856,23.218191146850586,0.05217123404145241,0.7007630467414856,23.218191146850586,1.8853625625183668,1.8909719062492059
205,salt_pepper,high,1,1,salt_pepper,salt_pepper,False,0.05591029301285744,0.6666535139083862,22.318056106567383,0.05591029301285744,0.6666535139083862,22.318056106567383,1.8853625625183668,1.8909719062492059
206,occlusion,high,3,3,occlusion,occlusion,False,0.05430242046713829,0.6132950782775879,21.1878662109375,0.05430242046713829,0.6132950782775879,21.1878662109375,1.8853625625183668,1.8909719062492059
207,salt_pepper,medium,1,1,salt_pepper,salt_pepper,False,0.044715315103530884,0.8032369613647461,24.32849884033203,0.044715315103530884,0.8032369613647461,24.32849884033203,1.8853625625183668,1.8909719062492059
208,salt_pepper,medium,1,1,salt_pepper,salt_pepper,False,0.030311724171042442,0.805935800075531,26.342544555664062,0.030311724171042442,0.805935800075531,26.342544555664062,1.8853625625183668,1.8909719062492059
209,salt_pepper,low,1,1,salt_pepper,salt_pepper,False,0.04752042517066002,0.681955099105835,23.97298812866211,0.04752042517066002,0.681955099105835,23.97298812866211,1.8853625625183668,1.8909719062492059
210,clean,none,0,0,clean,clean,False,0.0,1.0,100.0,0.0,1.0,100.0,1.8853625625183668,1.8909719062492059
211,blur,low,2,2,blur,blur,False,0.05194072797894478,0.6803035736083984,23.36627197265625,0.05194072797894478,0.6803035736083984,23.36627197265625,1.8853625625183668,1.8909719062492059
212,occlusion,high,3,3,occlusion,occlusion,False,0.05334213003516197,0.6041452288627625,21.24311065673828,0.05334213003516197,0.6041452288627625,21.24311065673828,1.8853625625183668,1.8909719062492059
213,occlusion,low,3,3,occlusion,occlusion,False,0.03760871663689613,0.7764862179756165,24.893720626831055,0.03760871663689613,0.7764862179756165,24.893720626831055,1.8853625625183668,1.8909719062492059
214,blur,medium,2,2,blur,blur,False,0.04496309161186218,0.7793464660644531,24.390613555908203,0.04496309161186218,0.7793464660644531,24.390613555908203,1.8853625625183668,1.8909719062492059
215,salt_pepper,high,1,1,salt_pepper,salt_pepper,False,0.08454710990190506,0.6463111639022827,18.84555435180664,0.08454710990190506,0.6463111639022827,18.84555435180664,1.8853625625183668,1.8909719062492059
216,clean,none,0,0,clean,clean,False,0.0,1.0,100.0,0.0,1.0,100.0,1.8853625625183668,1.8909719062492059
217,salt_pepper,low,1,1,salt_pepper,salt_pepper,False,0.06279461830854416,0.7321646809577942,20.45696258544922,0.06279461830854416,0.7321646809577942,20.45696258544922,1.8853625625183668,1.8909719062492059
218,salt_pepper,high,1,1,salt_pepper,salt_pepper,False,0.051606178283691406,0.6477672457695007,23.362199783325195,0.051606178283691406,0.6477672457695007,23.362199783325195,1.8853625625183668,1.8909719062492059
219,clean,none,0,0,clean,clean,False,0.0,1.0,100.0,0.0,1.0,100.0,1.8853625625183668,1.8909719062492059
220,occlusion,low,3,3,occlusion,occlusion,False,0.03839423879981041,0.8124065399169922,24.349048614501953,0.03839423879981041,0.8124065399169922,24.349048614501953,1.8853625625183668,1.8909719062492059
221,clean,none,0,0,clean,clean,False,0.0,1.0,100.0,0.0,1.0,100.0,1.8853625625183668,1.8909719062492059
222,blur,low,2,2,blur,blur,False,0.049548689275979996,0.8176866173744202,23.94434356689453,0.049548689275979996,0.8176866173744202,23.94434356689453,1.8853625625183668,1.8909719062492059
223,clean,none,0,0,clean,clean,False,0.0,1.0,100.0,0.0,1.0,100.0,1.8853625625183668,1.8909719062492059
224,occlusion,low,3,0,occlusion,clean,True,0.012303810566663742,0.8903820514678955,26.657011032104492,0.04196600243449211,0.7666447162628174,24.384464263916016,1.6799599999899328,1.7600657187699653
225,clean,none,0,0,clean,clean,False,0.0,1.0,100.0,0.0,1.0,100.0,1.6799599999899328,1.7600657187699653
226,occlusion,medium,3,3,occlusion,occlusion,False,0.030961617827415466,0.7807425856590271,25.422996520996094,0.030961617827415466,0.7807425856590271,25.422996520996094,1.6799599999899328,1.7600657187699653
227,salt_pepper,high,1,1,salt_pepper,salt_pepper,False,0.08093778043985367,0.6770517230033875,19.07192611694336,0.08093778043985367,0.6770517230033875,19.07192611694336,1.6799599999899328,1.7600657187699653
228,occlusion,medium,3,3,occlusion,occlusion,False,0.04337018355727196,0.7004969716072083,23.608722686767578,0.04337018355727196,0.7004969716072083,23.608722686767578,1.6799599999899328,1.7600657187699653
229,occlusion,low,3,3,occlusion,occlusion,False,0.05846294388175011,0.6518315672874451,21.131404876708984,0.05846294388175011,0.6518315672874451,21.131404876708984,1.6799599999899328,1.7600657187699653
230,clean,none,0,0,clean,clean,False,0.0,1.0,100.0,0.0,1.0,100.0,1.6799599999899328,1.7600657187699653
231,blur,high,2,2,blur,blur,False,0.08120714873075485,0.5531714558601379,19.5740966796875,0.08120714873075485,0.5531714558601379,19.5740966796875,1.6799599999899328,1.7600657187699653
232,salt_pepper,medium,1,1,salt_pepper,salt_pepper,False,0.05017104744911194,0.7333163619041443,22.759872436523438,0.05017104744911194,0.7333163619041443,22.759872436523438,1.6799599999899328,1.7600657187699653
233,salt_pepper,high,1,1,salt_pepper,salt_pepper,False,0.04513143002986908,0.8448533415794373,22.98543930053711,0.04513143002986908,0.8448533415794373,22.98543930053711,1.6799599999899328,1.7600657187699653
234,blur,high,2,2,blur,blur,False,0.08653948456048965,0.5931646823883057,18.426231384277344,0.08653948456048965,0.5931646823883057,18.426231384277344,1.6799599999899328,1.7600657187699653
235,blur,high,2,2,blur,blur,False,0.09367293119430542,0.6129068732261658,16.04946517944336,0.09367293119430542,0.6129068732261658,16.04946517944336,1.6799599999899328,1.7600657187699653
236,occlusion,low,3,3,occlusion,occlusion,False,0.02913876809179783,0.8222784996032715,27.14786148071289,0.02913876809179783,0.8222784996032715,27.14786148071289,1.6799599999899328,1.7600657187699653
237,blur,high,2,2,blur,blur,False,0.034118879586458206,0.8089615702629089,25.332046508789062,0.034118879586458206,0.8089615702629089,25.332046508789062,1.6799599999899328,1.7600657187699653
238,blur,high,2,2,blur,blur,False,0.07213194668292999,0.637498140335083,20.49068832397461,0.07213194668292999,0.637498140335083,20.49068832397461,1.6799599999899328,1.7600657187699653
239,clean,none,0,0,clean,clean,False,0.0,1.0,100.0,0.0,1.0,100.0,1.6799599999899328,1.7600657187699653
240,clean,none,0,0,clean,clean,False,0.0,1.0,100.0,0.0,1.0,100.0,1.6799599999899328,1.7600657187699653
241,blur,medium,2,2,blur,blur,False,0.046206071972846985,0.7656006813049316,23.914810180664062,0.046206071972846985,0.7656006813049316,23.914810180664062,1.6799599999899328,1.7600657187699653
242,occlusion,low,3,3,occlusion,occlusion,False,0.07177715748548508,0.6256406903266907,19.343910217285156,0.07177715748548508,0.6256406903266907,19.343910217285156,1.6799599999899328,1.7600657187699653
243,occlusion,medium,3,3,occlusion,occlusion,False,0.053098130971193314,0.6782081723213196,22.056310653686523,0.053098130971193314,0.6782081723213196,22.056310653686523,1.6799599999899328,1.7600657187699653
244,blur,low,2,2,blur,blur,False,0.06276754289865494,0.7419004440307617,21.649784088134766,0.06276754289865494,0.7419004440307617,21.649784088134766,1.6799599999899328,1.7600657187699653
245,salt_pepper,low,1,1,salt_pepper,salt_pepper,False,0.05228421464562416,0.8193699717521667,23.488380432128906,0.05228421464562416,0.8193699717521667,23.488380432128906,1.6799599999899328,1.7600657187699653
246,blur,medium,2,2,blur,blur,False,0.048853758722543716,0.6971475481987,23.2059326171875,0.048853758722543716,0.6971475481987,23.2059326171875,1.6799599999899328,1.7600657187699653
247,blur,low,2,2,blur,blur,False,0.06739956885576248,0.71562260389328,20.247905731201172,0.06739956885576248,0.71562260389328,20.247905731201172,1.6799599999899328,1.7600657187699653
248,salt_pepper,high,1,1,salt_pepper,salt_pepper,False,0.03106609545648098,0.8544371724128723,25.706804275512695,0.03106609545648098,0.8544371724128723,25.706804275512695,1.6799599999899328,1.7600657187699653
249,salt_pepper,low,1,1,salt_pepper,salt_pepper,False,0.04049057886004448,0.807795524597168,24.75110626220703,0.04049057886004448,0.807795524597168,24.75110626220703,1.6799599999899328,1.7600657187699653
250,salt_pepper,medium,1,1,salt_pepper,salt_pepper,False,0.03076828084886074,0.7593377232551575,27.47140121459961,0.03076828084886074,0.7593377232551575,27.47140121459961,1.6799599999899328,1.7600657187699653
251,occlusion,medium,3,3,occlusion,occlusion,False,0.06343386322259903,0.7550027966499329,20.406173706054688,0.06343386322259903,0.7550027966499329,20.406173706054688,1.6799599999899328,1.7600657187699653
252,occlusion,high,3,3,occlusion,occlusion,False,0.07761809229850769,0.5631840229034424,18.771747589111328,0.07761809229850769,0.5631840229034424,18.771747589111328,1.6799599999899328,1.7600657187699653
253,salt_pepper,high,1,1,salt_pepper,salt_pepper,False,0.035964444279670715,0.8199008107185364,26.151906967163086,0.035964444279670715,0.8199008107185364,26.151906967163086,1.6799599999899328,1.7600657187699653
254,salt_pepper,low,1,1,salt_pepper,salt_pepper,False,0.07036323100328445,0.661831259727478,20.543415069580078,0.07036323100328445,0.661831259727478,20.543415069580078,1.6799599999899328,1.7600657187699653
255,clean,none,0,0,clean,clean,False,0.0,1.0,100.0,0.0,1.0,100.0,1.6799599999899328,1.7600657187699653
256,salt_pepper,medium,1,1,salt_pepper,salt_pepper,False,0.03625832870602608,0.8052517771720886,25.250585556030273,0.03625832870602608,0.8052517771720886,25.250585556030273,1.33710846873214,1.3403216874792179
257,clean,none,0,0,clean,clean,False,0.0,1.0,100.0,0.0,1.0,100.0,1.33710846873214,1.3403216874792179
258,clean,none,0,0,clean,clean,False,0.0,1.0,100.0,0.0,1.0,100.0,1.33710846873214,1.3403216874792179
259,salt_pepper,low,1,1,salt_pepper,salt_pepper,False,0.040995124727487564,0.7698894143104553,25.234588623046875,0.040995124727487564,0.7698894143104553,25.234588623046875,1.33710846873214,1.3403216874792179
260,clean,none,0,0,clean,clean,False,0.0,1.0,100.0,0.0,1.0,100.0,1.33710846873214,1.3403216874792179
261,salt_pepper,low,1,1,salt_pepper,salt_pepper,False,0.05653366073966026,0.600518524646759,22.30677604675293,0.05653366073966026,0.600518524646759,22.30677604675293,1.33710846873214,1.3403216874792179
262,occlusion,low,3,3,occlusion,occlusion,False,0.05960799753665924,0.7422797679901123,21.292709350585938,0.05960799753665924,0.7422797679901123,21.292709350585938,1.33710846873214,1.3403216874792179
263,clean,none,0,0,clean,clean,False,0.0,1.0,100.0,0.0,1.0,100.0,1.33710846873214,1.3403216874792179
264,salt_pepper,low,1,1,salt_pepper,salt_pepper,False,0.0659746378660202,0.7329273819923401,20.93545913696289,0.0659746378660202,0.7329273819923401,20.93545913696289,1.33710846873214,1.3403216874792179
265,clean,none,0,0,clean,clean,False,0.0,1.0,100.0,0.0,1.0,100.0,1.33710846873214,1.3403216874792179
266,salt_pepper,low,1,1,salt_pepper,salt_pepper,False,0.030278973281383514,0.9559366106987,28.88622283935547,0.030278973281383514,0.9559366106987,28.88622283935547,1.33710846873214,1.3403216874792179
267,clean,none,0,0,clean,clean,False,0.0,1.0,100.0,0.0,1.0,100.0,1.33710846873214,1.3403216874792179
268,occlusion,medium,3,3,occlusion,occlusion,False,0.06638713926076889,0.5496966242790222,20.80398178100586,0.06638713926076889,0.5496966242790222,20.80398178100586,1.33710846873214,1.3403216874792179
269,occlusion,high,3,3,occlusion,occlusion,False,0.04773309454321861,0.6049695611000061,21.427288055419922,0.04773309454321861,0.6049695611000061,21.427288055419922,1.33710846873214,1.3403216874792179
270,blur,low,2,2,blur,blur,False,0.07172491401433945,0.7023882865905762,20.056058883666992,0.07172491401433945,0.7023882865905762,20.056058883666992,1.33710846873214,1.3403216874792179
271,blur,low,2,2,blur,blur,False,0.05394075810909271,0.7811575531959534,22.626230239868164,0.05394075810909271,0.7811575531959534,22.626230239868164,1.33710846873214,1.3403216874792179
272,blur,low,2,2,blur,blur,False,0.060200825333595276,0.6972715258598328,21.654273986816406,0.060200825333595276,0.6972715258598328,21.654273986816406,1.33710846873214,1.3403216874792179
273,blur,high,2,2,blur,blur,False,0.05051098391413689,0.7056300044059753,22.97924041748047,0.05051098391413689,0.7056300044059753,22.97924041748047,1.33710846873214,1.3403216874792179
274,blur,medium,2,2,blur,blur,False,0.04403533414006233,0.7853119373321533,24.682811737060547,0.04403533414006233,0.7853119373321533,24.682811737060547,1.33710846873214,1.3403216874792179
275,occlusion,low,3,3,occlusion,occlusion,False,0.03901468217372894,0.788992702960968,25.160018920898438,0.03901468217372894,0.788992702960968,25.160018920898438,1.33710846873214,1.3403216874792179
276,clean,none,0,0,clean,clean,False,0.0,1.0,100.0,0.0,1.0,100.0,1.33710846873214,1.3403216874792179
277,salt_pepper,low,1,1,salt_pepper,salt_pepper,False,0.043718963861465454,0.7917935848236084,24.63243865966797,0.043718963861465454,0.7917935848236084,24.63243865966797,1.33710846873214,1.3403216874792179
278,salt_pepper,high,1,1,salt_pepper,salt_pepper,False,0.02837361954152584,0.8253812789916992,28.85245132446289,0.02837361954152584,0.8253812789916992,28.85245132446289,1.33710846873214,1.3403216874792179
279,salt_pepper,low,1,1,salt_pepper,salt_pepper,False,0.030421867966651917,0.8253545761108398,27.13617515563965,0.030421867966651917,0.8253545761108398,27.13617515563965,1.33710846873214,1.3403216874792179
280,blur,high,2,2,blur,blur,False,0.059935618191957474,0.7723846435546875,20.418537139892578,0.059935618191957474,0.7723846435546875,20.418537139892578,1.33710846873214,1.3403216874792179
281,salt_pepper,medium,1,1,salt_pepper,salt_pepper,False,0.05307921767234802,0.7657468914985657,22.585031509399414,0.05307921767234802,0.7657468914985657,22.585031509399414,1.33710846873214,1.3403216874792179
282,clean,none,0,0,clean,clean,False,0.0,1.0,100.0,0.0,1.0,100.0,1.33710846873214,1.3403216874792179
283,clean,none,0,0,clean,clean,False,0.0,1.0,100.0,0.0,1.0,100.0,1.33710846873214,1.3403216874792179
284,occlusion,medium,3,3,occlusion,occlusion,False,0.04700638726353645,0.7676635384559631,21.619245529174805,0.04700638726353645,0.7676635384559631,21.619245529174805,1.33710846873214,1.3403216874792179
285,clean,none,0,0,clean,clean,False,0.0,1.0,100.0,0.0,1.0,100.0,1.33710846873214,1.3403216874792179
286,salt_pepper,medium,1,1,salt_pepper,salt_pepper,False,0.06038155034184456,0.7780606746673584,21.449373245239258,0.06038155034184456,0.7780606746673584,21.449373245239258,1.33710846873214,1.3403216874792179
287,salt_pepper,low,1,1,salt_pepper,salt_pepper,False,0.04539131745696068,0.8134584426879883,19.900320053100586,0.04539131745696068,0.8134584426879883,19.900320053100586,1.33710846873214,1.3403216874792179
288,blur,medium,2,2,blur,blur,False,0.026232818141579628,0.8448023796081543,28.717973709106445,0.026232818141579628,0.8448023796081543,28.717973709106445,1.5059920312410213,1.4517586249951364
289,occlusion,low,3,3,occlusion,occlusion,False,0.02882099710404873,0.8592011332511902,26.782304763793945,0.02882099710404873,0.8592011332511902,26.782304763793945,1.5059920312410213,1.4517586249951364
290,blur,medium,2,2,blur,blur,False,0.10056209564208984,0.6371193528175354,16.363847732543945,0.10056209564208984,0.6371193528175354,16.363847732543945,1.5059920312410213,1.4517586249951364
291,blur,low,2,2,blur,blur,False,0.06303924322128296,0.7009062767028809,21.36188316345215,0.06303924322128296,0.7009062767028809,21.36188316345215,1.5059920312410213,1.4517586249951364
292,occlusion,low,3,3,occlusion,occlusion,False,0.056534480303525925,0.7845198512077332,21.27342414855957,0.056534480303525925,0.7845198512077332,21.27342414855957,1.5059920312410213,1.4517586249951364
293,salt_pepper,low,1,1,salt_pepper,salt_pepper,False,0.04538482427597046,0.7296500205993652,23.667762756347656,0.04538482427597046,0.7296500205993652,23.667762756347656,1.5059920312410213,1.4517586249951364
294,blur,medium,2,2,blur,blur,False,0.07197152823209763,0.6752820014953613,20.17166519165039,0.07197152823209763,0.6752820014953613,20.17166519165039,1.5059920312410213,1.4517586249951364
295,occlusion,high,3,3,occlusion,occlusion,False,0.09888261556625366,0.4552372992038727,16.941734313964844,0.09888261556625366,0.4552372992038727,16.941734313964844,1.5059920312410213,1.4517586249951364
296,clean,none,0,0,clean,clean,False,0.0,1.0,100.0,0.0,1.0,100.0,1.5059920312410213,1.4517586249951364
297,clean,none,0,2,clean,blur,True,0.0401843897998333,0.8732041716575623,24.480701446533203,0.0,1.0,100.0,1.5059920312410213,1.4517586249951364
298,clean,none,0,0,clean,clean,False,0.0,1.0,100.0,0.0,1.0,100.0,1.5059920312410213,1.4517586249951364
299,salt_pepper,medium,1,1,salt_pepper,salt_pepper,False,0.037080179899930954,0.8269684314727783,26.095781326293945,0.037080179899930954,0.8269684314727783,26.095781326293945,1.5059920312410213,1.4517586249951364
300,clean,none,0,0,clean,clean,False,0.0,1.0,100.0,0.0,1.0,100.0,1.5059920312410213,1.4517586249951364
301,occlusion,medium,3,3,occlusion,occlusion,False,0.0812530443072319,0.7341971397399902,16.8211669921875,0.0812530443072319,0.7341971397399902,16.8211669921875,1.5059920312410213,1.4517586249951364
302,salt_pepper,low,1,1,salt_pepper,salt_pepper,False,0.04096008464694023,0.8450947403907776,24.641340255737305,0.04096008464694023,0.8450947403907776,24.641340255737305,1.5059920312410213,1.4517586249951364
303,blur,low,2,2,blur,blur,False,0.07317589968442917,0.6874761581420898,19.98216438293457,0.07317589968442917,0.6874761581420898,19.98216438293457,1.5059920312410213,1.4517586249951364
304,clean,none,0,0,clean,clean,False,0.0,1.0,100.0,0.0,1.0,100.0,1.5059920312410213,1.4517586249951364
305,clean,none,0,0,clean,clean,False,0.0,1.0,100.0,0.0,1.0,100.0,1.5059920312410213,1.4517586249951364
306,salt_pepper,high,1,1,salt_pepper,salt_pepper,False,0.026592403650283813,0.8669502139091492,27.62042808532715,0.026592403650283813,0.8669502139091492,27.62042808532715,1.5059920312410213,1.4517586249951364
307,salt_pepper,medium,1,1,salt_pepper,salt_pepper,False,0.06996705383062363,0.678325355052948,20.16119956970215,0.06996705383062363,0.678325355052948,20.16119956970215,1.5059920312410213,1.4517586249951364
308,salt_pepper,high,1,1,salt_pepper,salt_pepper,False,0.06941796094179153,0.6053110361099243,20.594539642333984,0.06941796094179153,0.6053110361099243,20.594539642333984,1.5059920312410213,1.4517586249951364
309,blur,medium,2,2,blur,blur,False,0.032851267606019974,0.914473295211792,26.52498435974121,0.032851267606019974,0.914473295211792,26.52498435974121,1.5059920312410213,1.4517586249951364
310,blur,low,2,2,blur,blur,False,0.040090788155794144,0.7841423153877258,24.163375854492188,0.040090788155794144,0.7841423153877258,24.163375854492188,1.5059920312410213,1.4517586249951364
311,salt_pepper,medium,1,1,salt_pepper,salt_pepper,False,0.03844058886170387,0.797875165939331,25.262069702148438,0.03844058886170387,0.797875165939331,25.262069702148438,1.5059920312410213,1.4517586249951364
312,salt_pepper,low,1,1,salt_pepper,salt_pepper,False,0.03153477609157562,0.8452796936035156,26.992351531982422,0.03153477609157562,0.8452796936035156,26.992351531982422,1.5059920312410213,1.4517586249951364
313,salt_pepper,low,1,1,salt_pepper,salt_pepper,False,0.029867680743336678,0.879399299621582,27.256261825561523,0.029867680743336678,0.879399299621582,27.256261825561523,1.5059920312410213,1.4517586249951364
314,clean,none,0,0,clean,clean,False,0.0,1.0,100.0,0.0,1.0,100.0,1.5059920312410213,1.4517586249951364
315,occlusion,high,3,3,occlusion,occlusion,False,0.08012720197439194,0.6749560236930847,16.785484313964844,0.08012720197439194,0.6749560236930847,16.785484313964844,1.5059920312410213,1.4517586249951364
316,blur,low,2,2,blur,blur,False,0.037423912435770035,0.7670575976371765,25.639122009277344,0.037423912435770035,0.7670575976371765,25.639122009277344,1.5059920312410213,1.4517586249951364
317,salt_pepper,high,1,1,salt_pepper,salt_pepper,False,0.04247843846678734,0.7427274584770203,24.966718673706055,0.04247843846678734,0.7427274584770203,24.966718673706055,1.5059920312410213,1.4517586249951364
318,salt_pepper,medium,1,1,salt_pepper,salt_pepper,False,0.061244040727615356,0.8511560559272766,19.772829055786133,0.061244040727615356,0.8511560559272766,19.772829055786133,1.5059920312410213,1.4517586249951364
319,occlusion,low,3,3,occlusion,occlusion,False,0.044437091797590256,0.7846701145172119,22.961318969726562,0.044437091797590256,0.7846701145172119,22.961318969726562,1.5059920312410213,1.4517586249951364
320,clean,none,0,0,clean,clean,False,0.0,1.0,100.0,0.0,1.0,100.0,1.3205005312499907,1.324349937505076
321,blur,high,2,2,blur,blur,False,0.0458340048789978,0.7757081985473633,23.716203689575195,0.0458340048789978,0.7757081985473633,23.716203689575195,1.3205005312499907,1.324349937505076
322,salt_pepper,high,1,1,salt_pepper,salt_pepper,False,0.04688386246562004,0.7182376980781555,23.269046783447266,0.04688386246562004,0.7182376980781555,23.269046783447266,1.3205005312499907,1.324349937505076
323,blur,medium,2,2,blur,blur,False,0.09734242409467697,0.5856480002403259,18.156368255615234,0.09734242409467697,0.5856480002403259,18.156368255615234,1.3205005312499907,1.324349937505076
324,salt_pepper,medium,1,1,salt_pepper,salt_pepper,False,0.05198245123028755,0.782305896282196,22.733741760253906,0.05198245123028755,0.782305896282196,22.733741760253906,1.3205005312499907,1.324349937505076
325,blur,low,2,2,blur,blur,False,0.05885936692357063,0.6821455359458923,21.93897247314453,0.05885936692357063,0.6821455359458923,21.93897247314453,1.3205005312499907,1.324349937505076
326,salt_pepper,low,1,1,salt_pepper,salt_pepper,False,0.048476871103048325,0.739166796207428,22.795848846435547,0.048476871103048325,0.739166796207428,22.795848846435547,1.3205005312499907,1.324349937505076
327,clean,none,0,0,clean,clean,False,0.0,1.0,100.0,0.0,1.0,100.0,1.3205005312499907,1.324349937505076
328,blur,high,2,2,blur,blur,False,0.02669403702020645,0.8336042761802673,28.210311889648438,0.02669403702020645,0.8336042761802673,28.210311889648438,1.3205005312499907,1.324349937505076
329,salt_pepper,medium,1,1,salt_pepper,salt_pepper,False,0.04984213039278984,0.7257227897644043,22.96784210205078,0.04984213039278984,0.7257227897644043,22.96784210205078,1.3205005312499907,1.324349937505076
330,clean,none,0,0,clean,clean,False,0.0,1.0,100.0,0.0,1.0,100.0,1.3205005312499907,1.324349937505076
331,clean,none,0,0,clean,clean,False,0.0,1.0,100.0,0.0,1.0,100.0,1.3205005312499907,1.324349937505076
332,salt_pepper,high,1,1,salt_pepper,salt_pepper,False,0.044696975499391556,0.8406923413276672,24.604148864746094,0.044696975499391556,0.8406923413276672,24.604148864746094,1.3205005312499907,1.324349937505076
333,clean,none,0,0,clean,clean,False,0.0,1.0,100.0,0.0,1.0,100.0,1.3205005312499907,1.324349937505076
334,occlusion,medium,3,3,occlusion,occlusion,False,0.06509561091661453,0.703920841217041,20.152711868286133,0.06509561091661453,0.703920841217041,20.152711868286133,1.3205005312499907,1.324349937505076
335,occlusion,high,3,3,occlusion,occlusion,False,0.08233512192964554,0.6507060527801514,16.18899154663086,0.08233512192964554,0.6507060527801514,16.18899154663086,1.3205005312499907,1.324349937505076
336,salt_pepper,medium,1,1,salt_pepper,salt_pepper,False,0.07215651869773865,0.5576313138008118,20.21738052368164,0.07215651869773865,0.5576313138008118,20.21738052368164,1.3205005312499907,1.324349937505076
337,blur,high,2,2,blur,blur,False,0.05913574621081352,0.7233063578605652,21.491758346557617,0.05913574621081352,0.7233063578605652,21.491758346557617,1.3205005312499907,1.324349937505076
338,occlusion,low,3,3,occlusion,occlusion,False,0.03658117726445198,0.6840127110481262,25.808591842651367,0.03658117726445198,0.6840127110481262,25.808591842651367,1.3205005312499907,1.324349937505076
339,blur,medium,2,2,blur,blur,False,0.03324557840824127,0.8145139217376709,26.399246215820312,0.03324557840824127,0.8145139217376709,26.399246215820312,1.3205005312499907,1.324349937505076
340,occlusion,medium,3,3,occlusion,occlusion,False,0.06334635615348816,0.6790533065795898,19.638986587524414,0.06334635615348816,0.6790533065795898,19.638986587524414,1.3205005312499907,1.324349937505076
341,salt_pepper,low,1,1,salt_pepper,salt_pepper,False,0.048153240233659744,0.6970519423484802,23.8763427734375,0.048153240233659744,0.6970519423484802,23.8763427734375,1.3205005312499907,1.324349937505076
342,salt_pepper,medium,1,1,salt_pepper,salt_pepper,False,0.02717161364853382,0.8497085571289062,26.428028106689453,0.02717161364853382,0.8497085571289062,26.428028106689453,1.3205005312499907,1.324349937505076
343,blur,high,2,2,blur,blur,False,0.05044589564204216,0.7642073631286621,23.113555908203125,0.05044589564204216,0.7642073631286621,23.113555908203125,1.3205005312499907,1.324349937505076
344,clean,none,0,0,clean,clean,False,0.0,1.0,100.0,0.0,1.0,100.0,1.3205005312499907,1.324349937505076
345,clean,none,0,0,clean,clean,False,0.0,1.0,100.0,0.0,1.0,100.0,1.3205005312499907,1.324349937505076
346,occlusion,high,3,3,occlusion,occlusion,False,0.06875067949295044,0.6435465216636658,19.012046813964844,0.06875067949295044,0.6435465216636658,19.012046813964844,1.3205005312499907,1.324349937505076
347,blur,low,2,2,blur,blur,False,0.05201787129044533,0.7387712001800537,22.697694778442383,0.05201787129044533,0.7387712001800537,22.697694778442383,1.3205005312499907,1.324349937505076
348,clean,none,0,0,clean,clean,False,0.0,1.0,100.0,0.0,1.0,100.0,1.3205005312499907,1.324349937505076
349,blur,medium,2,2,blur,blur,False,0.03305651992559433,0.763054370880127,26.083337783813477,0.03305651992559433,0.763054370880127,26.083337783813477,1.3205005312499907,1.324349937505076
350,clean,none,0,0,clean,clean,False,0.0,1.0,100.0,0.0,1.0,100.0,1.3205005312499907,1.324349937505076
351,occlusion,medium,3,3,occlusion,occlusion,False,0.06566528975963593,0.658281147480011,19.374326705932617,0.06566528975963593,0.658281147480011,19.374326705932617,1.3205005312499907,1.324349937505076
352,salt_pepper,medium,1,1,salt_pepper,salt_pepper,False,0.03618358448147774,0.8248846530914307,25.995376586914062,0.03618358448147774,0.8248846530914307,25.995376586914062,1.8369946249947589,1.5124704687536905
353,salt_pepper,high,1,1,salt_pepper,salt_pepper,False,0.04770783707499504,0.744121253490448,23.47059440612793,0.04770783707499504,0.744121253490448,23.47059440612793,1.8369946249947589,1.5124704687536905
354,blur,low,2,2,blur,blur,False,0.05936026945710182,0.7840760350227356,22.79514503479004,0.05936026945710182,0.7840760350227356,22.79514503479004,1.8369946249947589,1.5124704687536905
355,clean,none,0,0,clean,clean,False,0.0,1.0,100.0,0.0,1.0,100.0,1.8369946249947589,1.5124704687536905
356,clean,none,0,0,clean,clean,False,0.0,1.0,100.0,0.0,1.0,100.0,1.8369946249947589,1.5124704687536905
357,occlusion,low,3,3,occlusion,occlusion,False,0.07107874751091003,0.6112908124923706,19.558536529541016,0.07107874751091003,0.6112908124923706,19.558536529541016,1.8369946249947589,1.5124704687536905
358,clean,none,0,0,clean,clean,False,0.0,1.0,100.0,0.0,1.0,100.0,1.8369946249947589,1.5124704687536905
359,blur,medium,2,2,blur,blur,False,0.05016590282320976,0.8226230144500732,23.28697395324707,0.05016590282320976,0.8226230144500732,23.28697395324707,1.8369946249947589,1.5124704687536905
360,salt_pepper,medium,1,1,salt_pepper,salt_pepper,False,0.03503508120775223,0.8233228325843811,26.022634506225586,0.03503508120775223,0.8233228325843811,26.022634506225586,1.8369946249947589,1.5124704687536905
361,blur,medium,2,2,blur,blur,False,0.06349876523017883,0.7345722317695618,21.13834571838379,0.06349876523017883,0.7345722317695618,21.13834571838379,1.8369946249947589,1.5124704687536905
362,occlusion,low,3,3,occlusion,occlusion,False,0.035730618983507156,0.8778228759765625,21.661346435546875,0.035730618983507156,0.8778228759765625,21.661346435546875,1.8369946249947589,1.5124704687536905
363,occlusion,low,3,3,occlusion,occlusion,False,0.06515992432832718,0.5845573544502258,20.418607711791992,0.06515992432832718,0.5845573544502258,20.418607711791992,1.8369946249947589,1.5124704687536905
364,salt_pepper,high,1,1,salt_pepper,salt_pepper,False,0.027270132675766945,0.8585473895072937,27.989723205566406,0.027270132675766945,0.8585473895072937,27.989723205566406,1.8369946249947589,1.5124704687536905
365,occlusion,low,3,3,occlusion,occlusion,False,0.06891493499279022,0.6884916424751282,19.900161743164062,0.06891493499279022,0.6884916424751282,19.900161743164062,1.8369946249947589,1.5124704687536905
366,salt_pepper,high,1,1,salt_pepper,salt_pepper,False,0.04321673884987831,0.770942747592926,23.886558532714844,0.04321673884987831,0.770942747592926,23.886558532714844,1.8369946249947589,1.5124704687536905
367,blur,medium,2,2,blur,blur,False,0.04039344936609268,0.8115529417991638,24.66644287109375,0.04039344936609268,0.8115529417991638,24.66644287109375,1.8369946249947589,1.5124704687536905
368,occlusion,medium,3,3,occlusion,occlusion,False,0.04517536982893944,0.7962104678153992,22.63606834411621,0.04517536982893944,0.7962104678153992,22.63606834411621,1.8369946249947589,1.5124704687536905
369,occlusion,high,3,3,occlusion,occlusion,False,0.11430371552705765,0.5011640191078186,16.694089889526367,0.11430371552705765,0.5011640191078186,16.694089889526367,1.8369946249947589,1.5124704687536905
370,clean,none,0,0,clean,clean,False,0.0,1.0,100.0,0.0,1.0,100.0,1.8369946249947589,1.5124704687536905
371,occlusion,low,3,3,occlusion,occlusion,False,0.1009172722697258,0.44821682572364807,17.873632431030273,0.1009172722697258,0.44821682572364807,17.873632431030273,1.8369946249947589,1.5124704687536905
372,occlusion,low,3,3,occlusion,occlusion,False,0.030316032469272614,0.8626773953437805,25.051761627197266,0.030316032469272614,0.8626773953437805,25.051761627197266,1.8369946249947589,1.5124704687536905
373,occlusion,high,3,3,occlusion,occlusion,False,0.08679550141096115,0.5630442500114441,16.990488052368164,0.08679550141096115,0.5630442500114441,16.990488052368164,1.8369946249947589,1.5124704687536905
374,occlusion,low,3,3,occlusion,occlusion,False,0.07739811390638351,0.5675699710845947,19.71211814880371,0.07739811390638351,0.5675699710845947,19.71211814880371,1.8369946249947589,1.5124704687536905
375,salt_pepper,high,1,1,salt_pepper,salt_pepper,False,0.028171248733997345,0.8514652252197266,27.388702392578125,0.028171248733997345,0.8514652252197266,27.388702392578125,1.8369946249947589,1.5124704687536905
376,occlusion,low,3,3,occlusion,occlusion,False,0.06883683055639267,0.759772777557373,19.454957962036133,0.06883683055639267,0.759772777557373,19.454957962036133,1.8369946249947589,1.5124704687536905
377,blur,high,2,2,blur,blur,False,0.04501578211784363,0.8304759860038757,24.05031967163086,0.04501578211784363,0.8304759860038757,24.05031967163086,1.8369946249947589,1.5124704687536905
378,salt_pepper,high,1,1,salt_pepper,salt_pepper,False,0.042952727526426315,0.8028143048286438,24.533384323120117,0.042952727526426315,0.8028143048286438,24.533384323120117,1.8369946249947589,1.5124704687536905
379,blur,low,2,2,blur,blur,False,0.028684930875897408,0.871950089931488,27.123517990112305,0.028684930875897408,0.871950089931488,27.123517990112305,1.8369946249947589,1.5124704687536905
380,salt_pepper,medium,1,1,salt_pepper,salt_pepper,False,0.030413469299674034,0.8089578747749329,26.44968032836914,0.030413469299674034,0.8089578747749329,26.44968032836914,1.8369946249947589,1.5124704687536905
381,salt_pepper,medium,1,1,salt_pepper,salt_pepper,False,0.029887892305850983,0.8075254559516907,26.834373474121094,0.029887892305850983,0.8075254559516907,26.834373474121094,1.8369946249947589,1.5124704687536905
382,occlusion,low,3,3,occlusion,occlusion,False,0.03482552617788315,0.8195278644561768,25.333881378173828,0.03482552617788315,0.8195278644561768,25.333881378173828,1.8369946249947589,1.5124704687536905
383,clean,none,0,0,clean,clean,False,0.0,1.0,100.0,0.0,1.0,100.0,1.8369946249947589,1.5124704687536905
384,occlusion,low,3,3,occlusion,occlusion,False,0.026396581903100014,0.8915761113166809,25.720022201538086,0.02639659494161606,0.8915760517120361,25.720020294189453,1.5973698437505846,1.6442679062436127
385,occlusion,low,3,3,occlusion,occlusion,False,0.058506399393081665,0.7451465129852295,21.20594024658203,0.05850638821721077,0.7451465129852295,21.20594024658203,1.5973698437505846,1.6442679062436127
386,clean,none,0,0,clean,clean,False,0.0,1.0,100.0,0.0,1.0,100.0,1.5973698437505846,1.6442679062436127
387,clean,none,0,0,clean,clean,False,0.0,1.0,100.0,0.0,1.0,100.0,1.5973698437505846,1.6442679062436127
388,clean,none,0,0,clean,clean,False,0.0,1.0,100.0,0.0,1.0,100.0,1.5973698437505846,1.6442679062436127
389,blur,high,2,2,blur,blur,False,0.05862786993384361,0.6358441114425659,21.760740280151367,0.05862786993384361,0.6358441114425659,21.760740280151367,1.5973698437505846,1.6442679062436127
390,clean,none,0,0,clean,clean,False,0.0,1.0,100.0,0.0,1.0,100.0,1.5973698437505846,1.6442679062436127
391,blur,low,2,2,blur,blur,False,0.048652056604623795,0.6647235155105591,23.96804428100586,0.048652056604623795,0.6647235155105591,23.96804428100586,1.5973698437505846,1.6442679062436127
392,salt_pepper,high,1,1,salt_pepper,salt_pepper,False,0.050401508808135986,0.7153616547584534,23.138790130615234,0.050401508808135986,0.7153616547584534,23.138790130615234,1.5973698437505846,1.6442679062436127
393,clean,none,0,0,clean,clean,False,0.0,1.0,100.0,0.0,1.0,100.0,1.5973698437505846,1.6442679062436127
394,salt_pepper,high,1,1,salt_pepper,salt_pepper,False,0.031357068568468094,0.8647187352180481,26.760156631469727,0.031357068568468094,0.8647187352180481,26.760156631469727,1.5973698437505846,1.6442679062436127
395,occlusion,low,3,0,occlusion,clean,True,0.016319366171956062,0.8773067593574524,23.61458969116211,0.029180923476815224,0.8481536507606506,25.138185501098633,1.5973698437505846,1.6442679062436127
396,occlusion,medium,3,3,occlusion,occlusion,False,0.07640200108289719,0.6380113363265991,18.805938720703125,0.07640200108289719,0.6380112767219543,18.805938720703125,1.5973698437505846,1.6442679062436127
397,blur,high,2,2,blur,blur,False,0.06767004728317261,0.6695437431335449,21.05379867553711,0.06767004728317261,0.6695437431335449,21.05379867553711,1.5973698437505846,1.6442679062436127
398,occlusion,high,3,3,occlusion,occlusion,False,0.07205681502819061,0.6576538681983948,17.672367095947266,0.07205682247877121,0.6576538681983948,17.672365188598633,1.5973698437505846,1.6442679062436127
399,occlusion,medium,3,3,occlusion,occlusion,False,0.05457458272576332,0.7436439990997314,21.461444854736328,0.05457459017634392,0.7436439394950867,21.461444854736328,1.5973698437505846,1.6442679062436127
400,clean,none,0,0,clean,clean,False,0.0,1.0,100.0,0.0,1.0,100.0,1.5973698437505846,1.6442679062436127
401,blur,low,2,2,blur,blur,False,0.045245151966810226,0.7245450019836426,23.98067283630371,0.045245151966810226,0.7245450019836426,23.98067283630371,1.5973698437505846,1.6442679062436127
402,blur,medium,2,2,blur,blur,False,0.033501118421554565,0.8826804161071777,26.50971221923828,0.033501118421554565,0.8826804161071777,26.50971221923828,1.5973698437505846,1.6442679062436127
403,salt_pepper,high,1,1,salt_pepper,salt_pepper,False,0.033741798251867294,0.9135558009147644,27.30355453491211,0.033741798251867294,0.9135558009147644,27.30355453491211,1.5973698437505846,1.6442679062436127
404,salt_pepper,low,1,1,salt_pepper,salt_pepper,False,0.10991593450307846,0.8847017288208008,18.110164642333984,0.10991593450307846,0.8847017288208008,18.110164642333984,1.5973698437505846,1.6442679062436127
405,occlusion,medium,3,3,occlusion,occlusion,False,0.04816998913884163,0.7716509699821472,21.090755462646484,0.04816998541355133,0.7716509699821472,21.090757369995117,1.5973698437505846,1.6442679062436127
406,blur,high,2,2,blur,blur,False,0.05115155875682831,0.6391226649284363,23.10466957092285,0.05115155875682831,0.6391226649284363,23.10466957092285,1.5973698437505846,1.6442679062436127
407,blur,high,2,2,blur,blur,False,0.05427961423993111,0.720362663269043,22.09440040588379,0.05427961423993111,0.720362663269043,22.09440040588379,1.5973698437505846,1.6442679062436127
408,clean,none,0,0,clean,clean,False,0.0,1.0,100.0,0.0,1.0,100.0,1.5973698437505846,1.6442679062436127
409,blur,medium,2,2,blur,blur,False,0.02808844856917858,0.9128223061561584,28.23539924621582,0.02808844856917858,0.9128223061561584,28.23539924621582,1.5973698437505846,1.6442679062436127
410,blur,high,2,2,blur,blur,False,0.04417473450303078,0.8227295279502869,23.78258514404297,0.04417473450303078,0.8227295279502869,23.78258514404297,1.5973698437505846,1.6442679062436127
411,clean,none,0,0,clean,clean,False,0.0,1.0,100.0,0.0,1.0,100.0,1.5973698437505846,1.6442679062436127
412,occlusion,high,3,3,occlusion,occlusion,False,0.11171913892030716,0.6107265949249268,14.507963180541992,0.11171915382146835,0.6107269525527954,14.50796127319336,1.5973698437505846,1.6442679062436127
413,salt_pepper,medium,1,1,salt_pepper,salt_pepper,False,0.0542205385863781,0.7912826538085938,22.83930206298828,0.0542205385863781,0.7912826538085938,22.83930206298828,1.5973698437505846,1.6442679062436127
414,clean,none,0,0,clean,clean,False,0.0,1.0,100.0,0.0,1.0,100.0,1.5973698437505846,1.6442679062436127
415,clean,none,0,0,clean,clean,False,0.0,1.0,100.0,0.0,1.0,100.0,1.5973698437505846,1.6442679062436127
416,blur,low,2,2,blur,blur,False,0.026933832094073296,0.8912377953529358,28.687358856201172,0.026933828368782997,0.891237735748291,28.687358856201172,1.9489346562409082,1.8469430000038756
417,blur,low,2,2,blur,blur,False,0.04071757569909096,0.8472211956977844,24.84323501586914,0.04071762412786484,0.8472211956977844,24.843233108520508,1.9489346562409082,1.8469430000038756
418,occlusion,medium,3,3,occlusion,occlusion,False,0.05395880714058876,0.744533121585846,19.970027923583984,0.05395880714058876,0.744533121585846,19.970027923583984,1.9489346562409082,1.8469430000038756
419,clean,none,0,0,clean,clean,False,0.0,1.0,100.0,0.0,1.0,100.0,1.9489346562409082,1.8469430000038756
420,salt_pepper,high,1,1,salt_pepper,salt_pepper,False,0.05611345171928406,0.7906612753868103,22.516727447509766,0.05611345171928406,0.7906612753868103,22.516727447509766,1.9489346562409082,1.8469430000038756
421,clean,none,0,0,clean,clean,False,0.0,1.0,100.0,0.0,1.0,100.0,1.9489346562409082,1.8469430000038756
422,salt_pepper,high,1,1,salt_pepper,salt_pepper,False,0.08367190510034561,0.5852091908454895,19.32633399963379,0.08367190510034561,0.5852091908454895,19.32633399963379,1.9489346562409082,1.8469430000038756
423,clean,none,0,2,clean,blur,True,0.03285166248679161,0.9118013381958008,27.21615982055664,0.0,1.0,100.0,1.9489346562409082,1.8469430000038756
424,clean,none,0,0,clean,clean,False,0.0,1.0,100.0,0.0,1.0,100.0,1.9489346562409082,1.8469430000038756
425,occlusion,medium,3,3,occlusion,occlusion,False,0.047772426158189774,0.7862467169761658,22.998889923095703,0.047772426158189774,0.7862467169761658,22.998889923095703,1.9489346562409082,1.8469430000038756
426,blur,medium,2,2,blur,blur,False,0.027451226487755775,0.8875913023948669,28.308319091796875,0.02745123952627182,0.8875909447669983,28.308319091796875,1.9489346562409082,1.8469430000038756
427,salt_pepper,low,1,1,salt_pepper,salt_pepper,False,0.06678111106157303,0.6881459355354309,20.468364715576172,0.06678111106157303,0.6881459355354309,20.468364715576172,1.9489346562409082,1.8469430000038756
428,salt_pepper,low,1,1,salt_pepper,salt_pepper,False,0.0499550960958004,0.7843958735466003,23.13156509399414,0.0499550960958004,0.7843958735466003,23.13156509399414,1.9489346562409082,1.8469430000038756
429,salt_pepper,high,1,1,salt_pepper,salt_pepper,False,0.038421452045440674,0.8060336112976074,24.43939208984375,0.038421452045440674,0.8060336112976074,24.43939208984375,1.9489346562409082,1.8469430000038756
430,blur,high,2,2,blur,blur,False,0.054152827709913254,0.7221526503562927,22.326690673828125,0.05415283516049385,0.7221527695655823,22.326690673828125,1.9489346562409082,1.8469430000038756
431,occlusion,medium,3,3,occlusion,occlusion,False,0.0764971598982811,0.7247230410575867,17.140783309936523,0.0764971598982811,0.7247230410575867,17.140783309936523,1.9489346562409082,1.8469430000038756
432,blur,medium,2,2,blur,blur,False,0.029973214492201805,0.8354503512382507,27.136613845825195,0.0299732256680727,0.8354503512382507,27.136613845825195,1.9489346562409082,1.8469430000038756
433,salt_pepper,medium,1,1,salt_pepper,salt_pepper,False,0.043348994106054306,0.8798654675483704,24.807519912719727,0.043348994106054306,0.8798654675483704,24.807519912719727,1.9489346562409082,1.8469430000038756
434,salt_pepper,low,1,1,salt_pepper,salt_pepper,False,0.0661366730928421,0.6431688666343689,21.063655853271484,0.0661366730928421,0.6431688666343689,21.063655853271484,1.9489346562409082,1.8469430000038756
435,salt_pepper,medium,1,1,salt_pepper,salt_pepper,False,0.04790465533733368,0.741786539554596,23.495277404785156,0.04790465533733368,0.741786539554596,23.495277404785156,1.9489346562409082,1.8469430000038756
436,clean,none,0,0,clean,clean,False,0.0,1.0,100.0,0.0,1.0,100.0,1.9489346562409082,1.8469430000038756
437,salt_pepper,medium,1,1,salt_pepper,salt_pepper,False,0.10090569406747818,0.5666294693946838,18.075456619262695,0.10090569406747818,0.5666294693946838,18.075456619262695,1.9489346562409082,1.8469430000038756
438,occlusion,high,3,3,occlusion,occlusion,False,0.07153653353452682,0.7027270197868347,17.530242919921875,0.07153653353452682,0.7027270197868347,17.530242919921875,1.9489346562409082,1.8469430000038756
439,blur,low,2,2,blur,blur,False,0.03624146059155464,0.8411436676979065,25.509483337402344,0.03624146804213524,0.8411436080932617,25.50948143005371,1.9489346562409082,1.8469430000038756
440,occlusion,low,3,3,occlusion,occlusion,False,0.07227788120508194,0.5659417510032654,19.683277130126953,0.07227788120508194,0.5659417510032654,19.683277130126953,1.9489346562409082,1.8469430000038756
441,occlusion,low,3,3,occlusion,occlusion,False,0.0517960786819458,0.8171591758728027,20.38295555114746,0.0517960786819458,0.8171591758728027,20.38295555114746,1.9489346562409082,1.8469430000038756
442,blur,high,2,2,blur,blur,False,0.038247086107730865,0.7405352592468262,24.932870864868164,0.03824709728360176,0.740535318851471,24.93286895751953,1.9489346562409082,1.8469430000038756
443,blur,low,2,2,blur,blur,False,0.04983199015259743,0.5645937919616699,22.808147430419922,0.049831997603178024,0.5645936727523804,22.808147430419922,1.9489346562409082,1.8469430000038756
444,blur,high,2,2,blur,blur,False,0.031728457659482956,0.8214643001556396,26.851158142089844,0.03172846511006355,0.8214642405509949,26.851158142089844,1.9489346562409082,1.8469430000038756
445,clean,none,0,0,clean,clean,False,0.0,1.0,100.0,0.0,1.0,100.0,1.9489346562409082,1.8469430000038756
446,salt_pepper,low,1,1,salt_pepper,salt_pepper,False,0.08082777261734009,0.5567458271980286,20.30975341796875,0.08082777261734009,0.5567458271980286,20.30975341796875,1.9489346562409082,1.8469430000038756
447,blur,low,2,2,blur,blur,False,0.04983311891555786,0.6984670758247375,23.612598419189453,0.04983311891555786,0.6984670758247375,23.612598419189453,1.9489346562409082,1.8469430000038756
448,clean,none,0,0,clean,clean,False,0.0,1.0,100.0,0.0,1.0,100.0,1.4042964374993971,1.4057509687290803
449,blur,low,2,2,blur,blur,False,0.032809335738420486,0.8488219380378723,27.206119537353516,0.032809335738420486,0.8488219380378723,27.206119537353516,1.4042964374993971,1.4057509687290803
450,clean,none,0,0,clean,clean,False,0.0,1.0,100.0,0.0,1.0,100.0,1.4042964374993971,1.4057509687290803
451,clean,none,0,0,clean,clean,False,0.0,1.0,100.0,0.0,1.0,100.0,1.4042964374993971,1.4057509687290803
452,clean,none,0,0,clean,clean,False,0.0,1.0,100.0,0.0,1.0,100.0,1.4042964374993971,1.4057509687290803
453,salt_pepper,low,1,1,salt_pepper,salt_pepper,False,0.11897365003824234,0.5338310599327087,16.345733642578125,0.11897365003824234,0.5338310599327087,16.345733642578125,1.4042964374993971,1.4057509687290803
454,clean,none,0,0,clean,clean,False,0.0,1.0,100.0,0.0,1.0,100.0,1.4042964374993971,1.4057509687290803
455,clean,none,0,0,clean,clean,False,0.0,1.0,100.0,0.0,1.0,100.0,1.4042964374993971,1.4057509687290803
456,clean,none,0,0,clean,clean,False,0.0,1.0,100.0,0.0,1.0,100.0,1.4042964374993971,1.4057509687290803
457,salt_pepper,high,1,1,salt_pepper,salt_pepper,False,0.0459752194583416,0.7654150128364563,23.408536911010742,0.0459752194583416,0.7654150128364563,23.408536911010742,1.4042964374993971,1.4057509687290803
458,blur,medium,2,2,blur,blur,False,0.03735385462641716,0.8598037362098694,24.42591094970703,0.03735385462641716,0.8598037362098694,24.42591094970703,1.4042964374993971,1.4057509687290803
459,blur,high,2,2,blur,blur,False,0.02270638942718506,0.8711493015289307,29.685400009155273,0.02270638942718506,0.8711493015289307,29.685400009155273,1.4042964374993971,1.4057509687290803
460,occlusion,high,3,3,occlusion,occlusion,False,0.07408734411001205,0.6349162459373474,18.71954917907715,0.07408734411001205,0.6349162459373474,18.71954917907715,1.4042964374993971,1.4057509687290803
461,salt_pepper,high,1,1,salt_pepper,salt_pepper,False,0.057088181376457214,0.7143591046333313,22.488557815551758,0.057088181376457214,0.7143591046333313,22.488557815551758,1.4042964374993971,1.4057509687290803
462,occlusion,low,3,3,occlusion,occlusion,False,0.048477545380592346,0.7951343655586243,21.98432159423828,0.048477545380592346,0.7951343655586243,21.98432159423828,1.4042964374993971,1.4057509687290803
463,blur,high,2,2,blur,blur,False,0.037130821496248245,0.8658016324043274,23.889066696166992,0.037130821496248245,0.8658016324043274,23.889066696166992,1.4042964374993971,1.4057509687290803
464,occlusion,high,3,3,occlusion,occlusion,False,0.1181797981262207,0.40030717849731445,16.900657653808594,0.1181797981262207,0.40030717849731445,16.900657653808594,1.4042964374993971,1.4057509687290803
465,occlusion,medium,3,3,occlusion,occlusion,False,0.06352847814559937,0.7410101890563965,18.896677017211914,0.06352847814559937,0.7410101890563965,18.896677017211914,1.4042964374993971,1.4057509687290803
466,clean,none,0,0,clean,clean,False,0.0,1.0,100.0,0.0,1.0,100.0,1.4042964374993971,1.4057509687290803
467,clean,none,0,0,clean,clean,False,0.0,1.0,100.0,0.0,1.0,100.0,1.4042964374993971,1.4057509687290803
468,occlusion,high,3,3,occlusion,occlusion,False,0.10049890726804733,0.5098883509635925,17.389434814453125,0.10049890726804733,0.5098883509635925,17.389434814453125,1.4042964374993971,1.4057509687290803
469,occlusion,medium,3,3,occlusion,occlusion,False,0.10183784365653992,0.5538654923439026,17.386871337890625,0.10183784365653992,0.5538654923439026,17.386871337890625,1.4042964374993971,1.4057509687290803
470,occlusion,medium,3,3,occlusion,occlusion,False,0.05533069372177124,0.7988848686218262,19.414552688598633,0.05533069372177124,0.7988848686218262,19.414552688598633,1.4042964374993971,1.4057509687290803
471,blur,medium,2,2,blur,blur,False,0.0333782322704792,0.8489391803741455,26.452796936035156,0.0333782322704792,0.8489391803741455,26.452796936035156,1.4042964374993971,1.4057509687290803
472,blur,low,2,2,blur,blur,False,0.03840954974293709,0.7414391040802002,24.89273452758789,0.03840954974293709,0.7414391040802002,24.89273452758789,1.4042964374993971,1.4057509687290803
473,salt_pepper,medium,1,1,salt_pepper,salt_pepper,False,0.03562554344534874,0.7464087605476379,25.846158981323242,0.03562554344534874,0.7464087605476379,25.846158981323242,1.4042964374993971,1.4057509687290803
474,blur,medium,2,2,blur,blur,False,0.028069449588656425,0.8520917296409607,27.310272216796875,0.028069449588656425,0.8520917296409607,27.310272216796875,1.4042964374993971,1.4057509687290803
475,occlusion,low,3,3,occlusion,occlusion,False,0.08083540201187134,0.6167556643486023,19.608905792236328,0.08083540201187134,0.6167556643486023,19.608905792236328,1.4042964374993971,1.4057509687290803
476,blur,high,2,2,blur,blur,False,0.0391598716378212,0.7734076380729675,25.286380767822266,0.0391598716378212,0.7734076380729675,25.286380767822266,1.4042964374993971,1.4057509687290803
477,occlusion,medium,3,3,occlusion,occlusion,False,0.048761412501335144,0.758302628993988,20.894577026367188,0.048761412501335144,0.758302628993988,20.894577026367188,1.4042964374993971,1.4057509687290803
478,blur,medium,2,2,blur,blur,False,0.029166875407099724,0.8716549873352051,27.85784149169922,0.029166875407099724,0.8716549873352051,27.85784149169922,1.4042964374993971,1.4057509687290803
479,occlusion,high,3,3,occlusion,occlusion,False,0.06297514587640762,0.6900045871734619,19.60785675048828,0.06297514587640762,0.6900045871734619,19.60785675048828,1.4042964374993971,1.4057509687290803
480,salt_pepper,high,1,1,salt_pepper,salt_pepper,False,0.03808405250310898,0.8427737355232239,24.839345932006836,0.03808405250310898,0.8427737355232239,24.839345932006836,1.347984812497316,1.397443156264444
481,occlusion,medium,3,3,occlusion,occlusion,False,0.04915526881814003,0.7887506484985352,23.437625885009766,0.04915526881814003,0.7887506484985352,23.437625885009766,1.347984812497316,1.397443156264444
482,occlusion,medium,3,3,occlusion,occlusion,False,0.042743146419525146,0.7883525490760803,23.854633331298828,0.042743146419525146,0.7883525490760803,23.854633331298828,1.347984812497316,1.397443156264444
483,clean,none,0,0,clean,clean,False,0.0,1.0,100.0,0.0,1.0,100.0,1.347984812497316,1.397443156264444
484,occlusion,medium,3,3,occlusion,occlusion,False,0.03730747476220131,0.8256425261497498,23.625377655029297,0.03730747476220131,0.8256425261497498,23.625377655029297,1.347984812497316,1.397443156264444
485,clean,none,0,0,clean,clean,False,0.0,1.0,100.0,0.0,1.0,100.0,1.347984812497316,1.397443156264444
486,salt_pepper,high,1,1,salt_pepper,salt_pepper,False,0.0348014198243618,0.8591586947441101,26.364181518554688,0.0348014198243618,0.8591586947441101,26.364181518554688,1.347984812497316,1.397443156264444
487,occlusion,low,3,3,occlusion,occlusion,False,0.042753804475069046,0.7874087691307068,23.587223052978516,0.042753804475069046,0.7874087691307068,23.587223052978516,1.347984812497316,1.397443156264444
488,salt_pepper,low,1,1,salt_pepper,salt_pepper,False,0.07922756671905518,0.5667900443077087,19.798892974853516,0.07922756671905518,0.5667900443077087,19.798892974853516,1.347984812497316,1.397443156264444
489,clean,none,0,0,clean,clean,False,0.0,1.0,100.0,0.0,1.0,100.0,1.347984812497316,1.397443156264444
490,clean,none,0,0,clean,clean,False,0.0,1.0,100.0,0.0,1.0,100.0,1.347984812497316,1.397443156264444
491,blur,medium,2,2,blur,blur,False,0.04726536199450493,0.7884101867675781,23.417675018310547,0.04726536199450493,0.7884101867675781,23.417675018310547,1.347984812497316,1.397443156264444
492,clean,none,0,0,clean,clean,False,0.0,1.0,100.0,0.0,1.0,100.0,1.347984812497316,1.397443156264444
493,clean,none,0,0,clean,clean,False,0.0,1.0,100.0,0.0,1.0,100.0,1.347984812497316,1.397443156264444
494,occlusion,medium,3,3,occlusion,occlusion,False,0.05839623883366585,0.7733979225158691,21.00641632080078,0.05839623883366585,0.7733979225158691,21.00641632080078,1.347984812497316,1.397443156264444
495,salt_pepper,high,1,1,salt_pepper,salt_pepper,False,0.0403127484023571,0.8028984069824219,25.247234344482422,0.0403127484023571,0.8028984069824219,25.247234344482422,1.347984812497316,1.397443156264444
496,occlusion,high,3,3,occlusion,occlusion,False,0.0856955423951149,0.4486915171146393,17.10532569885254,0.0856955423951149,0.4486915171146393,17.10532569885254,1.347984812497316,1.397443156264444
497,salt_pepper,medium,1,1,salt_pepper,salt_pepper,False,0.035738829523324966,0.8412637114524841,25.8979434967041,0.035738829523324966,0.8412637114524841,25.8979434967041,1.347984812497316,1.397443156264444
498,blur,low,2,2,blur,blur,False,0.05683404579758644,0.7548235058784485,21.880279541015625,0.05683404579758644,0.7548235058784485,21.880279541015625,1.347984812497316,1.397443156264444
499,salt_pepper,high,1,1,salt_pepper,salt_pepper,False,0.051202014088630676,0.7576935887336731,23.33266830444336,0.051202014088630676,0.7576935887336731,23.33266830444336,1.347984812497316,1.397443156264444
500,salt_pepper,high,1,1,salt_pepper,salt_pepper,False,0.06388390064239502,0.7607068419456482,21.43067169189453,0.06388390064239502,0.7607068419456482,21.43067169189453,1.347984812497316,1.397443156264444
501,occlusion,low,3,3,occlusion,occlusion,False,0.11293832212686539,0.5545926094055176,16.90086555480957,0.11293832212686539,0.5545926094055176,16.90086555480957,1.347984812497316,1.397443156264444
502,occlusion,low,3,3,occlusion,occlusion,False,0.04917692020535469,0.696638286113739,22.881122589111328,0.04917692020535469,0.696638286113739,22.881122589111328,1.347984812497316,1.397443156264444
503,clean,none,0,0,clean,clean,False,0.0,1.0,100.0,0.0,1.0,100.0,1.347984812497316,1.397443156264444
504,blur,high,2,2,blur,blur,False,0.03089936636388302,0.8518653512001038,25.123016357421875,0.03089936636388302,0.8518653512001038,25.123016357421875,1.347984812497316,1.397443156264444
505,clean,none,0,0,clean,clean,False,0.0,1.0,100.0,0.0,1.0,100.0,1.347984812497316,1.397443156264444
506,salt_pepper,medium,1,1,salt_pepper,salt_pepper,False,0.056438177824020386,0.7236636281013489,21.002140045166016,0.056438177824020386,0.7236636281013489,21.002140045166016,1.347984812497316,1.397443156264444
507,clean,none,0,0,clean,clean,False,0.0,1.0,100.0,0.0,1.0,100.0,1.347984812497316,1.397443156264444
508,clean,none,0,0,clean,clean,False,0.0,1.0,100.0,0.0,1.0,100.0,1.347984812497316,1.397443156264444
509,salt_pepper,high,1,1,salt_pepper,salt_pepper,False,0.10803034156560898,0.7242364883422852,17.36372184753418,0.10803034156560898,0.7242364883422852,17.36372184753418,1.347984812497316,1.397443156264444
510,blur,low,2,2,blur,blur,False,0.030001716688275337,0.8997408747673035,26.890769958496094,0.030001716688275337,0.8997408747673035,26.890769958496094,1.347984812497316,1.397443156264444
511,blur,high,2,2,blur,blur,False,0.043388742953538895,0.8028544783592224,23.76763153076172,0.043388742953538895,0.8028544783592224,23.76763153076172,1.347984812497316,1.397443156264444
512,salt_pepper,high,1,1,salt_pepper,salt_pepper,False,0.05748523399233818,0.6180424690246582,22.122774124145508,0.05748523399233818,0.6180424690246582,22.122774124145508,1.7949491250135452,1.8295439374753641
513,blur,high,2,2,blur,blur,False,0.10443822294473648,0.5023258328437805,17.17181396484375,0.10443822294473648,0.5023258328437805,17.17181396484375,1.7949491250135452,1.8295439374753641
514,salt_pepper,high,1,1,salt_pepper,salt_pepper,False,0.029977843165397644,0.7646384239196777,27.677814483642578,0.029977843165397644,0.7646384239196777,27.677814483642578,1.7949491250135452,1.8295439374753641
515,blur,medium,2,2,blur,blur,False,0.04148973897099495,0.7508593201637268,24.508869171142578,0.04148973897099495,0.7508593201637268,24.508869171142578,1.7949491250135452,1.8295439374753641
516,blur,medium,2,2,blur,blur,False,0.03516761213541031,0.8608288168907166,24.957563400268555,0.03516761213541031,0.8608288168907166,24.957563400268555,1.7949491250135452,1.8295439374753641
517,salt_pepper,high,1,1,salt_pepper,salt_pepper,False,0.052088916301727295,0.7917776107788086,22.597997665405273,0.052088916301727295,0.7917776107788086,22.597997665405273,1.7949491250135452,1.8295439374753641
518,occlusion,high,3,3,occlusion,occlusion,False,0.05004825070500374,0.6449790596961975,21.073963165283203,0.05004825070500374,0.6449790596961975,21.073963165283203,1.7949491250135452,1.8295439374753641
519,occlusion,medium,3,3,occlusion,occlusion,False,0.057179730385541916,0.6625070571899414,21.753225326538086,0.057179730385541916,0.6625070571899414,21.753225326538086,1.7949491250135452,1.8295439374753641
520,occlusion,medium,3,3,occlusion,occlusion,False,0.057627350091934204,0.6322286128997803,21.59423065185547,0.057627350091934204,0.6322286128997803,21.59423065185547,1.7949491250135452,1.8295439374753641
521,occlusion,low,3,0,occlusion,clean,True,0.02776988036930561,0.8847193717956543,19.89166259765625,0.06871671229600906,0.6564232707023621,20.07634162902832,1.7949491250135452,1.8295439374753641
522,blur,low,2,2,blur,blur,False,0.03852672502398491,0.8348595499992371,25.185718536376953,0.03852672502398491,0.8348595499992371,25.185718536376953,1.7949491250135452,1.8295439374753641
523,occlusion,high,3,3,occlusion,occlusion,False,0.058474551886320114,0.6540563702583313,20.238866806030273,0.058474551886320114,0.6540563702583313,20.238866806030273,1.7949491250135452,1.8295439374753641
524,blur,medium,2,2,blur,blur,False,0.07132289558649063,0.5574851036071777,20.717632293701172,0.07132289558649063,0.5574851036071777,20.717632293701172,1.7949491250135452,1.8295439374753641
525,clean,none,0,0,clean,clean,False,0.0,1.0,100.0,0.0,1.0,100.0,1.7949491250135452,1.8295439374753641
526,occlusion,low,3,3,occlusion,occlusion,False,0.07105839997529984,0.5239956378936768,20.674007415771484,0.07105839997529984,0.5239956378936768,20.674007415771484,1.7949491250135452,1.8295439374753641
527,occlusion,high,3,3,occlusion,occlusion,False,0.038772664964199066,0.6827433109283447,25.109169006347656,0.038772664964199066,0.6827433109283447,25.109169006347656,1.7949491250135452,1.8295439374753641
528,blur,medium,2,2,blur,blur,False,0.03880041465163231,0.7313563227653503,24.90318489074707,0.03880041465163231,0.7313563227653503,24.90318489074707,1.7949491250135452,1.8295439374753641
529,salt_pepper,high,1,1,salt_pepper,salt_pepper,False,0.05482704937458038,0.7211527824401855,22.96444320678711,0.05482704937458038,0.7211527824401855,22.96444320678711,1.7949491250135452,1.8295439374753641
530,clean,none,0,0,clean,clean,False,0.0,1.0,100.0,0.0,1.0,100.0,1.7949491250135452,1.8295439374753641
531,occlusion,high,3,3,occlusion,occlusion,False,0.0663868635892868,0.5630088448524475,20.35997772216797,0.0663868635892868,0.5630088448524475,20.35997772216797,1.7949491250135452,1.8295439374753641
532,occlusion,high,3,3,occlusion,occlusion,False,0.1377921849489212,0.47679856419563293,14.000407218933105,0.1377921849489212,0.47679856419563293,14.000407218933105,1.7949491250135452,1.8295439374753641
533,salt_pepper,medium,1,1,salt_pepper,salt_pepper,False,0.05120571330189705,0.841322660446167,22.48532485961914,0.05120571330189705,0.841322660446167,22.48532485961914,1.7949491250135452,1.8295439374753641
534,blur,low,2,2,blur,blur,False,0.045972954481840134,0.7588962912559509,23.637636184692383,0.045972954481840134,0.7588962912559509,23.637636184692383,1.7949491250135452,1.8295439374753641
535,salt_pepper,low,1,1,salt_pepper,salt_pepper,False,0.041607458144426346,0.8235979080200195,24.103485107421875,0.041607458144426346,0.8235979080200195,24.103485107421875,1.7949491250135452,1.8295439374753641
536,clean,none,0,0,clean,clean,False,0.0,1.0,100.0,0.0,1.0,100.0,1.7949491250135452,1.8295439374753641
537,salt_pepper,high,1,1,salt_pepper,salt_pepper,False,0.04948762431740761,0.7837874293327332,23.326711654663086,0.04948762431740761,0.7837874293327332,23.326711654663086,1.7949491250135452,1.8295439374753641
538,clean,none,0,0,clean,clean,False,0.0,1.0,100.0,0.0,1.0,100.0,1.7949491250135452,1.8295439374753641
539,clean,none,0,0,clean,clean,False,0.0,1.0,100.0,0.0,1.0,100.0,1.7949491250135452,1.8295439374753641
540,salt_pepper,high,1,1,salt_pepper,salt_pepper,False,0.0334433913230896,0.7829451560974121,25.870180130004883,0.0334433913230896,0.7829451560974121,25.870180130004883,1.7949491250135452,1.8295439374753641
541,occlusion,medium,3,3,occlusion,occlusion,False,0.06520723551511765,0.5334009528160095,20.453683853149414,0.06520723551511765,0.5334009528160095,20.453683853149414,1.7949491250135452,1.8295439374753641
542,salt_pepper,low,1,1,salt_pepper,salt_pepper,False,0.08036641776561737,0.5657069087028503,19.63595199584961,0.08036641776561737,0.5657069087028503,19.63595199584961,1.7949491250135452,1.8295439374753641
543,clean,none,0,0,clean,clean,False,0.0,1.0,100.0,0.0,1.0,100.0,1.7949491250135452,1.8295439374753641
544,blur,high,2,2,blur,blur,False,0.0538225956261158,0.7190256118774414,22.177026748657227,0.0538225956261158,0.7190256118774414,22.177026748657227,1.5377990625040638,1.5553648750028515
545,occlusion,medium,3,3,occlusion,occlusion,False,0.07526736706495285,0.645498514175415,19.228839874267578,0.07526736706495285,0.645498514175415,19.228839874267578,1.5377990625040638,1.5553648750028515
546,salt_pepper,high,1,1,salt_pepper,salt_pepper,False,0.06069052591919899,0.7537617683410645,21.174592971801758,0.06069052591919899,0.7537617683410645,21.174592971801758,1.5377990625040638,1.5553648750028515
547,salt_pepper,medium,1,1,salt_pepper,salt_pepper,False,0.048772573471069336,0.7660329937934875,23.25952911376953,0.048772573471069336,0.7660329937934875,23.25952911376953,1.5377990625040638,1.5553648750028515
548,occlusion,high,3,3,occlusion,occlusion,False,0.09733397513628006,0.4826315939426422,16.877363204956055,0.09733397513628006,0.4826315939426422,16.877363204956055,1.5377990625040638,1.5553648750028515
549,clean,none,0,0,clean,clean,False,0.0,1.0,100.0,0.0,1.0,100.0,1.5377990625040638,1.5553648750028515
550,blur,medium,2,2,blur,blur,False,0.03615825995802879,0.7894390225410461,25.897415161132812,0.03615825995802879,0.7894390225410461,25.897415161132812,1.5377990625040638,1.5553648750028515
551,blur,high,2,2,blur,blur,False,0.03912770748138428,0.8656337261199951,24.610790252685547,0.03912770748138428,0.8656337261199951,24.610790252685547,1.5377990625040638,1.5553648750028515
552,blur,medium,2,2,blur,blur,False,0.0491936057806015,0.7939813733100891,22.983245849609375,0.0491936057806015,0.7939813733100891,22.983245849609375,1.5377990625040638,1.5553648750028515
553,salt_pepper,high,1,1,salt_pepper,salt_pepper,False,0.031954873353242874,0.7931891083717346,26.890579223632812,0.031954873353242874,0.7931891083717346,26.890579223632812,1.5377990625040638,1.5553648750028515
554,occlusion,medium,3,3,occlusion,occlusion,False,0.04178847372531891,0.824193000793457,23.303983688354492,0.04178847372531891,0.824193000793457,23.303983688354492,1.5377990625040638,1.5553648750028515
555,blur,high,2,2,blur,blur,False,0.05499839410185814,0.7364585995674133,21.108400344848633,0.05499839410185814,0.7364585995674133,21.108400344848633,1.5377990625040638,1.5553648750028515
556,occlusion,medium,3,3,occlusion,occlusion,False,0.08086264878511429,0.49007439613342285,19.216463088989258,0.08086264878511429,0.49007439613342285,19.216463088989258,1.5377990625040638,1.5553648750028515
557,blur,medium,2,2,blur,blur,False,0.07246915251016617,0.8188281059265137,19.452028274536133,0.07246915251016617,0.8188281059265137,19.452028274536133,1.5377990625040638,1.5553648750028515
558,occlusion,low,3,3,occlusion,occlusion,False,0.04441400244832039,0.7713961005210876,23.09256362915039,0.04441400244832039,0.7713961005210876,23.09256362915039,1.5377990625040638,1.5553648750028515
559,occlusion,low,3,3,occlusion,occlusion,False,0.03564457967877388,0.785325825214386,25.563190460205078,0.03564457967877388,0.785325825214386,25.563190460205078,1.5377990625040638,1.5553648750028515
560,blur,high,2,2,blur,blur,False,0.032601308077573776,0.8336345553398132,26.291107177734375,0.032601308077573776,0.8336345553398132,26.291107177734375,1.5377990625040638,1.5553648750028515
561,clean,none,0,0,clean,clean,False,0.0,1.0,100.0,0.0,1.0,100.0,1.5377990625040638,1.5553648750028515
562,occlusion,medium,3,3,occlusion,occlusion,False,0.05626653507351875,0.8361547589302063,21.885414123535156,0.05626653507351875,0.8361547589302063,21.885414123535156,1.5377990625040638,1.5553648750028515
563,salt_pepper,medium,1,1,salt_pepper,salt_pepper,False,0.02884744666516781,0.8201150894165039,27.19818115234375,0.02884744666516781,0.8201150894165039,27.19818115234375,1.5377990625040638,1.5553648750028515
564,occlusion,high,3,3,occlusion,occlusion,False,0.09588528424501419,0.5241761207580566,16.7708740234375,0.09588528424501419,0.5241761207580566,16.7708740234375,1.5377990625040638,1.5553648750028515
565,clean,none,0,0,clean,clean,False,0.0,1.0,100.0,0.0,1.0,100.0,1.5377990625040638,1.5553648750028515
566,blur,low,2,2,blur,blur,False,0.031985726207494736,0.8590344786643982,26.60024642944336,0.031985726207494736,0.8590344786643982,26.60024642944336,1.5377990625040638,1.5553648750028515
567,blur,high,2,2,blur,blur,False,0.032000016421079636,0.8524015545845032,26.87813949584961,0.032000016421079636,0.8524015545845032,26.87813949584961,1.5377990625040638,1.5553648750028515
568,clean,none,0,0,clean,clean,False,0.0,1.0,100.0,0.0,1.0,100.0,1.5377990625040638,1.5553648750028515
569,blur,high,2,2,blur,blur,False,0.04754915460944176,0.6850390434265137,23.500083923339844,0.04754915460944176,0.6850390434265137,23.500083923339844,1.5377990625040638,1.5553648750028515
570,blur,high,2,2,blur,blur,False,0.024615628644824028,0.8613435626029968,28.16567611694336,0.024615628644824028,0.8613435626029968,28.16567611694336,1.5377990625040638,1.5553648750028515
571,clean,none,0,0,clean,clean,False,0.0,1.0,100.0,0.0,1.0,100.0,1.5377990625040638,1.5553648750028515
572,salt_pepper,medium,1,1,salt_pepper,salt_pepper,False,0.03883880749344826,0.6660182476043701,25.52936363220215,0.03883880749344826,0.6660182476043701,25.52936363220215,1.5377990625040638,1.5553648750028515
573,blur,low,2,2,blur,blur,False,0.05799056962132454,0.7444093227386475,22.158130645751953,0.05799056962132454,0.7444093227386475,22.158130645751953,1.5377990625040638,1.5553648750028515
574,blur,high,2,2,blur,blur,False,0.05133546516299248,0.7611873149871826,22.12875747680664,0.05133546516299248,0.7611873149871826,22.12875747680664,1.5377990625040638,1.5553648750028515
575,clean,none,0,0,clean,clean,False,0.0,1.0,100.0,0.0,1.0,100.0,1.5377990625040638,1.5553648750028515
576,salt_pepper,high,1,1,salt_pepper,salt_pepper,False,0.026497581973671913,0.8428718447685242,27.474742889404297,0.026497581973671913,0.8428718447685242,27.474742889404297,1.2371545312532817,1.1613099687508566
577,clean,none,0,0,clean,clean,False,0.0,1.0,100.0,0.0,1.0,100.0,1.2371545312532817,1.1613099687508566
578,clean,none,0,0,clean,clean,False,0.0,1.0,100.0,0.0,1.0,100.0,1.2371545312532817,1.1613099687508566
579,blur,low,2,2,blur,blur,False,0.04707638919353485,0.8012602925300598,23.51590347290039,0.04707638919353485,0.8012600541114807,23.51590347290039,1.2371545312532817,1.1613099687508566
580,blur,medium,2,2,blur,blur,False,0.03918389603495598,0.8680137991905212,25.03537368774414,0.03918389230966568,0.8680135607719421,25.03537368774414,1.2371545312532817,1.1613099687508566
581,clean,none,0,0,clean,clean,False,0.0,1.0,100.0,0.0,1.0,100.0,1.2371545312532817,1.1613099687508566
582,clean,none,0,0,clean,clean,False,0.0,1.0,100.0,0.0,1.0,100.0,1.2371545312532817,1.1613099687508566
583,salt_pepper,medium,1,1,salt_pepper,salt_pepper,False,0.06920813024044037,0.7696599960327148,20.33653450012207,0.06920813024044037,0.7696599960327148,20.33653450012207,1.2371545312532817,1.1613099687508566
584,blur,high,2,2,blur,blur,False,0.05223048850893974,0.7218198180198669,22.223814010620117,0.05223048850893974,0.7218198776245117,22.223814010620117,1.2371545312532817,1.1613099687508566
585,occlusion,medium,3,3,occlusion,occlusion,False,0.05334801599383354,0.7239646911621094,21.951385498046875,0.05334801599383354,0.7239646911621094,21.951385498046875,1.2371545312532817,1.1613099687508566
586,clean,none,0,0,clean,clean,False,0.0,1.0,100.0,0.0,1.0,100.0,1.2371545312532817,1.1613099687508566
587,occlusion,medium,3,3,occlusion,occlusion,False,0.056070517748594284,0.7046071887016296,21.37408447265625,0.056070517748594284,0.7046071887016296,21.37408447265625,1.2371545312532817,1.1613099687508566
588,occlusion,medium,3,3,occlusion,occlusion,False,0.06341004371643066,0.711036205291748,19.926372528076172,0.06341004371643066,0.711036205291748,19.926372528076172,1.2371545312532817,1.1613099687508566
589,salt_pepper,low,1,1,salt_pepper,salt_pepper,False,0.05550315976142883,0.7241267561912537,21.84630584716797,0.05550315976142883,0.7241267561912537,21.84630584716797,1.2371545312532817,1.1613099687508566
590,occlusion,medium,3,3,occlusion,occlusion,False,0.045298293232917786,0.6505770683288574,23.004056930541992,0.045298293232917786,0.6505770683288574,23.004056930541992,1.2371545312532817,1.1613099687508566
591,blur,high,2,2,blur,blur,False,0.03378675878047943,0.8320401310920715,25.899246215820312,0.03378675878047943,0.8320401310920715,25.899246215820312,1.2371545312532817,1.1613099687508566
592,occlusion,low,3,3,occlusion,occlusion,False,0.029498687013983727,0.8469887375831604,25.24847412109375,0.029498687013983727,0.8469887375831604,25.24847412109375,1.2371545312532817,1.1613099687508566
593,salt_pepper,medium,1,1,salt_pepper,salt_pepper,False,0.0698489397764206,0.7185882925987244,20.64221954345703,0.0698489397764206,0.7185882925987244,20.64221954345703,1.2371545312532817,1.1613099687508566
594,clean,none,0,0,clean,clean,False,0.0,1.0,100.0,0.0,1.0,100.0,1.2371545312532817,1.1613099687508566
595,occlusion,low,3,3,occlusion,occlusion,False,0.055884022265672684,0.697545051574707,21.941736221313477,0.055884022265672684,0.697545051574707,21.941736221313477,1.2371545312532817,1.1613099687508566
596,clean,none,0,0,clean,clean,False,0.0,1.0,100.0,0.0,1.0,100.0,1.2371545312532817,1.1613099687508566
597,clean,none,0,0,clean,clean,False,0.0,1.0,100.0,0.0,1.0,100.0,1.2371545312532817,1.1613099687508566
598,clean,none,0,0,clean,clean,False,0.0,1.0,100.0,0.0,1.0,100.0,1.2371545312532817,1.1613099687508566
599,clean,none,0,0,clean,clean,False,0.0,1.0,100.0,0.0,1.0,100.0,1.2371545312532817,1.1613099687508566
600,occlusion,low,3,3,occlusion,occlusion,False,0.02765805274248123,0.8580489158630371,26.491994857788086,0.02765805274248123,0.8580489158630371,26.491994857788086,1.2371545312532817,1.1613099687508566
601,salt_pepper,high,1,1,salt_pepper,salt_pepper,False,0.05451216176152229,0.6735871434211731,23.06183624267578,0.05451216176152229,0.6735871434211731,23.06183624267578,1.2371545312532817,1.1613099687508566
602,clean,none,0,2,clean,blur,True,0.030135316774249077,0.8653154969215393,27.647132873535156,0.0,1.0,100.0,1.2371545312532817,1.1613099687508566
603,clean,none,0,0,clean,clean,False,0.0,1.0,100.0,0.0,1.0,100.0,1.2371545312532817,1.1613099687508566
604,blur,high,2,2,blur,blur,False,0.02741256169974804,0.9024794697761536,28.730552673339844,0.02741255797445774,0.9024789929389954,28.730552673339844,1.2371545312532817,1.1613099687508566
605,clean,none,0,0,clean,clean,False,0.0,1.0,100.0,0.0,1.0,100.0,1.2371545312532817,1.1613099687508566
606,occlusion,high,3,3,occlusion,occlusion,False,0.06894707679748535,0.6502132415771484,19.291688919067383,0.06894707679748535,0.6502132415771484,19.291688919067383,1.2371545312532817,1.1613099687508566
607,salt_pepper,medium,1,1,salt_pepper,salt_pepper,False,0.06055137515068054,0.8676807284355164,20.761987686157227,0.06055137515068054,0.8676807284355164,20.761987686157227,1.2371545312532817,1.1613099687508566
608,salt_pepper,medium,1,1,salt_pepper,salt_pepper,False,0.033897288143634796,0.923923909664154,27.852214813232422,0.033897288143634796,0.923923909664154,27.852214813232422,1.2319677499874615,1.1516454999878079
609,clean,none,0,2,clean,blur,True,0.036468882113695145,0.8610104918479919,24.284053802490234,0.0,1.0,100.0,1.2319677499874615,1.1516454999878079
610,blur,low,2,2,blur,blur,False,0.056545812636613846,0.8251258730888367,21.82952880859375,0.05654580891132355,0.8251256346702576,21.829530715942383,1.2319677499874615,1.1516454999878079
611,occlusion,medium,3,3,occlusion,occlusion,False,0.07981018722057343,0.737267255783081,17.873384475708008,0.07981018722057343,0.737267255783081,17.873384475708008,1.2319677499874615,1.1516454999878079
612,clean,none,0,0,clean,clean,False,0.0,1.0,100.0,0.0,1.0,100.0,1.2319677499874615,1.1516454999878079
613,occlusion,medium,3,3,occlusion,occlusion,False,0.06902927905321121,0.6615514159202576,20.562402725219727,0.06902927905321121,0.6615514159202576,20.562402725219727,1.2319677499874615,1.1516454999878079
614,blur,low,2,2,blur,blur,False,0.07400347292423248,0.6672123074531555,19.726030349731445,0.07400348037481308,0.6672124862670898,19.726028442382812,1.2319677499874615,1.1516454999878079
615,salt_pepper,low,1,1,salt_pepper,salt_pepper,False,0.031691696494817734,0.8733567595481873,27.2818546295166,0.031691696494817734,0.8733567595481873,27.2818546295166,1.2319677499874615,1.1516454999878079
616,clean,none,0,0,clean,clean,False,0.0,1.0,100.0,0.0,1.0,100.0,1.2319677499874615,1.1516454999878079
617,occlusion,low,3,3,occlusion,occlusion,False,0.028036972507834435,0.817401111125946,27.579965591430664,0.028036972507834435,0.817401111125946,27.579965591430664,1.2319677499874615,1.1516454999878079
618,blur,low,2,2,blur,blur,False,0.03608528897166252,0.8369529247283936,24.733474731445312,0.03608529642224312,0.8369526863098145,24.733474731445312,1.2319677499874615,1.1516454999878079
619,salt_pepper,medium,1,1,salt_pepper,salt_pepper,False,0.040161024779081345,0.8109159469604492,24.521310806274414,0.040161024779081345,0.8109159469604492,24.521310806274414,1.2319677499874615,1.1516454999878079
620,blur,low,2,2,blur,blur,False,0.033345725387334824,0.8252778053283691,26.394664764404297,0.033345725387334824,0.8252779841423035,26.394664764404297,1.2319677499874615,1.1516454999878079
621,clean,none,0,0,clean,clean,False,0.0,1.0,100.0,0.0,1.0,100.0,1.2319677499874615,1.1516454999878079
622,blur,medium,2,2,blur,blur,False,0.019624784588813782,0.9272786974906921,29.716508865356445,0.019624797627329826,0.927278995513916,29.716506958007812,1.2319677499874615,1.1516454999878079
623,clean,none,0,0,clean,clean,False,0.0,1.0,100.0,0.0,1.0,100.0,1.2319677499874615,1.1516454999878079
624,clean,none,0,0,clean,clean,False,0.0,1.0,100.0,0.0,1.0,100.0,1.2319677499874615,1.1516454999878079
625,blur,low,2,2,blur,blur,False,0.05424407124519348,0.7940251231193542,21.998340606689453,0.05424408242106438,0.7940250039100647,21.99833869934082,1.2319677499874615,1.1516454999878079
626,blur,medium,2,2,blur,blur,False,0.04548877477645874,0.832101047039032,24.13821029663086,0.045488785952329636,0.8321008682250977,24.13821029663086,1.2319677499874615,1.1516454999878079
627,salt_pepper,low,1,1,salt_pepper,salt_pepper,False,0.029634563252329826,0.877875566482544,27.515544891357422,0.029634563252329826,0.877875566482544,27.515544891357422,1.2319677499874615,1.1516454999878079
628,salt_pepper,medium,1,1,salt_pepper,salt_pepper,False,0.02499677799642086,0.8813109993934631,29.370258331298828,0.02499677799642086,0.8813109993934631,29.370258331298828,1.2319677499874615,1.1516454999878079
629,blur,low,2,2,blur,blur,False,0.02346813678741455,0.8691267967224121,29.61683464050293,0.023468144237995148,0.8691267967224121,29.616832733154297,1.2319677499874615,1.1516454999878079
630,occlusion,medium,3,3,occlusion,occlusion,False,0.031633924692869186,0.8034303188323975,26.409278869628906,0.031633924692869186,0.8034303188323975,26.409278869628906,1.2319677499874615,1.1516454999878079
631,clean,none,0,0,clean,clean,False,0.0,1.0,100.0,0.0,1.0,100.0,1.2319677499874615,1.1516454999878079
632,clean,none,0,0,clean,clean,False,0.0,1.0,100.0,0.0,1.0,100.0,1.2319677499874615,1.1516454999878079
633,clean,none,0,0,clean,clean,False,0.0,1.0,100.0,0.0,1.0,100.0,1.2319677499874615,1.1516454999878079
634,blur,high,2,2,blur,blur,False,0.02991393208503723,0.8618364334106445,27.215301513671875,0.029913945123553276,0.8618366718292236,27.215301513671875,1.2319677499874615,1.1516454999878079
635,clean,none,0,0,clean,clean,False,0.0,1.0,100.0,0.0,1.0,100.0,1.2319677499874615,1.1516454999878079
636,occlusion,high,3,3,occlusion,occlusion,False,0.04634265601634979,0.7053858637809753,22.03691291809082,0.04634265601634979,0.7053858637809753,22.03691291809082,1.2319677499874615,1.1516454999878079
637,clean,none,0,0,clean,clean,False,0.0,1.0,100.0,0.0,1.0,100.0,1.2319677499874615,1.1516454999878079
638,blur,medium,2,2,blur,blur,False,0.021191397681832314,0.9087631106376648,30.464332580566406,0.02119140326976776,0.9087631106376648,30.46432876586914,1.2319677499874615,1.1516454999878079
639,occlusion,low,3,3,occlusion,occlusion,False,0.04051171615719795,0.8675599098205566,22.49030113220215,0.04051171615719795,0.8675599098205566,22.49030113220215,1.2319677499874615,1.1516454999878079
640,blur,low,2,2,blur,blur,False,0.028289243578910828,0.9047622084617615,27.36280632019043,0.028289243578910828,0.9047622084617615,27.36280632019043,2.5078094374748616,1.8057531249837666
641,clean,none,0,0,clean,clean,False,0.0,1.0,100.0,0.0,1.0,100.0,2.5078094374748616,1.8057531249837666
642,occlusion,low,3,3,occlusion,occlusion,False,0.04186595603823662,0.8449702262878418,23.568695068359375,0.04186595603823662,0.8449702262878418,23.568695068359375,2.5078094374748616,1.8057531249837666
643,occlusion,high,3,3,occlusion,occlusion,False,0.07742374390363693,0.7383087277412415,18.978288650512695,0.07742374390363693,0.7383087277412415,18.978288650512695,2.5078094374748616,1.8057531249837666
644,occlusion,high,3,3,occlusion,occlusion,False,0.08325762301683426,0.6634058356285095,16.505443572998047,0.08325762301683426,0.6634058356285095,16.505443572998047,2.5078094374748616,1.8057531249837666
645,occlusion,medium,3,3,occlusion,occlusion,False,0.05043356120586395,0.7325983643531799,21.321163177490234,0.05043356120586395,0.7325983643531799,21.321163177490234,2.5078094374748616,1.8057531249837666
646,clean,none,0,0,clean,clean,False,0.0,1.0,100.0,0.0,1.0,100.0,2.5078094374748616,1.8057531249837666
647,occlusion,low,3,3,occlusion,occlusion,False,0.03698677197098732,0.8225075602531433,25.809295654296875,0.03698677197098732,0.8225075602531433,25.809295654296875,2.5078094374748616,1.8057531249837666
648,salt_pepper,medium,1,1,salt_pepper,salt_pepper,False,0.018147146329283714,0.9284946918487549,32.706539154052734,0.018147146329283714,0.9284946918487549,32.706539154052734,2.5078094374748616,1.8057531249837666
649,salt_pepper,low,1,1,salt_pepper,salt_pepper,False,0.036288823932409286,0.8336854577064514,25.304962158203125,0.036288823932409286,0.8336854577064514,25.304962158203125,2.5078094374748616,1.8057531249837666
650,occlusion,low,3,3,occlusion,occlusion,False,0.05480119213461876,0.7180585861206055,22.657447814941406,0.05480119213461876,0.7180585861206055,22.657447814941406,2.5078094374748616,1.8057531249837666
651,occlusion,high,3,3,occlusion,occlusion,False,0.050086069852113724,0.7029702067375183,21.648670196533203,0.050086069852113724,0.7029702067375183,21.648670196533203,2.5078094374748616,1.8057531249837666
652,clean,none,0,0,clean,clean,False,0.0,1.0,100.0,0.0,1.0,100.0,2.5078094374748616,1.8057531249837666
653,blur,low,2,2,blur,blur,False,0.041374657303094864,0.8371532559394836,24.643508911132812,0.041374657303094864,0.8371532559394836,24.643508911132812,2.5078094374748616,1.8057531249837666
654,occlusion,medium,3,3,occlusion,occlusion,False,0.024488121271133423,0.9024433493614197,27.40997314453125,0.024488121271133423,0.9024433493614197,27.40997314453125,2.5078094374748616,1.8057531249837666
655,occlusion,medium,3,3,occlusion,occlusion,False,0.06061248108744621,0.7977121472358704,20.987110137939453,0.06061248108744621,0.7977121472358704,20.987110137939453,2.5078094374748616,1.8057531249837666
656,occlusion,low,3,3,occlusion,occlusion,False,0.06794015318155289,0.5653950572013855,20.241106033325195,0.06794015318155289,0.5653950572013855,20.241106033325195,2.5078094374748616,1.8057531249837666
657,blur,low,2,2,blur,blur,False,0.05027515068650246,0.8398845791816711,21.40650177001953,0.05027515068650246,0.8398845791816711,21.40650177001953,2.5078094374748616,1.8057531249837666
658,clean,none,0,0,clean,clean,False,0.0,1.0,100.0,0.0,1.0,100.0,2.5078094374748616,1.8057531249837666
659,blur,medium,2,2,blur,blur,False,0.03753436356782913,0.8969831466674805,26.153827667236328,0.03753436356782913,0.8969831466674805,26.153827667236328,2.5078094374748616,1.8057531249837666
660,occlusion,low,3,3,occlusion,occlusion,False,0.041668474674224854,0.8180177211761475,22.93905258178711,0.041668474674224854,0.8180177211761475,22.93905258178711,2.5078094374748616,1.8057531249837666
661,salt_pepper,high,1,1,salt_pepper,salt_pepper,False,0.039398688822984695,0.8496068120002747,25.488277435302734,0.039398688822984695,0.8496068120002747,25.488277435302734,2.5078094374748616,1.8057531249837666
662,blur,low,2,2,blur,blur,False,0.026786139234900475,0.9040754437446594,28.679122924804688,0.026786139234900475,0.9040754437446594,28.679122924804688,2.5078094374748616,1.8057531249837666
663,blur,high,2,2,blur,blur,False,0.031182115897536278,0.898876965045929,27.253599166870117,0.031182115897536278,0.898876965045929,27.253599166870117,2.5078094374748616,1.8057531249837666
664,clean,none,0,0,clean,clean,False,0.0,1.0,100.0,0.0,1.0,100.0,2.5078094374748616,1.8057531249837666
665,blur,low,2,2,blur,blur,False,0.03731393441557884,0.8317061066627502,26.038532257080078,0.03731393441557884,0.8317061066627502,26.038532257080078,2.5078094374748616,1.8057531249837666
666,occlusion,low,3,3,occlusion,occlusion,False,0.03112003393471241,0.8247138857841492,26.702783584594727,0.03112003393471241,0.8247138857841492,26.702783584594727,2.5078094374748616,1.8057531249837666
667,occlusion,medium,3,3,occlusion,occlusion,False,0.04739011824131012,0.7120677828788757,20.57807159423828,0.04739011824131012,0.7120677828788757,20.57807159423828,2.5078094374748616,1.8057531249837666
668,blur,low,2,2,blur,blur,False,0.032968416810035706,0.855384349822998,26.220033645629883,0.032968416810035706,0.855384349822998,26.220033645629883,2.5078094374748616,1.8057531249837666
669,blur,low,2,2,blur,blur,False,0.047183334827423096,0.8559067845344543,21.61989402770996,0.047183334827423096,0.8559067845344543,21.61989402770996,2.5078094374748616,1.8057531249837666
670,blur,medium,2,2,blur,blur,False,0.03834732249379158,0.8734378814697266,25.343198776245117,0.03834732249379158,0.8734378814697266,25.343198776245117,2.5078094374748616,1.8057531249837666
671,occlusion,medium,3,3,occlusion,occlusion,False,0.03893072530627251,0.8323893547058105,24.543136596679688,0.03893072530627251,0.8323893547058105,24.543136596679688,2.5078094374748616,1.8057531249837666
672,occlusion,low,3,3,occlusion,occlusion,False,0.03967602550983429,0.8458974361419678,24.514842987060547,0.03967602550983429,0.8458974361419678,24.514842987060547,2.043580625013419,1.5797550000229421
673,blur,low,2,2,blur,blur,False,0.026286080479621887,0.8837555050849915,28.5430908203125,0.026286080479621887,0.8837555050849915,28.5430908203125,2.043580625013419,1.5797550000229421
674,salt_pepper,high,1,1,salt_pepper,salt_pepper,False,0.026003198698163033,0.8408098220825195,29.112234115600586,0.026003198698163033,0.8408098220825195,29.112234115600586,2.043580625013419,1.5797550000229421
675,blur,medium,2,2,blur,blur,False,0.02832874096930027,0.9186842441558838,28.640871047973633,0.02832874096930027,0.9186842441558838,28.640871047973633,2.043580625013419,1.5797550000229421
676,occlusion,low,3,3,occlusion,occlusion,False,0.10144606977701187,0.7245727181434631,17.619359970092773,0.10144606977701187,0.7245727181434631,17.619359970092773,2.043580625013419,1.5797550000229421
677,blur,low,2,2,blur,blur,False,0.03521406650543213,0.8319856524467468,26.197452545166016,0.03521406650543213,0.8319856524467468,26.197452545166016,2.043580625013419,1.5797550000229421
678,clean,none,0,0,clean,clean,False,0.0,1.0,100.0,0.0,1.0,100.0,2.043580625013419,1.5797550000229421
679,clean,none,0,0,clean,clean,False,0.0,1.0,100.0,0.0,1.0,100.0,2.043580625013419,1.5797550000229421
680,occlusion,high,3,3,occlusion,occlusion,False,0.06791303306818008,0.7586362957954407,19.0001277923584,0.06791303306818008,0.7586362957954407,19.0001277923584,2.043580625013419,1.5797550000229421
681,blur,high,2,2,blur,blur,False,0.05224240943789482,0.7852017879486084,22.077335357666016,0.05224240943789482,0.7852017879486084,22.077335357666016,2.043580625013419,1.5797550000229421
682,occlusion,medium,3,3,occlusion,occlusion,False,0.060268256813287735,0.6986315250396729,20.11249542236328,0.060268256813287735,0.6986315250396729,20.11249542236328,2.043580625013419,1.5797550000229421
683,salt_pepper,medium,1,1,salt_pepper,salt_pepper,False,0.03732675313949585,0.8271586298942566,25.390819549560547,0.03732675313949585,0.8271586298942566,25.390819549560547,2.043580625013419,1.5797550000229421
684,clean,none,0,0,clean,clean,False,0.0,1.0,100.0,0.0,1.0,100.0,2.043580625013419,1.5797550000229421
685,blur,high,2,2,blur,blur,False,0.04024147614836693,0.7569622993469238,25.154273986816406,0.04024147614836693,0.7569622993469238,25.154273986816406,2.043580625013419,1.5797550000229421
686,clean,none,0,0,clean,clean,False,0.0,1.0,100.0,0.0,1.0,100.0,2.043580625013419,1.5797550000229421
687,occlusion,low,3,3,occlusion,occlusion,False,0.038953136652708054,0.8557499051094055,25.097702026367188,0.038953136652708054,0.8557499051094055,25.097702026367188,2.043580625013419,1.5797550000229421
688,blur,high,2,2,blur,blur,False,0.051609914749860764,0.8544292449951172,21.42043685913086,0.051609914749860764,0.8544292449951172,21.42043685913086,2.043580625013419,1.5797550000229421
689,blur,low,2,2,blur,blur,False,0.037897590547800064,0.762573778629303,26.201622009277344,0.037897590547800064,0.762573778629303,26.201622009277344,2.043580625013419,1.5797550000229421
690,occlusion,low,3,3,occlusion,occlusion,False,0.06261388212442398,0.7116367220878601,20.017309188842773,0.06261388212442398,0.7116367220878601,20.017309188842773,2.043580625013419,1.5797550000229421
691,blur,high,2,2,blur,blur,False,0.030470063909888268,0.8547118306159973,27.128341674804688,0.030470063909888268,0.8547118306159973,27.128341674804688,2.043580625013419,1.5797550000229421
692,blur,high,2,2,blur,blur,False,0.029599711298942566,0.7339282035827637,27.78425407409668,0.029599711298942566,0.7339282035827637,27.78425407409668,2.043580625013419,1.5797550000229421
693,clean,none,0,0,clean,clean,False,0.0,1.0,100.0,0.0,1.0,100.0,2.043580625013419,1.5797550000229421
694,occlusion,high,3,3,occlusion,occlusion,False,0.04441473260521889,0.7962503433227539,19.896652221679688,0.04441473260521889,0.7962503433227539,19.896652221679688,2.043580625013419,1.5797550000229421
695,clean,none,0,0,clean,clean,False,0.0,1.0,100.0,0.0,1.0,100.0,2.043580625013419,1.5797550000229421
696,occlusion,high,3,3,occlusion,occlusion,False,0.04163077473640442,0.8377334475517273,21.330163955688477,0.04163077473640442,0.8377334475517273,21.330163955688477,2.043580625013419,1.5797550000229421
697,clean,none,0,0,clean,clean,False,0.0,1.0,100.0,0.0,1.0,100.0,2.043580625013419,1.5797550000229421
698,blur,medium,2,2,blur,blur,False,0.014039394445717335,0.9312090277671814,33.30889892578125,0.014039394445717335,0.9312090277671814,33.30889892578125,2.043580625013419,1.5797550000229421
699,blur,medium,2,2,blur,blur,False,0.034289244562387466,0.8706749081611633,26.403512954711914,0.034289244562387466,0.8706749081611633,26.403512954711914,2.043580625013419,1.5797550000229421
700,clean,none,0,0,clean,clean,False,0.0,1.0,100.0,0.0,1.0,100.0,2.043580625013419,1.5797550000229421
701,blur,low,2,2,blur,blur,False,0.03666997328400612,0.8403706550598145,26.13826560974121,0.03666997328400612,0.8403706550598145,26.13826560974121,2.043580625013419,1.5797550000229421
702,occlusion,medium,3,3,occlusion,occlusion,False,0.04174992814660072,0.7468883991241455,22.924936294555664,0.04174992814660072,0.7468883991241455,22.924936294555664,2.043580625013419,1.5797550000229421
703,clean,none,0,0,clean,clean,False,0.0,1.0,100.0,0.0,1.0,100.0,2.043580625013419,1.5797550000229421
704,occlusion,high,3,3,occlusion,occlusion,False,0.06363940984010696,0.6949989199638367,19.34282684326172,0.06363940984010696,0.6949989199638367,19.34282684326172,1.9320200312336056,1.7794482187412086
705,occlusion,high,3,3,occlusion,occlusion,False,0.08147823065519333,0.6315609812736511,17.23670768737793,0.08147823065519333,0.6315609812736511,17.23670768737793,1.9320200312336056,1.7794482187412086
706,occlusion,high,3,3,occlusion,occlusion,False,0.11903981119394302,0.6893218159675598,16.384082794189453,0.11903981119394302,0.6893218159675598,16.384082794189453,1.9320200312336056,1.7794482187412086
707,blur,low,2,2,blur,blur,False,0.049888912588357925,0.7405953407287598,23.159103393554688,0.049888912588357925,0.7405953407287598,23.159103393554688,1.9320200312336056,1.7794482187412086
708,blur,low,2,2,blur,blur,False,0.0472392737865448,0.8179600834846497,23.34333610534668,0.0472392737865448,0.8179600834846497,23.34333610534668,1.9320200312336056,1.7794482187412086
709,occlusion,high,3,3,occlusion,occlusion,False,0.05796123668551445,0.6558996438980103,19.78662872314453,0.05796123668551445,0.6558996438980103,19.78662872314453,1.9320200312336056,1.7794482187412086
710,blur,low,2,2,blur,blur,False,0.03332231193780899,0.7769401669502258,26.68658447265625,0.03332231193780899,0.7769401669502258,26.68658447265625,1.9320200312336056,1.7794482187412086
711,blur,medium,2,2,blur,blur,False,0.027957074344158173,0.9444038271903992,27.68348503112793,0.027957074344158173,0.9444038271903992,27.68348503112793,1.9320200312336056,1.7794482187412086
712,occlusion,high,3,3,occlusion,occlusion,False,0.05823491886258125,0.6412631869316101,20.151100158691406,0.05823491886258125,0.6412631869316101,20.151100158691406,1.9320200312336056,1.7794482187412086
713,occlusion,medium,3,3,occlusion,occlusion,False,0.043770622462034225,0.7311949133872986,20.309221267700195,0.043770622462034225,0.7311949133872986,20.309221267700195,1.9320200312336056,1.7794482187412086
714,occlusion,medium,3,3,occlusion,occlusion,False,0.03251578286290169,0.7581450939178467,25.602380752563477,0.03251578286290169,0.7581450939178467,25.602380752563477,1.9320200312336056,1.7794482187412086
715,occlusion,low,3,3,occlusion,occlusion,False,0.0612991563975811,0.6890325546264648,20.39348602294922,0.0612991563975811,0.6890325546264648,20.39348602294922,1.9320200312336056,1.7794482187412086
716,occlusion,high,3,3,occlusion,occlusion,False,0.027964435517787933,0.8452652096748352,26.247760772705078,0.027964435517787933,0.8452652096748352,26.247760772705078,1.9320200312336056,1.7794482187412086
717,clean,none,0,0,clean,clean,False,0.0,1.0,100.0,0.0,1.0,100.0,1.9320200312336056,1.7794482187412086
718,clean,none,0,0,clean,clean,False,0.0,1.0,100.0,0.0,1.0,100.0,1.9320200312336056,1.7794482187412086
719,salt_pepper,high,1,1,salt_pepper,salt_pepper,False,0.06105819344520569,0.8147158622741699,22.70155143737793,0.06105819344520569,0.8147158622741699,22.70155143737793,1.9320200312336056,1.7794482187412086
720,occlusion,medium,3,3,occlusion,occlusion,False,0.03773706778883934,0.8035459518432617,24.850704193115234,0.03773706778883934,0.8035459518432617,24.850704193115234,1.9320200312336056,1.7794482187412086
721,salt_pepper,medium,1,1,salt_pepper,salt_pepper,False,0.05591022968292236,0.6991581320762634,20.665191650390625,0.05591022968292236,0.6991581320762634,20.665191650390625,1.9320200312336056,1.7794482187412086
722,blur,low,2,2,blur,blur,False,0.04218759760260582,0.8569173216819763,24.899707794189453,0.04218759760260582,0.8569173216819763,24.899707794189453,1.9320200312336056,1.7794482187412086
723,occlusion,medium,3,3,occlusion,occlusion,False,0.04870699346065521,0.6822022795677185,23.319664001464844,0.04870699346065521,0.6822022795677185,23.319664001464844,1.9320200312336056,1.7794482187412086
724,occlusion,low,3,3,occlusion,occlusion,False,0.048199206590652466,0.7529789805412292,22.5130558013916,0.048199206590652466,0.7529789805412292,22.5130558013916,1.9320200312336056,1.7794482187412086
725,blur,high,2,2,blur,blur,False,0.033605050295591354,0.9119059443473816,25.731197357177734,0.033605050295591354,0.9119059443473816,25.731197357177734,1.9320200312336056,1.7794482187412086
726,blur,high,2,2,blur,blur,False,0.047494739294052124,0.7503649592399597,22.317062377929688,0.047494739294052124,0.7503649592399597,22.317062377929688,1.9320200312336056,1.7794482187412086
727,clean,none,0,0,clean,clean,False,0.0,1.0,100.0,0.0,1.0,100.0,1.9320200312336056,1.7794482187412086
728,occlusion,high,3,3,occlusion,occlusion,False,0.05160681530833244,0.739143431186676,21.46280288696289,0.05160681530833244,0.739143431186676,21.46280288696289,1.9320200312336056,1.7794482187412086
729,clean,none,0,0,clean,clean,False,0.0,1.0,100.0,0.0,1.0,100.0,1.9320200312336056,1.7794482187412086
730,blur,medium,2,2,blur,blur,False,0.04033423960208893,0.823771059513092,25.117042541503906,0.04033423960208893,0.823771059513092,25.117042541503906,1.9320200312336056,1.7794482187412086
731,clean,none,0,0,clean,clean,False,0.0,1.0,100.0,0.0,1.0,100.0,1.9320200312336056,1.7794482187412086
732,clean,none,0,0,clean,clean,False,0.0,1.0,100.0,0.0,1.0,100.0,1.9320200312336056,1.7794482187412086
733,occlusion,low,3,3,occlusion,occlusion,False,0.032335393130779266,0.8927795886993408,23.721649169921875,0.032335393130779266,0.8927795886993408,23.721649169921875,1.9320200312336056,1.7794482187412086
734,salt_pepper,medium,1,1,salt_pepper,salt_pepper,False,0.01698819175362587,0.8807380795478821,31.938047409057617,0.01698819175362587,0.8807380795478821,31.938047409057617,1.9320200312336056,1.7794482187412086
735,occlusion,medium,3,3,occlusion,occlusion,False,0.13899774849414825,0.7217885851860046,15.462495803833008,0.13899774849414825,0.7217885851860046,15.462495803833008,1.9320200312336056,1.7794482187412086
736,occlusion,low,3,3,occlusion,occlusion,False,0.036804765462875366,0.7850695252418518,24.814672470092773,0.036804765462875366,0.7850695252418518,24.814672470092773,1.5087893437453204,1.4375224062632697
737,clean,none,0,0,clean,clean,False,0.0,1.0,100.0,0.0,1.0,100.0,1.5087893437453204,1.4375224062632697
738,clean,none,0,0,clean,clean,False,0.0,1.0,100.0,0.0,1.0,100.0,1.5087893437453204,1.4375224062632697
739,salt_pepper,high,1,1,salt_pepper,salt_pepper,False,0.032615602016448975,0.8119776248931885,25.760906219482422,0.032615602016448975,0.8119776248931885,25.760906219482422,1.5087893437453204,1.4375224062632697
740,blur,low,2,2,blur,blur,False,0.04230435565114021,0.7840415835380554,24.597776412963867,0.04230436682701111,0.784041702747345,24.597776412963867,1.5087893437453204,1.4375224062632697
741,salt_pepper,low,1,1,salt_pepper,salt_pepper,False,0.05096498131752014,0.7580534815788269,22.982036590576172,0.05096498131752014,0.7580534815788269,22.982036590576172,1.5087893437453204,1.4375224062632697
742,clean,none,0,0,clean,clean,False,0.0,1.0,100.0,0.0,1.0,100.0,1.5087893437453204,1.4375224062632697
743,occlusion,high,3,3,occlusion,occlusion,False,0.042819347232580185,0.6847222447395325,21.94228744506836,0.042819347232580185,0.6847222447395325,21.94228744506836,1.5087893437453204,1.4375224062632697
744,occlusion,low,3,3,occlusion,occlusion,False,0.040487393736839294,0.7083807587623596,23.263904571533203,0.040487393736839294,0.7083807587623596,23.263904571533203,1.5087893437453204,1.4375224062632697
745,salt_pepper,high,1,1,salt_pepper,salt_pepper,False,0.016590794548392296,0.9403347969055176,29.089706420898438,0.016590794548392296,0.9403347969055176,29.089706420898438,1.5087893437453204,1.4375224062632697
746,clean,none,0,0,clean,clean,False,0.0,1.0,100.0,0.0,1.0,100.0,1.5087893437453204,1.4375224062632697
747,occlusion,high,3,3,occlusion,occlusion,False,0.05435675382614136,0.6471299529075623,20.510282516479492,0.05435675382614136,0.6471299529075623,20.510282516479492,1.5087893437453204,1.4375224062632697
748,blur,high,2,2,blur,blur,False,0.03629089519381523,0.8295879364013672,25.895383834838867,0.036290910094976425,0.8295877575874329,25.895381927490234,1.5087893437453204,1.4375224062632697
749,salt_pepper,high,1,1,salt_pepper,salt_pepper,False,0.03904581442475319,0.8389139771461487,25.74456787109375,0.03904581442475319,0.8389139771461487,25.74456787109375,1.5087893437453204,1.4375224062632697
750,salt_pepper,medium,1,1,salt_pepper,salt_pepper,False,0.03271432965993881,0.841982901096344,26.415916442871094,0.03271432965993881,0.841982901096344,26.415916442871094,1.5087893437453204,1.4375224062632697
751,salt_pepper,medium,1,1,salt_pepper,salt_pepper,False,0.02177131175994873,0.930222749710083,29.121217727661133,0.02177131175994873,0.930222749710083,29.121217727661133,1.5087893437453204,1.4375224062632697
752,blur,low,2,2,blur,blur,False,0.046825286000967026,0.7783536314964294,24.098323822021484,0.04682527855038643,0.7783536911010742,24.098323822021484,1.5087893437453204,1.4375224062632697
753,salt_pepper,medium,1,1,salt_pepper,salt_pepper,False,0.039141248911619186,0.747372567653656,25.579792022705078,0.039141248911619186,0.747372567653656,25.579792022705078,1.5087893437453204,1.4375224062632697
754,salt_pepper,medium,1,1,salt_pepper,salt_pepper,False,0.026151394471526146,0.8577525615692139,28.091751098632812,0.026151394471526146,0.8577525615692139,28.091751098632812,1.5087893437453204,1.4375224062632697
755,salt_pepper,medium,1,1,salt_pepper,salt_pepper,False,0.027730196714401245,0.8029317855834961,28.054914474487305,0.027730196714401245,0.8029317855834961,28.054914474487305,1.5087893437453204,1.4375224062632697
756,occlusion,medium,3,3,occlusion,occlusion,False,0.043160151690244675,0.74399733543396,22.649837493896484,0.043160151690244675,0.74399733543396,22.649837493896484,1.5087893437453204,1.4375224062632697
757,blur,low,2,2,blur,blur,False,0.03668178617954254,0.8098484873771667,25.601051330566406,0.03668178990483284,0.8098483681678772,25.601051330566406,1.5087893437453204,1.4375224062632697
758,clean,none,0,0,clean,clean,False,0.0,1.0,100.0,0.0,1.0,100.0,1.5087893437453204,1.4375224062632697
759,occlusion,low,3,3,occlusion,occlusion,False,0.042547035962343216,0.8324356079101562,23.286441802978516,0.042547035962343216,0.8324356079101562,23.286441802978516,1.5087893437453204,1.4375224062632697
760,blur,medium,2,2,blur,blur,False,0.03884151950478554,0.8063514232635498,24.88967514038086,0.038841523230075836,0.8063514232635498,24.889671325683594,1.5087893437453204,1.4375224062632697
761,clean,none,0,2,clean,blur,True,0.024166574701666832,0.9255453944206238,29.49749755859375,0.0,1.0,100.0,1.5087893437453204,1.4375224062632697
762,occlusion,medium,3,3,occlusion,occlusion,False,0.11494412273168564,0.4644738733768463,15.695859909057617,0.11494412273168564,0.4644738733768463,15.695859909057617,1.5087893437453204,1.4375224062632697
763,salt_pepper,medium,1,1,salt_pepper,salt_pepper,False,0.026508286595344543,0.9435581564903259,29.40941619873047,0.026508286595344543,0.9435581564903259,29.40941619873047,1.5087893437453204,1.4375224062632697
764,occlusion,low,3,3,occlusion,occlusion,False,0.047996629029512405,0.7241172790527344,23.81243896484375,0.047996629029512405,0.7241172790527344,23.81243896484375,1.5087893437453204,1.4375224062632697
765,blur,high,2,2,blur,blur,False,0.041032347828149796,0.838914692401886,25.11349868774414,0.041032347828149796,0.8389150500297546,25.11349868774414,1.5087893437453204,1.4375224062632697
766,clean,none,0,0,clean,clean,False,0.0,1.0,100.0,0.0,1.0,100.0,1.5087893437453204,1.4375224062632697
767,occlusion,low,3,3,occlusion,occlusion,False,0.05171153321862221,0.8488755226135254,20.920209884643555,0.05171153321862221,0.8488755226135254,20.920209884643555,1.5087893437453204,1.4375224062632697
768,salt_pepper,high,1,1,salt_pepper,salt_pepper,False,0.040190767496824265,0.8078020215034485,24.54496192932129,0.040190767496824265,0.8078020215034485,24.54496192932129,1.4160055937679772,1.44965674999753
769,occlusion,high,3,3,occlusion,occlusion,False,0.04300789162516594,0.594236433506012,23.871477127075195,0.04300789162516594,0.5942365527153015,23.871477127075195,1.4160055937679772,1.44965674999753
770,salt_pepper,medium,1,1,salt_pepper,salt_pepper,False,0.057144444435834885,0.7026035189628601,21.963184356689453,0.057144444435834885,0.7026035189628601,21.963184356689453,1.4160055937679772,1.44965674999753
771,clean,none,0,0,clean,clean,False,0.0,1.0,100.0,0.0,1.0,100.0,1.4160055937679772,1.44965674999753
772,clean,none,0,0,clean,clean,False,0.0,1.0,100.0,0.0,1.0,100.0,1.4160055937679772,1.44965674999753
773,blur,low,2,2,blur,blur,False,0.015284691005945206,0.9229092001914978,33.1057014465332,0.015284691005945206,0.9229092001914978,33.1057014465332,1.4160055937679772,1.44965674999753
774,salt_pepper,low,1,1,salt_pepper,salt_pepper,False,0.02771036885678768,0.8894285559654236,27.861610412597656,0.02771036885678768,0.8894285559654236,27.861610412597656,1.4160055937679772,1.44965674999753
775,clean,none,0,0,clean,clean,False,0.0,1.0,100.0,0.0,1.0,100.0,1.4160055937679772,1.44965674999753
776,blur,high,2,2,blur,blur,False,0.04272306337952614,0.7007014155387878,24.173133850097656,0.04272306337952614,0.7007014155387878,24.173133850097656,1.4160055937679772,1.44965674999753
777,occlusion,medium,3,3,occlusion,occlusion,False,0.055080998688936234,0.7153289914131165,21.239608764648438,0.055080998688936234,0.7153289914131165,21.239608764648438,1.4160055937679772,1.44965674999753
778,salt_pepper,medium,1,1,salt_pepper,salt_pepper,False,0.027409493923187256,0.9005281925201416,28.386295318603516,0.027409493923187256,0.9005281925201416,28.386295318603516,1.4160055937679772,1.44965674999753
779,salt_pepper,high,1,1,salt_pepper,salt_pepper,False,0.07141605019569397,0.6864910125732422,19.92186164855957,0.07141605019569397,0.6864910125732422,19.92186164855957,1.4160055937679772,1.44965674999753
780,salt_pepper,high,1,1,salt_pepper,salt_pepper,False,0.03526948764920235,0.8702738285064697,26.207157135009766,0.03526948764920235,0.8702738285064697,26.207157135009766,1.4160055937679772,1.44965674999753
781,clean,none,0,0,clean,clean,False,0.0,1.0,100.0,0.0,1.0,100.0,1.4160055937679772,1.44965674999753
782,salt_pepper,low,1,1,salt_pepper,salt_pepper,False,0.04276072606444359,0.8759214282035828,21.30730438232422,0.04276072606444359,0.8759214282035828,21.30730438232422,1.4160055937679772,1.44965674999753
783,blur,medium,2,2,blur,blur,False,0.038597673177719116,0.8729321956634521,25.79155158996582,0.038597673177719116,0.8729321956634521,25.79155158996582,1.4160055937679772,1.44965674999753
784,blur,high,2,2,blur,blur,False,0.028205811977386475,0.812916100025177,27.557315826416016,0.028205811977386475,0.812916100025177,27.557315826416016,1.4160055937679772,1.44965674999753
785,blur,high,2,2,blur,blur,False,0.031986888498067856,0.8419869542121887,25.613059997558594,0.031986888498067856,0.8419869542121887,25.613059997558594,1.4160055937679772,1.44965674999753
786,occlusion,low,3,0,occlusion,clean,True,0.0405881442129612,0.8827304840087891,17.279647827148438,0.07770594954490662,0.5532756447792053,19.718873977661133,1.4160055937679772,1.44965674999753
787,salt_pepper,high,1,1,salt_pepper,salt_pepper,False,0.04639756307005882,0.7065168023109436,23.504056930541992,0.04639756307005882,0.7065168023109436,23.504056930541992,1.4160055937679772,1.44965674999753
788,blur,low,2,2,blur,blur,False,0.06572180241346359,0.6842496395111084,21.094188690185547,0.06572180241346359,0.6842496395111084,21.094188690185547,1.4160055937679772,1.44965674999753
789,salt_pepper,low,1,1,salt_pepper,salt_pepper,False,0.03648011013865471,0.8080112934112549,25.859577178955078,0.03648011013865471,0.8080112934112549,25.859577178955078,1.4160055937679772,1.44965674999753
790,clean,none,0,0,clean,clean,False,0.0,1.0,100.0,0.0,1.0,100.0,1.4160055937679772,1.44965674999753
791,occlusion,medium,3,3,occlusion,occlusion,False,0.08007913827896118,0.5607002377510071,18.560039520263672,0.08007913827896118,0.5607002377510071,18.560039520263672,1.4160055937679772,1.44965674999753
792,blur,high,2,2,blur,blur,False,0.03856240585446358,0.7574923634529114,24.77381706237793,0.03856240585446358,0.7574923634529114,24.77381706237793,1.4160055937679772,1.44965674999753
793,occlusion,medium,3,3,occlusion,occlusion,False,0.08875784277915955,0.5936824679374695,18.30724334716797,0.08875785022974014,0.5936823487281799,18.30724334716797,1.4160055937679772,1.44965674999753
794,clean,none,0,0,clean,clean,False,0.0,1.0,100.0,0.0,1.0,100.0,1.4160055937679772,1.44965674999753
795,salt_pepper,high,1,1,salt_pepper,salt_pepper,False,0.047090549021959305,0.7787747383117676,23.771060943603516,0.047090549021959305,0.7787747383117676,23.771060943603516,1.4160055937679772,1.44965674999753
796,blur,high,2,2,blur,blur,False,0.039408937096595764,0.8515087962150574,25.039827346801758,0.039408937096595764,0.8515087962150574,25.039827346801758,1.4160055937679772,1.44965674999753
797,salt_pepper,high,1,1,salt_pepper,salt_pepper,False,0.028176987543702126,0.8278641700744629,28.142051696777344,0.028176987543702126,0.8278641700744629,28.142051696777344,1.4160055937679772,1.44965674999753
798,occlusion,high,3,3,occlusion,occlusion,False,0.10441744327545166,0.47904062271118164,15.590027809143066,0.10441744327545166,0.47904062271118164,15.590027809143066,1.4160055937679772,1.44965674999753
799,clean,none,0,0,clean,clean,False,0.0,1.0,100.0,0.0,1.0,100.0,1.4160055937679772,1.44965674999753
800,blur,medium,2,2,blur,blur,False,0.04165680333971977,0.7975737452507019,24.667724609375,0.04165680333971977,0.7975737452507019,24.667724609375,1.4603299062514452,1.4544476875073542
801,salt_pepper,medium,1,1,salt_pepper,salt_pepper,False,0.028971528634428978,0.8789301514625549,27.787185668945312,0.028971528634428978,0.8789301514625549,27.787185668945312,1.4603299062514452,1.4544476875073542
802,blur,medium,2,2,blur,blur,False,0.03809699788689613,0.8095743656158447,24.92074203491211,0.03809699788689613,0.8095743656158447,24.92074203491211,1.4603299062514452,1.4544476875073542
803,blur,low,2,2,blur,blur,False,0.03278331831097603,0.8488290309906006,26.186553955078125,0.03278331831097603,0.8488290309906006,26.186553955078125,1.4603299062514452,1.4544476875073542
804,blur,medium,2,2,blur,blur,False,0.04781310260295868,0.7720956802368164,23.57019805908203,0.04781310260295868,0.7720956802368164,23.57019805908203,1.4603299062514452,1.4544476875073542
805,salt_pepper,medium,1,1,salt_pepper,salt_pepper,False,0.04530071094632149,0.8299579620361328,24.326364517211914,0.04530071094632149,0.8299579620361328,24.326364517211914,1.4603299062514452,1.4544476875073542
806,blur,low,2,2,blur,blur,False,0.026917049661278725,0.8730518817901611,27.87785530090332,0.026917049661278725,0.8730518817901611,27.87785530090332,1.4603299062514452,1.4544476875073542
807,clean,none,0,0,clean,clean,False,0.0,1.0,100.0,0.0,1.0,100.0,1.4603299062514452,1.4544476875073542
808,clean,none,0,0,clean,clean,False,0.0,1.0,100.0,0.0,1.0,100.0,1.4603299062514452,1.4544476875073542
809,occlusion,low,3,3,occlusion,occlusion,False,0.02487078495323658,0.8444010615348816,27.338083267211914,0.02487078495323658,0.8444010615348816,27.338083267211914,1.4603299062514452,1.4544476875073542
810,clean,none,0,0,clean,clean,False,0.0,1.0,100.0,0.0,1.0,100.0,1.4603299062514452,1.4544476875073542
811,blur,high,2,2,blur,blur,False,0.05770917609333992,0.8007612228393555,22.369138717651367,0.05770917609333992,0.8007612228393555,22.369138717651367,1.4603299062514452,1.4544476875073542
812,clean,none,0,0,clean,clean,False,0.0,1.0,100.0,0.0,1.0,100.0,1.4603299062514452,1.4544476875073542
813,clean,none,0,0,clean,clean,False,0.0,1.0,100.0,0.0,1.0,100.0,1.4603299062514452,1.4544476875073542
814,salt_pepper,low,1,1,salt_pepper,salt_pepper,False,0.04827357456088066,0.7609843611717224,23.370220184326172,0.04827357456088066,0.7609843611717224,23.370220184326172,1.4603299062514452,1.4544476875073542
815,salt_pepper,medium,1,1,salt_pepper,salt_pepper,False,0.04855889081954956,0.8086249232292175,23.63357925415039,0.04855889081954956,0.8086249232292175,23.63357925415039,1.4603299062514452,1.4544476875073542
816,occlusion,medium,3,3,occlusion,occlusion,False,0.05364586040377617,0.7109687924385071,20.345849990844727,0.05364586040377617,0.7109687924385071,20.345849990844727,1.4603299062514452,1.4544476875073542
817,blur,high,2,2,blur,blur,False,0.03720661997795105,0.8212465643882751,25.640581130981445,0.03720661997795105,0.8212465643882751,25.640581130981445,1.4603299062514452,1.4544476875073542
818,clean,none,0,0,clean,clean,False,0.0,1.0,100.0,0.0,1.0,100.0,1.4603299062514452,1.4544476875073542
819,salt_pepper,high,1,1,salt_pepper,salt_pepper,False,0.08880352973937988,0.598203718662262,18.86034393310547,0.08880352973937988,0.598203718662262,18.86034393310547,1.4603299062514452,1.4544476875073542
820,salt_pepper,high,1,1,salt_pepper,salt_pepper,False,0.03763316571712494,0.8478727340698242,25.641368865966797,0.03763316571712494,0.8478727340698242,25.641368865966797,1.4603299062514452,1.4544476875073542
821,salt_pepper,high,1,1,salt_pepper,salt_pepper,False,0.0416569821536541,0.9010174870491028,24.345970153808594,0.0416569821536541,0.9010174870491028,24.345970153808594,1.4603299062514452,1.4544476875073542
822,occlusion,high,3,3,occlusion,occlusion,False,0.1215980276465416,0.3944019377231598,15.046935081481934,0.1215980276465416,0.3944019377231598,15.046935081481934,1.4603299062514452,1.4544476875073542
823,occlusion,low,3,3,occlusion,occlusion,False,0.055857181549072266,0.6539048552513123,22.14898681640625,0.055857181549072266,0.6539048552513123,22.14898681640625,1.4603299062514452,1.4544476875073542
824,occlusion,low,3,3,occlusion,occlusion,False,0.06734506040811539,0.7052900195121765,20.2993106842041,0.06734506040811539,0.7052900195121765,20.2993106842041,1.4603299062514452,1.4544476875073542
825,occlusion,medium,3,3,occlusion,occlusion,False,0.07617337256669998,0.6132166385650635,18.900772094726562,0.07617337256669998,0.6132166385650635,18.900772094726562,1.4603299062514452,1.4544476875073542
826,occlusion,high,3,3,occlusion,occlusion,False,0.05878208577632904,0.6413933634757996,21.237869262695312,0.05878208577632904,0.6413933634757996,21.237869262695312,1.4603299062514452,1.4544476875073542
827,salt_pepper,medium,1,1,salt_pepper,salt_pepper,False,0.03918496146798134,0.878057062625885,24.986995697021484,0.03918496146798134,0.878057062625885,24.986995697021484,1.4603299062514452,1.4544476875073542
828,salt_pepper,high,1,1,salt_pepper,salt_pepper,False,0.04250771924853325,0.7962457537651062,24.710025787353516,0.04250771924853325,0.7962457537651062,24.710025787353516,1.4603299062514452,1.4544476875073542
829,blur,high,2,2,blur,blur,False,0.04950499162077904,0.7604926228523254,23.39705467224121,0.04950499162077904,0.7604926228523254,23.39705467224121,1.4603299062514452,1.4544476875073542
830,blur,medium,2,2,blur,blur,False,0.053909074515104294,0.6888113021850586,22.98135757446289,0.053909074515104294,0.6888113021850586,22.98135757446289,1.4603299062514452,1.4544476875073542
831,blur,high,2,2,blur,blur,False,0.045714784413576126,0.7864540219306946,23.648475646972656,0.045714784413576126,0.7864540219306946,23.648475646972656,1.4603299062514452,1.4544476875073542
832,occlusion,high,3,3,occlusion,occlusion,False,0.07253070920705795,0.5918573141098022,18.646581649780273,0.07253070920705795,0.5918573141098022,18.646581649780273,1.3736521562464077,1.399910812494909
833,salt_pepper,medium,1,1,salt_pepper,salt_pepper,False,0.04793544113636017,0.7263256907463074,23.607624053955078,0.04793544113636017,0.7263256907463074,23.607624053955078,1.3736521562464077,1.399910812494909
834,occlusion,low,3,3,occlusion,occlusion,False,0.03496314212679863,0.8267497420310974,23.24414825439453,0.03496314212679863,0.8267497420310974,23.24414825439453,1.3736521562464077,1.399910812494909
835,occlusion,high,3,3,occlusion,occlusion,False,0.08458878844976425,0.6822033524513245,15.465063095092773,0.08458878844976425,0.6822033524513245,15.465063095092773,1.3736521562464077,1.399910812494909
836,clean,none,0,0,clean,clean,False,0.0,1.0,100.0,0.0,1.0,100.0,1.3736521562464077,1.399910812494909
837,occlusion,medium,3,3,occlusion,occlusion,False,0.055227745324373245,0.5981250405311584,22.367595672607422,0.055227745324373245,0.5981250405311584,22.367595672607422,1.3736521562464077,1.399910812494909
838,salt_pepper,low,1,1,salt_pepper,salt_pepper,False,0.03813401982188225,0.8367941379547119,25.527217864990234,0.03813401982188225,0.8367941379547119,25.527217864990234,1.3736521562464077,1.399910812494909
839,blur,high,2,2,blur,blur,False,0.04869776591658592,0.7334731221199036,23.409215927124023,0.04869776591658592,0.7334731221199036,23.409215927124023,1.3736521562464077,1.399910812494909
840,salt_pepper,high,1,1,salt_pepper,salt_pepper,False,0.04736578091979027,0.8491111397743225,23.616973876953125,0.04736578091979027,0.8491111397743225,23.616973876953125,1.3736521562464077,1.399910812494909
841,blur,low,2,2,blur,blur,False,0.03993618115782738,0.7831196784973145,24.451425552368164,0.03993618115782738,0.7831196784973145,24.451425552368164,1.3736521562464077,1.399910812494909
842,occlusion,medium,3,3,occlusion,occlusion,False,0.05936005711555481,0.6498932838439941,20.703794479370117,0.05936005711555481,0.6498932838439941,20.703794479370117,1.3736521562464077,1.399910812494909
843,clean,none,0,0,clean,clean,False,0.0,1.0,100.0,0.0,1.0,100.0,1.3736521562464077,1.399910812494909
844,salt_pepper,low,1,1,salt_pepper,salt_pepper,False,0.06162641569972038,0.708635151386261,21.654911041259766,0.06162641569972038,0.708635151386261,21.654911041259766,1.3736521562464077,1.399910812494909
845,occlusion,low,3,0,occlusion,clean,True,0.04073965176939964,0.8902463316917419,16.52426528930664,0.07482796907424927,0.6789500117301941,19.481937408447266,1.3736521562464077,1.399910812494909
846,blur,low,2,2,blur,blur,False,0.04221246764063835,0.7753764986991882,24.437028884887695,0.04221246764063835,0.7753764986991882,24.437028884887695,1.3736521562464077,1.399910812494909
847,salt_pepper,medium,1,1,salt_pepper,salt_pepper,False,0.04296456649899483,0.7479270100593567,24.361391067504883,0.04296456649899483,0.7479270100593567,24.361391067504883,1.3736521562464077,1.399910812494909
848,blur,low,2,2,blur,blur,False,0.061494674533605576,0.7304093837738037,21.225257873535156,0.061494674533605576,0.7304093837738037,21.225257873535156,1.3736521562464077,1.399910812494909
849,blur,low,2,2,blur,blur,False,0.049517154693603516,0.8017728924751282,23.301441192626953,0.049517154693603516,0.8017728924751282,23.301441192626953,1.3736521562464077,1.399910812494909
850,blur,high,2,2,blur,blur,False,0.04038823023438454,0.8166694641113281,24.877473831176758,0.04038823023438454,0.8166694641113281,24.877473831176758,1.3736521562464077,1.399910812494909
851,occlusion,medium,3,3,occlusion,occlusion,False,0.09557416290044785,0.6427933573722839,17.49163818359375,0.09557416290044785,0.6427933573722839,17.49163818359375,1.3736521562464077,1.399910812494909
852,clean,none,0,0,clean,clean,False,0.0,1.0,100.0,0.0,1.0,100.0,1.3736521562464077,1.399910812494909
853,clean,none,0,0,clean,clean,False,0.0,1.0,100.0,0.0,1.0,100.0,1.3736521562464077,1.399910812494909
854,occlusion,low,3,3,occlusion,occlusion,False,0.03402860835194588,0.8515604138374329,24.73199462890625,0.03402860835194588,0.8515604138374329,24.73199462890625,1.3736521562464077,1.399910812494909
855,salt_pepper,medium,1,1,salt_pepper,salt_pepper,False,0.06660376489162445,0.7164776921272278,20.449527740478516,0.06660376489162445,0.7164776921272278,20.449527740478516,1.3736521562464077,1.399910812494909
856,clean,none,0,0,clean,clean,False,0.0,1.0,100.0,0.0,1.0,100.0,1.3736521562464077,1.399910812494909
857,salt_pepper,medium,1,1,salt_pepper,salt_pepper,False,0.04527397081255913,0.8270719647407532,23.37298583984375,0.04527397081255913,0.8270719647407532,23.37298583984375,1.3736521562464077,1.399910812494909
858,occlusion,high,3,3,occlusion,occlusion,False,0.054987456649541855,0.5773410201072693,20.61510467529297,0.054987456649541855,0.5773410201072693,20.61510467529297,1.3736521562464077,1.399910812494909
859,clean,none,0,0,clean,clean,False,0.0,1.0,100.0,0.0,1.0,100.0,1.3736521562464077,1.399910812494909
860,salt_pepper,high,1,1,salt_pepper,salt_pepper,False,0.029888927936553955,0.9039869904518127,27.274181365966797,0.029888927936553955,0.9039869904518127,27.274181365966797,1.3736521562464077,1.399910812494909
861,blur,high,2,2,blur,blur,False,0.08273205906152725,0.779071569442749,18.43720817565918,0.08273205906152725,0.779071569442749,18.43720817565918,1.3736521562464077,1.399910812494909
862,blur,low,2,2,blur,blur,False,0.04372154548764229,0.7170417904853821,24.36890411376953,0.04372154548764229,0.7170417904853821,24.36890411376953,1.3736521562464077,1.399910812494909
863,clean,none,0,0,clean,clean,False,0.0,1.0,100.0,0.0,1.0,100.0,1.3736521562464077,1.399910812494909
864,blur,low,2,2,blur,blur,False,0.03842147812247276,0.818453311920166,25.60340118408203,0.03842147812247276,0.818453311920166,25.60340118408203,1.6199360312327826,1.665389406241502
865,blur,medium,2,2,blur,blur,False,0.05664714798331261,0.6475306153297424,22.10021209716797,0.05664714798331261,0.6475306153297424,22.10021209716797,1.6199360312327826,1.665389406241502
866,occlusion,high,3,3,occlusion,occlusion,False,0.06156357005238533,0.5703420042991638,21.340595245361328,0.06156357005238533,0.5703420042991638,21.340595245361328,1.6199360312327826,1.665389406241502
867,blur,high,2,2,blur,blur,False,0.03853340074419975,0.8319517970085144,24.419158935546875,0.03853340074419975,0.8319517970085144,24.419158935546875,1.6199360312327826,1.665389406241502
868,blur,low,2,2,blur,blur,False,0.04092376306653023,0.7079439759254456,24.729154586791992,0.04092376306653023,0.7079439759254456,24.729154586791992,1.6199360312327826,1.665389406241502
869,blur,high,2,2,blur,blur,False,0.04197037220001221,0.8036553859710693,24.58592414855957,0.04197037220001221,0.8036553859710693,24.58592414855957,1.6199360312327826,1.665389406241502
870,clean,none,0,0,clean,clean,False,0.0,1.0,100.0,0.0,1.0,100.0,1.6199360312327826,1.665389406241502
871,salt_pepper,medium,1,1,salt_pepper,salt_pepper,False,0.043629199266433716,0.7302431464195251,24.343685150146484,0.043629199266433716,0.7302431464195251,24.343685150146484,1.6199360312327826,1.665389406241502
872,clean,none,0,0,clean,clean,False,0.0,1.0,100.0,0.0,1.0,100.0,1.6199360312327826,1.665389406241502
873,blur,medium,2,2,blur,blur,False,0.08225411921739578,0.7317190170288086,19.671144485473633,0.08225411921739578,0.7317190170288086,19.671144485473633,1.6199360312327826,1.665389406241502
874,salt_pepper,low,1,1,salt_pepper,salt_pepper,False,0.04196011647582054,0.8078319430351257,23.903215408325195,0.04196011647582054,0.8078319430351257,23.903215408325195,1.6199360312327826,1.665389406241502
875,clean,none,0,0,clean,clean,False,0.0,1.0,100.0,0.0,1.0,100.0,1.6199360312327826,1.665389406241502
876,occlusion,medium,3,3,occlusion,occlusion,False,0.057008713483810425,0.7050264477729797,21.044532775878906,0.057008713483810425,0.7050264477729797,21.044532775878906,1.6199360312327826,1.665389406241502
877,blur,high,2,2,blur,blur,False,0.04305445775389671,0.812873125076294,23.953594207763672,0.04305445775389671,0.812873125076294,23.953594207763672,1.6199360312327826,1.665389406241502
878,clean,none,0,0,clean,clean,False,0.0,1.0,100.0,0.0,1.0,100.0,1.6199360312327826,1.665389406241502
879,salt_pepper,high,1,1,salt_pepper,salt_pepper,False,0.06094435974955559,0.6791297793388367,21.861576080322266,0.06094435974955559,0.6791297793388367,21.861576080322266,1.6199360312327826,1.665389406241502
880,clean,none,0,0,clean,clean,False,0.0,1.0,100.0,0.0,1.0,100.0,1.6199360312327826,1.665389406241502
881,blur,high,2,2,blur,blur,False,0.038051653653383255,0.7965567708015442,25.35586166381836,0.038051653653383255,0.7965567708015442,25.35586166381836,1.6199360312327826,1.665389406241502
882,occlusion,medium,3,3,occlusion,occlusion,False,0.05730566754937172,0.7278285622596741,20.72958755493164,0.05730566754937172,0.7278285622596741,20.72958755493164,1.6199360312327826,1.665389406241502
883,occlusion,medium,3,3,occlusion,occlusion,False,0.06458114832639694,0.6485537886619568,19.28203773498535,0.06458114832639694,0.6485537886619568,19.28203773498535,1.6199360312327826,1.665389406241502
884,salt_pepper,low,1,1,salt_pepper,salt_pepper,False,0.0362328365445137,0.8229199051856995,25.45531463623047,0.0362328365445137,0.8229199051856995,25.45531463623047,1.6199360312327826,1.665389406241502
885,occlusion,high,3,3,occlusion,occlusion,False,0.03597955033183098,0.6737575531005859,24.3356876373291,0.03597955033183098,0.6737575531005859,24.3356876373291,1.6199360312327826,1.665389406241502
886,clean,none,0,0,clean,clean,False,0.0,1.0,100.0,0.0,1.0,100.0,1.6199360312327826,1.665389406241502
887,salt_pepper,high,1,1,salt_pepper,salt_pepper,False,0.022653700783848763,0.8750575184822083,30.05859375,0.022653700783848763,0.8750575184822083,30.05859375,1.6199360312327826,1.665389406241502
888,clean,none,0,0,clean,clean,False,0.0,1.0,100.0,0.0,1.0,100.0,1.6199360312327826,1.665389406241502
889,occlusion,medium,3,3,occlusion,occlusion,False,0.04057158902287483,0.735722541809082,24.514028549194336,0.04057158902287483,0.735722541809082,24.514028549194336,1.6199360312327826,1.665389406241502
890,salt_pepper,low,1,1,salt_pepper,salt_pepper,False,0.01788349635899067,0.889441728591919,30.9309024810791,0.01788349635899067,0.889441728591919,30.9309024810791,1.6199360312327826,1.665389406241502
891,blur,low,2,2,blur,blur,False,0.040728066116571426,0.824680507183075,24.438522338867188,0.040728066116571426,0.824680507183075,24.438522338867188,1.6199360312327826,1.665389406241502
892,occlusion,medium,3,3,occlusion,occlusion,False,0.06084473431110382,0.5474050641059875,21.84809684753418,0.06084473431110382,0.5474050641059875,21.84809684753418,1.6199360312327826,1.665389406241502
893,occlusion,high,3,3,occlusion,occlusion,False,0.0797739028930664,0.7189942002296448,19.310955047607422,0.0797739028930664,0.7189942002296448,19.310955047607422,1.6199360312327826,1.665389406241502
894,occlusion,medium,3,3,occlusion,occlusion,False,0.08283952623605728,0.5996060967445374,18.523605346679688,0.08283952623605728,0.5996060967445374,18.523605346679688,1.6199360312327826,1.665389406241502
895,occlusion,medium,3,3,occlusion,occlusion,False,0.049150798469781876,0.7869755625724792,20.937602996826172,0.049150798469781876,0.7869755625724792,20.937602996826172,1.6199360312327826,1.665389406241502
896,clean,none,0,0,clean,clean,False,0.0,1.0,100.0,0.0,1.0,100.0,1.8529502812612009,1.7465012187471984
897,blur,low,2,2,blur,blur,False,0.025108596310019493,0.8695807456970215,28.586532592773438,0.025108596310019493,0.8695807456970215,28.586532592773438,1.8529502812612009,1.7465012187471984
898,clean,none,0,2,clean,blur,True,0.02327079139649868,0.867683470249176,30.018421173095703,0.0,1.0,100.0,1.8529502812612009,1.7465012187471984
899,clean,none,0,0,clean,clean,False,0.0,1.0,100.0,0.0,1.0,100.0,1.8529502812612009,1.7465012187471984
900,salt_pepper,low,1,1,salt_pepper,salt_pepper,False,0.025425342842936516,0.8552567362785339,29.21613311767578,0.025425342842936516,0.8552567362785339,29.21613311767578,1.8529502812612009,1.7465012187471984
901,occlusion,low,3,3,occlusion,occlusion,False,0.04585329815745354,0.7274481654167175,23.13132095336914,0.04585329815745354,0.7274481654167175,23.13132095336914,1.8529502812612009,1.7465012187471984
902,occlusion,high,3,3,occlusion,occlusion,False,0.07108911871910095,0.7774569988250732,16.17221450805664,0.07108911871910095,0.7774569988250732,16.17221450805664,1.8529502812612009,1.7465012187471984
903,clean,none,0,0,clean,clean,False,0.0,1.0,100.0,0.0,1.0,100.0,1.8529502812612009,1.7465012187471984
904,occlusion,medium,3,3,occlusion,occlusion,False,0.03903442248702049,0.7754733562469482,24.34566879272461,0.03903442248702049,0.7754733562469482,24.34566879272461,1.8529502812612009,1.7465012187471984
905,occlusion,medium,3,3,occlusion,occlusion,False,0.04425216093659401,0.8046422004699707,19.777618408203125,0.04425216093659401,0.8046422004699707,19.777618408203125,1.8529502812612009,1.7465012187471984
906,salt_pepper,medium,1,1,salt_pepper,salt_pepper,False,0.03181685507297516,0.7270040512084961,26.557024002075195,0.03181685507297516,0.7270040512084961,26.557024002075195,1.8529502812612009,1.7465012187471984
907,salt_pepper,low,1,1,salt_pepper,salt_pepper,False,0.02492596209049225,0.8452516198158264,27.923891067504883,0.02492596209049225,0.8452516198158264,27.923891067504883,1.8529502812612009,1.7465012187471984
908,salt_pepper,high,1,1,salt_pepper,salt_pepper,False,0.024977408349514008,0.896421492099762,23.97892189025879,0.024977408349514008,0.896421492099762,23.97892189025879,1.8529502812612009,1.7465012187471984
909,blur,high,2,2,blur,blur,False,0.041155729442834854,0.7049016952514648,25.337242126464844,0.041155729442834854,0.7049016952514648,25.337242126464844,1.8529502812612009,1.7465012187471984
910,occlusion,medium,3,3,occlusion,occlusion,False,0.04556605592370033,0.7190361022949219,23.415393829345703,0.04556605592370033,0.7190361022949219,23.415393829345703,1.8529502812612009,1.7465012187471984
911,blur,low,2,2,blur,blur,False,0.02485467493534088,0.8217473030090332,28.664228439331055,0.02485467493534088,0.8217473030090332,28.664228439331055,1.8529502812612009,1.7465012187471984
912,blur,medium,2,2,blur,blur,False,0.03580716997385025,0.9146299958229065,25.757423400878906,0.03580716997385025,0.9146299958229065,25.757423400878906,1.8529502812612009,1.7465012187471984
913,clean,none,0,0,clean,clean,False,0.0,1.0,100.0,0.0,1.0,100.0,1.8529502812612009,1.7465012187471984
914,clean,none,0,0,clean,clean,False,0.0,1.0,100.0,0.0,1.0,100.0,1.8529502812612009,1.7465012187471984
915,blur,low,2,2,blur,blur,False,0.016538364812731743,0.9202196002006531,31.39383316040039,0.016538364812731743,0.9202196002006531,31.39383316040039,1.8529502812612009,1.7465012187471984
916,clean,none,0,0,clean,clean,False,0.0,1.0,100.0,0.0,1.0,100.0,1.8529502812612009,1.7465012187471984
917,salt_pepper,high,1,1,salt_pepper,salt_pepper,False,0.03148091956973076,0.7990744709968567,27.041881561279297,0.03148091956973076,0.7990744709968567,27.041881561279297,1.8529502812612009,1.7465012187471984
918,blur,low,2,2,blur,blur,False,0.033303212374448776,0.8581220507621765,26.553424835205078,0.033303212374448776,0.8581220507621765,26.553424835205078,1.8529502812612009,1.7465012187471984
919,blur,low,2,2,blur,blur,False,0.03688221424818039,0.7925971150398254,25.07281494140625,0.03688221424818039,0.7925971150398254,25.07281494140625,1.8529502812612009,1.7465012187471984
920,occlusion,medium,3,3,occlusion,occlusion,False,0.06336873024702072,0.6666411757469177,19.983922958374023,0.06336873024702072,0.6666411757469177,19.983922958374023,1.8529502812612009,1.7465012187471984
921,clean,none,0,0,clean,clean,False,0.0,1.0,100.0,0.0,1.0,100.0,1.8529502812612009,1.7465012187471984
922,blur,medium,2,2,blur,blur,False,0.028484860435128212,0.7685412764549255,28.15606689453125,0.028484860435128212,0.7685412764549255,28.15606689453125,1.8529502812612009,1.7465012187471984
923,salt_pepper,medium,1,1,salt_pepper,salt_pepper,False,0.05735532566905022,0.7086422443389893,21.537948608398438,0.05735532566905022,0.7086422443389893,21.537948608398438,1.8529502812612009,1.7465012187471984
924,occlusion,low,3,3,occlusion,occlusion,False,0.06801659613847733,0.7032532691955566,19.817607879638672,0.06801659613847733,0.7032532691955566,19.817607879638672,1.8529502812612009,1.7465012187471984
925,blur,medium,2,2,blur,blur,False,0.033556535840034485,0.7672381401062012,26.622543334960938,0.033556535840034485,0.7672381401062012,26.622543334960938,1.8529502812612009,1.7465012187471984
926,occlusion,low,3,3,occlusion,occlusion,False,0.03544819727540016,0.8509554862976074,26.198421478271484,0.03544819727540016,0.8509554862976074,26.198421478271484,1.8529502812612009,1.7465012187471984
927,occlusion,medium,3,3,occlusion,occlusion,False,0.022216223180294037,0.8789368271827698,28.830875396728516,0.022216223180294037,0.8789368271827698,28.830875396728516,1.8529502812612009,1.7465012187471984
928,blur,high,2,2,blur,blur,False,0.05366531386971474,0.6304522156715393,21.98569107055664,0.05366531386971474,0.6304522156715393,21.98569107055664,1.456145843746981,1.5065824062503452
929,blur,low,2,2,blur,blur,False,0.03068539686501026,0.8398743271827698,27.61141014099121,0.03068539686501026,0.8398743271827698,27.61141014099121,1.456145843746981,1.5065824062503452
930,occlusion,low,3,3,occlusion,occlusion,False,0.035760629922151566,0.7799134850502014,25.606040954589844,0.035760629922151566,0.7799134850502014,25.606040954589844,1.456145843746981,1.5065824062503452
931,clean,none,0,0,clean,clean,False,0.0,1.0,100.0,0.0,1.0,100.0,1.456145843746981,1.5065824062503452
932,occlusion,high,3,3,occlusion,occlusion,False,0.057906195521354675,0.6595973372459412,20.450761795043945,0.057906195521354675,0.6595973372459412,20.450761795043945,1.456145843746981,1.5065824062503452
933,salt_pepper,medium,1,1,salt_pepper,salt_pepper,False,0.028047790750861168,0.8295666575431824,28.243465423583984,0.028047790750861168,0.8295666575431824,28.243465423583984,1.456145843746981,1.5065824062503452
934,occlusion,low,3,3,occlusion,occlusion,False,0.02490573190152645,0.9016838073730469,25.300235748291016,0.02490573190152645,0.9016838073730469,25.300235748291016,1.456145843746981,1.5065824062503452
935,clean,none,0,0,clean,clean,False,0.0,1.0,100.0,0.0,1.0,100.0,1.456145843746981,1.5065824062503452
936,blur,medium,2,2,blur,blur,False,0.035677503794431686,0.877044141292572,25.534034729003906,0.035677503794431686,0.877044141292572,25.534034729003906,1.456145843746981,1.5065824062503452
937,clean,none,0,0,clean,clean,False,0.0,1.0,100.0,0.0,1.0,100.0,1.456145843746981,1.5065824062503452
938,salt_pepper,low,1,1,salt_pepper,salt_pepper,False,0.03684045746922493,0.792774498462677,26.4775447845459,0.03684045746922493,0.792774498462677,26.4775447845459,1.456145843746981,1.5065824062503452
939,occlusion,high,3,3,occlusion,occlusion,False,0.06701213866472244,0.6669518351554871,19.152843475341797,0.06701213866472244,0.6669518351554871,19.152843475341797,1.456145843746981,1.5065824062503452
940,occlusion,low,3,3,occlusion,occlusion,False,0.029808342456817627,0.7872644066810608,27.334121704101562,0.029808342456817627,0.7872644066810608,27.334121704101562,1.456145843746981,1.5065824062503452
941,salt_pepper,medium,1,1,salt_pepper,salt_pepper,False,0.01787511631846428,0.8866221308708191,30.89238166809082,0.01787511631846428,0.8866221308708191,30.89238166809082,1.456145843746981,1.5065824062503452
942,clean,none,0,0,clean,clean,False,0.0,1.0,100.0,0.0,1.0,100.0,1.456145843746981,1.5065824062503452
943,clean,none,0,0,clean,clean,False,0.0,1.0,100.0,0.0,1.0,100.0,1.456145843746981,1.5065824062503452
944,occlusion,medium,3,3,occlusion,occlusion,False,0.03985690325498581,0.746457040309906,24.333574295043945,0.03985690325498581,0.746457040309906,24.333574295043945,1.456145843746981,1.5065824062503452
945,blur,low,2,2,blur,blur,False,0.027080116793513298,0.8602278828620911,28.091197967529297,0.027080116793513298,0.8602278828620911,28.091197967529297,1.456145843746981,1.5065824062503452
946,occlusion,low,3,3,occlusion,occlusion,False,0.044289976358413696,0.80537348985672,23.581331253051758,0.044289976358413696,0.80537348985672,23.581331253051758,1.456145843746981,1.5065824062503452
947,blur,high,2,2,blur,blur,False,0.0358244813978672,0.8035140633583069,25.478084564208984,0.0358244813978672,0.8035140633583069,25.478084564208984,1.456145843746981,1.5065824062503452
948,occlusion,high,3,3,occlusion,occlusion,False,0.04030035063624382,0.7419812083244324,23.809791564941406,0.04030035063624382,0.7419812083244324,23.809791564941406,1.456145843746981,1.5065824062503452
949,salt_pepper,medium,1,1,salt_pepper,salt_pepper,False,0.0370747372508049,0.8274073600769043,26.12544822692871,0.0370747372508049,0.8274073600769043,26.12544822692871,1.456145843746981,1.5065824062503452
950,occlusion,medium,3,3,occlusion,occlusion,False,0.02454116940498352,0.8740890026092529,26.014331817626953,0.02454116940498352,0.8740890026092529,26.014331817626953,1.456145843746981,1.5065824062503452
951,clean,none,0,0,clean,clean,False,0.0,1.0,100.0,0.0,1.0,100.0,1.456145843746981,1.5065824062503452
952,salt_pepper,medium,1,1,salt_pepper,salt_pepper,False,0.03682969883084297,0.8419893383979797,25.404956817626953,0.03682969883084297,0.8419893383979797,25.404956817626953,1.456145843746981,1.5065824062503452
953,salt_pepper,medium,1,1,salt_pepper,salt_pepper,False,0.03171957656741142,0.8680166602134705,26.53611946105957,0.03171957656741142,0.8680166602134705,26.53611946105957,1.456145843746981,1.5065824062503452
954,occlusion,medium,3,3,occlusion,occlusion,False,0.03570066764950752,0.7524212002754211,24.90606689453125,0.03570066764950752,0.7524212002754211,24.90606689453125,1.456145843746981,1.5065824062503452
955,clean,none,0,0,clean,clean,False,0.0,1.0,100.0,0.0,1.0,100.0,1.456145843746981,1.5065824062503452
956,clean,none,0,0,clean,clean,False,0.0,1.0,100.0,0.0,1.0,100.0,1.456145843746981,1.5065824062503452
957,clean,none,0,0,clean,clean,False,0.0,1.0,100.0,0.0,1.0,100.0,1.456145843746981,1.5065824062503452
958,occlusion,low,3,3,occlusion,occlusion,False,0.025371283292770386,0.8632166385650635,28.723695755004883,0.025371283292770386,0.8632166385650635,28.723695755004883,1.456145843746981,1.5065824062503452
959,salt_pepper,medium,1,1,salt_pepper,salt_pepper,False,0.02759486436843872,0.8762962222099304,25.914997100830078,0.02759486436843872,0.8762962222099304,25.914997100830078,1.456145843746981,1.5065824062503452
960,salt_pepper,high,1,1,salt_pepper,salt_pepper,False,0.030419381335377693,0.8479359745979309,26.81024742126465,0.030419381335377693,0.8479359745979309,26.81024742126465,1.6221057812515483,1.6230809062562912
961,salt_pepper,high,1,1,salt_pepper,salt_pepper,False,0.03432789817452431,0.8114032745361328,25.51811408996582,0.03432789817452431,0.8114032745361328,25.51811408996582,1.6221057812515483,1.6230809062562912
962,blur,high,2,2,blur,blur,False,0.029897496104240417,0.7250320911407471,28.100296020507812,0.029897496104240417,0.7250320911407471,28.100296020507812,1.6221057812515483,1.6230809062562912
963,blur,high,2,2,blur,blur,False,0.03747698292136192,0.8117493987083435,25.783422470092773,0.03747698292136192,0.8117493987083435,25.783422470092773,1.6221057812515483,1.6230809062562912
964,salt_pepper,low,1,1,salt_pepper,salt_pepper,False,0.025535881519317627,0.8621169924736023,28.534753799438477,0.025535881519317627,0.8621169924736023,28.534753799438477,1.6221057812515483,1.6230809062562912
965,clean,none,0,0,clean,clean,False,0.0,1.0,100.0,0.0,1.0,100.0,1.6221057812515483,1.6230809062562912
966,salt_pepper,low,1,1,salt_pepper,salt_pepper,False,0.03489970043301582,0.8649142384529114,26.016605377197266,0.03489970043301582,0.8649142384529114,26.016605377197266,1.6221057812515483,1.6230809062562912
967,salt_pepper,high,1,1,salt_pepper,salt_pepper,False,0.06044163927435875,0.7444160580635071,20.819381713867188,0.06044163927435875,0.7444160580635071,20.819381713867188,1.6221057812515483,1.6230809062562912
968,salt_pepper,medium,1,1,salt_pepper,salt_pepper,False,0.03308979049324989,0.8001734614372253,27.013431549072266,0.03308979049324989,0.8001734614372253,27.013431549072266,1.6221057812515483,1.6230809062562912
969,blur,medium,2,2,blur,blur,False,0.02156485617160797,0.8641893267631531,30.36726188659668,0.02156485617160797,0.8641893267631531,30.36726188659668,1.6221057812515483,1.6230809062562912
970,occlusion,low,3,3,occlusion,occlusion,False,0.044536054134368896,0.8298117518424988,23.72021484375,0.044536054134368896,0.8298117518424988,23.72021484375,1.6221057812515483,1.6230809062562912
971,occlusion,medium,3,3,occlusion,occlusion,False,0.10097316652536392,0.5225188136100769,17.73316764831543,0.10097316652536392,0.5225188136100769,17.73316764831543,1.6221057812515483,1.6230809062562912
972,occlusion,high,3,3,occlusion,occlusion,False,0.053124234080314636,0.6635289788246155,21.380746841430664,0.053124234080314636,0.6635289788246155,21.380746841430664,1.6221057812515483,1.6230809062562912
973,clean,none,0,0,clean,clean,False,0.0,1.0,100.0,0.0,1.0,100.0,1.6221057812515483,1.6230809062562912
974,occlusion,low,3,3,occlusion,occlusion,False,0.04990147054195404,0.7132553458213806,22.769454956054688,0.04990147054195404,0.7132553458213806,22.769454956054688,1.6221057812515483,1.6230809062562912
975,salt_pepper,medium,1,1,salt_pepper,salt_pepper,False,0.028750037774443626,0.7539839744567871,28.071903228759766,0.028750037774443626,0.7539839744567871,28.071903228759766,1.6221057812515483,1.6230809062562912
976,salt_pepper,low,1,1,salt_pepper,salt_pepper,False,0.02990904450416565,0.8515127301216125,26.895750045776367,0.02990904450416565,0.8515127301216125,26.895750045776367,1.6221057812515483,1.6230809062562912
977,occlusion,medium,3,3,occlusion,occlusion,False,0.03158159926533699,0.7936529517173767,25.990602493286133,0.03158159926533699,0.7936529517173767,25.990602493286133,1.6221057812515483,1.6230809062562912
978,occlusion,medium,3,3,occlusion,occlusion,False,0.07038437575101852,0.6123670935630798,20.438671112060547,0.07038437575101852,0.6123670935630798,20.438671112060547,1.6221057812515483,1.6230809062562912
979,blur,low,2,2,blur,blur,False,0.03122023679316044,0.835029661655426,27.33163833618164,0.03122023679316044,0.835029661655426,27.33163833618164,1.6221057812515483,1.6230809062562912
980,salt_pepper,low,1,1,salt_pepper,salt_pepper,False,0.03199641406536102,0.8743764758110046,26.682430267333984,0.03199641406536102,0.8743764758110046,26.682430267333984,1.6221057812515483,1.6230809062562912
981,clean,none,0,0,clean,clean,False,0.0,1.0,100.0,0.0,1.0,100.0,1.6221057812515483,1.6230809062562912
982,clean,none,0,0,clean,clean,False,0.0,1.0,100.0,0.0,1.0,100.0,1.6221057812515483,1.6230809062562912
983,blur,high,2,2,blur,blur,False,0.04056692495942116,0.7986437678337097,24.998626708984375,0.04056692495942116,0.7986437678337097,24.998626708984375,1.6221057812515483,1.6230809062562912
984,salt_pepper,medium,1,1,salt_pepper,salt_pepper,False,0.07425261288881302,0.7544024586677551,20.540176391601562,0.07425261288881302,0.7544024586677551,20.540176391601562,1.6221057812515483,1.6230809062562912
985,salt_pepper,high,1,1,salt_pepper,salt_pepper,False,0.03534035012125969,0.8581436276435852,25.573759078979492,0.03534035012125969,0.8581436276435852,25.573759078979492,1.6221057812515483,1.6230809062562912
986,clean,none,0,0,clean,clean,False,0.0,1.0,100.0,0.0,1.0,100.0,1.6221057812515483,1.6230809062562912
987,salt_pepper,medium,1,1,salt_pepper,salt_pepper,False,0.04524174705147743,0.8382527232170105,23.800580978393555,0.04524174705147743,0.8382527232170105,23.800580978393555,1.6221057812515483,1.6230809062562912
988,occlusion,high,3,3,occlusion,occlusion,False,0.06606018543243408,0.6693334579467773,19.22886848449707,0.06606018543243408,0.6693334579467773,19.22886848449707,1.6221057812515483,1.6230809062562912
989,clean,none,0,0,clean,clean,False,0.0,1.0,100.0,0.0,1.0,100.0,1.6221057812515483,1.6230809062562912
990,occlusion,high,3,3,occlusion,occlusion,False,0.09195100516080856,0.4885730445384979,18.367431640625,0.09195100516080856,0.4885730445384979,18.367431640625,1.6221057812515483,1.6230809062562912
991,blur,low,2,2,blur,blur,False,0.04532448947429657,0.8118845820426941,23.02680778503418,0.04532448947429657,0.8118845820426941,23.02680778503418,1.6221057812515483,1.6230809062562912
992,occlusion,high,3,3,occlusion,occlusion,False,0.10258083790540695,0.6526038646697998,14.281408309936523,0.10258083790540695,0.6526038646697998,14.281408309936523,1.3611458124955789,1.3589963437539154
993,salt_pepper,medium,1,1,salt_pepper,salt_pepper,False,0.03162715956568718,0.8374443054199219,26.65218162536621,0.03162715956568718,0.8374443054199219,26.65218162536621,1.3611458124955789,1.3589963437539154
994,blur,high,2,2,blur,blur,False,0.029581857845187187,0.8620212078094482,26.37860870361328,0.029581857845187187,0.8620212078094482,26.37860870361328,1.3611458124955789,1.3589963437539154
995,blur,low,2,2,blur,blur,False,0.03693815693259239,0.8357874751091003,25.54346466064453,0.03693815693259239,0.8357874751091003,25.54346466064453,1.3611458124955789,1.3589963437539154
996,salt_pepper,medium,1,1,salt_pepper,salt_pepper,False,0.05367663502693176,0.7785724997520447,21.95977210998535,0.05367663502693176,0.7785724997520447,21.95977210998535,1.3611458124955789,1.3589963437539154
997,clean,none,0,0,clean,clean,False,0.0,1.0,100.0,0.0,1.0,100.0,1.3611458124955789,1.3589963437539154
998,salt_pepper,low,1,1,salt_pepper,salt_pepper,False,0.05607500672340393,0.678050696849823,22.404138565063477,0.05607500672340393,0.678050696849823,22.404138565063477,1.3611458124955789,1.3589963437539154
999,clean,none,0,0,clean,clean,False,0.0,1.0,100.0,0.0,1.0,100.0,1.3611458124955789,1.3589963437539154
1000,blur,medium,2,2,blur,blur,False,0.044408153742551804,0.7729247212409973,23.134363174438477,0.044408153742551804,0.7729247212409973,23.134363174438477,1.3611458124955789,1.3589963437539154
1001,salt_pepper,high,1,1,salt_pepper,salt_pepper,False,0.040933020412921906,0.7825596928596497,25.1912899017334,0.040933020412921906,0.7825596928596497,25.1912899017334,1.3611458124955789,1.3589963437539154
1002,clean,none,0,0,clean,clean,False,0.0,1.0,100.0,0.0,1.0,100.0,1.3611458124955789,1.3589963437539154
1003,clean,none,0,0,clean,clean,False,0.0,1.0,100.0,0.0,1.0,100.0,1.3611458124955789,1.3589963437539154
1004,occlusion,low,3,3,occlusion,occlusion,False,0.06458743661642075,0.7220293879508972,20.448657989501953,0.06458743661642075,0.7220293879508972,20.448657989501953,1.3611458124955789,1.3589963437539154
1005,blur,high,2,2,blur,blur,False,0.03121299110352993,0.8930894732475281,26.353235244750977,0.03121299110352993,0.8930894732475281,26.353235244750977,1.3611458124955789,1.3589963437539154
1006,salt_pepper,low,1,1,salt_pepper,salt_pepper,False,0.032969266176223755,0.838824987411499,26.480388641357422,0.032969266176223755,0.838824987411499,26.480388641357422,1.3611458124955789,1.3589963437539154
1007,clean,none,0,0,clean,clean,False,0.0,1.0,100.0,0.0,1.0,100.0,1.3611458124955789,1.3589963437539154
1008,blur,high,2,2,blur,blur,False,0.028796568512916565,0.8294234275817871,27.55206298828125,0.028796568512916565,0.8294234275817871,27.55206298828125,1.3611458124955789,1.3589963437539154
1009,salt_pepper,high,1,1,salt_pepper,salt_pepper,False,0.06571394205093384,0.7325236201286316,20.125551223754883,0.06571394205093384,0.7325236201286316,20.125551223754883,1.3611458124955789,1.3589963437539154
1010,occlusion,low,3,3,occlusion,occlusion,False,0.038602832704782486,0.8070548176765442,24.820842742919922,0.038602832704782486,0.8070548176765442,24.820842742919922,1.3611458124955789,1.3589963437539154
1011,blur,low,2,2,blur,blur,False,0.029574230313301086,0.87160724401474,26.276596069335938,0.029574230313301086,0.87160724401474,26.276596069335938,1.3611458124955789,1.3589963437539154
1012,occlusion,high,3,3,occlusion,occlusion,False,0.14020024240016937,0.3906726837158203,14.098244667053223,0.14020024240016937,0.3906726837158203,14.098244667053223,1.3611458124955789,1.3589963437539154
1013,blur,low,2,2,blur,blur,False,0.021992987021803856,0.9250574707984924,30.19936752319336,0.021992987021803856,0.9250574707984924,30.19936752319336,1.3611458124955789,1.3589963437539154
1014,salt_pepper,high,1,1,salt_pepper,salt_pepper,False,0.019382545724511147,0.9251416325569153,29.372121810913086,0.019382545724511147,0.9251416325569153,29.372121810913086,1.3611458124955789,1.3589963437539154
1015,occlusion,low,3,3,occlusion,occlusion,False,0.0508342944085598,0.7755773067474365,22.20552635192871,0.0508342944085598,0.7755773067474365,22.20552635192871,1.3611458124955789,1.3589963437539154
1016,blur,high,2,2,blur,blur,False,0.030411528423428535,0.8698498606681824,26.742849349975586,0.030411528423428535,0.8698498606681824,26.742849349975586,1.3611458124955789,1.3589963437539154
1017,salt_pepper,medium,1,1,salt_pepper,salt_pepper,False,0.030342957004904747,0.848325252532959,27.388866424560547,0.030342957004904747,0.848325252532959,27.388866424560547,1.3611458124955789,1.3589963437539154
1018,clean,none,0,0,clean,clean,False,0.0,1.0,100.0,0.0,1.0,100.0,1.3611458124955789,1.3589963437539154
1019,occlusion,medium,3,3,occlusion,occlusion,False,0.03838498145341873,0.8034267425537109,23.927886962890625,0.03838498145341873,0.8034267425537109,23.927886962890625,1.3611458124955789,1.3589963437539154
1020,clean,none,0,0,clean,clean,False,0.0,1.0,100.0,0.0,1.0,100.0,1.3611458124955789,1.3589963437539154
1021,clean,none,0,0,clean,clean,False,0.0,1.0,100.0,0.0,1.0,100.0,1.3611458124955789,1.3589963437539154
1022,clean,none,0,0,clean,clean,False,0.0,1.0,100.0,0.0,1.0,100.0,1.3611458124955789,1.3589963437539154
1023,blur,medium,2,2,blur,blur,False,0.03243158757686615,0.8918102383613586,26.863279342651367,0.03243158757686615,0.8918102383613586,26.863279342651367,1.3611458124955789,1.3589963437539154
1024,salt_pepper,high,1,1,salt_pepper,salt_pepper,False,0.043913692235946655,0.7951815128326416,24.327375411987305,0.043913692235946655,0.7951815128326416,24.327375411987305,1.3950090312562224,1.3706085624960451
1025,blur,medium,2,2,blur,blur,False,0.0566750168800354,0.8112175464630127,21.07223129272461,0.0566750168800354,0.8112175464630127,21.07223129272461,1.3950090312562224,1.3706085624960451
1026,clean,none,0,0,clean,clean,False,0.0,1.0,100.0,0.0,1.0,100.0,1.3950090312562224,1.3706085624960451
1027,clean,none,0,0,clean,clean,False,0.0,1.0,100.0,0.0,1.0,100.0,1.3950090312562224,1.3706085624960451
1028,clean,none,0,0,clean,clean,False,0.0,1.0,100.0,0.0,1.0,100.0,1.3950090312562224,1.3706085624960451
1029,blur,medium,2,2,blur,blur,False,0.07791750878095627,0.6428511738777161,19.608055114746094,0.07791750878095627,0.6428511738777161,19.608055114746094,1.3950090312562224,1.3706085624960451
1030,salt_pepper,medium,1,1,salt_pepper,salt_pepper,False,0.05127064883708954,0.7722168564796448,23.013015747070312,0.05127064883708954,0.7722168564796448,23.013015747070312,1.3950090312562224,1.3706085624960451
1031,blur,medium,2,2,blur,blur,False,0.046766187995672226,0.8377735614776611,22.096389770507812,0.046766187995672226,0.8377735614776611,22.096389770507812,1.3950090312562224,1.3706085624960451
1032,blur,low,2,2,blur,blur,False,0.026498710736632347,0.917011559009552,27.733814239501953,0.026498710736632347,0.917011559009552,27.733814239501953,1.3950090312562224,1.3706085624960451
1033,clean,none,0,0,clean,clean,False,0.0,1.0,100.0,0.0,1.0,100.0,1.3950090312562224,1.3706085624960451
1034,salt_pepper,high,1,1,salt_pepper,salt_pepper,False,0.050594136118888855,0.631518542766571,23.76259994506836,0.050594136118888855,0.631518542766571,23.76259994506836,1.3950090312562224,1.3706085624960451
1035,clean,none,0,0,clean,clean,False,0.0,1.0,100.0,0.0,1.0,100.0,1.3950090312562224,1.3706085624960451
1036,blur,low,2,2,blur,blur,False,0.047809433192014694,0.7944552898406982,23.586727142333984,0.047809433192014694,0.7944552898406982,23.586727142333984,1.3950090312562224,1.3706085624960451
1037,occlusion,medium,3,3,occlusion,occlusion,False,0.0729946717619896,0.7447419166564941,17.61560821533203,0.0729946717619896,0.7447419166564941,17.61560821533203,1.3950090312562224,1.3706085624960451
1038,blur,high,2,2,blur,blur,False,0.04766380786895752,0.7626683712005615,23.139007568359375,0.04766380786895752,0.7626683712005615,23.139007568359375,1.3950090312562224,1.3706085624960451
1039,clean,none,0,0,clean,clean,False,0.0,1.0,100.0,0.0,1.0,100.0,1.3950090312562224,1.3706085624960451
1040,salt_pepper,medium,1,1,salt_pepper,salt_pepper,False,0.06698804348707199,0.679482638835907,20.736610412597656,0.06698804348707199,0.679482638835907,20.736610412597656,1.3950090312562224,1.3706085624960451
1041,blur,high,2,2,blur,blur,False,0.057253774255514145,0.6667643189430237,19.801227569580078,0.057253774255514145,0.6667643189430237,19.801227569580078,1.3950090312562224,1.3706085624960451
1042,salt_pepper,low,1,1,salt_pepper,salt_pepper,False,0.038975171744823456,0.8909450173377991,25.919437408447266,0.038975171744823456,0.8909450173377991,25.919437408447266,1.3950090312562224,1.3706085624960451
1043,clean,none,0,0,clean,clean,False,0.0,1.0,100.0,0.0,1.0,100.0,1.3950090312562224,1.3706085624960451
1044,occlusion,high,3,3,occlusion,occlusion,False,0.05535440519452095,0.671617329120636,21.059274673461914,0.05535440519452095,0.671617329120636,21.059274673461914,1.3950090312562224,1.3706085624960451
1045,blur,low,2,2,blur,blur,False,0.032367218285799026,0.9046488404273987,26.484060287475586,0.032367218285799026,0.9046488404273987,26.484060287475586,1.3950090312562224,1.3706085624960451
1046,clean,none,0,0,clean,clean,False,0.0,1.0,100.0,0.0,1.0,100.0,1.3950090312562224,1.3706085624960451
1047,salt_pepper,high,1,1,salt_pepper,salt_pepper,False,0.0498468317091465,0.6881634593009949,23.573606491088867,0.0498468317091465,0.6881634593009949,23.573606491088867,1.3950090312562224,1.3706085624960451
1048,blur,medium,2,2,blur,blur,False,0.023095466196537018,0.9183492064476013,29.249771118164062,0.023095466196537018,0.9183492064476013,29.249771118164062,1.3950090312562224,1.3706085624960451
1049,blur,low,2,2,blur,blur,False,0.03561727702617645,0.8211126923561096,26.303207397460938,0.03561727702617645,0.8211126923561096,26.303207397460938,1.3950090312562224,1.3706085624960451
1050,salt_pepper,high,1,1,salt_pepper,salt_pepper,False,0.047210078686475754,0.7378363609313965,23.442424774169922,0.047210078686475754,0.7378363609313965,23.442424774169922,1.3950090312562224,1.3706085624960451
1051,blur,medium,2,2,blur,blur,False,0.10910973697900772,0.6021483540534973,16.56427001953125,0.10910973697900772,0.6021483540534973,16.56427001953125,1.3950090312562224,1.3706085624960451
1052,salt_pepper,high,1,1,salt_pepper,salt_pepper,False,0.028568623587489128,0.9190619587898254,28.577896118164062,0.028568623587489128,0.9190619587898254,28.577896118164062,1.3950090312562224,1.3706085624960451
1053,clean,none,0,0,clean,clean,False,0.0,1.0,100.0,0.0,1.0,100.0,1.3950090312562224,1.3706085624960451
1054,salt_pepper,high,1,1,salt_pepper,salt_pepper,False,0.04121474549174309,0.8846840858459473,23.335969924926758,0.04121474549174309,0.8846840858459473,23.335969924926758,1.3950090312562224,1.3706085624960451
1055,occlusion,low,3,3,occlusion,occlusion,False,0.03592843562364578,0.8581505417823792,24.994342803955078,0.03592843562364578,0.8581505417823792,24.994342803955078,1.3950090312562224,1.3706085624960451
1056,salt_pepper,medium,1,1,salt_pepper,salt_pepper,False,0.036664579063653946,0.8551433682441711,25.03635025024414,0.036664579063653946,0.8551433682441711,25.03635025024414,1.774922812501245,1.7852820625137156
1057,occlusion,medium,3,3,occlusion,occlusion,False,0.04356572404503822,0.771976888179779,23.15070343017578,0.04356572404503822,0.771976888179779,23.15070343017578,1.774922812501245,1.7852820625137156
1058,occlusion,high,3,3,occlusion,occlusion,False,0.07713967561721802,0.6319601535797119,16.987014770507812,0.07713967561721802,0.6319601535797119,16.987014770507812,1.774922812501245,1.7852820625137156
1059,salt_pepper,low,1,1,salt_pepper,salt_pepper,False,0.06253719329833984,0.6983348727226257,21.306804656982422,0.06253719329833984,0.6983348727226257,21.306804656982422,1.774922812501245,1.7852820625137156
1060,salt_pepper,low,1,1,salt_pepper,salt_pepper,False,0.0197795070707798,0.900907039642334,29.215553283691406,0.0197795070707798,0.900907039642334,29.215553283691406,1.774922812501245,1.7852820625137156
1061,blur,high,2,2,blur,blur,False,0.0333184115588665,0.8476147055625916,25.53221893310547,0.0333184115588665,0.8476147055625916,25.53221893310547,1.774922812501245,1.7852820625137156
1062,blur,high,2,2,blur,blur,False,0.03777230158448219,0.7524314522743225,24.86487579345703,0.03777230158448219,0.7524314522743225,24.86487579345703,1.774922812501245,1.7852820625137156
1063,clean,none,0,0,clean,clean,False,0.0,1.0,100.0,0.0,1.0,100.0,1.774922812501245,1.7852820625137156
1064,occlusion,low,3,3,occlusion,occlusion,False,0.04520271345973015,0.7887868881225586,23.53369140625,0.04520271345973015,0.7887868881225586,23.53369140625,1.774922812501245,1.7852820625137156
1065,clean,none,0,0,clean,clean,False,0.0,1.0,100.0,0.0,1.0,100.0,1.774922812501245,1.7852820625137156
1066,clean,none,0,0,clean,clean,False,0.0,1.0,100.0,0.0,1.0,100.0,1.774922812501245,1.7852820625137156
1067,occlusion,high,3,3,occlusion,occlusion,False,0.1157035306096077,0.4388989508152008,14.17420482635498,0.1157035306096077,0.4388989508152008,14.17420482635498,1.774922812501245,1.7852820625137156
1068,clean,none,0,0,clean,clean,False,0.0,1.0,100.0,0.0,1.0,100.0,1.774922812501245,1.7852820625137156
1069,occlusion,high,3,3,occlusion,occlusion,False,0.0376860611140728,0.727468729019165,23.1558780670166,0.0376860611140728,0.727468729019165,23.1558780670166,1.774922812501245,1.7852820625137156
1070,blur,medium,2,2,blur,blur,False,0.060106027871370316,0.7438333034515381,21.69222640991211,0.060106027871370316,0.7438333034515381,21.69222640991211,1.774922812501245,1.7852820625137156
1071,blur,medium,2,2,blur,blur,False,0.03484233096241951,0.8570189476013184,26.222164154052734,0.03484233096241951,0.8570189476013184,26.222164154052734,1.774922812501245,1.7852820625137156
1072,occlusion,medium,3,3,occlusion,occlusion,False,0.03499414026737213,0.7882937788963318,26.184326171875,0.03499414026737213,0.7882937788963318,26.184326171875,1.774922812501245,1.7852820625137156
1073,salt_pepper,medium,1,1,salt_pepper,salt_pepper,False,0.03376680985093117,0.8290436863899231,26.416397094726562,0.03376680985093117,0.8290436863899231,26.416397094726562,1.774922812501245,1.7852820625137156
1074,salt_pepper,high,1,1,salt_pepper,salt_pepper,False,0.05644603073596954,0.6221334338188171,22.737577438354492,0.05644603073596954,0.6221334338188171,22.737577438354492,1.774922812501245,1.7852820625137156
1075,blur,low,2,2,blur,blur,False,0.10486316680908203,0.5543357729911804,17.375890731811523,0.10486316680908203,0.5543357729911804,17.375890731811523,1.774922812501245,1.7852820625137156
1076,blur,high,2,2,blur,blur,False,0.04248548671603203,0.7613797187805176,24.25127410888672,0.04248548671603203,0.7613797187805176,24.25127410888672,1.774922812501245,1.7852820625137156
1077,blur,low,2,2,blur,blur,False,0.03584286943078041,0.793748676776886,25.72880744934082,0.03584286943078041,0.793748676776886,25.72880744934082,1.774922812501245,1.7852820625137156
1078,salt_pepper,low,1,1,salt_pepper,salt_pepper,False,0.037975624203681946,0.8970797657966614,25.716842651367188,0.037975624203681946,0.8970797657966614,25.716842651367188,1.774922812501245,1.7852820625137156
1079,clean,none,0,0,clean,clean,False,0.0,1.0,100.0,0.0,1.0,100.0,1.774922812501245,1.7852820625137156
1080,salt_pepper,high,1,1,salt_pepper,salt_pepper,False,0.04749588295817375,0.7971670627593994,22.9385929107666,0.04749588295817375,0.7971670627593994,22.9385929107666,1.774922812501245,1.7852820625137156
1081,salt_pepper,low,1,1,salt_pepper,salt_pepper,False,0.03586230427026749,0.9275860786437988,27.276927947998047,0.03586230427026749,0.9275860786437988,27.276927947998047,1.774922812501245,1.7852820625137156
1082,occlusion,high,3,3,occlusion,occlusion,False,0.09714609384536743,0.5103707909584045,15.576496124267578,0.09714609384536743,0.5103707909584045,15.576496124267578,1.774922812501245,1.7852820625137156
1083,occlusion,low,3,3,occlusion,occlusion,False,0.057785000652074814,0.7705251574516296,21.73375129699707,0.057785000652074814,0.7705251574516296,21.73375129699707,1.774922812501245,1.7852820625137156
1084,clean,none,0,0,clean,clean,False,0.0,1.0,100.0,0.0,1.0,100.0,1.774922812501245,1.7852820625137156
1085,occlusion,medium,3,3,occlusion,occlusion,False,0.06488379091024399,0.5974406003952026,21.101749420166016,0.06488379091024399,0.5974406003952026,21.101749420166016,1.774922812501245,1.7852820625137156
1086,blur,medium,2,2,blur,blur,False,0.04160471633076668,0.6771917939186096,24.93756866455078,0.04160471633076668,0.6771917939186096,24.93756866455078,1.774922812501245,1.7852820625137156
1087,blur,high,2,2,blur,blur,False,0.05308715999126434,0.6541040539741516,22.363346099853516,0.05308715999126434,0.6541040539741516,22.363346099853516,1.774922812501245,1.7852820625137156
1088,clean,none,0,0,clean,clean,False,0.0,1.0,100.0,0.0,1.0,100.0,1.6160629375008284,1.6253359374900356
1089,clean,none,0,0,clean,clean,False,0.0,1.0,100.0,0.0,1.0,100.0,1.6160629375008284,1.6253359374900356
1090,salt_pepper,low,1,1,salt_pepper,salt_pepper,False,0.03516919165849686,0.7769744396209717,25.946727752685547,0.03516919165849686,0.7769744396209717,25.946727752685547,1.6160629375008284,1.6253359374900356
1091,clean,none,0,0,clean,clean,False,0.0,1.0,100.0,0.0,1.0,100.0,1.6160629375008284,1.6253359374900356
1092,salt_pepper,low,1,1,salt_pepper,salt_pepper,False,0.02874312363564968,0.8750059008598328,27.22100067138672,0.02874312363564968,0.8750059008598328,27.22100067138672,1.6160629375008284,1.6253359374900356
1093,salt_pepper,low,1,1,salt_pepper,salt_pepper,False,0.050273288041353226,0.7824961543083191,23.0677433013916,0.050273288041353226,0.7824961543083191,23.0677433013916,1.6160629375008284,1.6253359374900356
1094,clean,none,0,0,clean,clean,False,0.0,1.0,100.0,0.0,1.0,100.0,1.6160629375008284,1.6253359374900356
1095,clean,none,0,0,clean,clean,False,0.0,1.0,100.0,0.0,1.0,100.0,1.6160629375008284,1.6253359374900356
1096,blur,medium,2,2,blur,blur,False,0.05197550728917122,0.6898050308227539,22.769275665283203,0.05197550728917122,0.6898050308227539,22.769275665283203,1.6160629375008284,1.6253359374900356
1097,clean,none,0,0,clean,clean,False,0.0,1.0,100.0,0.0,1.0,100.0,1.6160629375008284,1.6253359374900356
1098,blur,medium,2,2,blur,blur,False,0.05636779963970184,0.7803487777709961,21.33429527282715,0.05636779963970184,0.7803487777709961,21.33429527282715,1.6160629375008284,1.6253359374900356
1099,blur,low,2,2,blur,blur,False,0.04384210705757141,0.7211801409721375,24.140718460083008,0.04384210705757141,0.7211801409721375,24.140718460083008,1.6160629375008284,1.6253359374900356
1100,blur,low,2,2,blur,blur,False,0.06464249640703201,0.6408197283744812,21.23478889465332,0.06464249640703201,0.6408197283744812,21.23478889465332,1.6160629375008284,1.6253359374900356
1101,clean,none,0,0,clean,clean,False,0.0,1.0,100.0,0.0,1.0,100.0,1.6160629375008284,1.6253359374900356
1102,blur,low,2,2,blur,blur,False,0.03098093532025814,0.79585862159729,27.098098754882812,0.03098093532025814,0.79585862159729,27.098098754882812,1.6160629375008284,1.6253359374900356
1103,clean,none,0,0,clean,clean,False,0.0,1.0,100.0,0.0,1.0,100.0,1.6160629375008284,1.6253359374900356
1104,salt_pepper,high,1,1,salt_pepper,salt_pepper,False,0.040647704154253006,0.8404989838600159,24.909637451171875,0.040647704154253006,0.8404989838600159,24.909637451171875,1.6160629375008284,1.6253359374900356
1105,occlusion,medium,3,3,occlusion,occlusion,False,0.07186272740364075,0.681034505367279,19.17057228088379,0.07186272740364075,0.681034505367279,19.17057228088379,1.6160629375008284,1.6253359374900356
1106,salt_pepper,medium,1,1,salt_pepper,salt_pepper,False,0.0865573063492775,0.6183059811592102,18.56144905090332,0.0865573063492775,0.6183059811592102,18.56144905090332,1.6160629375008284,1.6253359374900356
1107,clean,none,0,0,clean,clean,False,0.0,1.0,100.0,0.0,1.0,100.0,1.6160629375008284,1.6253359374900356
1108,salt_pepper,low,1,1,salt_pepper,salt_pepper,False,0.034697238355875015,0.7791630625724792,25.556133270263672,0.034697238355875015,0.7791630625724792,25.556133270263672,1.6160629375008284,1.6253359374900356
1109,blur,low,2,2,blur,blur,False,0.03928282856941223,0.789680004119873,25.024986267089844,0.03928282856941223,0.789680004119873,25.024986267089844,1.6160629375008284,1.6253359374900356
1110,occlusion,low,3,3,occlusion,occlusion,False,0.0781799927353859,0.6075943112373352,18.726932525634766,0.0781799927353859,0.6075943112373352,18.726932525634766,1.6160629375008284,1.6253359374900356
1111,occlusion,high,3,3,occlusion,occlusion,False,0.06035272404551506,0.644045889377594,20.1750545501709,0.06035272404551506,0.644045889377594,20.1750545501709,1.6160629375008284,1.6253359374900356
1112,occlusion,low,3,3,occlusion,occlusion,False,0.032231785356998444,0.8058547973632812,26.74521255493164,0.032231785356998444,0.8058547973632812,26.74521255493164,1.6160629375008284,1.6253359374900356
1113,occlusion,high,3,3,occlusion,occlusion,False,0.0705338642001152,0.5227195620536804,19.411418914794922,0.0705338642001152,0.5227195620536804,19.411418914794922,1.6160629375008284,1.6253359374900356
1114,clean,none,0,0,clean,clean,False,0.0,1.0,100.0,0.0,1.0,100.0,1.6160629375008284,1.6253359374900356
1115,occlusion,medium,3,3,occlusion,occlusion,False,0.04121728613972664,0.7646539807319641,25.04991912841797,0.04121728613972664,0.7646539807319641,25.04991912841797,1.6160629375008284,1.6253359374900356
1116,salt_pepper,medium,1,1,salt_pepper,salt_pepper,False,0.048418495804071426,0.6885271072387695,23.41580581665039,0.048418495804071426,0.6885271072387695,23.41580581665039,1.6160629375008284,1.6253359374900356
1117,blur,medium,2,2,blur,blur,False,0.05384380742907524,0.8386809229850769,23.743953704833984,0.05384380742907524,0.8386809229850769,23.743953704833984,1.6160629375008284,1.6253359374900356
1118,occlusion,high,3,3,occlusion,occlusion,False,0.05449660122394562,0.6198790669441223,21.827342987060547,0.05449660122394562,0.6198790669441223,21.827342987060547,1.6160629375008284,1.6253359374900356
1119,blur,medium,2,2,blur,blur,False,0.03694600611925125,0.7340142726898193,25.94822883605957,0.03694600611925125,0.7340142726898193,25.94822883605957,1.6160629375008284,1.6253359374900356
1120,occlusion,medium,3,3,occlusion,occlusion,False,0.08465981483459473,0.6839523315429688,19.087486267089844,0.08465981483459473,0.6839523315429688,19.087486267089844,1.7038789687546796,1.7203371249934207
1121,clean,none,0,0,clean,clean,False,0.0,1.0,100.0,0.0,1.0,100.0,1.7038789687546796,1.7203371249934207
1122,occlusion,medium,3,3,occlusion,occlusion,False,0.07803481817245483,0.6552520394325256,19.532752990722656,0.07803481817245483,0.6552520394325256,19.532752990722656,1.7038789687546796,1.7203371249934207
1123,blur,medium,2,2,blur,blur,False,0.02974892221391201,0.8354734778404236,26.861665725708008,0.02974892221391201,0.8354734778404236,26.861665725708008,1.7038789687546796,1.7203371249934207
1124,blur,medium,2,2,blur,blur,False,0.04702162742614746,0.6617675423622131,23.42717742919922,0.04702162742614746,0.6617675423622131,23.42717742919922,1.7038789687546796,1.7203371249934207
1125,occlusion,high,3,3,occlusion,occlusion,False,0.05872572958469391,0.601250171661377,21.523082733154297,0.05872572958469391,0.601250171661377,21.523082733154297,1.7038789687546796,1.7203371249934207
1126,salt_pepper,medium,1,1,salt_pepper,salt_pepper,False,0.0650993064045906,0.5538181662559509,21.37933349609375,0.0650993064045906,0.5538181662559509,21.37933349609375,1.7038789687546796,1.7203371249934207
1127,blur,low,2,2,blur,blur,False,0.027210749685764313,0.9382557272911072,28.21660041809082,0.027210749685764313,0.9382557272911072,28.21660041809082,1.7038789687546796,1.7203371249934207
1128,salt_pepper,medium,1,1,salt_pepper,salt_pepper,False,0.03866853564977646,0.7864779829978943,24.5107421875,0.03866853564977646,0.7864779829978943,24.5107421875,1.7038789687546796,1.7203371249934207
1129,salt_pepper,low,1,1,salt_pepper,salt_pepper,False,0.03912346810102463,0.835860550403595,25.378978729248047,0.03912346810102463,0.835860550403595,25.378978729248047,1.7038789687546796,1.7203371249934207
1130,blur,medium,2,2,blur,blur,False,0.03765309229493141,0.7471542358398438,25.52532386779785,0.03765309229493141,0.7471542358398438,25.52532386779785,1.7038789687546796,1.7203371249934207
1131,occlusion,high,3,3,occlusion,occlusion,False,0.07908331602811813,0.6170339584350586,18.503759384155273,0.07908331602811813,0.6170339584350586,18.503759384155273,1.7038789687546796,1.7203371249934207
1132,blur,low,2,2,blur,blur,False,0.08264905214309692,0.6826817989349365,19.885208129882812,0.08264905214309692,0.6826817989349365,19.885208129882812,1.7038789687546796,1.7203371249934207
1133,occlusion,high,3,3,occlusion,occlusion,False,0.053866129368543625,0.6587557196617126,21.56754493713379,0.053866129368543625,0.6587557196617126,21.56754493713379,1.7038789687546796,1.7203371249934207
1134,salt_pepper,high,1,1,salt_pepper,salt_pepper,False,0.027883952483534813,0.8657572269439697,27.393611907958984,0.027883952483534813,0.8657572269439697,27.393611907958984,1.7038789687546796,1.7203371249934207
1135,occlusion,low,3,3,occlusion,occlusion,False,0.023200735449790955,0.8857986927032471,29.077232360839844,0.023200735449790955,0.8857986927032471,29.077232360839844,1.7038789687546796,1.7203371249934207
1136,clean,none,0,0,clean,clean,False,0.0,1.0,100.0,0.0,1.0,100.0,1.7038789687546796,1.7203371249934207
1137,occlusion,high,3,3,occlusion,occlusion,False,0.11735200881958008,0.5620349049568176,14.931927680969238,0.11735200881958008,0.5620349049568176,14.931927680969238,1.7038789687546796,1.7203371249934207
1138,blur,high,2,2,blur,blur,False,0.03691403567790985,0.7885134220123291,25.274158477783203,0.03691403567790985,0.7885134220123291,25.274158477783203,1.7038789687546796,1.7203371249934207
1139,occlusion,high,3,3,occlusion,occlusion,False,0.08686555176973343,0.5386208891868591,18.00845718383789,0.08686555176973343,0.5386208891868591,18.00845718383789,1.7038789687546796,1.7203371249934207
1140,clean,none,0,0,clean,clean,False,0.0,1.0,100.0,0.0,1.0,100.0,1.7038789687546796,1.7203371249934207
1141,clean,none,0,0,clean,clean,False,0.0,1.0,100.0,0.0,1.0,100.0,1.7038789687546796,1.7203371249934207
1142,blur,medium,2,2,blur,blur,False,0.03787680342793465,0.8201776146888733,24.81210708618164,0.03787680342793465,0.8201776146888733,24.81210708618164,1.7038789687546796,1.7203371249934207
1143,blur,medium,2,2,blur,blur,False,0.04148157313466072,0.820389449596405,20.288450241088867,0.04148157313466072,0.820389449596405,20.288450241088867,1.7038789687546796,1.7203371249934207
1144,blur,low,2,2,blur,blur,False,0.05551840737462044,0.7177394032478333,22.83597183227539,0.05551840737462044,0.7177394032478333,22.83597183227539,1.7038789687546796,1.7203371249934207
1145,occlusion,low,3,3,occlusion,occlusion,False,0.04299458488821983,0.6595805287361145,24.3614501953125,0.04299458488821983,0.6595805287361145,24.3614501953125,1.7038789687546796,1.7203371249934207
1146,salt_pepper,high,1,1,salt_pepper,salt_pepper,False,0.03185637667775154,0.857215404510498,24.19244956970215,0.03185637667775154,0.857215404510498,24.19244956970215,1.7038789687546796,1.7203371249934207
1147,salt_pepper,high,1,1,salt_pepper,salt_pepper,False,0.029879627749323845,0.9036159515380859,26.94738006591797,0.029879627749323845,0.9036159515380859,26.94738006591797,1.7038789687546796,1.7203371249934207
1148,blur,low,2,2,blur,blur,False,0.04455288127064705,0.8028783202171326,23.664581298828125,0.04455288127064705,0.8028783202171326,23.664581298828125,1.7038789687546796,1.7203371249934207
1149,occlusion,low,3,3,occlusion,occlusion,False,0.048500318080186844,0.7407584190368652,21.75081443786621,0.048500318080186844,0.7407584190368652,21.75081443786621,1.7038789687546796,1.7203371249934207
1150,blur,high,2,2,blur,blur,False,0.07179940491914749,0.5475227236747742,20.01974868774414,0.07179940491914749,0.5475227236747742,20.01974868774414,1.7038789687546796,1.7203371249934207
1151,occlusion,medium,3,3,occlusion,occlusion,False,0.0779137909412384,0.6686549186706543,17.569446563720703,0.0779137909412384,0.6686549186706543,17.569446563720703,1.7038789687546796,1.7203371249934207
1152,occlusion,high,3,3,occlusion,occlusion,False,0.05822881683707237,0.728954017162323,19.023435592651367,0.05822881683707237,0.728954017162323,19.023435592651367,1.6780136249963107,1.6788006250010312
1153,salt_pepper,low,1,1,salt_pepper,salt_pepper,False,0.03264632076025009,0.8707374930381775,26.29001808166504,0.03264632076025009,0.8707374930381775,26.29001808166504,1.6780136249963107,1.6788006250010312
1154,salt_pepper,low,1,1,salt_pepper,salt_pepper,False,0.036590028554201126,0.7289121150970459,26.12413215637207,0.036590028554201126,0.7289121150970459,26.12413215637207,1.6780136249963107,1.6788006250010312
1155,salt_pepper,medium,1,1,salt_pepper,salt_pepper,False,0.043035347014665604,0.8430008888244629,24.79916000366211,0.043035347014665604,0.8430008888244629,24.79916000366211,1.6780136249963107,1.6788006250010312
1156,occlusion,low,3,3,occlusion,occlusion,False,0.05665284022688866,0.7444229125976562,21.250396728515625,0.05665284022688866,0.7444229125976562,21.250396728515625,1.6780136249963107,1.6788006250010312
1157,salt_pepper,high,1,1,salt_pepper,salt_pepper,False,0.03500644490122795,0.7883192896842957,24.805999755859375,0.03500644490122795,0.7883192896842957,24.805999755859375,1.6780136249963107,1.6788006250010312
1158,clean,none,0,0,clean,clean,False,0.0,1.0,100.0,0.0,1.0,100.0,1.6780136249963107,1.6788006250010312
1159,occlusion,low,3,3,occlusion,occlusion,False,0.0387592688202858,0.7939123511314392,22.001249313354492,0.0387592688202858,0.7939123511314392,22.001249313354492,1.6780136249963107,1.6788006250010312
1160,blur,medium,2,2,blur,blur,False,0.02827688865363598,0.8179798126220703,28.30501937866211,0.02827688865363598,0.8179798126220703,28.30501937866211,1.6780136249963107,1.6788006250010312
1161,clean,none,0,0,clean,clean,False,0.0,1.0,100.0,0.0,1.0,100.0,1.6780136249963107,1.6788006250010312
1162,clean,none,0,0,clean,clean,False,0.0,1.0,100.0,0.0,1.0,100.0,1.6780136249963107,1.6788006250010312
1163,occlusion,medium,3,3,occlusion,occlusion,False,0.04895429685711861,0.7472184300422668,21.469234466552734,0.04895429685711861,0.7472184300422668,21.469234466552734,1.6780136249963107,1.6788006250010312
1164,blur,high,2,2,blur,blur,False,0.036295611411333084,0.7898122668266296,25.718374252319336,0.036295611411333084,0.7898122668266296,25.718374252319336,1.6780136249963107,1.6788006250010312
1165,salt_pepper,medium,1,1,salt_pepper,salt_pepper,False,0.05563310906291008,0.6814430356025696,22.145605087280273,0.05563310906291008,0.6814430356025696,22.145605087280273,1.6780136249963107,1.6788006250010312
1166,occlusion,medium,3,3,occlusion,occlusion,False,0.0444340817630291,0.6640851497650146,23.694786071777344,0.0444340817630291,0.6640851497650146,23.694786071777344,1.6780136249963107,1.6788006250010312
1167,salt_pepper,low,1,1,salt_pepper,salt_pepper,False,0.06513708829879761,0.6169614791870117,21.090850830078125,0.06513708829879761,0.6169614791870117,21.090850830078125,1.6780136249963107,1.6788006250010312
1168,occlusion,low,3,3,occlusion,occlusion,False,0.028982969000935555,0.8442601561546326,26.840309143066406,0.028982969000935555,0.8442601561546326,26.840309143066406,1.6780136249963107,1.6788006250010312
1169,occlusion,medium,3,3,occlusion,occlusion,False,0.04848744347691536,0.772206723690033,22.542621612548828,0.04848744347691536,0.772206723690033,22.542621612548828,1.6780136249963107,1.6788006250010312
1170,occlusion,low,3,3,occlusion,occlusion,False,0.05111676827073097,0.8029443621635437,22.803512573242188,0.05111676827073097,0.8029443621635437,22.803512573242188,1.6780136249963107,1.6788006250010312
1171,occlusion,high,3,3,occlusion,occlusion,False,0.07099837064743042,0.6264455318450928,18.9464168548584,0.07099837064743042,0.6264455318450928,18.9464168548584,1.6780136249963107,1.6788006250010312
1172,blur,high,2,2,blur,blur,False,0.10673388838768005,0.573037326335907,17.640907287597656,0.10673388838768005,0.573037326335907,17.640907287597656,1.6780136249963107,1.6788006250010312
1173,blur,low,2,2,blur,blur,False,0.06650646775960922,0.62473064661026,20.82776641845703,0.06650646775960922,0.62473064661026,20.82776641845703,1.6780136249963107,1.6788006250010312
1174,clean,none,0,0,clean,clean,False,0.0,1.0,100.0,0.0,1.0,100.0,1.6780136249963107,1.6788006250010312
1175,blur,low,2,2,blur,blur,False,0.03375152871012688,0.8545548319816589,26.279937744140625,0.03375152871012688,0.8545548319816589,26.279937744140625,1.6780136249963107,1.6788006250010312
1176,salt_pepper,low,1,1,salt_pepper,salt_pepper,False,0.031786028295755386,0.8864147663116455,25.96115493774414,0.031786028295755386,0.8864147663116455,25.96115493774414,1.6780136249963107,1.6788006250010312
1177,blur,high,2,2,blur,blur,False,0.031750958412885666,0.8567408919334412,25.956066131591797,0.031750958412885666,0.8567408919334412,25.956066131591797,1.6780136249963107,1.6788006250010312
1178,salt_pepper,medium,1,1,salt_pepper,salt_pepper,False,0.029438650235533714,0.8534913063049316,24.374385833740234,0.029438650235533714,0.8534913063049316,24.374385833740234,1.6780136249963107,1.6788006250010312
1179,salt_pepper,low,1,1,salt_pepper,salt_pepper,False,0.045443762093782425,0.7790703177452087,21.766132354736328,0.045443762093782425,0.7790703177452087,21.766132354736328,1.6780136249963107,1.6788006250010312
1180,occlusion,low,3,3,occlusion,occlusion,False,0.014456157572567463,0.940819263458252,29.09177589416504,0.014456157572567463,0.940819263458252,29.09177589416504,1.6780136249963107,1.6788006250010312
1181,salt_pepper,high,1,1,salt_pepper,salt_pepper,False,0.03775894641876221,0.7861657738685608,25.744544982910156,0.03775894641876221,0.7861657738685608,25.744544982910156,1.6780136249963107,1.6788006250010312
1182,salt_pepper,medium,1,1,salt_pepper,salt_pepper,False,0.09548714011907578,0.7182691693305969,18.13993263244629,0.09548714011907578,0.7182691693305969,18.13993263244629,1.6780136249963107,1.6788006250010312
1183,salt_pepper,medium,1,1,salt_pepper,salt_pepper,False,0.04698764905333519,0.705704927444458,23.781774520874023,0.04698764905333519,0.705704927444458,23.781774520874023,1.6780136249963107,1.6788006250010312
1184,clean,none,0,0,clean,clean,False,0.0,1.0,100.0,0.0,1.0,100.0,1.1773153124750024,1.1230694062476232
1185,occlusion,medium,3,3,occlusion,occlusion,False,0.0627213642001152,0.6111552119255066,20.695972442626953,0.0627213642001152,0.6111552119255066,20.695972442626953,1.1773153124750024,1.1230694062476232
1186,clean,none,0,0,clean,clean,False,0.0,1.0,100.0,0.0,1.0,100.0,1.1773153124750024,1.1230694062476232
1187,blur,high,2,2,blur,blur,False,0.040219273418188095,0.7189494967460632,25.19489097595215,0.040219273418188095,0.7189494967460632,25.19489097595215,1.1773153124750024,1.1230694062476232
1188,salt_pepper,medium,1,1,salt_pepper,salt_pepper,False,0.053622979670763016,0.7290061116218567,22.344778060913086,0.053622979670763016,0.7290061116218567,22.344778060913086,1.1773153124750024,1.1230694062476232
1189,clean,none,0,0,clean,clean,False,0.0,1.0,100.0,0.0,1.0,100.0,1.1773153124750024,1.1230694062476232
1190,clean,none,0,0,clean,clean,False,0.0,1.0,100.0,0.0,1.0,100.0,1.1773153124750024,1.1230694062476232
1191,occlusion,high,3,3,occlusion,occlusion,False,0.11043477058410645,0.49681878089904785,16.112247467041016,0.11043477058410645,0.49681878089904785,16.112247467041016,1.1773153124750024,1.1230694062476232
1192,occlusion,medium,3,3,occlusion,occlusion,False,0.05846290662884712,0.598957359790802,21.632659912109375,0.05846290662884712,0.598957359790802,21.632659912109375,1.1773153124750024,1.1230694062476232
1193,blur,high,2,2,blur,blur,False,0.0933350995182991,0.6402608752250671,17.216760635375977,0.0933350995182991,0.6402608752250671,17.216760635375977,1.1773153124750024,1.1230694062476232
1194,salt_pepper,high,1,1,salt_pepper,salt_pepper,False,0.039733197540044785,0.73078852891922,24.299549102783203,0.039733197540044785,0.73078852891922,24.299549102783203,1.1773153124750024,1.1230694062476232
1195,clean,none,0,0,clean,clean,False,0.0,1.0,100.0,0.0,1.0,100.0,1.1773153124750024,1.1230694062476232
1196,clean,none,0,0,clean,clean,False,0.0,1.0,100.0,0.0,1.0,100.0,1.1773153124750024,1.1230694062476232
1197,occlusion,low,3,3,occlusion,occlusion,False,0.04910213127732277,0.7326613068580627,22.819822311401367,0.04910213127732277,0.7326613068580627,22.819822311401367,1.1773153124750024,1.1230694062476232
1198,occlusion,high,3,3,occlusion,occlusion,False,0.06083473563194275,0.6874421238899231,19.979528427124023,0.06083473563194275,0.6874421238899231,19.979528427124023,1.1773153124750024,1.1230694062476232
1199,salt_pepper,low,1,1,salt_pepper,salt_pepper,False,0.05481179058551788,0.7640978693962097,22.64187240600586,0.05481179058551788,0.7640978693962097,22.64187240600586,1.1773153124750024,1.1230694062476232
1200,occlusion,high,3,3,occlusion,occlusion,False,0.06892098486423492,0.6205161213874817,19.431739807128906,0.06892098486423492,0.6205161213874817,19.431739807128906,1.1773153124750024,1.1230694062476232
1201,clean,none,0,0,clean,clean,False,0.0,1.0,100.0,0.0,1.0,100.0,1.1773153124750024,1.1230694062476232
1202,clean,none,0,0,clean,clean,False,0.0,1.0,100.0,0.0,1.0,100.0,1.1773153124750024,1.1230694062476232
1203,clean,none,0,0,clean,clean,False,0.0,1.0,100.0,0.0,1.0,100.0,1.1773153124750024,1.1230694062476232
1204,blur,low,2,2,blur,blur,False,0.04017515480518341,0.8122186064720154,24.34405517578125,0.04017515480518341,0.8122186660766602,24.34405517578125,1.1773153124750024,1.1230694062476232
1205,occlusion,low,3,3,occlusion,occlusion,False,0.03163094446063042,0.8396218419075012,26.394222259521484,0.03163094446063042,0.8396218419075012,26.394222259521484,1.1773153124750024,1.1230694062476232
1206,blur,medium,2,2,blur,blur,False,0.05234912410378456,0.7216817736625671,23.266408920288086,0.05234913155436516,0.7216816544532776,23.266408920288086,1.1773153124750024,1.1230694062476232
1207,occlusion,high,3,3,occlusion,occlusion,False,0.08398952335119247,0.6599316596984863,17.60610580444336,0.08398952335119247,0.6599316596984863,17.60610580444336,1.1773153124750024,1.1230694062476232
1208,salt_pepper,low,1,1,salt_pepper,salt_pepper,False,0.03630119934678078,0.8478886485099792,26.0831356048584,0.03630119934678078,0.8478886485099792,26.0831356048584,1.1773153124750024,1.1230694062476232
1209,clean,none,0,0,clean,clean,False,0.0,1.0,100.0,0.0,1.0,100.0,1.1773153124750024,1.1230694062476232
1210,salt_pepper,high,1,1,salt_pepper,salt_pepper,False,0.04983590543270111,0.7961936593055725,22.788490295410156,0.04983590543270111,0.7961936593055725,22.788490295410156,1.1773153124750024,1.1230694062476232
1211,blur,medium,2,2,blur,blur,False,0.05506694316864014,0.6830664277076721,21.982440948486328,0.05506694316864014,0.6830663681030273,21.982440948486328,1.1773153124750024,1.1230694062476232
1212,clean,none,0,2,clean,blur,True,0.021518895402550697,0.9073247909545898,30.548748016357422,0.0,1.0,100.0,1.1773153124750024,1.1230694062476232
1213,salt_pepper,low,1,1,salt_pepper,salt_pepper,False,0.09154423326253891,0.5405285358428955,18.246753692626953,0.09154423326253891,0.5405285358428955,18.246753692626953,1.1773153124750024,1.1230694062476232
1214,occlusion,high,3,3,occlusion,occlusion,False,0.08010346442461014,0.48096343874931335,19.640518188476562,0.08010346442461014,0.48096343874931335,19.640518188476562,1.1773153124750024,1.1230694062476232
1215,salt_pepper,high,1,1,salt_pepper,salt_pepper,False,0.060993317514657974,0.6192482709884644,22.104122161865234,0.060993317514657974,0.6192482709884644,22.104122161865234,1.1773153124750024,1.1230694062476232
1216,occlusion,medium,3,3,occlusion,occlusion,False,0.0840514674782753,0.5008103251457214,19.122831344604492,0.0840514674782753,0.5008103251457214,19.122831344604492,1.4443610625107794,1.3576333437583799
1217,blur,low,2,2,blur,blur,False,0.06692469865083694,0.722497284412384,20.612754821777344,0.06692469865083694,0.722497284412384,20.612754821777344,1.4443610625107794,1.3576333437583799
1218,blur,medium,2,2,blur,blur,False,0.040202755481004715,0.7873899340629578,24.41012191772461,0.040202755481004715,0.7873899340629578,24.41012191772461,1.4443610625107794,1.3576333437583799
1219,salt_pepper,low,1,1,salt_pepper,salt_pepper,False,0.04565323889255524,0.8006312251091003,23.136436462402344,0.04565323889255524,0.8006312251091003,23.136436462402344,1.4443610625107794,1.3576333437583799
1220,clean,none,0,0,clean,clean,False,0.0,1.0,100.0,0.0,1.0,100.0,1.4443610625107794,1.3576333437583799
1221,blur,high,2,2,blur,blur,False,0.06606004387140274,0.6502283811569214,20.915355682373047,0.06606004387140274,0.6502283811569214,20.915355682373047,1.4443610625107794,1.3576333437583799
1222,clean,none,0,0,clean,clean,False,0.0,1.0,100.0,0.0,1.0,100.0,1.4443610625107794,1.3576333437583799
1223,blur,low,2,2,blur,blur,False,0.058120936155319214,0.678503692150116,22.171361923217773,0.058120936155319214,0.678503692150116,22.171361923217773,1.4443610625107794,1.3576333437583799
1224,salt_pepper,medium,1,1,salt_pepper,salt_pepper,False,0.06929724663496017,0.6411471962928772,20.60215950012207,0.06929724663496017,0.6411471962928772,20.60215950012207,1.4443610625107794,1.3576333437583799
1225,clean,none,0,0,clean,clean,False,0.0,1.0,100.0,0.0,1.0,100.0,1.4443610625107794,1.3576333437583799
1226,blur,medium,2,2,blur,blur,False,0.035783540457487106,0.8331289887428284,26.335540771484375,0.035783540457487106,0.8331289887428284,26.335540771484375,1.4443610625107794,1.3576333437583799
1227,salt_pepper,low,1,1,salt_pepper,salt_pepper,False,0.05509652569890022,0.8151400685310364,21.031963348388672,0.05509652569890022,0.8151400685310364,21.031963348388672,1.4443610625107794,1.3576333437583799
1228,salt_pepper,medium,1,1,salt_pepper,salt_pepper,False,0.0751684233546257,0.7621241211891174,20.36065673828125,0.0751684233546257,0.7621241211891174,20.36065673828125,1.4443610625107794,1.3576333437583799
1229,salt_pepper,low,1,1,salt_pepper,salt_pepper,False,0.04206516221165657,0.8380064964294434,24.04821014404297,0.04206516221165657,0.8380064964294434,24.04821014404297,1.4443610625107794,1.3576333437583799
1230,salt_pepper,high,1,1,salt_pepper,salt_pepper,False,0.06897787749767303,0.7198053002357483,19.5106201171875,0.06897787749767303,0.7198053002357483,19.5106201171875,1.4443610625107794,1.3576333437583799
1231,salt_pepper,low,1,1,salt_pepper,salt_pepper,False,0.04059932008385658,0.8142101168632507,23.638797760009766,0.04059932008385658,0.8142101168632507,23.638797760009766,1.4443610625107794,1.3576333437583799
1232,blur,medium,2,2,blur,blur,False,0.04245218262076378,0.822173535823822,24.06083869934082,0.04245218262076378,0.822173535823822,24.06083869934082,1.4443610625107794,1.3576333437583799
1233,clean,none,0,0,clean,clean,False,0.0,1.0,100.0,0.0,1.0,100.0,1.4443610625107794,1.3576333437583799
1234,clean,none,0,0,clean,clean,False,0.0,1.0,100.0,0.0,1.0,100.0,1.4443610625107794,1.3576333437583799
1235,blur,medium,2,2,blur,blur,False,0.05800214409828186,0.6804978847503662,21.90518569946289,0.05800214409828186,0.6804978847503662,21.90518569946289,1.4443610625107794,1.3576333437583799
1236,blur,high,2,2,blur,blur,False,0.09100070595741272,0.5113523602485657,18.657081604003906,0.09100070595741272,0.5113523602485657,18.657081604003906,1.4443610625107794,1.3576333437583799
1237,clean,none,0,0,clean,clean,False,0.0,1.0,100.0,0.0,1.0,100.0,1.4443610625107794,1.3576333437583799
1238,salt_pepper,medium,1,1,salt_pepper,salt_pepper,False,0.040687963366508484,0.7925224304199219,25.426952362060547,0.040687963366508484,0.7925224304199219,25.426952362060547,1.4443610625107794,1.3576333437583799
1239,salt_pepper,medium,1,1,salt_pepper,salt_pepper,False,0.03093603439629078,0.8306791186332703,25.840213775634766,0.03093603439629078,0.8306791186332703,25.840213775634766,1.4443610625107794,1.3576333437583799
1240,clean,none,0,0,clean,clean,False,0.0,1.0,100.0,0.0,1.0,100.0,1.4443610625107794,1.3576333437583799
1241,salt_pepper,medium,1,1,salt_pepper,salt_pepper,False,0.03454013541340828,0.7954676747322083,26.214675903320312,0.03454013541340828,0.7954676747322083,26.214675903320312,1.4443610625107794,1.3576333437583799
1242,clean,none,0,0,clean,clean,False,0.0,1.0,100.0,0.0,1.0,100.0,1.4443610625107794,1.3576333437583799
1243,occlusion,medium,3,3,occlusion,occlusion,False,0.04450535774230957,0.696537435054779,24.297080993652344,0.04450535774230957,0.696537435054779,24.297080993652344,1.4443610625107794,1.3576333437583799
1244,blur,low,2,2,blur,blur,False,0.0491337925195694,0.8297057151794434,23.476383209228516,0.0491337925195694,0.8297057151794434,23.476383209228516,1.4443610625107794,1.3576333437583799
1245,blur,low,2,2,blur,blur,False,0.04809759557247162,0.7738965153694153,24.660690307617188,0.04809759557247162,0.7738965153694153,24.660690307617188,1.4443610625107794,1.3576333437583799
1246,blur,low,2,2,blur,blur,False,0.045872658491134644,0.835914671421051,23.120479583740234,0.045872658491134644,0.835914671421051,23.120479583740234,1.4443610625107794,1.3576333437583799
1247,occlusion,medium,3,3,occlusion,occlusion,False,0.0458974689245224,0.7405770421028137,22.90654945373535,0.0458974689245224,0.7405770421028137,22.90654945373535,1.4443610625107794,1.3576333437583799
1248,blur,medium,2,2,blur,blur,False,0.03501376882195473,0.8063682913780212,26.44202423095703,0.03501376882195473,0.8063682913780212,26.44202423095703,1.6205889999980627,1.6589003125204727
1249,occlusion,medium,3,3,occlusion,occlusion,False,0.09636323899030685,0.47765156626701355,17.918437957763672,0.09636323899030685,0.47765156626701355,17.918437957763672,1.6205889999980627,1.6589003125204727
1250,salt_pepper,high,1,1,salt_pepper,salt_pepper,False,0.043371934443712234,0.7899408340454102,24.189002990722656,0.043371934443712234,0.7899408340454102,24.189002990722656,1.6205889999980627,1.6589003125204727
1251,occlusion,low,3,3,occlusion,occlusion,False,0.06852057576179504,0.5805302262306213,20.34886932373047,0.06852057576179504,0.5805302262306213,20.34886932373047,1.6205889999980627,1.6589003125204727
1252,clean,none,0,0,clean,clean,False,0.0,1.0,100.0,0.0,1.0,100.0,1.6205889999980627,1.6589003125204727
1253,salt_pepper,medium,1,1,salt_pepper,salt_pepper,False,0.04566044732928276,0.7678735256195068,24.02667999267578,0.04566044732928276,0.7678735256195068,24.02667999267578,1.6205889999980627,1.6589003125204727
1254,salt_pepper,medium,1,1,salt_pepper,salt_pepper,False,0.06312600523233414,0.6501337885856628,21.471393585205078,0.06312600523233414,0.6501337885856628,21.471393585205078,1.6205889999980627,1.6589003125204727
1255,salt_pepper,high,1,1,salt_pepper,salt_pepper,False,0.0327068455517292,0.8413624167442322,26.388757705688477,0.0327068455517292,0.8413624167442322,26.388757705688477,1.6205889999980627,1.6589003125204727
1256,salt_pepper,medium,1,1,salt_pepper,salt_pepper,False,0.07781433314085007,0.6524938941001892,19.56952476501465,0.07781433314085007,0.6524938941001892,19.56952476501465,1.6205889999980627,1.6589003125204727
1257,blur,high,2,2,blur,blur,False,0.08873271197080612,0.5645130276679993,18.575944900512695,0.08873271197080612,0.5645130276679993,18.575944900512695,1.6205889999980627,1.6589003125204727
1258,salt_pepper,high,1,1,salt_pepper,salt_pepper,False,0.049652401357889175,0.7703027725219727,23.447078704833984,0.049652401357889175,0.7703027725219727,23.447078704833984,1.6205889999980627,1.6589003125204727
1259,clean,none,0,0,clean,clean,False,0.0,1.0,100.0,0.0,1.0,100.0,1.6205889999980627,1.6589003125204727
1260,occlusion,low,3,3,occlusion,occlusion,False,0.07064815610647202,0.6784365773200989,19.76837921142578,0.07064815610647202,0.6784365773200989,19.76837921142578,1.6205889999980627,1.6589003125204727
1261,clean,none,0,0,clean,clean,False,0.0,1.0,100.0,0.0,1.0,100.0,1.6205889999980627,1.6589003125204727
1262,occlusion,low,3,3,occlusion,occlusion,False,0.052236106246709824,0.6980392336845398,22.293907165527344,0.052236106246709824,0.6980392336845398,22.293907165527344,1.6205889999980627,1.6589003125204727
1263,occlusion,medium,3,3,occlusion,occlusion,False,0.027125157415866852,0.844254732131958,26.325618743896484,0.027125157415866852,0.844254732131958,26.325618743896484,1.6205889999980627,1.6589003125204727
1264,salt_pepper,high,1,1,salt_pepper,salt_pepper,False,0.040840812027454376,0.795983612537384,24.973623275756836,0.040840812027454376,0.795983612537384,24.973623275756836,1.6205889999980627,1.6589003125204727
1265,blur,low,2,2,blur,blur,False,0.04240700230002403,0.7827562689781189,24.5869140625,0.04240700230002403,0.7827562689781189,24.5869140625,1.6205889999980627,1.6589003125204727
1266,blur,high,2,2,blur,blur,False,0.03958675637841225,0.8525151610374451,24.70921516418457,0.03958675637841225,0.8525151610374451,24.70921516418457,1.6205889999980627,1.6589003125204727
1267,occlusion,high,3,3,occlusion,occlusion,False,0.07167961448431015,0.6333778500556946,19.472415924072266,0.07167961448431015,0.6333778500556946,19.472415924072266,1.6205889999980627,1.6589003125204727
1268,clean,none,0,0,clean,clean,False,0.0,1.0,100.0,0.0,1.0,100.0,1.6205889999980627,1.6589003125204727
1269,salt_pepper,medium,1,1,salt_pepper,salt_pepper,False,0.07288968563079834,0.7313659191131592,19.557695388793945,0.07288968563079834,0.7313659191131592,19.557695388793945,1.6205889999980627,1.6589003125204727
1270,blur,low,2,2,blur,blur,False,0.0491369403898716,0.848048746585846,23.36832046508789,0.0491369403898716,0.848048746585846,23.36832046508789,1.6205889999980627,1.6589003125204727
1271,occlusion,high,3,3,occlusion,occlusion,False,0.07210579514503479,0.4380522072315216,20.042869567871094,0.07210579514503479,0.4380522072315216,20.042869567871094,1.6205889999980627,1.6589003125204727
1272,clean,none,0,0,clean,clean,False,0.0,1.0,100.0,0.0,1.0,100.0,1.6205889999980627,1.6589003125204727
1273,blur,low,2,2,blur,blur,False,0.036535415798425674,0.7460620403289795,26.167924880981445,0.036535415798425674,0.7460620403289795,26.167924880981445,1.6205889999980627,1.6589003125204727
1274,occlusion,medium,3,3,occlusion,occlusion,False,0.04100726172327995,0.7546316981315613,24.69060516357422,0.04100726172327995,0.7546316981315613,24.69060516357422,1.6205889999980627,1.6589003125204727
1275,occlusion,low,3,3,occlusion,occlusion,False,0.0524156279861927,0.6843906044960022,22.58368682861328,0.0524156279861927,0.6843906044960022,22.58368682861328,1.6205889999980627,1.6589003125204727
1276,occlusion,low,3,0,occlusion,clean,True,0.009733232669532299,0.878808319568634,27.949310302734375,0.03476577252149582,0.7622609734535217,26.140483856201172,1.6205889999980627,1.6589003125204727
1277,salt_pepper,medium,1,1,salt_pepper,salt_pepper,False,0.053376179188489914,0.724283754825592,22.73659896850586,0.053376179188489914,0.724283754825592,22.73659896850586,1.6205889999980627,1.6589003125204727
1278,salt_pepper,high,1,1,salt_pepper,salt_pepper,False,0.07557094842195511,0.6399899125099182,19.717735290527344,0.07557094842195511,0.6399899125099182,19.717735290527344,1.6205889999980627,1.6589003125204727
1279,clean,none,0,0,clean,clean,False,0.0,1.0,100.0,0.0,1.0,100.0,1.6205889999980627,1.6589003125204727
1280,clean,none,0,0,clean,clean,False,0.0,1.0,100.0,0.0,1.0,100.0,1.502481187515059,1.4663830624783714
1281,occlusion,high,3,3,occlusion,occlusion,False,0.06254304945468903,0.6138209700584412,20.309131622314453,0.06254304945468903,0.6138209700584412,20.309131622314453,1.502481187515059,1.4663830624783714
1282,occlusion,low,3,3,occlusion,occlusion,False,0.12441805750131607,0.516986072063446,14.874744415283203,0.12441805750131607,0.516986072063446,14.874744415283203,1.502481187515059,1.4663830624783714
1283,blur,medium,2,2,blur,blur,False,0.032679732888936996,0.85406494140625,26.5523624420166,0.032679732888936996,0.85406494140625,26.5523624420166,1.502481187515059,1.4663830624783714
1284,salt_pepper,low,1,1,salt_pepper,salt_pepper,False,0.06954499334096909,0.6275064945220947,20.576322555541992,0.06954499334096909,0.6275064945220947,20.576322555541992,1.502481187515059,1.4663830624783714
1285,blur,medium,2,2,blur,blur,False,0.03825024142861366,0.8094775080680847,24.92285919189453,0.03825024142861366,0.8094775080680847,24.92285919189453,1.502481187515059,1.4663830624783714
1286,salt_pepper,high,1,1,salt_pepper,salt_pepper,False,0.062664695084095,0.6890535354614258,21.37151527404785,0.062664695084095,0.6890535354614258,21.37151527404785,1.502481187515059,1.4663830624783714
1287,blur,high,2,2,blur,blur,False,0.03153231367468834,0.8042449951171875,26.12532615661621,0.03153231367468834,0.8042449951171875,26.12532615661621,1.502481187515059,1.4663830624783714
1288,blur,high,2,2,blur,blur,False,0.046894293278455734,0.7237858772277832,23.72245979309082,0.046894293278455734,0.7237858772277832,23.72245979309082,1.502481187515059,1.4663830624783714
1289,salt_pepper,medium,1,1,salt_pepper,salt_pepper,False,0.026103278622031212,0.8504260182380676,28.627147674560547,0.026103278622031212,0.8504260182380676,28.627147674560547,1.502481187515059,1.4663830624783714
1290,blur,high,2,2,blur,blur,False,0.039780400693416595,0.7859371304512024,23.723228454589844,0.039780400693416595,0.7859371304512024,23.723228454589844,1.502481187515059,1.4663830624783714
1291,salt_pepper,medium,1,1,salt_pepper,salt_pepper,False,0.04041597247123718,0.7698783874511719,23.363933563232422,0.04041597247123718,0.7698783874511719,23.363933563232422,1.502481187515059,1.4663830624783714
1292,blur,low,2,2,blur,blur,False,0.0722828134894371,0.7144562602043152,20.542028427124023,0.0722828134894371,0.7144562602043152,20.542028427124023,1.502481187515059,1.4663830624783714
1293,blur,low,2,2,blur,blur,False,0.04373285174369812,0.7705556750297546,24.824405670166016,0.04373285174369812,0.7705556750297546,24.824405670166016,1.502481187515059,1.4663830624783714
1294,clean,none,0,0,clean,clean,False,0.0,1.0,100.0,0.0,1.0,100.0,1.502481187515059,1.4663830624783714
1295,occlusion,low,3,3,occlusion,occlusion,False,0.06419756263494492,0.5941230654716492,21.38927459716797,0.06419756263494492,0.5941230654716492,21.38927459716797,1.502481187515059,1.4663830624783714
1296,clean,none,0,0,clean,clean,False,0.0,1.0,100.0,0.0,1.0,100.0,1.502481187515059,1.4663830624783714
1297,blur,low,2,2,blur,blur,False,0.04730544611811638,0.8090923428535461,23.885772705078125,0.04730544611811638,0.8090923428535461,23.885772705078125,1.502481187515059,1.4663830624783714
1298,salt_pepper,medium,1,1,salt_pepper,salt_pepper,False,0.05300129950046539,0.6970394253730774,23.108423233032227,0.05300129950046539,0.6970394253730774,23.108423233032227,1.502481187515059,1.4663830624783714
1299,clean,none,0,0,clean,clean,False,0.0,1.0,100.0,0.0,1.0,100.0,1.502481187515059,1.4663830624783714
1300,blur,medium,2,2,blur,blur,False,0.04400255158543587,0.7963473200798035,24.218360900878906,0.04400255158543587,0.7963473200798035,24.218360900878906,1.502481187515059,1.4663830624783714
1301,occlusion,high,3,3,occlusion,occlusion,False,0.07067989557981491,0.6770010590553284,18.90264129638672,0.07067989557981491,0.6770010590553284,18.90264129638672,1.502481187515059,1.4663830624783714
1302,salt_pepper,medium,1,1,salt_pepper,salt_pepper,False,0.03646903857588768,0.8170191645622253,25.75128746032715,0.03646903857588768,0.8170191645622253,25.75128746032715,1.502481187515059,1.4663830624783714
1303,occlusion,medium,3,3,occlusion,occlusion,False,0.058691639453172684,0.6888989806175232,20.28091049194336,0.058691639453172684,0.6888989806175232,20.28091049194336,1.502481187515059,1.4663830624783714
1304,blur,low,2,2,blur,blur,False,0.05360185727477074,0.8106257319450378,22.66115951538086,0.05360185727477074,0.8106257319450378,22.66115951538086,1.502481187515059,1.4663830624783714
1305,salt_pepper,low,1,1,salt_pepper,salt_pepper,False,0.05167515203356743,0.7384893298149109,22.852386474609375,0.05167515203356743,0.7384893298149109,22.852386474609375,1.502481187515059,1.4663830624783714
1306,clean,none,0,0,clean,clean,False,0.0,1.0,100.0,0.0,1.0,100.0,1.502481187515059,1.4663830624783714
1307,blur,medium,2,2,blur,blur,False,0.0332932285964489,0.8656051754951477,26.81241798400879,0.0332932285964489,0.8656051754951477,26.81241798400879,1.502481187515059,1.4663830624783714
1308,clean,none,0,0,clean,clean,False,0.0,1.0,100.0,0.0,1.0,100.0,1.502481187515059,1.4663830624783714
1309,clean,none,0,0,clean,clean,False,0.0,1.0,100.0,0.0,1.0,100.0,1.502481187515059,1.4663830624783714
1310,clean,none,0,0,clean,clean,False,0.0,1.0,100.0,0.0,1.0,100.0,1.502481187515059,1.4663830624783714
1311,blur,high,2,2,blur,blur,False,0.05059584975242615,0.6574661135673523,23.00132942199707,0.05059584975242615,0.6574661135673523,23.00132942199707,1.502481187515059,1.4663830624783714
1312,occlusion,high,3,3,occlusion,occlusion,False,0.08496438711881638,0.5197231769561768,18.295257568359375,0.08496438711881638,0.5197231769561768,18.295257568359375,1.4114865312535585,1.4061345312654794
1313,blur,medium,2,2,blur,blur,False,0.056629303842782974,0.6186912059783936,22.695653915405273,0.056629303842782974,0.6186912059783936,22.695653915405273,1.4114865312535585,1.4061345312654794
1314,clean,none,0,0,clean,clean,False,0.0,1.0,100.0,0.0,1.0,100.0,1.4114865312535585,1.4061345312654794
1315,clean,none,0,0,clean,clean,False,0.0,1.0,100.0,0.0,1.0,100.0,1.4114865312535585,1.4061345312654794
1316,salt_pepper,low,1,1,salt_pepper,salt_pepper,False,0.05601733550429344,0.7349274158477783,22.31888198852539,0.05601733550429344,0.7349274158477783,22.31888198852539,1.4114865312535585,1.4061345312654794
1317,occlusion,high,3,3,occlusion,occlusion,False,0.08332499116659164,0.5439713597297668,16.910430908203125,0.08332499116659164,0.5439713597297668,16.910430908203125,1.4114865312535585,1.4061345312654794
1318,blur,high,2,2,blur,blur,False,0.037463534623384476,0.780357837677002,25.247684478759766,0.037463534623384476,0.780357837677002,25.247684478759766,1.4114865312535585,1.4061345312654794
1319,clean,none,0,0,clean,clean,False,0.0,1.0,100.0,0.0,1.0,100.0,1.4114865312535585,1.4061345312654794
1320,salt_pepper,medium,1,1,salt_pepper,salt_pepper,False,0.03621349856257439,0.7566203474998474,25.29882049560547,0.03621349856257439,0.7566203474998474,25.29882049560547,1.4114865312535585,1.4061345312654794
1321,salt_pepper,low,1,1,salt_pepper,salt_pepper,False,0.04703773930668831,0.8267096877098083,23.535051345825195,0.04703773930668831,0.8267096877098083,23.535051345825195,1.4114865312535585,1.4061345312654794
1322,salt_pepper,low,1,1,salt_pepper,salt_pepper,False,0.04711252823472023,0.7857608795166016,24.021278381347656,0.04711252823472023,0.7857608795166016,24.021278381347656,1.4114865312535585,1.4061345312654794
1323,clean,none,0,0,clean,clean,False,0.0,1.0,100.0,0.0,1.0,100.0,1.4114865312535585,1.4061345312654794
1324,blur,high,2,2,blur,blur,False,0.08799957484006882,0.5704681277275085,18.98379898071289,0.08799957484006882,0.5704681277275085,18.98379898071289,1.4114865312535585,1.4061345312654794
1325,blur,medium,2,2,blur,blur,False,0.031714651733636856,0.7759817242622375,26.822906494140625,0.031714651733636856,0.7759817242622375,26.822906494140625,1.4114865312535585,1.4061345312654794
1326,clean,none,0,0,clean,clean,False,0.0,1.0,100.0,0.0,1.0,100.0,1.4114865312535585,1.4061345312654794
1327,blur,high,2,2,blur,blur,False,0.09411589056253433,0.5403006076812744,18.348857879638672,0.09411589056253433,0.5403006076812744,18.348857879638672,1.4114865312535585,1.4061345312654794
1328,occlusion,low,3,3,occlusion,occlusion,False,0.046760667115449905,0.7996492385864258,21.003833770751953,0.046760667115449905,0.7996492385864258,21.003833770751953,1.4114865312535585,1.4061345312654794
1329,blur,high,2,2,blur,blur,False,0.05882708355784416,0.6255903244018555,21.733562469482422,0.05882708355784416,0.6255903244018555,21.733562469482422,1.4114865312535585,1.4061345312654794
1330,salt_pepper,high,1,1,salt_pepper,salt_pepper,False,0.05071709677577019,0.6972478032112122,23.399795532226562,0.05071709677577019,0.6972478032112122,23.399795532226562,1.4114865312535585,1.4061345312654794
1331,salt_pepper,medium,1,1,salt_pepper,salt_pepper,False,0.0565306693315506,0.7632346749305725,22.60934066772461,0.0565306693315506,0.7632346749305725,22.60934066772461,1.4114865312535585,1.4061345312654794
1332,blur,low,2,2,blur,blur,False,0.03427715227007866,0.8382719159126282,26.706106185913086,0.03427715227007866,0.8382719159126282,26.706106185913086,1.4114865312535585,1.4061345312654794
1333,blur,low,2,2,blur,blur,False,0.05230117216706276,0.7611721158027649,22.84710693359375,0.05230117216706276,0.7611721158027649,22.84710693359375,1.4114865312535585,1.4061345312654794
1334,salt_pepper,medium,1,1,salt_pepper,salt_pepper,False,0.06778670847415924,0.6536081433296204,21.04215431213379,0.06778670847415924,0.6536081433296204,21.04215431213379,1.4114865312535585,1.4061345312654794
1335,clean,none,0,0,clean,clean,False,0.0,1.0,100.0,0.0,1.0,100.0,1.4114865312535585,1.4061345312654794
1336,occlusion,low,3,3,occlusion,occlusion,False,0.050387363880872726,0.6980579495429993,22.4116153717041,0.050387363880872726,0.6980579495429993,22.4116153717041,1.4114865312535585,1.4061345312654794
1337,occlusion,medium,3,3,occlusion,occlusion,False,0.05789286270737648,0.651762068271637,20.899295806884766,0.05789286270737648,0.651762068271637,20.899295806884766,1.4114865312535585,1.4061345312654794
1338,occlusion,medium,3,3,occlusion,occlusion,False,0.0560893751680851,0.6431074738502502,21.389995574951172,0.0560893751680851,0.6431074738502502,21.389995574951172,1.4114865312535585,1.4061345312654794
1339,blur,high,2,2,blur,blur,False,0.09481754153966904,0.5093302130699158,18.034278869628906,0.09481754153966904,0.5093302130699158,18.034278869628906,1.4114865312535585,1.4061345312654794
1340,occlusion,high,3,3,occlusion,occlusion,False,0.07829232513904572,0.5307266712188721,18.871444702148438,0.07829232513904572,0.5307266712188721,18.871444702148438,1.4114865312535585,1.4061345312654794
1341,clean,none,0,0,clean,clean,False,0.0,1.0,100.0,0.0,1.0,100.0,1.4114865312535585,1.4061345312654794
1342,blur,medium,2,2,blur,blur,False,0.0893917977809906,0.549292802810669,18.713733673095703,0.0893917977809906,0.549292802810669,18.713733673095703,1.4114865312535585,1.4061345312654794
1343,occlusion,high,3,3,occlusion,occlusion,False,0.10549045354127884,0.5479554533958435,15.031352043151855,0.10549045354127884,0.5479554533958435,15.031352043151855,1.4114865312535585,1.4061345312654794
1344,blur,medium,2,2,blur,blur,False,0.03333161026239395,0.848135769367218,24.91568374633789,0.03333161026239395,0.848135769367218,24.91568374633789,1.4222223749982277,1.410365281230952
1345,occlusion,low,3,3,occlusion,occlusion,False,0.035111039876937866,0.7760767936706543,25.990726470947266,0.035111039876937866,0.7760767936706543,25.990726470947266,1.4222223749982277,1.410365281230952
1346,occlusion,low,3,3,occlusion,occlusion,False,0.07066700607538223,0.5991739630699158,20.969730377197266,0.07066700607538223,0.5991739630699158,20.969730377197266,1.4222223749982277,1.410365281230952
1347,blur,high,2,2,blur,blur,False,0.06550074368715286,0.6692429184913635,20.965221405029297,0.06550074368715286,0.6692429184913635,20.965221405029297,1.4222223749982277,1.410365281230952
1348,salt_pepper,high,1,1,salt_pepper,salt_pepper,False,0.03737923130393028,0.7802443504333496,26.293987274169922,0.03737923130393028,0.7802443504333496,26.293987274169922,1.4222223749982277,1.410365281230952
1349,salt_pepper,low,1,1,salt_pepper,salt_pepper,False,0.0502006821334362,0.6934153437614441,22.9824275970459,0.0502006821334362,0.6934153437614441,22.9824275970459,1.4222223749982277,1.410365281230952
1350,blur,medium,2,2,blur,blur,False,0.04249941185116768,0.8315343260765076,24.106443405151367,0.04249941185116768,0.8315343260765076,24.106443405151367,1.4222223749982277,1.410365281230952
1351,salt_pepper,high,1,1,salt_pepper,salt_pepper,False,0.030468525364995003,0.8795045018196106,26.896129608154297,0.030468525364995003,0.8795045018196106,26.896129608154297,1.4222223749982277,1.410365281230952
1352,clean,none,0,0,clean,clean,False,0.0,1.0,100.0,0.0,1.0,100.0,1.4222223749982277,1.410365281230952
1353,blur,medium,2,2,blur,blur,False,0.07607624679803848,0.6097217202186584,20.33795166015625,0.07607624679803848,0.6097217202186584,20.33795166015625,1.4222223749982277,1.410365281230952
1354,blur,high,2,2,blur,blur,False,0.046947088092565536,0.6375883221626282,23.829261779785156,0.046947088092565536,0.6375883221626282,23.829261779785156,1.4222223749982277,1.410365281230952
1355,clean,none,0,0,clean,clean,False,0.0,1.0,100.0,0.0,1.0,100.0,1.4222223749982277,1.410365281230952
1356,salt_pepper,low,1,1,salt_pepper,salt_pepper,False,0.036522276699543,0.8501667976379395,25.981884002685547,0.036522276699543,0.8501667976379395,25.981884002685547,1.4222223749982277,1.410365281230952
1357,occlusion,low,3,3,occlusion,occlusion,False,0.07437141239643097,0.5618484616279602,20.265262603759766,0.07437141239643097,0.5618484616279602,20.265262603759766,1.4222223749982277,1.410365281230952
1358,salt_pepper,low,1,1,salt_pepper,salt_pepper,False,0.029507718980312347,0.8398997187614441,27.406455993652344,0.029507718980312347,0.8398997187614441,27.406455993652344,1.4222223749982277,1.410365281230952
1359,clean,none,0,0,clean,clean,False,0.0,1.0,100.0,0.0,1.0,100.0,1.4222223749982277,1.410365281230952
1360,clean,none,0,0,clean,clean,False,0.0,1.0,100.0,0.0,1.0,100.0,1.4222223749982277,1.410365281230952
1361,blur,low,2,2,blur,blur,False,0.09452911466360092,0.5939059257507324,18.421247482299805,0.09452911466360092,0.5939059257507324,18.421247482299805,1.4222223749982277,1.410365281230952
1362,salt_pepper,high,1,1,salt_pepper,salt_pepper,False,0.07890985161066055,0.6024574041366577,20.055294036865234,0.07890985161066055,0.6024574041366577,20.055294036865234,1.4222223749982277,1.410365281230952
1363,salt_pepper,high,1,1,salt_pepper,salt_pepper,False,0.05384165421128273,0.7534438967704773,22.180593490600586,0.05384165421128273,0.7534438967704773,22.180593490600586,1.4222223749982277,1.410365281230952
1364,blur,medium,2,2,blur,blur,False,0.07185199111700058,0.7262479662895203,20.70705223083496,0.07185199111700058,0.7262479662895203,20.70705223083496,1.4222223749982277,1.410365281230952
1365,salt_pepper,medium,1,1,salt_pepper,salt_pepper,False,0.0694923996925354,0.6281623244285583,20.915271759033203,0.0694923996925354,0.6281623244285583,20.915271759033203,1.4222223749982277,1.410365281230952
1366,blur,high,2,2,blur,blur,False,0.0392686128616333,0.7157227396965027,24.632863998413086,0.0392686128616333,0.7157227396965027,24.632863998413086,1.4222223749982277,1.410365281230952
1367,salt_pepper,medium,1,1,salt_pepper,salt_pepper,False,0.04025210812687874,0.6816264986991882,25.064706802368164,0.04025210812687874,0.6816264986991882,25.064706802368164,1.4222223749982277,1.410365281230952
1368,clean,none,0,0,clean,clean,False,0.0,1.0,100.0,0.0,1.0,100.0,1.4222223749982277,1.410365281230952
1369,occlusion,high,3,3,occlusion,occlusion,False,0.08928512781858444,0.42415425181388855,18.362449645996094,0.08928512781858444,0.42415425181388855,18.362449645996094,1.4222223749982277,1.410365281230952
1370,occlusion,medium,3,3,occlusion,occlusion,False,0.05003304407000542,0.7411672472953796,21.136943817138672,0.05003304407000542,0.7411672472953796,21.136943817138672,1.4222223749982277,1.410365281230952
1371,clean,none,0,0,clean,clean,False,0.0,1.0,100.0,0.0,1.0,100.0,1.4222223749982277,1.410365281230952
1372,occlusion,high,3,3,occlusion,occlusion,False,0.07237900048494339,0.552569568157196,19.36655044555664,0.07237900048494339,0.552569568157196,19.36655044555664,1.4222223749982277,1.410365281230952
1373,blur,high,2,2,blur,blur,False,0.04943692684173584,0.7760637402534485,23.421953201293945,0.04943692684173584,0.7760637402534485,23.421953201293945,1.4222223749982277,1.410365281230952
1374,blur,low,2,2,blur,blur,False,0.07920288294553757,0.6758363246917725,19.331228256225586,0.07920288294553757,0.6758363246917725,19.331228256225586,1.4222223749982277,1.410365281230952
1375,salt_pepper,medium,1,1,salt_pepper,salt_pepper,False,0.0465027280151844,0.8215455412864685,23.88524627685547,0.0465027280151844,0.8215455412864685,23.88524627685547,1.4222223749982277,1.410365281230952
1376,occlusion,high,3,3,occlusion,occlusion,False,0.09520736336708069,0.5933395028114319,14.704444885253906,0.09520736336708069,0.5933395028114319,14.704444885253906,1.3666542812416083,1.3645989687347537
1377,blur,low,2,2,blur,blur,False,0.039290376007556915,0.9148650169372559,24.311254501342773,0.039290376007556915,0.9148650169372559,24.311254501342773,1.3666542812416083,1.3645989687347537
1378,blur,high,2,2,blur,blur,False,0.04148893430829048,0.7018224596977234,24.828983306884766,0.04148893430829048,0.7018224596977234,24.828983306884766,1.3666542812416083,1.3645989687347537
1379,blur,high,2,2,blur,blur,False,0.05041434243321419,0.7526676058769226,23.1912841796875,0.05041434243321419,0.7526676058769226,23.1912841796875,1.3666542812416083,1.3645989687347537
1380,occlusion,medium,3,3,occlusion,occlusion,False,0.07938828319311142,0.7030741572380066,19.043548583984375,0.07938828319311142,0.7030741572380066,19.043548583984375,1.3666542812416083,1.3645989687347537
1381,blur,high,2,2,blur,blur,False,0.056266527622938156,0.7439591884613037,22.071929931640625,0.056266527622938156,0.7439591884613037,22.071929931640625,1.3666542812416083,1.3645989687347537
1382,clean,none,0,0,clean,clean,False,0.0,1.0,100.0,0.0,1.0,100.0,1.3666542812416083,1.3645989687347537
1383,occlusion,high,3,3,occlusion,occlusion,False,0.06863849610090256,0.5543537735939026,19.048688888549805,0.06863849610090256,0.5543537735939026,19.048688888549805,1.3666542812416083,1.3645989687347537
1384,occlusion,low,3,3,occlusion,occlusion,False,0.051638562232255936,0.6856510639190674,22.545772552490234,0.051638562232255936,0.6856510639190674,22.545772552490234,1.3666542812416083,1.3645989687347537
1385,occlusion,low,3,3,occlusion,occlusion,False,0.0449572391808033,0.8265088200569153,22.035640716552734,0.0449572391808033,0.8265088200569153,22.035640716552734,1.3666542812416083,1.3645989687347537
1386,occlusion,high,3,3,occlusion,occlusion,False,0.08664632588624954,0.6028090119361877,17.74390411376953,0.08664632588624954,0.6028090119361877,17.74390411376953,1.3666542812416083,1.3645989687347537
1387,salt_pepper,medium,1,1,salt_pepper,salt_pepper,False,0.05056240037083626,0.7900965809822083,22.104747772216797,0.05056240037083626,0.7900965809822083,22.104747772216797,1.3666542812416083,1.3645989687347537
1388,occlusion,low,3,3,occlusion,occlusion,False,0.06163020804524422,0.6097006797790527,21.16607666015625,0.06163020804524422,0.6097006797790527,21.16607666015625,1.3666542812416083,1.3645989687347537
1389,blur,high,2,2,blur,blur,False,0.04873928800225258,0.7432706356048584,22.774133682250977,0.04873928800225258,0.7432706356048584,22.774133682250977,1.3666542812416083,1.3645989687347537
1390,clean,none,0,0,clean,clean,False,0.0,1.0,100.0,0.0,1.0,100.0,1.3666542812416083,1.3645989687347537
1391,occlusion,high,3,3,occlusion,occlusion,False,0.12258019298315048,0.5026189684867859,14.063486099243164,0.12258019298315048,0.5026189684867859,14.063486099243164,1.3666542812416083,1.3645989687347537
1392,clean,none,0,0,clean,clean,False,0.0,1.0,100.0,0.0,1.0,100.0,1.3666542812416083,1.3645989687347537
1393,clean,none,0,0,clean,clean,False,0.0,1.0,100.0,0.0,1.0,100.0,1.3666542812416083,1.3645989687347537
1394,occlusion,medium,3,3,occlusion,occlusion,False,0.10805504769086838,0.52049720287323,16.341094970703125,0.10805504769086838,0.52049720287323,16.341094970703125,1.3666542812416083,1.3645989687347537
1395,clean,none,0,0,clean,clean,False,0.0,1.0,100.0,0.0,1.0,100.0,1.3666542812416083,1.3645989687347537
1396,salt_pepper,medium,1,1,salt_pepper,salt_pepper,False,0.042646899819374084,0.7251299023628235,24.81154441833496,0.042646899819374084,0.7251299023628235,24.81154441833496,1.3666542812416083,1.3645989687347537
1397,clean,none,0,0,clean,clean,False,0.0,1.0,100.0,0.0,1.0,100.0,1.3666542812416083,1.3645989687347537
1398,clean,none,0,0,clean,clean,False,0.0,1.0,100.0,0.0,1.0,100.0,1.3666542812416083,1.3645989687347537
1399,salt_pepper,low,1,1,salt_pepper,salt_pepper,False,0.06741315871477127,0.7371028065681458,20.825237274169922,0.06741315871477127,0.7371028065681458,20.825237274169922,1.3666542812416083,1.3645989687347537
1400,occlusion,low,3,3,occlusion,occlusion,False,0.07155764847993851,0.6414833664894104,20.388498306274414,0.07155764847993851,0.6414833664894104,20.388498306274414,1.3666542812416083,1.3645989687347537
1401,salt_pepper,medium,1,1,salt_pepper,salt_pepper,False,0.04076209291815758,0.7917914390563965,23.553043365478516,0.04076209291815758,0.7917914390563965,23.553043365478516,1.3666542812416083,1.3645989687347537
1402,salt_pepper,high,1,1,salt_pepper,salt_pepper,False,0.04179158806800842,0.7091221809387207,25.123332977294922,0.04179158806800842,0.7091221809387207,25.123332977294922,1.3666542812416083,1.3645989687347537
1403,salt_pepper,medium,1,1,salt_pepper,salt_pepper,False,0.05203266069293022,0.6455830931663513,23.379308700561523,0.05203266069293022,0.6455830931663513,23.379308700561523,1.3666542812416083,1.3645989687347537
1404,salt_pepper,medium,1,1,salt_pepper,salt_pepper,False,0.037556156516075134,0.8002899289131165,25.134899139404297,0.037556156516075134,0.8002899289131165,25.134899139404297,1.3666542812416083,1.3645989687347537
1405,clean,none,0,0,clean,clean,False,0.0,1.0,100.0,0.0,1.0,100.0,1.3666542812416083,1.3645989687347537
1406,salt_pepper,high,1,1,salt_pepper,salt_pepper,False,0.05576193332672119,0.6382543444633484,22.35305404663086,0.05576193332672119,0.6382543444633484,22.35305404663086,1.3666542812416083,1.3645989687347537
1407,blur,low,2,2,blur,blur,False,0.04194280505180359,0.7937261462211609,24.034282684326172,0.04194280505180359,0.7937261462211609,24.034282684326172,1.3666542812416083,1.3645989687347537
1408,blur,medium,2,2,blur,blur,False,0.0499604307115078,0.8051134943962097,23.05160903930664,0.0499604307115078,0.8051134943962097,23.05160903930664,1.4548185625073984,1.427045750006073
1409,salt_pepper,low,1,1,salt_pepper,salt_pepper,False,0.04586349427700043,0.772831916809082,23.291568756103516,0.04586349427700043,0.772831916809082,23.291568756103516,1.4548185625073984,1.427045750006073
1410,blur,medium,2,2,blur,blur,False,0.04095075652003288,0.7664253115653992,24.822284698486328,0.04095075652003288,0.7664253115653992,24.822284698486328,1.4548185625073984,1.427045750006073
1411,occlusion,low,3,3,occlusion,occlusion,False,0.05932427570223808,0.6486478447914124,21.569446563720703,0.05932427570223808,0.6486478447914124,21.569446563720703,1.4548185625073984,1.427045750006073
1412,clean,none,0,0,clean,clean,False,0.0,1.0,100.0,0.0,1.0,100.0,1.4548185625073984,1.427045750006073
1413,blur,high,2,2,blur,blur,False,0.05435514450073242,0.651334822177887,22.758047103881836,0.05435514450073242,0.651334822177887,22.758047103881836,1.4548185625073984,1.427045750006073
1414,clean,none,0,0,clean,clean,False,0.0,1.0,100.0,0.0,1.0,100.0,1.4548185625073984,1.427045750006073
1415,occlusion,medium,3,3,occlusion,occlusion,False,0.06655695289373398,0.6317261457443237,21.123579025268555,0.06655695289373398,0.6317261457443237,21.123579025268555,1.4548185625073984,1.427045750006073
1416,salt_pepper,high,1,1,salt_pepper,salt_pepper,False,0.05437422916293144,0.6722363829612732,22.498260498046875,0.05437422916293144,0.6722363829612732,22.498260498046875,1.4548185625073984,1.427045750006073
1417,blur,high,2,2,blur,blur,False,0.03906964883208275,0.8049564361572266,24.025253295898438,0.03906964883208275,0.8049564361572266,24.025253295898438,1.4548185625073984,1.427045750006073
1418,occlusion,medium,3,3,occlusion,occlusion,False,0.04510753974318504,0.7562699317932129,22.282909393310547,0.04510753974318504,0.7562699317932129,22.282909393310547,1.4548185625073984,1.427045750006073
1419,occlusion,low,3,3,occlusion,occlusion,False,0.042523372918367386,0.7891805171966553,23.69023323059082,0.042523372918367386,0.7891805171966553,23.69023323059082,1.4548185625073984,1.427045750006073
1420,salt_pepper,high,1,1,salt_pepper,salt_pepper,False,0.04266825318336487,0.783918559551239,23.686290740966797,0.04266825318336487,0.783918559551239,23.686290740966797,1.4548185625073984,1.427045750006073
1421,blur,low,2,2,blur,blur,False,0.04356211796402931,0.6847359538078308,23.92129135131836,0.04356211796402931,0.6847359538078308,23.92129135131836,1.4548185625073984,1.427045750006073
1422,occlusion,medium,3,3,occlusion,occlusion,False,0.09726802259683609,0.5203728079795837,17.097932815551758,0.09726802259683609,0.5203728079795837,17.097932815551758,1.4548185625073984,1.427045750006073
1423,clean,none,0,0,clean,clean,False,0.0,1.0,100.0,0.0,1.0,100.0,1.4548185625073984,1.427045750006073
1424,salt_pepper,high,1,1,salt_pepper,salt_pepper,False,0.04135586693882942,0.7223551869392395,25.00033950805664,0.04135586693882942,0.7223551869392395,25.00033950805664,1.4548185625073984,1.427045750006073
1425,salt_pepper,high,1,1,salt_pepper,salt_pepper,False,0.045841414481401443,0.7347437739372253,23.884056091308594,0.045841414481401443,0.7347437739372253,23.884056091308594,1.4548185625073984,1.427045750006073
1426,occlusion,high,3,3,occlusion,occlusion,False,0.08855575323104858,0.4814235270023346,18.544124603271484,0.08855575323104858,0.4814235270023346,18.544124603271484,1.4548185625073984,1.427045750006073
1427,clean,none,0,0,clean,clean,False,0.0,1.0,100.0,0.0,1.0,100.0,1.4548185625073984,1.427045750006073
1428,occlusion,medium,3,3,occlusion,occlusion,False,0.06020130217075348,0.5734135508537292,20.839807510375977,0.06020130217075348,0.5734135508537292,20.839807510375977,1.4548185625073984,1.427045750006073
1429,salt_pepper,high,1,1,salt_pepper,salt_pepper,False,0.05657270550727844,0.6649314761161804,22.28244972229004,0.05657270550727844,0.6649314761161804,22.28244972229004,1.4548185625073984,1.427045750006073
1430,occlusion,medium,3,3,occlusion,occlusion,False,0.0716441348195076,0.5611756443977356,19.98872947692871,0.0716441348195076,0.5611756443977356,19.98872947692871,1.4548185625073984,1.427045750006073
1431,blur,low,2,2,blur,blur,False,0.06622423231601715,0.6338172554969788,21.427900314331055,0.06622423231601715,0.6338172554969788,21.427900314331055,1.4548185625073984,1.427045750006073
1432,clean,none,0,0,clean,clean,False,0.0,1.0,100.0,0.0,1.0,100.0,1.4548185625073984,1.427045750006073
1433,clean,none,0,0,clean,clean,False,0.0,1.0,100.0,0.0,1.0,100.0,1.4548185625073984,1.427045750006073
1434,blur,medium,2,2,blur,blur,False,0.05178922414779663,0.615953803062439,23.12029266357422,0.05178922414779663,0.615953803062439,23.12029266357422,1.4548185625073984,1.427045750006073
1435,clean,none,0,0,clean,clean,False,0.0,1.0,100.0,0.0,1.0,100.0,1.4548185625073984,1.427045750006073
1436,salt_pepper,low,1,1,salt_pepper,salt_pepper,False,0.060656774789094925,0.6556738018989563,22.073728561401367,0.060656774789094925,0.6556738018989563,22.073728561401367,1.4548185625073984,1.427045750006073
1437,salt_pepper,high,1,1,salt_pepper,salt_pepper,False,0.05128682777285576,0.6976895332336426,22.68258285522461,0.05128682777285576,0.6976895332336426,22.68258285522461,1.4548185625073984,1.427045750006073
1438,salt_pepper,medium,1,1,salt_pepper,salt_pepper,False,0.06304115802049637,0.7314889430999756,21.89627456665039,0.06304115802049637,0.7314889430999756,21.89627456665039,1.4548185625073984,1.427045750006073
1439,occlusion,high,3,3,occlusion,occlusion,False,0.08029112219810486,0.5428766012191772,19.99424171447754,0.08029112219810486,0.5428766012191772,19.99424171447754,1.4548185625073984,1.427045750006073
1440,blur,high,2,2,blur,blur,False,0.044200316071510315,0.784512460231781,23.4572696685791,0.044200316071510315,0.784512460231781,23.4572696685791,1.7354841562564616,1.723724406247129
1441,clean,none,0,0,clean,clean,False,0.0,1.0,100.0,0.0,1.0,100.0,1.7354841562564616,1.723724406247129
1442,occlusion,low,3,3,occlusion,occlusion,False,0.06675293296575546,0.6806510090827942,19.847763061523438,0.06675293296575546,0.6806510090827942,19.847763061523438,1.7354841562564616,1.723724406247129
1443,salt_pepper,low,1,1,salt_pepper,salt_pepper,False,0.04939714074134827,0.7562796473503113,23.367158889770508,0.04939714074134827,0.7562796473503113,23.367158889770508,1.7354841562564616,1.723724406247129
1444,salt_pepper,low,1,1,salt_pepper,salt_pepper,False,0.04515717551112175,0.8678939938545227,21.21405792236328,0.04515717551112175,0.8678939938545227,21.21405792236328,1.7354841562564616,1.723724406247129
1445,salt_pepper,medium,1,1,salt_pepper,salt_pepper,False,0.08188284188508987,0.6714527010917664,19.36269187927246,0.08188284188508987,0.6714527010917664,19.36269187927246,1.7354841562564616,1.723724406247129
1446,blur,low,2,2,blur,blur,False,0.06689680367708206,0.6898369789123535,21.21103286743164,0.06689680367708206,0.6898369789123535,21.21103286743164,1.7354841562564616,1.723724406247129
1447,salt_pepper,medium,1,1,salt_pepper,salt_pepper,False,0.061904411762952805,0.7576929926872253,21.023874282836914,0.061904411762952805,0.7576929926872253,21.023874282836914,1.7354841562564616,1.723724406247129
1448,blur,low,2,2,blur,blur,False,0.07706207782030106,0.6746773719787598,19.62128448486328,0.07706207782030106,0.6746773719787598,19.62128448486328,1.7354841562564616,1.723724406247129
1449,salt_pepper,high,1,1,salt_pepper,salt_pepper,False,0.039338644593954086,0.8110744953155518,25.23198127746582,0.039338644593954086,0.8110744953155518,25.23198127746582,1.7354841562564616,1.723724406247129
1450,salt_pepper,low,1,1,salt_pepper,salt_pepper,False,0.058191683143377304,0.8263912796974182,21.12905502319336,0.058191683143377304,0.8263912796974182,21.12905502319336,1.7354841562564616,1.723724406247129
1451,clean,none,0,0,clean,clean,False,0.0,1.0,100.0,0.0,1.0,100.0,1.7354841562564616,1.723724406247129
1452,blur,medium,2,2,blur,blur,False,0.10493842512369156,0.43685635924339294,17.395870208740234,0.10493842512369156,0.43685635924339294,17.395870208740234,1.7354841562564616,1.723724406247129
1453,occlusion,medium,3,3,occlusion,occlusion,False,0.11547521501779556,0.433368444442749,16.398334503173828,0.11547521501779556,0.433368444442749,16.398334503173828,1.7354841562564616,1.723724406247129
1454,occlusion,medium,3,3,occlusion,occlusion,False,0.08778056502342224,0.5645999908447266,18.149120330810547,0.08778056502342224,0.5645999908447266,18.149120330810547,1.7354841562564616,1.723724406247129
1455,occlusion,high,3,3,occlusion,occlusion,False,0.08614926785230637,0.5323554873466492,17.4465389251709,0.08614926785230637,0.5323554873466492,17.4465389251709,1.7354841562564616,1.723724406247129
1456,occlusion,low,3,3,occlusion,occlusion,False,0.03642961382865906,0.7870000004768372,25.197267532348633,0.03642961382865906,0.7870000004768372,25.197267532348633,1.7354841562564616,1.723724406247129
1457,blur,high,2,2,blur,blur,False,0.07044356316328049,0.6137427687644958,20.51241683959961,0.07044356316328049,0.6137427687644958,20.51241683959961,1.7354841562564616,1.723724406247129
1458,blur,high,2,2,blur,blur,False,0.07074239104986191,0.6450304985046387,21.206745147705078,0.07074239104986191,0.6450304985046387,21.206745147705078,1.7354841562564616,1.723724406247129
1459,clean,none,0,0,clean,clean,False,0.0,1.0,100.0,0.0,1.0,100.0,1.7354841562564616,1.723724406247129
1460,clean,none,0,0,clean,clean,False,0.0,1.0,100.0,0.0,1.0,100.0,1.7354841562564616,1.723724406247129
1461,salt_pepper,high,1,1,salt_pepper,salt_pepper,False,0.053063731640577316,0.7562492489814758,22.534542083740234,0.053063731640577316,0.7562492489814758,22.534542083740234,1.7354841562564616,1.723724406247129
1462,salt_pepper,high,1,1,salt_pepper,salt_pepper,False,0.041473161429166794,0.7549352645874023,23.70538330078125,0.041473161429166794,0.7549352645874023,23.70538330078125,1.7354841562564616,1.723724406247129
1463,salt_pepper,high,1,1,salt_pepper,salt_pepper,False,0.04760299250483513,0.7883033752441406,22.530609130859375,0.04760299250483513,0.7883033752441406,22.530609130859375,1.7354841562564616,1.723724406247129
1464,occlusion,low,3,3,occlusion,occlusion,False,0.0637112632393837,0.6207350492477417,21.09494972229004,0.0637112632393837,0.6207350492477417,21.09494972229004,1.7354841562564616,1.723724406247129
1465,blur,high,2,2,blur,blur,False,0.07313428819179535,0.5966671109199524,20.566720962524414,0.07313428819179535,0.5966671109199524,20.566720962524414,1.7354841562564616,1.723724406247129
1466,occlusion,medium,3,3,occlusion,occlusion,False,0.07319476455450058,0.571527361869812,19.29710578918457,0.07319476455450058,0.571527361869812,19.29710578918457,1.7354841562564616,1.723724406247129
1467,blur,low,2,2,blur,blur,False,0.03720458224415779,0.8300433158874512,25.42290496826172,0.03720458224415779,0.8300433158874512,25.42290496826172,1.7354841562564616,1.723724406247129
1468,blur,high,2,2,blur,blur,False,0.06447436660528183,0.5685005187988281,21.425262451171875,0.06447436660528183,0.5685005187988281,21.425262451171875,1.7354841562564616,1.723724406247129
1469,clean,none,0,0,clean,clean,False,0.0,1.0,100.0,0.0,1.0,100.0,1.7354841562564616,1.723724406247129
1470,blur,low,2,2,blur,blur,False,0.03589051216840744,0.8531398177146912,25.49313735961914,0.03589051216840744,0.8531398177146912,25.49313735961914,1.7354841562564616,1.723724406247129
1471,salt_pepper,medium,1,1,salt_pepper,salt_pepper,False,0.06320171803236008,0.7000779509544373,21.427717208862305,0.06320171803236008,0.7000779509544373,21.427717208862305,1.7354841562564616,1.723724406247129
1472,blur,low,2,2,blur,blur,False,0.06410432606935501,0.6991197466850281,21.416332244873047,0.06410432606935501,0.6991197466850281,21.416332244873047,1.329589031257683,1.333989312513495
1473,blur,high,2,2,blur,blur,False,0.046240922063589096,0.7167453169822693,23.558198928833008,0.046240922063589096,0.7167453169822693,23.558198928833008,1.329589031257683,1.333989312513495
1474,clean,none,0,0,clean,clean,False,0.0,1.0,100.0,0.0,1.0,100.0,1.329589031257683,1.333989312513495
1475,clean,none,0,0,clean,clean,False,0.0,1.0,100.0,0.0,1.0,100.0,1.329589031257683,1.333989312513495
1476,salt_pepper,low,1,1,salt_pepper,salt_pepper,False,0.04973139986395836,0.6875371336936951,22.46147918701172,0.04973139986395836,0.6875371336936951,22.46147918701172,1.329589031257683,1.333989312513495
1477,salt_pepper,high,1,1,salt_pepper,salt_pepper,False,0.05888215824961662,0.735252857208252,20.489980697631836,0.05888215824961662,0.735252857208252,20.489980697631836,1.329589031257683,1.333989312513495
1478,clean,none,0,0,clean,clean,False,0.0,1.0,100.0,0.0,1.0,100.0,1.329589031257683,1.333989312513495
1479,blur,low,2,2,blur,blur,False,0.03937852010130882,0.7955441474914551,25.62441635131836,0.03937852010130882,0.7955441474914551,25.62441635131836,1.329589031257683,1.333989312513495
1480,clean,none,0,0,clean,clean,False,0.0,1.0,100.0,0.0,1.0,100.0,1.329589031257683,1.333989312513495
1481,clean,none,0,0,clean,clean,False,0.0,1.0,100.0,0.0,1.0,100.0,1.329589031257683,1.333989312513495
1482,salt_pepper,low,1,1,salt_pepper,salt_pepper,False,0.0386224202811718,0.7575600743293762,25.227394104003906,0.0386224202811718,0.7575600743293762,25.227394104003906,1.329589031257683,1.333989312513495
1483,clean,none,0,0,clean,clean,False,0.0,1.0,100.0,0.0,1.0,100.0,1.329589031257683,1.333989312513495
1484,occlusion,low,3,3,occlusion,occlusion,False,0.054586876183748245,0.7459456920623779,21.276470184326172,0.054586876183748245,0.7459456920623779,21.276470184326172,1.329589031257683,1.333989312513495
1485,clean,none,0,0,clean,clean,False,0.0,1.0,100.0,0.0,1.0,100.0,1.329589031257683,1.333989312513495
1486,occlusion,high,3,3,occlusion,occlusion,False,0.0661422535777092,0.6713664531707764,20.142362594604492,0.0661422535777092,0.6713664531707764,20.142362594604492,1.329589031257683,1.333989312513495
1487,blur,medium,2,2,blur,blur,False,0.05543234571814537,0.7046260833740234,22.45092010498047,0.05543234571814537,0.7046260833740234,22.45092010498047,1.329589031257683,1.333989312513495
1488,salt_pepper,low,1,1,salt_pepper,salt_pepper,False,0.035059958696365356,0.7995476722717285,26.82236099243164,0.035059958696365356,0.7995476722717285,26.82236099243164,1.329589031257683,1.333989312513495
1489,blur,low,2,2,blur,blur,False,0.038867950439453125,0.7212031483650208,25.73345375061035,0.038867950439453125,0.7212031483650208,25.73345375061035,1.329589031257683,1.333989312513495
1490,blur,low,2,2,blur,blur,False,0.016334282234311104,0.940086841583252,32.06706619262695,0.016334282234311104,0.940086841583252,32.06706619262695,1.329589031257683,1.333989312513495
1491,blur,high,2,2,blur,blur,False,0.02523595094680786,0.8383075594902039,28.914531707763672,0.02523595094680786,0.8383075594902039,28.914531707763672,1.329589031257683,1.333989312513495
1492,salt_pepper,low,1,1,salt_pepper,salt_pepper,False,0.03802284598350525,0.7722386717796326,25.719890594482422,0.03802284598350525,0.7722386717796326,25.719890594482422,1.329589031257683,1.333989312513495
1493,occlusion,low,3,3,occlusion,occlusion,False,0.025139404460787773,0.8595487475395203,27.18839454650879,0.025139404460787773,0.8595487475395203,27.18839454650879,1.329589031257683,1.333989312513495
1494,salt_pepper,medium,1,1,salt_pepper,salt_pepper,False,0.04231690987944603,0.6777818202972412,25.028499603271484,0.04231690987944603,0.6777818202972412,25.028499603271484,1.329589031257683,1.333989312513495
1495,salt_pepper,low,1,1,salt_pepper,salt_pepper,False,0.03304862603545189,0.7380111813545227,27.285749435424805,0.03304862603545189,0.7380111813545227,27.285749435424805,1.329589031257683,1.333989312513495
1496,blur,low,2,2,blur,blur,False,0.044947605580091476,0.8118664622306824,24.119722366333008,0.044947605580091476,0.8118664622306824,24.119722366333008,1.329589031257683,1.333989312513495
1497,clean,none,0,0,clean,clean,False,0.0,1.0,100.0,0.0,1.0,100.0,1.329589031257683,1.333989312513495
1498,salt_pepper,high,1,1,salt_pepper,salt_pepper,False,0.03596782311797142,0.7166857719421387,26.20263671875,0.03596782311797142,0.7166857719421387,26.20263671875,1.329589031257683,1.333989312513495
1499,clean,none,0,0,clean,clean,False,0.0,1.0,100.0,0.0,1.0,100.0,1.329589031257683,1.333989312513495
1500,blur,high,2,2,blur,blur,False,0.03534036502242088,0.8172364234924316,25.53987693786621,0.03534036502242088,0.8172364234924316,25.53987693786621,1.329589031257683,1.333989312513495
1501,occlusion,high,3,3,occlusion,occlusion,False,0.0607270710170269,0.6682131290435791,20.85638427734375,0.0607270710170269,0.6682131290435791,20.85638427734375,1.329589031257683,1.333989312513495
1502,clean,none,0,0,clean,clean,False,0.0,1.0,100.0,0.0,1.0,100.0,1.329589031257683,1.333989312513495
1503,blur,high,2,2,blur,blur,False,0.043207913637161255,0.8086860775947571,23.810606002807617,0.043207913637161255,0.8086860775947571,23.810606002807617,1.329589031257683,1.333989312513495
1504,blur,high,2,2,blur,blur,False,0.042480286210775375,0.7835772633552551,24.557544708251953,0.042480286210775375,0.7835772633552551,24.557544708251953,1.5140064062677538,1.4997913750107728
1505,blur,low,2,2,blur,blur,False,0.0346333272755146,0.8688015341758728,26.89410972595215,0.0346333272755146,0.8688015341758728,26.89410972595215,1.5140064062677538,1.4997913750107728
1506,salt_pepper,high,1,1,salt_pepper,salt_pepper,False,0.03097364865243435,0.8056585788726807,27.467985153198242,0.03097364865243435,0.8056585788726807,27.467985153198242,1.5140064062677538,1.4997913750107728
1507,occlusion,low,3,3,occlusion,occlusion,False,0.052006032317876816,0.7631092071533203,19.4642333984375,0.052006032317876816,0.7631092071533203,19.4642333984375,1.5140064062677538,1.4997913750107728
1508,occlusion,low,3,3,occlusion,occlusion,False,0.04434977471828461,0.779312789440155,22.613971710205078,0.04434977471828461,0.779312789440155,22.613971710205078,1.5140064062677538,1.4997913750107728
1509,blur,low,2,2,blur,blur,False,0.031661320477724075,0.7605438232421875,26.926546096801758,0.031661320477724075,0.7605438232421875,26.926546096801758,1.5140064062677538,1.4997913750107728
1510,salt_pepper,low,1,1,salt_pepper,salt_pepper,False,0.033355116844177246,0.8285925984382629,26.248611450195312,0.033355116844177246,0.8285925984382629,26.248611450195312,1.5140064062677538,1.4997913750107728
1511,occlusion,low,3,3,occlusion,occlusion,False,0.06050178408622742,0.7194076180458069,20.679214477539062,0.06050178408622742,0.7194076180458069,20.679214477539062,1.5140064062677538,1.4997913750107728
1512,salt_pepper,medium,1,1,salt_pepper,salt_pepper,False,0.03351212665438652,0.8000676035881042,26.606578826904297,0.03351212665438652,0.8000676035881042,26.606578826904297,1.5140064062677538,1.4997913750107728
1513,blur,low,2,2,blur,blur,False,0.03356562554836273,0.7629284262657166,26.653305053710938,0.03356562554836273,0.7629284262657166,26.653305053710938,1.5140064062677538,1.4997913750107728
1514,occlusion,high,3,3,occlusion,occlusion,False,0.04915082827210426,0.7233712077140808,21.718521118164062,0.04915082827210426,0.7233712077140808,21.718521118164062,1.5140064062677538,1.4997913750107728
1515,clean,none,0,0,clean,clean,False,0.0,1.0,100.0,0.0,1.0,100.0,1.5140064062677538,1.4997913750107728
1516,clean,none,0,0,clean,clean,False,0.0,1.0,100.0,0.0,1.0,100.0,1.5140064062677538,1.4997913750107728
1517,blur,medium,2,2,blur,blur,False,0.04018723964691162,0.7817090153694153,25.00157356262207,0.04018723964691162,0.7817090153694153,25.00157356262207,1.5140064062677538,1.4997913750107728
1518,occlusion,high,3,3,occlusion,occlusion,False,0.05030101537704468,0.685151994228363,21.792680740356445,0.05030101537704468,0.685151994228363,21.792680740356445,1.5140064062677538,1.4997913750107728
1519,clean,none,0,0,clean,clean,False,0.0,1.0,100.0,0.0,1.0,100.0,1.5140064062677538,1.4997913750107728
1520,clean,none,0,0,clean,clean,False,0.0,1.0,100.0,0.0,1.0,100.0,1.5140064062677538,1.4997913750107728
1521,clean,none,0,0,clean,clean,False,0.0,1.0,100.0,0.0,1.0,100.0,1.5140064062677538,1.4997913750107728
1522,salt_pepper,low,1,1,salt_pepper,salt_pepper,False,0.027977727353572845,0.917715311050415,29.174110412597656,0.027977727353572845,0.917715311050415,29.174110412597656,1.5140064062677538,1.4997913750107728
1523,blur,low,2,2,blur,blur,False,0.03293703868985176,0.9081907868385315,26.722509384155273,0.03293703868985176,0.9081907868385315,26.722509384155273,1.5140064062677538,1.4997913750107728
1524,occlusion,high,3,3,occlusion,occlusion,False,0.07020055502653122,0.6423108577728271,19.66545867919922,0.07020055502653122,0.6423108577728271,19.66545867919922,1.5140064062677538,1.4997913750107728
1525,occlusion,high,3,3,occlusion,occlusion,False,0.07105309516191483,0.6528501510620117,18.801725387573242,0.07105309516191483,0.6528501510620117,18.801725387573242,1.5140064062677538,1.4997913750107728
1526,salt_pepper,low,1,1,salt_pepper,salt_pepper,False,0.05044007673859596,0.7802885174751282,23.223182678222656,0.05044007673859596,0.7802885174751282,23.223182678222656,1.5140064062677538,1.4997913750107728
1527,blur,low,2,2,blur,blur,False,0.03207199648022652,0.8710668683052063,26.69883918762207,0.03207199648022652,0.8710668683052063,26.69883918762207,1.5140064062677538,1.4997913750107728
1528,occlusion,high,3,3,occlusion,occlusion,False,0.04938408359885216,0.7050601840019226,21.386384963989258,0.04938408359885216,0.7050601840019226,21.386384963989258,1.5140064062677538,1.4997913750107728
1529,clean,none,0,0,clean,clean,False,0.0,1.0,100.0,0.0,1.0,100.0,1.5140064062677538,1.4997913750107728
1530,salt_pepper,low,1,1,salt_pepper,salt_pepper,False,0.024473274126648903,0.8994647860527039,27.90227508544922,0.024473274126648903,0.8994647860527039,27.90227508544922,1.5140064062677538,1.4997913750107728
1531,occlusion,low,3,3,occlusion,occlusion,False,0.04774511978030205,0.7286946177482605,23.470653533935547,0.04774511978030205,0.7286946177482605,23.470653533935547,1.5140064062677538,1.4997913750107728
1532,salt_pepper,medium,1,1,salt_pepper,salt_pepper,False,0.02368822693824768,0.8809189796447754,29.51205062866211,0.02368822693824768,0.8809189796447754,29.51205062866211,1.5140064062677538,1.4997913750107728
1533,salt_pepper,low,1,1,salt_pepper,salt_pepper,False,0.032860759645700455,0.8708553314208984,26.235076904296875,0.032860759645700455,0.8708553314208984,26.235076904296875,1.5140064062677538,1.4997913750107728
1534,blur,medium,2,2,blur,blur,False,0.034825921058654785,0.8263576626777649,26.071929931640625,0.034825921058654785,0.8263576626777649,26.071929931640625,1.5140064062677538,1.4997913750107728
1535,salt_pepper,high,1,1,salt_pepper,salt_pepper,False,0.01896614395081997,0.9192318320274353,31.269214630126953,0.01896614395081997,0.9192318320274353,31.269214630126953,1.5140064062677538,1.4997913750107728
1536,occlusion,high,3,3,occlusion,occlusion,False,0.07888916879892349,0.6144979000091553,17.21857261657715,0.07888916879892349,0.6144979000091553,17.21857261657715,1.6869521874980364,1.6561311250029576
1537,clean,none,0,0,clean,clean,False,0.0,1.0,100.0,0.0,1.0,100.0,1.6869521874980364,1.6561311250029576
1538,salt_pepper,low,1,1,salt_pepper,salt_pepper,False,0.04973546788096428,0.6827083230018616,23.62596321105957,0.04973546788096428,0.6827083230018616,23.62596321105957,1.6869521874980364,1.6561311250029576
1539,salt_pepper,high,1,1,salt_pepper,salt_pepper,False,0.03306839242577553,0.8130319714546204,27.104995727539062,0.03306839242577553,0.8130319714546204,27.104995727539062,1.6869521874980364,1.6561311250029576
1540,clean,none,0,0,clean,clean,False,0.0,1.0,100.0,0.0,1.0,100.0,1.6869521874980364,1.6561311250029576
1541,salt_pepper,medium,1,1,salt_pepper,salt_pepper,False,0.02683217264711857,0.8838061690330505,27.91754722595215,0.02683217264711857,0.8838061690330505,27.91754722595215,1.6869521874980364,1.6561311250029576
1542,blur,high,2,2,blur,blur,False,0.02139008603990078,0.8921616673469543,30.22330093383789,0.02139008603990078,0.8921616673469543,30.22330093383789,1.6869521874980364,1.6561311250029576
1543,clean,none,0,2,clean,blur,True,0.018792325630784035,0.9208221435546875,31.67808723449707,0.0,1.0,100.0,1.6869521874980364,1.6561311250029576
1544,clean,none,0,0,clean,clean,False,0.0,1.0,100.0,0.0,1.0,100.0,1.6869521874980364,1.6561311250029576
1545,salt_pepper,medium,1,1,salt_pepper,salt_pepper,False,0.025051428005099297,0.8949549794197083,28.466089248657227,0.025051428005099297,0.8949549794197083,28.466089248657227,1.6869521874980364,1.6561311250029576
1546,salt_pepper,low,1,1,salt_pepper,salt_pepper,False,0.018540794029831886,0.8861063122749329,31.238433837890625,0.018540794029831886,0.8861063122749329,31.238433837890625,1.6869521874980364,1.6561311250029576
1547,occlusion,high,3,3,occlusion,occlusion,False,0.05138383433222771,0.6608736515045166,21.09111976623535,0.05138383433222771,0.6608736515045166,21.09111976623535,1.6869521874980364,1.6561311250029576
1548,clean,none,0,0,clean,clean,False,0.0,1.0,100.0,0.0,1.0,100.0,1.6869521874980364,1.6561311250029576
1549,salt_pepper,low,1,1,salt_pepper,salt_pepper,False,0.040882550179958344,0.6969127655029297,25.26496124267578,0.040882550179958344,0.6969127655029297,25.26496124267578,1.6869521874980364,1.6561311250029576
1550,salt_pepper,low,1,1,salt_pepper,salt_pepper,False,0.039194583892822266,0.7032402157783508,25.64935302734375,0.039194583892822266,0.7032402157783508,25.64935302734375,1.6869521874980364,1.6561311250029576
1551,clean,none,0,0,clean,clean,False,0.0,1.0,100.0,0.0,1.0,100.0,1.6869521874980364,1.6561311250029576
1552,salt_pepper,medium,1,1,salt_pepper,salt_pepper,False,0.06419985741376877,0.7574164271354675,21.05380630493164,0.06419985741376877,0.7574164271354675,21.05380630493164,1.6869521874980364,1.6561311250029576
1553,salt_pepper,low,1,1,salt_pepper,salt_pepper,False,0.04903307557106018,0.750742495059967,23.805286407470703,0.04903307557106018,0.750742495059967,23.805286407470703,1.6869521874980364,1.6561311250029576
1554,clean,none,0,0,clean,clean,False,0.0,1.0,100.0,0.0,1.0,100.0,1.6869521874980364,1.6561311250029576
1555,occlusion,medium,3,3,occlusion,occlusion,False,0.04138467088341713,0.7343699336051941,23.339000701904297,0.04138467088341713,0.7343699336051941,23.339000701904297,1.6869521874980364,1.6561311250029576
1556,blur,low,2,2,blur,blur,False,0.03806599974632263,0.7327664494514465,25.672584533691406,0.03806599974632263,0.7327664494514465,25.672584533691406,1.6869521874980364,1.6561311250029576
1557,occlusion,high,3,3,occlusion,occlusion,False,0.06605362892150879,0.721282958984375,19.86004066467285,0.06605362892150879,0.721282958984375,19.86004066467285,1.6869521874980364,1.6561311250029576
1558,occlusion,medium,3,3,occlusion,occlusion,False,0.04334740713238716,0.795490562915802,23.449542999267578,0.04334740713238716,0.795490562915802,23.449542999267578,1.6869521874980364,1.6561311250029576
1559,occlusion,low,3,3,occlusion,occlusion,False,0.05917304754257202,0.7494988441467285,19.893959045410156,0.05917304754257202,0.7494988441467285,19.893959045410156,1.6869521874980364,1.6561311250029576
1560,clean,none,0,0,clean,clean,False,0.0,1.0,100.0,0.0,1.0,100.0,1.6869521874980364,1.6561311250029576
1561,blur,high,2,2,blur,blur,False,0.018449978902935982,0.8832359910011292,30.541765213012695,0.018449978902935982,0.8832359910011292,30.541765213012695,1.6869521874980364,1.6561311250029576
1562,blur,high,2,2,blur,blur,False,0.07487338781356812,0.5988274216651917,20.20812225341797,0.07487338781356812,0.5988274216651917,20.20812225341797,1.6869521874980364,1.6561311250029576
1563,salt_pepper,low,1,1,salt_pepper,salt_pepper,False,0.055856358259916306,0.7744834423065186,21.618024826049805,0.055856358259916306,0.7744834423065186,21.618024826049805,1.6869521874980364,1.6561311250029576
1564,salt_pepper,low,1,1,salt_pepper,salt_pepper,False,0.045918792486190796,0.8752000331878662,24.718944549560547,0.045918792486190796,0.8752000331878662,24.718944549560547,1.6869521874980364,1.6561311250029576
1565,clean,none,0,0,clean,clean,False,0.0,1.0,100.0,0.0,1.0,100.0,1.6869521874980364,1.6561311250029576
1566,clean,none,0,0,clean,clean,False,0.0,1.0,100.0,0.0,1.0,100.0,1.6869521874980364,1.6561311250029576
1567,occlusion,medium,3,3,occlusion,occlusion,False,0.05021829530596733,0.7296496033668518,23.242618560791016,0.05021829530596733,0.7296496033668518,23.242618560791016,1.6869521874980364,1.6561311250029576
1568,salt_pepper,medium,1,1,salt_pepper,salt_pepper,False,0.032258644700050354,0.8753017783164978,24.83539390563965,0.032258644700050354,0.8753017783164978,24.83539390563965,1.6860328437644512,1.6826129687501634
1569,blur,low,2,2,blur,blur,False,0.055688947439193726,0.6900491118431091,22.56719398498535,0.055688947439193726,0.6900491118431091,22.56719398498535,1.6860328437644512,1.6826129687501634
1570,occlusion,high,3,3,occlusion,occlusion,False,0.07998606562614441,0.48823967576026917,17.747343063354492,0.07998606562614441,0.48823967576026917,17.747343063354492,1.6860328437644512,1.6826129687501634
1571,occlusion,high,3,3,occlusion,occlusion,False,0.06103817746043205,0.6291881203651428,20.00204086303711,0.06103817746043205,0.6291881203651428,20.00204086303711,1.6860328437644512,1.6826129687501634
1572,occlusion,high,3,3,occlusion,occlusion,False,0.050454068928956985,0.6458151936531067,23.069564819335938,0.050454068928956985,0.6458151936531067,23.069564819335938,1.6860328437644512,1.6826129687501634
1573,salt_pepper,medium,1,1,salt_pepper,salt_pepper,False,0.031126782298088074,0.8953545689582825,27.916410446166992,0.031126782298088074,0.8953545689582825,27.916410446166992,1.6860328437644512,1.6826129687501634
1574,blur,medium,2,2,blur,blur,False,0.039014823734760284,0.7857745289802551,25.571020126342773,0.039014823734760284,0.7857745289802551,25.571020126342773,1.6860328437644512,1.6826129687501634
1575,salt_pepper,low,1,1,salt_pepper,salt_pepper,False,0.036414965987205505,0.7861137390136719,26.027833938598633,0.036414965987205505,0.7861137390136719,26.027833938598633,1.6860328437644512,1.6826129687501634
1576,salt_pepper,medium,1,1,salt_pepper,salt_pepper,False,0.029024822637438774,0.8461874127388,27.54041290283203,0.029024822637438774,0.8461874127388,27.54041290283203,1.6860328437644512,1.6826129687501634
1577,blur,high,2,2,blur,blur,False,0.06270640343427658,0.6378389000892639,21.9921875,0.06270640343427658,0.6378389000892639,21.9921875,1.6860328437644512,1.6826129687501634
1578,blur,low,2,2,blur,blur,False,0.03923943638801575,0.7853755354881287,25.426837921142578,0.03923943638801575,0.7853755354881287,25.426837921142578,1.6860328437644512,1.6826129687501634
1579,clean,none,0,0,clean,clean,False,0.0,1.0,100.0,0.0,1.0,100.0,1.6860328437644512,1.6826129687501634
1580,occlusion,high,3,3,occlusion,occlusion,False,0.06998015940189362,0.5495442152023315,19.05492401123047,0.06998015940189362,0.5495442152023315,19.05492401123047,1.6860328437644512,1.6826129687501634
1581,salt_pepper,high,1,1,salt_pepper,salt_pepper,False,0.036765363067388535,0.7099005579948425,25.293930053710938,0.036765363067388535,0.7099005579948425,25.293930053710938,1.6860328437644512,1.6826129687501634
1582,occlusion,high,3,3,occlusion,occlusion,False,0.04099816828966141,0.7153222560882568,23.34973907470703,0.04099816828966141,0.7153222560882568,23.34973907470703,1.6860328437644512,1.6826129687501634
1583,clean,none,0,0,clean,clean,False,0.0,1.0,100.0,0.0,1.0,100.0,1.6860328437644512,1.6826129687501634
1584,blur,high,2,2,blur,blur,False,0.03086029924452305,0.7219438552856445,27.445701599121094,0.03086029924452305,0.7219438552856445,27.445701599121094,1.6860328437644512,1.6826129687501634
1585,clean,none,0,0,clean,clean,False,0.0,1.0,100.0,0.0,1.0,100.0,1.6860328437644512,1.6826129687501634
1586,blur,medium,2,2,blur,blur,False,0.03656734898686409,0.7333671450614929,26.256330490112305,0.03656734898686409,0.7333671450614929,26.256330490112305,1.6860328437644512,1.6826129687501634
1587,salt_pepper,high,1,1,salt_pepper,salt_pepper,False,0.05785044655203819,0.6855546832084656,22.30741310119629,0.05785044655203819,0.6855546832084656,22.30741310119629,1.6860328437644512,1.6826129687501634
1588,blur,medium,2,2,blur,blur,False,0.03273419290781021,0.8303171992301941,27.162511825561523,0.03273419290781021,0.8303171992301941,27.162511825561523,1.6860328437644512,1.6826129687501634
1589,blur,high,2,2,blur,blur,False,0.07621844857931137,0.5897594094276428,20.200889587402344,0.07621844857931137,0.5897594094276428,20.200889587402344,1.6860328437644512,1.6826129687501634
1590,occlusion,high,3,3,occlusion,occlusion,False,0.08470975607633591,0.5403499603271484,17.887575149536133,0.08470975607633591,0.5403499603271484,17.887575149536133,1.6860328437644512,1.6826129687501634
1591,blur,high,2,2,blur,blur,False,0.037358853965997696,0.811183750629425,25.317447662353516,0.037358853965997696,0.811183750629425,25.317447662353516,1.6860328437644512,1.6826129687501634
1592,blur,low,2,2,blur,blur,False,0.042476996779441833,0.7612752914428711,24.59441375732422,0.042476996779441833,0.7612752914428711,24.59441375732422,1.6860328437644512,1.6826129687501634
1593,clean,none,0,0,clean,clean,False,0.0,1.0,100.0,0.0,1.0,100.0,1.6860328437644512,1.6826129687501634
1594,clean,none,0,0,clean,clean,False,0.0,1.0,100.0,0.0,1.0,100.0,1.6860328437644512,1.6826129687501634
1595,occlusion,low,3,3,occlusion,occlusion,False,0.06677312403917313,0.6869526505470276,20.457782745361328,0.06677312403917313,0.6869526505470276,20.457782745361328,1.6860328437644512,1.6826129687501634
1596,salt_pepper,medium,1,1,salt_pepper,salt_pepper,False,0.04304349049925804,0.7152711749076843,25.04460334777832,0.04304349049925804,0.7152711749076843,25.04460334777832,1.6860328437644512,1.6826129687501634
1597,occlusion,high,3,3,occlusion,occlusion,False,0.0956144854426384,0.5101972222328186,15.466700553894043,0.0956144854426384,0.5101972222328186,15.466700553894043,1.6860328437644512,1.6826129687501634
1598,blur,medium,2,2,blur,blur,False,0.028017500415444374,0.7855107188224792,28.515710830688477,0.028017500415444374,0.7855107188224792,28.515710830688477,1.6860328437644512,1.6826129687501634
1599,salt_pepper,medium,1,1,salt_pepper,salt_pepper,False,0.03619607910513878,0.8026192784309387,26.10881805419922,0.03619607910513878,0.8026192784309387,26.10881805419922,1.6860328437644512,1.6826129687501634
1600,clean,none,0,0,clean,clean,False,0.0,1.0,100.0,0.0,1.0,100.0,1.5196694999985993,1.5104494062541107
1601,blur,low,2,2,blur,blur,False,0.0383295938372612,0.7969778180122375,25.239717483520508,0.0383295938372612,0.7969778180122375,25.239717483520508,1.5196694999985993,1.5104494062541107
1602,salt_pepper,medium,1,1,salt_pepper,salt_pepper,False,0.04842833802103996,0.7363734245300293,23.689367294311523,0.04842833802103996,0.7363734245300293,23.689367294311523,1.5196694999985993,1.5104494062541107
1603,clean,none,0,0,clean,clean,False,0.0,1.0,100.0,0.0,1.0,100.0,1.5196694999985993,1.5104494062541107
1604,occlusion,low,3,3,occlusion,occlusion,False,0.043364908546209335,0.6295297145843506,24.791154861450195,0.043364908546209335,0.6295297145843506,24.791154861450195,1.5196694999985993,1.5104494062541107
1605,occlusion,high,3,3,occlusion,occlusion,False,0.09992966055870056,0.571263313293457,16.751773834228516,0.09992966055870056,0.571263313293457,16.751773834228516,1.5196694999985993,1.5104494062541107
1606,occlusion,low,3,3,occlusion,occlusion,False,0.045254677534103394,0.801105797290802,23.712543487548828,0.045254677534103394,0.801105797290802,23.712543487548828,1.5196694999985993,1.5104494062541107
1607,salt_pepper,low,1,1,salt_pepper,salt_pepper,False,0.050403982400894165,0.75811368227005,23.509227752685547,0.050403982400894165,0.75811368227005,23.509227752685547,1.5196694999985993,1.5104494062541107
1608,occlusion,high,3,3,occlusion,occlusion,False,0.0855938121676445,0.4374042749404907,17.691389083862305,0.0855938121676445,0.4374042749404907,17.691389083862305,1.5196694999985993,1.5104494062541107
1609,clean,none,0,0,clean,clean,False,0.0,1.0,100.0,0.0,1.0,100.0,1.5196694999985993,1.5104494062541107
1610,salt_pepper,high,1,1,salt_pepper,salt_pepper,False,0.036337222903966904,0.7971810698509216,25.81573486328125,0.036337222903966904,0.7971810698509216,25.81573486328125,1.5196694999985993,1.5104494062541107
1611,occlusion,medium,3,3,occlusion,occlusion,False,0.05446245148777962,0.7054902911186218,20.845035552978516,0.05446245148777962,0.7054902911186218,20.845035552978516,1.5196694999985993,1.5104494062541107
1612,blur,medium,2,2,blur,blur,False,0.04169591888785362,0.7350921630859375,25.126724243164062,0.04169591888785362,0.7350921630859375,25.126724243164062,1.5196694999985993,1.5104494062541107
1613,salt_pepper,low,1,1,salt_pepper,salt_pepper,False,0.047491539269685745,0.6677534580230713,24.081039428710938,0.047491539269685745,0.6677534580230713,24.081039428710938,1.5196694999985993,1.5104494062541107
1614,blur,low,2,2,blur,blur,False,0.03944065421819687,0.7930841445922852,25.60507583618164,0.03944065421819687,0.7930841445922852,25.60507583618164,1.5196694999985993,1.5104494062541107
1615,salt_pepper,low,1,1,salt_pepper,salt_pepper,False,0.042636651545763016,0.7591004371643066,24.53933334350586,0.042636651545763016,0.7591004371643066,24.53933334350586,1.5196694999985993,1.5104494062541107
1616,blur,high,2,2,blur,blur,False,0.05539742112159729,0.688047468662262,22.494781494140625,0.05539742112159729,0.688047468662262,22.494781494140625,1.5196694999985993,1.5104494062541107
1617,occlusion,low,3,3,occlusion,occlusion,False,0.04530222341418266,0.7260119915008545,23.01275062561035,0.04530222341418266,0.7260119915008545,23.01275062561035,1.5196694999985993,1.5104494062541107
1618,blur,high,2,2,blur,blur,False,0.05497771129012108,0.7181908488273621,22.803646087646484,0.05497771129012108,0.7181908488273621,22.803646087646484,1.5196694999985993,1.5104494062541107
1619,blur,medium,2,2,blur,blur,False,0.03880785033106804,0.7960872650146484,24.57909393310547,0.03880785033106804,0.7960872650146484,24.57909393310547,1.5196694999985993,1.5104494062541107
1620,blur,high,2,2,blur,blur,False,0.029742849990725517,0.7646947503089905,27.9392032623291,0.029742849990725517,0.7646947503089905,27.9392032623291,1.5196694999985993,1.5104494062541107
1621,salt_pepper,medium,1,1,salt_pepper,salt_pepper,False,0.0409621000289917,0.8112503886222839,24.7933406829834,0.0409621000289917,0.8112503886222839,24.7933406829834,1.5196694999985993,1.5104494062541107
1622,clean,none,0,0,clean,clean,False,0.0,1.0,100.0,0.0,1.0,100.0,1.5196694999985993,1.5104494062541107
1623,blur,low,2,2,blur,blur,False,0.029676228761672974,0.8364019989967346,28.5433349609375,0.029676228761672974,0.8364019989967346,28.5433349609375,1.5196694999985993,1.5104494062541107
1624,clean,none,0,0,clean,clean,False,0.0,1.0,100.0,0.0,1.0,100.0,1.5196694999985993,1.5104494062541107
1625,salt_pepper,high,1,1,salt_pepper,salt_pepper,False,0.026496129110455513,0.8579819202423096,27.018430709838867,0.026496129110455513,0.8579819202423096,27.018430709838867,1.5196694999985993,1.5104494062541107
1626,occlusion,high,3,3,occlusion,occlusion,False,0.06819272041320801,0.5244128704071045,19.853622436523438,0.06819272041320801,0.5244128704071045,19.853622436523438,1.5196694999985993,1.5104494062541107
1627,clean,none,0,0,clean,clean,False,0.0,1.0,100.0,0.0,1.0,100.0,1.5196694999985993,1.5104494062541107
1628,clean,none,0,0,clean,clean,False,0.0,1.0,100.0,0.0,1.0,100.0,1.5196694999985993,1.5104494062541107
1629,occlusion,medium,3,3,occlusion,occlusion,False,0.04041985049843788,0.7692105770111084,24.10912322998047,0.04041985049843788,0.7692105770111084,24.10912322998047,1.5196694999985993,1.5104494062541107
1630,clean,none,0,0,clean,clean,False,0.0,1.0,100.0,0.0,1.0,100.0,1.5196694999985993,1.5104494062541107
1631,salt_pepper,low,1,1,salt_pepper,salt_pepper,False,0.03978757560253143,0.8017074465751648,24.5125675201416,0.03978757560253143,0.8017074465751648,24.5125675201416,1.5196694999985993,1.5104494062541107
1632,occlusion,medium,3,3,occlusion,occlusion,False,0.03881589695811272,0.7369754910469055,25.490142822265625,0.03881589695811272,0.7369754910469055,25.490142822265625,1.3838225312667873,1.3771684999994704
1633,salt_pepper,high,1,1,salt_pepper,salt_pepper,False,0.06151524558663368,0.6628738045692444,21.68522834777832,0.06151524558663368,0.6628738045692444,21.68522834777832,1.3838225312667873,1.3771684999994704
1634,blur,medium,2,2,blur,blur,False,0.08441383391618729,0.5965744853019714,18.941566467285156,0.08441383391618729,0.5965744853019714,18.941566467285156,1.3838225312667873,1.3771684999994704
1635,occlusion,low,3,3,occlusion,occlusion,False,0.06349974125623703,0.7018316388130188,20.10795783996582,0.06349974125623703,0.7018316388130188,20.10795783996582,1.3838225312667873,1.3771684999994704
1636,blur,medium,2,2,blur,blur,False,0.030992917716503143,0.8760604858398438,27.676952362060547,0.030992917716503143,0.8760604858398438,27.676952362060547,1.3838225312667873,1.3771684999994704
1637,blur,high,2,2,blur,blur,False,0.03408924117684364,0.7412369847297668,26.40855598449707,0.03408924117684364,0.7412369847297668,26.40855598449707,1.3838225312667873,1.3771684999994704
1638,clean,none,0,0,clean,clean,False,0.0,1.0,100.0,0.0,1.0,100.0,1.3838225312667873,1.3771684999994704
1639,clean,none,0,0,clean,clean,False,0.0,1.0,100.0,0.0,1.0,100.0,1.3838225312667873,1.3771684999994704
1640,clean,none,0,0,clean,clean,False,0.0,1.0,100.0,0.0,1.0,100.0,1.3838225312667873,1.3771684999994704
1641,salt_pepper,high,1,1,salt_pepper,salt_pepper,False,0.03922132030129433,0.8237048983573914,25.13749885559082,0.03922132030129433,0.8237048983573914,25.13749885559082,1.3838225312667873,1.3771684999994704
1642,salt_pepper,low,1,1,salt_pepper,salt_pepper,False,0.06363946199417114,0.7640299797058105,20.715667724609375,0.06363946199417114,0.7640299797058105,20.715667724609375,1.3838225312667873,1.3771684999994704
1643,blur,medium,2,2,blur,blur,False,0.02942805550992489,0.811755359172821,27.229412078857422,0.02942805550992489,0.811755359172821,27.229412078857422,1.3838225312667873,1.3771684999994704
1644,salt_pepper,medium,1,1,salt_pepper,salt_pepper,False,0.023116769269108772,0.864121675491333,30.268278121948242,0.023116769269108772,0.864121675491333,30.268278121948242,1.3838225312667873,1.3771684999994704
1645,occlusion,medium,3,3,occlusion,occlusion,False,0.03280653804540634,0.7386725544929504,25.5810546875,0.03280653804540634,0.7386725544929504,25.5810546875,1.3838225312667873,1.3771684999994704
1646,clean,none,0,0,clean,clean,False,0.0,1.0,100.0,0.0,1.0,100.0,1.3838225312667873,1.3771684999994704
1647,salt_pepper,low,1,1,salt_pepper,salt_pepper,False,0.058947812765836716,0.7367703318595886,21.547740936279297,0.058947812765836716,0.7367703318595886,21.547740936279297,1.3838225312667873,1.3771684999994704
1648,salt_pepper,low,1,1,salt_pepper,salt_pepper,False,0.038190100342035294,0.7561590075492859,25.87525177001953,0.038190100342035294,0.7561590075492859,25.87525177001953,1.3838225312667873,1.3771684999994704
1649,clean,none,0,0,clean,clean,False,0.0,1.0,100.0,0.0,1.0,100.0,1.3838225312667873,1.3771684999994704
1650,occlusion,medium,3,3,occlusion,occlusion,False,0.040511224418878555,0.7619345188140869,22.700044631958008,0.040511224418878555,0.7619345188140869,22.700044631958008,1.3838225312667873,1.3771684999994704
1651,occlusion,high,3,3,occlusion,occlusion,False,0.03937960043549538,0.7467746734619141,23.76915740966797,0.03937960043549538,0.7467746734619141,23.76915740966797,1.3838225312667873,1.3771684999994704
1652,occlusion,high,3,3,occlusion,occlusion,False,0.10512634366750717,0.4445888102054596,15.982207298278809,0.10512634366750717,0.4445888102054596,15.982207298278809,1.3838225312667873,1.3771684999994704
1653,occlusion,low,3,3,occlusion,occlusion,False,0.05211972817778587,0.7628713250160217,22.220727920532227,0.05211972817778587,0.7628713250160217,22.220727920532227,1.3838225312667873,1.3771684999994704
1654,occlusion,high,3,3,occlusion,occlusion,False,0.07091449946165085,0.41333532333374023,20.711557388305664,0.07091449946165085,0.41333532333374023,20.711557388305664,1.3838225312667873,1.3771684999994704
1655,clean,none,0,0,clean,clean,False,0.0,1.0,100.0,0.0,1.0,100.0,1.3838225312667873,1.3771684999994704
1656,occlusion,high,3,3,occlusion,occlusion,False,0.10699895024299622,0.4577643871307373,16.93095588684082,0.10699895024299622,0.4577643871307373,16.93095588684082,1.3838225312667873,1.3771684999994704
1657,salt_pepper,medium,1,1,salt_pepper,salt_pepper,False,0.031216323375701904,0.798302173614502,27.108779907226562,0.031216323375701904,0.798302173614502,27.108779907226562,1.3838225312667873,1.3771684999994704
1658,clean,none,0,0,clean,clean,False,0.0,1.0,100.0,0.0,1.0,100.0,1.3838225312667873,1.3771684999994704
1659,clean,none,0,0,clean,clean,False,0.0,1.0,100.0,0.0,1.0,100.0,1.3838225312667873,1.3771684999994704
1660,occlusion,low,3,3,occlusion,occlusion,False,0.05407201871275902,0.7429249882698059,20.54570770263672,0.05407201871275902,0.7429249882698059,20.54570770263672,1.3838225312667873,1.3771684999994704
1661,occlusion,medium,3,3,occlusion,occlusion,False,0.04738082364201546,0.7844619750976562,22.601646423339844,0.04738082364201546,0.7844619750976562,22.601646423339844,1.3838225312667873,1.3771684999994704
1662,blur,medium,2,2,blur,blur,False,0.02836851216852665,0.9100940227508545,28.938692092895508,0.02836851216852665,0.9100940227508545,28.938692092895508,1.3838225312667873,1.3771684999994704
1663,blur,medium,2,2,blur,blur,False,0.05202367529273033,0.7775656580924988,22.16620445251465,0.05202367529273033,0.7775656580924988,22.16620445251465,1.3838225312667873,1.3771684999994704
1664,salt_pepper,low,1,1,salt_pepper,salt_pepper,False,0.03585788607597351,0.8652901649475098,25.555269241333008,0.03585788607597351,0.8652901649475098,25.555269241333008,1.4506628749870742,1.460762968747531
1665,blur,high,2,2,blur,blur,False,0.12588350474834442,0.5651682019233704,15.482059478759766,0.12588350474834442,0.5651682019233704,15.482059478759766,1.4506628749870742,1.460762968747531
1666,salt_pepper,high,1,1,salt_pepper,salt_pepper,False,0.026300454512238503,0.8599690794944763,27.99871063232422,0.026300454512238503,0.8599690794944763,27.99871063232422,1.4506628749870742,1.460762968747531
1667,occlusion,medium,3,3,occlusion,occlusion,False,0.06061758100986481,0.6806833148002625,19.37303352355957,0.06061758100986481,0.6806833148002625,19.37303352355957,1.4506628749870742,1.460762968747531
1668,clean,none,0,0,clean,clean,False,0.0,1.0,100.0,0.0,1.0,100.0,1.4506628749870742,1.460762968747531
1669,salt_pepper,high,1,1,salt_pepper,salt_pepper,False,0.052246853709220886,0.7172735333442688,22.88051986694336,0.052246853709220886,0.7172735333442688,22.88051986694336,1.4506628749870742,1.460762968747531
1670,clean,none,0,0,clean,clean,False,0.0,1.0,100.0,0.0,1.0,100.0,1.4506628749870742,1.460762968747531
1671,occlusion,high,3,3,occlusion,occlusion,False,0.09488862752914429,0.46279478073120117,17.1263484954834,0.09488862752914429,0.46279478073120117,17.1263484954834,1.4506628749870742,1.460762968747531
1672,occlusion,medium,3,3,occlusion,occlusion,False,0.04515337571501732,0.8068292140960693,23.180028915405273,0.04515337571501732,0.8068292140960693,23.180028915405273,1.4506628749870742,1.460762968747531
1673,blur,low,2,2,blur,blur,False,0.041138648986816406,0.7651556134223938,24.369260787963867,0.041138648986816406,0.7651556134223938,24.369260787963867,1.4506628749870742,1.460762968747531
1674,salt_pepper,medium,1,1,salt_pepper,salt_pepper,False,0.05670096352696419,0.6916868090629578,22.743331909179688,0.05670096352696419,0.6916868090629578,22.743331909179688,1.4506628749870742,1.460762968747531
1675,occlusion,low,3,3,occlusion,occlusion,False,0.08145107328891754,0.5599457025527954,18.34610939025879,0.08145107328891754,0.5599457025527954,18.34610939025879,1.4506628749870742,1.460762968747531
1676,occlusion,low,3,3,occlusion,occlusion,False,0.06998821347951889,0.7054851651191711,20.28875732421875,0.06998821347951889,0.7054851651191711,20.28875732421875,1.4506628749870742,1.460762968747531
1677,blur,low,2,2,blur,blur,False,0.05149763822555542,0.6566212773323059,23.623228073120117,0.05149763822555542,0.6566212773323059,23.623228073120117,1.4506628749870742,1.460762968747531
1678,occlusion,medium,3,3,occlusion,occlusion,False,0.05972803011536598,0.7676488757133484,22.043899536132812,0.05972803011536598,0.7676488757133484,22.043899536132812,1.4506628749870742,1.460762968747531
1679,clean,none,0,0,clean,clean,False,0.0,1.0,100.0,0.0,1.0,100.0,1.4506628749870742,1.460762968747531
1680,salt_pepper,high,1,1,salt_pepper,salt_pepper,False,0.04313884302973747,0.7998527884483337,24.519445419311523,0.04313884302973747,0.7998527884483337,24.519445419311523,1.4506628749870742,1.460762968747531
1681,blur,low,2,2,blur,blur,False,0.041563648730516434,0.8019248843193054,25.10593032836914,0.041563648730516434,0.8019248843193054,25.10593032836914,1.4506628749870742,1.460762968747531
1682,occlusion,medium,3,3,occlusion,occlusion,False,0.048431601375341415,0.8094841837882996,19.979873657226562,0.048431601375341415,0.8094841837882996,19.979873657226562,1.4506628749870742,1.460762968747531
1683,clean,none,0,0,clean,clean,False,0.0,1.0,100.0,0.0,1.0,100.0,1.4506628749870742,1.460762968747531
1684,occlusion,high,3,3,occlusion,occlusion,False,0.04253419116139412,0.758547306060791,23.2359619140625,0.04253419116139412,0.758547306060791,23.2359619140625,1.4506628749870742,1.460762968747531
1685,blur,medium,2,2,blur,blur,False,0.045813173055648804,0.806073009967804,23.896284103393555,0.045813173055648804,0.806073009967804,23.896284103393555,1.4506628749870742,1.460762968747531
1686,salt_pepper,low,1,1,salt_pepper,salt_pepper,False,0.028327161446213722,0.8747045993804932,27.926847457885742,0.028327161446213722,0.8747045993804932,27.926847457885742,1.4506628749870742,1.460762968747531
1687,clean,none,0,0,clean,clean,False,0.0,1.0,100.0,0.0,1.0,100.0,1.4506628749870742,1.460762968747531
1688,salt_pepper,low,1,1,salt_pepper,salt_pepper,False,0.03600136935710907,0.8194535374641418,25.432024002075195,0.03600136935710907,0.8194535374641418,25.432024002075195,1.4506628749870742,1.460762968747531
1689,salt_pepper,high,1,1,salt_pepper,salt_pepper,False,0.023755280300974846,0.8814835548400879,29.27799415588379,0.023755280300974846,0.8814835548400879,29.27799415588379,1.4506628749870742,1.460762968747531
1690,occlusion,low,3,3,occlusion,occlusion,False,0.03435287997126579,0.8058891296386719,25.53827476501465,0.03435287997126579,0.8058891296386719,25.53827476501465,1.4506628749870742,1.460762968747531
1691,salt_pepper,high,1,1,salt_pepper,salt_pepper,False,0.037169914692640305,0.8356451988220215,24.770736694335938,0.037169914692640305,0.8356451988220215,24.770736694335938,1.4506628749870742,1.460762968747531
1692,clean,none,0,0,clean,clean,False,0.0,1.0,100.0,0.0,1.0,100.0,1.4506628749870742,1.460762968747531
1693,salt_pepper,high,1,1,salt_pepper,salt_pepper,False,0.031107842922210693,0.8331039547920227,27.062349319458008,0.031107842922210693,0.8331039547920227,27.062349319458008,1.4506628749870742,1.460762968747531
1694,salt_pepper,high,1,1,salt_pepper,salt_pepper,False,0.0247641634196043,0.8657930493354797,28.285659790039062,0.0247641634196043,0.8657930493354797,28.285659790039062,1.4506628749870742,1.460762968747531
1695,salt_pepper,medium,1,1,salt_pepper,salt_pepper,False,0.030022436752915382,0.9132338166236877,27.15398406982422,0.030022436752915382,0.9132338166236877,27.15398406982422,1.4506628749870742,1.460762968747531
1696,salt_pepper,low,1,1,salt_pepper,salt_pepper,False,0.035316478461027145,0.8724635243415833,26.62603187561035,0.035316478461027145,0.8724635243415833,26.62603187561035,1.9585826250079208,1.9276699062515945
1697,clean,none,0,0,clean,clean,False,0.0,1.0,100.0,0.0,1.0,100.0,1.9585826250079208,1.9276699062515945
1698,occlusion,medium,3,3,occlusion,occlusion,False,0.050956036895513535,0.7220398783683777,22.02696990966797,0.050956036895513535,0.7220398783683777,22.02696990966797,1.9585826250079208,1.9276699062515945
1699,clean,none,0,0,clean,clean,False,0.0,1.0,100.0,0.0,1.0,100.0,1.9585826250079208,1.9276699062515945
1700,salt_pepper,low,1,1,salt_pepper,salt_pepper,False,0.028169067576527596,0.8984969258308411,27.490510940551758,0.028169067576527596,0.8984969258308411,27.490510940551758,1.9585826250079208,1.9276699062515945
1701,blur,high,2,2,blur,blur,False,0.0956156775355339,0.7678146362304688,18.320310592651367,0.0956156775355339,0.7678146362304688,18.320310592651367,1.9585826250079208,1.9276699062515945
1702,blur,high,2,2,blur,blur,False,0.023710651323199272,0.8798581957817078,29.275596618652344,0.023710651323199272,0.8798581957817078,29.275596618652344,1.9585826250079208,1.9276699062515945
1703,blur,high,2,2,blur,blur,False,0.04351338744163513,0.6386500000953674,24.98282241821289,0.04351338744163513,0.6386500000953674,24.98282241821289,1.9585826250079208,1.9276699062515945
1704,clean,none,0,0,clean,clean,False,0.0,1.0,100.0,0.0,1.0,100.0,1.9585826250079208,1.9276699062515945
1705,blur,high,2,2,blur,blur,False,0.04172723367810249,0.7877654433250427,24.179195404052734,0.04172723367810249,0.7877654433250427,24.179195404052734,1.9585826250079208,1.9276699062515945
1706,blur,medium,2,2,blur,blur,False,0.030742250382900238,0.8505992889404297,26.4273681640625,0.030742250382900238,0.8505992889404297,26.4273681640625,1.9585826250079208,1.9276699062515945
1707,occlusion,high,3,3,occlusion,occlusion,False,0.06659654527902603,0.6474269032478333,17.849010467529297,0.06659654527902603,0.6474269032478333,17.849010467529297,1.9585826250079208,1.9276699062515945
1708,salt_pepper,medium,1,1,salt_pepper,salt_pepper,False,0.040674805641174316,0.7254371643066406,24.904727935791016,0.040674805641174316,0.7254371643066406,24.904727935791016,1.9585826250079208,1.9276699062515945
1709,occlusion,medium,3,3,occlusion,occlusion,False,0.04834315553307533,0.7748505473136902,21.718433380126953,0.04834315553307533,0.7748505473136902,21.718433380126953,1.9585826250079208,1.9276699062515945
1710,occlusion,medium,3,3,occlusion,occlusion,False,0.06159861385822296,0.6381843686103821,17.931121826171875,0.06159861385822296,0.6381843686103821,17.931121826171875,1.9585826250079208,1.9276699062515945
1711,occlusion,low,3,3,occlusion,occlusion,False,0.030660295858979225,0.845081627368927,26.786863327026367,0.030660295858979225,0.845081627368927,26.786863327026367,1.9585826250079208,1.9276699062515945
1712,occlusion,low,3,3,occlusion,occlusion,False,0.03535059466958046,0.7663068771362305,24.761219024658203,0.03535059466958046,0.7663068771362305,24.761219024658203,1.9585826250079208,1.9276699062515945
1713,blur,medium,2,2,blur,blur,False,0.02622782252728939,0.9041674137115479,28.3884220123291,0.02622782252728939,0.9041674137115479,28.3884220123291,1.9585826250079208,1.9276699062515945
1714,salt_pepper,low,1,1,salt_pepper,salt_pepper,False,0.02994942106306553,0.882966935634613,27.587785720825195,0.02994942106306553,0.882966935634613,27.587785720825195,1.9585826250079208,1.9276699062515945
1715,clean,none,0,0,clean,clean,False,0.0,1.0,100.0,0.0,1.0,100.0,1.9585826250079208,1.9276699062515945
1716,occlusion,low,3,3,occlusion,occlusion,False,0.030217105522751808,0.7745158672332764,27.614736557006836,0.030217105522751808,0.7745158672332764,27.614736557006836,1.9585826250079208,1.9276699062515945
1717,clean,none,0,0,clean,clean,False,0.0,1.0,100.0,0.0,1.0,100.0,1.9585826250079208,1.9276699062515945
1718,salt_pepper,low,1,1,salt_pepper,salt_pepper,False,0.02741837501525879,0.8966415524482727,27.791452407836914,0.02741837501525879,0.8966415524482727,27.791452407836914,1.9585826250079208,1.9276699062515945
1719,occlusion,high,3,3,occlusion,occlusion,False,0.13496194779872894,0.3780728280544281,15.079427719116211,0.13496194779872894,0.3780728280544281,15.079427719116211,1.9585826250079208,1.9276699062515945
1720,blur,low,2,2,blur,blur,False,0.02933848835527897,0.7587539553642273,28.209630966186523,0.02933848835527897,0.7587539553642273,28.209630966186523,1.9585826250079208,1.9276699062515945
1721,salt_pepper,medium,1,1,salt_pepper,salt_pepper,False,0.06308382004499435,0.6224608421325684,21.79598045349121,0.06308382004499435,0.6224608421325684,21.79598045349121,1.9585826250079208,1.9276699062515945
1722,occlusion,medium,3,3,occlusion,occlusion,False,0.04956093057990074,0.7477971911430359,19.77402114868164,0.04956093057990074,0.7477971911430359,19.77402114868164,1.9585826250079208,1.9276699062515945
1723,blur,low,2,2,blur,blur,False,0.02941426821053028,0.8630483746528625,27.937519073486328,0.02941426821053028,0.8630483746528625,27.937519073486328,1.9585826250079208,1.9276699062515945
1724,salt_pepper,medium,1,1,salt_pepper,salt_pepper,False,0.0449659526348114,0.7415549755096436,24.460323333740234,0.0449659526348114,0.7415549755096436,24.460323333740234,1.9585826250079208,1.9276699062515945
1725,occlusion,medium,3,3,occlusion,occlusion,False,0.07412600517272949,0.6441206336021423,18.038936614990234,0.07412600517272949,0.6441206336021423,18.038936614990234,1.9585826250079208,1.9276699062515945
1726,blur,medium,2,2,blur,blur,False,0.08745289593935013,0.6078009009361267,18.97111701965332,0.08745289593935013,0.6078009009361267,18.97111701965332,1.9585826250079208,1.9276699062515945
1727,blur,high,2,2,blur,blur,False,0.06899593025445938,0.628246009349823,21.111886978149414,0.06899593025445938,0.628246009349823,21.111886978149414,1.9585826250079208,1.9276699062515945
1728,occlusion,medium,3,3,occlusion,occlusion,False,0.06932059675455093,0.6830214858055115,19.381271362304688,0.06932059675455093,0.6830214858055115,19.381271362304688,1.2505046562409916,1.171201437500713
1729,clean,none,0,0,clean,clean,False,0.0,1.0,100.0,0.0,1.0,100.0,1.2505046562409916,1.171201437500713
1730,occlusion,high,3,3,occlusion,occlusion,False,0.06632737070322037,0.7147001624107361,18.149770736694336,0.06632737070322037,0.7147001624107361,18.149770736694336,1.2505046562409916,1.171201437500713
1731,salt_pepper,low,1,1,salt_pepper,salt_pepper,False,0.052948951721191406,0.8054776787757874,22.598224639892578,0.052948951721191406,0.8054776787757874,22.598224639892578,1.2505046562409916,1.171201437500713
1732,blur,high,2,2,blur,blur,False,0.04144623875617981,0.8335403800010681,24.07697296142578,0.04144623875617981,0.8335403800010681,24.07697296142578,1.2505046562409916,1.171201437500713
1733,occlusion,low,3,3,occlusion,occlusion,False,0.04114168509840965,0.8373660445213318,24.49700927734375,0.04114168509840965,0.8373660445213318,24.49700927734375,1.2505046562409916,1.171201437500713
1734,blur,low,2,2,blur,blur,False,0.03232789412140846,0.8250463008880615,26.367490768432617,0.03232789412140846,0.8250463008880615,26.367490768432617,1.2505046562409916,1.171201437500713
1735,blur,high,2,2,blur,blur,False,0.03919385373592377,0.7837026715278625,25.061777114868164,0.03919385373592377,0.7837026715278625,25.061777114868164,1.2505046562409916,1.171201437500713
1736,occlusion,high,3,3,occlusion,occlusion,False,0.047748029232025146,0.7437732815742493,20.931045532226562,0.047748029232025146,0.7437732815742493,20.931045532226562,1.2505046562409916,1.171201437500713
1737,clean,none,0,0,clean,clean,False,0.0,1.0,100.0,0.0,1.0,100.0,1.2505046562409916,1.171201437500713
1738,clean,none,0,0,clean,clean,False,0.0,1.0,100.0,0.0,1.0,100.0,1.2505046562409916,1.171201437500713
1739,blur,low,2,2,blur,blur,False,0.028411246836185455,0.8218610882759094,28.10257339477539,0.028411246836185455,0.8218610882759094,28.10257339477539,1.2505046562409916,1.171201437500713
1740,clean,none,0,0,clean,clean,False,0.0,1.0,100.0,0.0,1.0,100.0,1.2505046562409916,1.171201437500713
1741,occlusion,low,3,3,occlusion,occlusion,False,0.02750019170343876,0.8251513838768005,26.15050506591797,0.02750019170343876,0.8251513838768005,26.15050506591797,1.2505046562409916,1.171201437500713
1742,blur,medium,2,2,blur,blur,False,0.033480871468782425,0.8449751734733582,26.374990463256836,0.033480871468782425,0.8449751734733582,26.374990463256836,1.2505046562409916,1.171201437500713
1743,clean,none,0,0,clean,clean,False,0.0,1.0,100.0,0.0,1.0,100.0,1.2505046562409916,1.171201437500713
1744,blur,high,2,2,blur,blur,False,0.03274238854646683,0.8108441233634949,25.823938369750977,0.03274238854646683,0.8108441233634949,25.823938369750977,1.2505046562409916,1.171201437500713
1745,clean,none,0,0,clean,clean,False,0.0,1.0,100.0,0.0,1.0,100.0,1.2505046562409916,1.171201437500713
1746,blur,high,2,2,blur,blur,False,0.05122530460357666,0.729472815990448,22.466732025146484,0.05122530460357666,0.729472815990448,22.466732025146484,1.2505046562409916,1.171201437500713
1747,clean,none,0,0,clean,clean,False,0.0,1.0,100.0,0.0,1.0,100.0,1.2505046562409916,1.171201437500713
1748,clean,none,0,0,clean,clean,False,0.0,1.0,100.0,0.0,1.0,100.0,1.2505046562409916,1.171201437500713
1749,blur,high,2,2,blur,blur,False,0.03309609740972519,0.8166012763977051,26.300966262817383,0.03309609740972519,0.8166012763977051,26.300966262817383,1.2505046562409916,1.171201437500713
1750,blur,medium,2,2,blur,blur,False,0.0447436086833477,0.8318381905555725,23.30898094177246,0.0447436086833477,0.8318381905555725,23.30898094177246,1.2505046562409916,1.171201437500713
1751,occlusion,medium,3,3,occlusion,occlusion,False,0.043596286326646805,0.8193084597587585,21.52205467224121,0.043596286326646805,0.8193084597587585,21.52205467224121,1.2505046562409916,1.171201437500713
1752,occlusion,medium,3,3,occlusion,occlusion,False,0.0724153146147728,0.579479455947876,19.87562370300293,0.0724153146147728,0.579479455947876,19.87562370300293,1.2505046562409916,1.171201437500713
1753,blur,high,2,2,blur,blur,False,0.05215755105018616,0.7537415623664856,22.97117042541504,0.05215755105018616,0.7537415623664856,22.97117042541504,1.2505046562409916,1.171201437500713
1754,occlusion,high,3,3,occlusion,occlusion,False,0.03728779777884483,0.7583887577056885,23.415313720703125,0.03728779777884483,0.7583887577056885,23.415313720703125,1.2505046562409916,1.171201437500713
1755,clean,none,0,0,clean,clean,False,0.0,1.0,100.0,0.0,1.0,100.0,1.2505046562409916,1.171201437500713
1756,clean,none,0,0,clean,clean,False,0.0,1.0,100.0,0.0,1.0,100.0,1.2505046562409916,1.171201437500713
1757,clean,none,0,0,clean,clean,False,0.0,1.0,100.0,0.0,1.0,100.0,1.2505046562409916,1.171201437500713
1758,occlusion,high,3,3,occlusion,occlusion,False,0.08104106038808823,0.6152212023735046,17.710405349731445,0.08104106038808823,0.6152212023735046,17.710405349731445,1.2505046562409916,1.171201437500713
1759,salt_pepper,low,1,1,salt_pepper,salt_pepper,False,0.027123771607875824,0.8803789019584656,28.649700164794922,0.027123771607875824,0.8803789019584656,28.649700164794922,1.2505046562409916,1.171201437500713
1760,blur,medium,2,2,blur,blur,False,0.039414916187524796,0.8267309069633484,24.11920928955078,0.039414916187524796,0.8267309069633484,24.11920928955078,1.3982655937354593,1.395977562481221
1761,salt_pepper,low,1,1,salt_pepper,salt_pepper,False,0.04149177297949791,0.7832744717597961,24.25493621826172,0.04149177297949791,0.7832744717597961,24.25493621826172,1.3982655937354593,1.395977562481221
1762,salt_pepper,medium,1,1,salt_pepper,salt_pepper,False,0.03326449170708656,0.8911172747612,26.598356246948242,0.03326449170708656,0.8911172747612,26.598356246948242,1.3982655937354593,1.395977562481221
1763,salt_pepper,medium,1,1,salt_pepper,salt_pepper,False,0.030088091269135475,0.8462396264076233,27.209033966064453,0.030088091269135475,0.8462396264076233,27.209033966064453,1.3982655937354593,1.395977562481221
1764,salt_pepper,medium,1,1,salt_pepper,salt_pepper,False,0.030078962445259094,0.8447158932685852,27.537431716918945,0.030078962445259094,0.8447158932685852,27.537431716918945,1.3982655937354593,1.395977562481221
1765,blur,low,2,2,blur,blur,False,0.05672401189804077,0.6246119737625122,22.709247589111328,0.05672401189804077,0.6246119737625122,22.709247589111328,1.3982655937354593,1.395977562481221
1766,clean,none,0,0,clean,clean,False,0.0,1.0,100.0,0.0,1.0,100.0,1.3982655937354593,1.395977562481221
1767,occlusion,low,3,3,occlusion,occlusion,False,0.037295013666152954,0.804783821105957,24.368728637695312,0.037295013666152954,0.804783821105957,24.368728637695312,1.3982655937354593,1.395977562481221
1768,clean,none,0,0,clean,clean,False,0.0,1.0,100.0,0.0,1.0,100.0,1.3982655937354593,1.395977562481221
1769,occlusion,high,3,3,occlusion,occlusion,False,0.06617415696382523,0.5759760737419128,19.59047508239746,0.06617415696382523,0.5759760737419128,19.59047508239746,1.3982655937354593,1.395977562481221
1770,occlusion,medium,3,3,occlusion,occlusion,False,0.060928478837013245,0.6537628769874573,21.13957977294922,0.060928478837013245,0.6537628769874573,21.13957977294922,1.3982655937354593,1.395977562481221
1771,blur,high,2,2,blur,blur,False,0.024693148210644722,0.8734137415885925,29.4694881439209,0.024693148210644722,0.8734137415885925,29.4694881439209,1.3982655937354593,1.395977562481221
1772,clean,none,0,0,clean,clean,False,0.0,1.0,100.0,0.0,1.0,100.0,1.3982655937354593,1.395977562481221
1773,clean,none,0,0,clean,clean,False,0.0,1.0,100.0,0.0,1.0,100.0,1.3982655937354593,1.395977562481221
1774,occlusion,high,3,3,occlusion,occlusion,False,0.04486310854554176,0.7128017544746399,22.55609703063965,0.04486310854554176,0.7128017544746399,22.55609703063965,1.3982655937354593,1.395977562481221
1775,clean,none,0,0,clean,clean,False,0.0,1.0,100.0,0.0,1.0,100.0,1.3982655937354593,1.395977562481221
1776,blur,low,2,2,blur,blur,False,0.03245038911700249,0.8454940319061279,26.47468376159668,0.03245038911700249,0.8454940319061279,26.47468376159668,1.3982655937354593,1.395977562481221
1777,occlusion,high,3,3,occlusion,occlusion,False,0.08326206356287003,0.46789827942848206,18.087100982666016,0.08326206356287003,0.46789827942848206,18.087100982666016,1.3982655937354593,1.395977562481221
1778,blur,high,2,2,blur,blur,False,0.0565170980989933,0.7523613572120667,21.429035186767578,0.0565170980989933,0.7523613572120667,21.429035186767578,1.3982655937354593,1.395977562481221
1779,blur,low,2,2,blur,blur,False,0.05023042857646942,0.8047687411308289,23.53179931640625,0.05023042857646942,0.8047687411308289,23.53179931640625,1.3982655937354593,1.395977562481221
1780,clean,none,0,0,clean,clean,False,0.0,1.0,100.0,0.0,1.0,100.0,1.3982655937354593,1.395977562481221
1781,occlusion,medium,3,3,occlusion,occlusion,False,0.036534860730171204,0.811842679977417,24.903583526611328,0.036534860730171204,0.811842679977417,24.903583526611328,1.3982655937354593,1.395977562481221
1782,blur,medium,2,2,blur,blur,False,0.052085354924201965,0.7407239079475403,23.06756019592285,0.052085354924201965,0.7407239079475403,23.06756019592285,1.3982655937354593,1.395977562481221
1783,salt_pepper,high,1,1,salt_pepper,salt_pepper,False,0.05386825278401375,0.7132874131202698,22.71925926208496,0.05386825278401375,0.7132874131202698,22.71925926208496,1.3982655937354593,1.395977562481221
1784,occlusion,high,3,3,occlusion,occlusion,False,0.071456678211689,0.6435856223106384,19.61591148376465,0.071456678211689,0.6435856223106384,19.61591148376465,1.3982655937354593,1.395977562481221
1785,salt_pepper,low,1,1,salt_pepper,salt_pepper,False,0.028911074623465538,0.8418302536010742,28.017776489257812,0.028911074623465538,0.8418302536010742,28.017776489257812,1.3982655937354593,1.395977562481221
1786,salt_pepper,medium,1,1,salt_pepper,salt_pepper,False,0.0286108311265707,0.8922339081764221,27.161205291748047,0.0286108311265707,0.8922339081764221,27.161205291748047,1.3982655937354593,1.395977562481221
1787,blur,low,2,2,blur,blur,False,0.045731183141469955,0.757481575012207,24.36617660522461,0.045731183141469955,0.757481575012207,24.36617660522461,1.3982655937354593,1.395977562481221
1788,blur,low,2,2,blur,blur,False,0.03684413805603981,0.832573413848877,25.918373107910156,0.03684413805603981,0.832573413848877,25.918373107910156,1.3982655937354593,1.395977562481221
1789,salt_pepper,medium,1,1,salt_pepper,salt_pepper,False,0.06059939041733742,0.7113929390907288,21.343114852905273,0.06059939041733742,0.7113929390907288,21.343114852905273,1.3982655937354593,1.395977562481221
1790,occlusion,high,3,3,occlusion,occlusion,False,0.05496099218726158,0.7275708317756653,21.065454483032227,0.05496099218726158,0.7275708317756653,21.065454483032227,1.3982655937354593,1.395977562481221
1791,blur,medium,2,2,blur,blur,False,0.053955983370542526,0.6355224251747131,22.444900512695312,0.053955983370542526,0.6355224251747131,22.444900512695312,1.3982655937354593,1.395977562481221
1792,clean,none,0,0,clean,clean,False,0.0,1.0,100.0,0.0,1.0,100.0,1.1270378437302497,1.1305829375203302
1793,clean,none,0,0,clean,clean,False,0.0,1.0,100.0,0.0,1.0,100.0,1.1270378437302497,1.1305829375203302
1794,clean,none,0,0,clean,clean,False,0.0,1.0,100.0,0.0,1.0,100.0,1.1270378437302497,1.1305829375203302
1795,clean,none,0,0,clean,clean,False,0.0,1.0,100.0,0.0,1.0,100.0,1.1270378437302497,1.1305829375203302
1796,occlusion,high,3,3,occlusion,occlusion,False,0.0888480544090271,0.5381408333778381,18.00631332397461,0.0888480544090271,0.5381408333778381,18.00631332397461,1.1270378437302497,1.1305829375203302
1797,salt_pepper,high,1,1,salt_pepper,salt_pepper,False,0.04216870665550232,0.7810763716697693,24.877208709716797,0.04216870665550232,0.7810763716697693,24.877208709716797,1.1270378437302497,1.1305829375203302
1798,clean,none,0,0,clean,clean,False,0.0,1.0,100.0,0.0,1.0,100.0,1.1270378437302497,1.1305829375203302
1799,salt_pepper,high,1,1,salt_pepper,salt_pepper,False,0.06510408967733383,0.6533170342445374,21.68488311767578,0.06510408967733383,0.6533170342445374,21.68488311767578,1.1270378437302497,1.1305829375203302
1800,occlusion,medium,3,3,occlusion,occlusion,False,0.08342969417572021,0.5167521238327026,19.020004272460938,0.08342969417572021,0.5167521238327026,19.020004272460938,1.1270378437302497,1.1305829375203302
1801,clean,none,0,0,clean,clean,False,0.0,1.0,100.0,0.0,1.0,100.0,1.1270378437302497,1.1305829375203302
1802,occlusion,medium,3,3,occlusion,occlusion,False,0.05693049728870392,0.6759222149848938,21.538373947143555,0.05693049728870392,0.6759222149848938,21.538373947143555,1.1270378437302497,1.1305829375203302
1803,salt_pepper,high,1,1,salt_pepper,salt_pepper,False,0.02716217376291752,0.8540027737617493,28.82012367248535,0.02716217376291752,0.8540027737617493,28.82012367248535,1.1270378437302497,1.1305829375203302
1804,blur,high,2,2,blur,blur,False,0.03471130505204201,0.7806510925292969,26.23312759399414,0.03471130505204201,0.7806510925292969,26.23312759399414,1.1270378437302497,1.1305829375203302
1805,occlusion,medium,3,3,occlusion,occlusion,False,0.055568039417266846,0.5875822901725769,21.445894241333008,0.055568039417266846,0.5875822901725769,21.445894241333008,1.1270378437302497,1.1305829375203302
1806,blur,low,2,2,blur,blur,False,0.06281749159097672,0.6542982459068298,21.116962432861328,0.06281749159097672,0.6542982459068298,21.116962432861328,1.1270378437302497,1.1305829375203302
1807,clean,none,0,0,clean,clean,False,0.0,1.0,100.0,0.0,1.0,100.0,1.1270378437302497,1.1305829375203302
1808,occlusion,low,3,3,occlusion,occlusion,False,0.06548308581113815,0.6213950514793396,21.398006439208984,0.06548308581113815,0.6213950514793396,21.398006439208984,1.1270378437302497,1.1305829375203302
1809,salt_pepper,high,1,1,salt_pepper,salt_pepper,False,0.04830488562583923,0.7265820503234863,23.844825744628906,0.04830488562583923,0.7265820503234863,23.844825744628906,1.1270378437302497,1.1305829375203302
1810,clean,none,0,0,clean,clean,False,0.0,1.0,100.0,0.0,1.0,100.0,1.1270378437302497,1.1305829375203302
1811,blur,high,2,2,blur,blur,False,0.047478366643190384,0.7071154713630676,23.885738372802734,0.047478366643190384,0.7071154713630676,23.885738372802734,1.1270378437302497,1.1305829375203302
1812,blur,high,2,2,blur,blur,False,0.0300090741366148,0.8477727770805359,27.113262176513672,0.0300090741366148,0.8477727770805359,27.113262176513672,1.1270378437302497,1.1305829375203302
1813,blur,high,2,2,blur,blur,False,0.06383008509874344,0.5925880074501038,21.54696273803711,0.06383008509874344,0.5925880074501038,21.54696273803711,1.1270378437302497,1.1305829375203302
1814,clean,none,0,0,clean,clean,False,0.0,1.0,100.0,0.0,1.0,100.0,1.1270378437302497,1.1305829375203302
1815,salt_pepper,low,1,1,salt_pepper,salt_pepper,False,0.02984588034451008,0.8589542508125305,27.065622329711914,0.02984588034451008,0.8589542508125305,27.065622329711914,1.1270378437302497,1.1305829375203302
1816,blur,high,2,2,blur,blur,False,0.03476625308394432,0.8311707377433777,26.651649475097656,0.03476625308394432,0.8311707377433777,26.651649475097656,1.1270378437302497,1.1305829375203302
1817,clean,none,0,0,clean,clean,False,0.0,1.0,100.0,0.0,1.0,100.0,1.1270378437302497,1.1305829375203302
1818,blur,low,2,2,blur,blur,False,0.08844094723463058,0.5516557693481445,19.160396575927734,0.08844094723463058,0.5516557693481445,19.160396575927734,1.1270378437302497,1.1305829375203302
1819,salt_pepper,high,1,1,salt_pepper,salt_pepper,False,0.08900070935487747,0.6121619343757629,18.59136962890625,0.08900070935487747,0.6121619343757629,18.59136962890625,1.1270378437302497,1.1305829375203302
1820,clean,none,0,0,clean,clean,False,0.0,1.0,100.0,0.0,1.0,100.0,1.1270378437302497,1.1305829375203302
1821,clean,none,0,0,clean,clean,False,0.0,1.0,100.0,0.0,1.0,100.0,1.1270378437302497,1.1305829375203302
1822,occlusion,high,3,3,occlusion,occlusion,False,0.07839757204055786,0.6779236197471619,17.345556259155273,0.07839757204055786,0.6779236197471619,17.345556259155273,1.1270378437302497,1.1305829375203302
1823,occlusion,medium,3,3,occlusion,occlusion,False,0.060432445257902145,0.6563450694084167,21.406719207763672,0.060432445257902145,0.6563450694084167,21.406719207763672,1.1270378437302497,1.1305829375203302
1824,clean,none,0,0,clean,clean,False,0.0,1.0,100.0,0.0,1.0,100.0,1.3323938750033903,1.3273135000133607
1825,salt_pepper,low,1,1,salt_pepper,salt_pepper,False,0.03936169296503067,0.7089594006538391,25.382261276245117,0.03936169296503067,0.7089594006538391,25.382261276245117,1.3323938750033903,1.3273135000133607
1826,clean,none,0,0,clean,clean,False,0.0,1.0,100.0,0.0,1.0,100.0,1.3323938750033903,1.3273135000133607
1827,occlusion,medium,3,3,occlusion,occlusion,False,0.04676903784275055,0.7022280693054199,23.412601470947266,0.04676903784275055,0.7022280693054199,23.412601470947266,1.3323938750033903,1.3273135000133607
1828,salt_pepper,high,1,1,salt_pepper,salt_pepper,False,0.052247658371925354,0.6981123089790344,23.139657974243164,0.052247658371925354,0.6981123089790344,23.139657974243164,1.3323938750033903,1.3273135000133607
1829,occlusion,medium,3,3,occlusion,occlusion,False,0.05443071201443672,0.6747509837150574,21.789871215820312,0.05443071201443672,0.6747509837150574,21.789871215820312,1.3323938750033903,1.3273135000133607
1830,clean,none,0,0,clean,clean,False,0.0,1.0,100.0,0.0,1.0,100.0,1.3323938750033903,1.3273135000133607
1831,blur,high,2,2,blur,blur,False,0.06903821229934692,0.5865478515625,21.264057159423828,0.06903821229934692,0.5865478515625,21.264057159423828,1.3323938750033903,1.3273135000133607
1832,occlusion,medium,3,3,occlusion,occlusion,False,0.051293034106492996,0.6351063847541809,23.38020133972168,0.051293034106492996,0.6351063847541809,23.38020133972168,1.3323938750033903,1.3273135000133607
1833,clean,none,0,0,clean,clean,False,0.0,1.0,100.0,0.0,1.0,100.0,1.3323938750033903,1.3273135000133607
1834,salt_pepper,low,1,1,salt_pepper,salt_pepper,False,0.03685315325856209,0.7695654034614563,25.762250900268555,0.03685315325856209,0.7695654034614563,25.762250900268555,1.3323938750033903,1.3273135000133607
1835,salt_pepper,low,1,1,salt_pepper,salt_pepper,False,0.034805238246917725,0.8548782467842102,26.510656356811523,0.034805238246917725,0.8548782467842102,26.510656356811523,1.3323938750033903,1.3273135000133607
1836,occlusion,high,3,3,occlusion,occlusion,False,0.07974448055028915,0.5863693356513977,18.569717407226562,0.07974448055028915,0.5863693356513977,18.569717407226562,1.3323938750033903,1.3273135000133607
1837,salt_pepper,medium,1,1,salt_pepper,salt_pepper,False,0.03018355369567871,0.911848783493042,27.892662048339844,0.03018355369567871,0.911848783493042,27.892662048339844,1.3323938750033903,1.3273135000133607
1838,occlusion,medium,3,3,occlusion,occlusion,False,0.08102129399776459,0.5117490887641907,18.71239471435547,0.08102129399776459,0.5117490887641907,18.71239471435547,1.3323938750033903,1.3273135000133607
1839,salt_pepper,low,1,1,salt_pepper,salt_pepper,False,0.03260554000735283,0.83942049741745,27.447118759155273,0.03260554000735283,0.83942049741745,27.447118759155273,1.3323938750033903,1.3273135000133607
1840,blur,high,2,2,blur,blur,False,0.03831448033452034,0.75958251953125,25.27927017211914,0.03831448033452034,0.75958251953125,25.27927017211914,1.3323938750033903,1.3273135000133607
1841,blur,medium,2,2,blur,blur,False,0.03172844648361206,0.8237865567207336,26.391374588012695,0.03172844648361206,0.8237865567207336,26.391374588012695,1.3323938750033903,1.3273135000133607
1842,clean,none,0,0,clean,clean,False,0.0,1.0,100.0,0.0,1.0,100.0,1.3323938750033903,1.3273135000133607
1843,occlusion,high,3,3,occlusion,occlusion,False,0.08943042904138565,0.441654235124588,18.461135864257812,0.08943042904138565,0.441654235124588,18.461135864257812,1.3323938750033903,1.3273135000133607
1844,occlusion,medium,3,3,occlusion,occlusion,False,0.06344101577997208,0.6573238968849182,20.360506057739258,0.06344101577997208,0.6573238968849182,20.360506057739258,1.3323938750033903,1.3273135000133607
1845,clean,none,0,0,clean,clean,False,0.0,1.0,100.0,0.0,1.0,100.0,1.3323938750033903,1.3273135000133607
1846,salt_pepper,medium,1,1,salt_pepper,salt_pepper,False,0.04223335161805153,0.7935263514518738,24.810428619384766,0.04223335161805153,0.7935263514518738,24.810428619384766,1.3323938750033903,1.3273135000133607
1847,salt_pepper,high,1,1,salt_pepper,salt_pepper,False,0.030667535960674286,0.8688494563102722,27.16516876220703,0.030667535960674286,0.8688494563102722,27.16516876220703,1.3323938750033903,1.3273135000133607
1848,salt_pepper,low,1,1,salt_pepper,salt_pepper,False,0.02874632179737091,0.8573768734931946,27.125751495361328,0.02874632179737091,0.8573768734931946,27.125751495361328,1.3323938750033903,1.3273135000133607
1849,clean,none,0,0,clean,clean,False,0.0,1.0,100.0,0.0,1.0,100.0,1.3323938750033903,1.3273135000133607
1850,blur,high,2,2,blur,blur,False,0.06204487010836601,0.7121608853340149,21.33826446533203,0.06204487010836601,0.7121608853340149,21.33826446533203,1.3323938750033903,1.3273135000133607
1851,blur,low,2,2,blur,blur,False,0.03233771398663521,0.8589760661125183,27.233810424804688,0.03233771398663521,0.8589760661125183,27.233810424804688,1.3323938750033903,1.3273135000133607
1852,occlusion,medium,3,3,occlusion,occlusion,False,0.05080007016658783,0.7007699012756348,22.14144515991211,0.05080007016658783,0.7007699012756348,22.14144515991211,1.3323938750033903,1.3273135000133607
1853,blur,low,2,2,blur,blur,False,0.04463125392794609,0.7406824231147766,24.5189208984375,0.04463125392794609,0.7406824231147766,24.5189208984375,1.3323938750033903,1.3273135000133607
1854,salt_pepper,low,1,1,salt_pepper,salt_pepper,False,0.04520776867866516,0.8307363986968994,24.137380599975586,0.04520776867866516,0.8307363986968994,24.137380599975586,1.3323938750033903,1.3273135000133607
1855,blur,high,2,2,blur,blur,False,0.034619010984897614,0.8370006680488586,26.46552085876465,0.034619010984897614,0.8370006680488586,26.46552085876465,1.3323938750033903,1.3273135000133607
1856,occlusion,medium,3,3,occlusion,occlusion,False,0.04488814249634743,0.7952086925506592,23.030200958251953,0.04488814249634743,0.7952086925506592,23.030200958251953,1.091607968731978,1.0497005937395443
1857,clean,none,0,0,clean,clean,False,0.0,1.0,100.0,0.0,1.0,100.0,1.091607968731978,1.0497005937395443
1858,occlusion,low,3,3,occlusion,occlusion,False,0.03697662428021431,0.7842333912849426,25.126670837402344,0.03697662428021431,0.7842333912849426,25.126670837402344,1.091607968731978,1.0497005937395443
1859,occlusion,high,3,3,occlusion,occlusion,False,0.1203698217868805,0.46205174922943115,15.76331615447998,0.1203698217868805,0.46205174922943115,15.76331615447998,1.091607968731978,1.0497005937395443
1860,salt_pepper,medium,1,1,salt_pepper,salt_pepper,False,0.025891706347465515,0.8863234519958496,28.21669578552246,0.025891706347465515,0.8863234519958496,28.21669578552246,1.091607968731978,1.0497005937395443
1861,salt_pepper,high,1,1,salt_pepper,salt_pepper,False,0.030352482572197914,0.8323781490325928,27.388282775878906,0.030352482572197914,0.8323781490325928,27.388282775878906,1.091607968731978,1.0497005937395443
1862,clean,none,0,0,clean,clean,False,0.0,1.0,100.0,0.0,1.0,100.0,1.091607968731978,1.0497005937395443
1863,clean,none,0,0,clean,clean,False,0.0,1.0,100.0,0.0,1.0,100.0,1.091607968731978,1.0497005937395443
1864,clean,none,0,0,clean,clean,False,0.0,1.0,100.0,0.0,1.0,100.0,1.091607968731978,1.0497005937395443
1865,clean,none,0,0,clean,clean,False,0.0,1.0,100.0,0.0,1.0,100.0,1.091607968731978,1.0497005937395443
1866,occlusion,low,3,3,occlusion,occlusion,False,0.03823583945631981,0.7693338394165039,24.917200088500977,0.03823583945631981,0.7693338394165039,24.917200088500977,1.091607968731978,1.0497005937395443
1867,salt_pepper,low,1,1,salt_pepper,salt_pepper,False,0.06181654706597328,0.7477974891662598,21.165878295898438,0.06181654706597328,0.7477974891662598,21.165878295898438,1.091607968731978,1.0497005937395443
1868,blur,medium,2,2,blur,blur,False,0.031546223908662796,0.8863318562507629,27.083404541015625,0.0315462201833725,0.8863315582275391,27.083404541015625,1.091607968731978,1.0497005937395443
1869,blur,medium,2,2,blur,blur,False,0.04494847357273102,0.8180916905403137,24.144775390625,0.04494846984744072,0.8180916905403137,24.144775390625,1.091607968731978,1.0497005937395443
1870,clean,none,0,0,clean,clean,False,0.0,1.0,100.0,0.0,1.0,100.0,1.091607968731978,1.0497005937395443
1871,occlusion,medium,3,3,occlusion,occlusion,False,0.04615664854645729,0.7562522888183594,23.019763946533203,0.04615664854645729,0.7562522888183594,23.019763946533203,1.091607968731978,1.0497005937395443
1872,blur,medium,2,2,blur,blur,False,0.02608427219092846,0.9099612832069397,26.50183868408203,0.02608427405357361,0.9099612832069397,26.50183868408203,1.091607968731978,1.0497005937395443
1873,clean,none,0,0,clean,clean,False,0.0,1.0,100.0,0.0,1.0,100.0,1.091607968731978,1.0497005937395443
1874,occlusion,high,3,3,occlusion,occlusion,False,0.05658598244190216,0.6041823029518127,20.953773498535156,0.05658598244190216,0.6041823029518127,20.953773498535156,1.091607968731978,1.0497005937395443
1875,blur,low,2,2,blur,blur,False,0.046317923814058304,0.6407859921455383,24.500850677490234,0.046317923814058304,0.6407859921455383,24.500850677490234,1.091607968731978,1.0497005937395443
1876,salt_pepper,high,1,1,salt_pepper,salt_pepper,False,0.03666428104043007,0.8716965317726135,25.13145637512207,0.03666428104043007,0.8716965317726135,25.13145637512207,1.091607968731978,1.0497005937395443
1877,occlusion,medium,3,3,occlusion,occlusion,False,0.05308208242058754,0.7186493277549744,21.304168701171875,0.05308208242058754,0.7186493277549744,21.304168701171875,1.091607968731978,1.0497005937395443
1878,clean,none,0,0,clean,clean,False,0.0,1.0,100.0,0.0,1.0,100.0,1.091607968731978,1.0497005937395443
1879,occlusion,high,3,3,occlusion,occlusion,False,0.046539630740880966,0.69113689661026,22.758577346801758,0.046539630740880966,0.69113689661026,22.758577346801758,1.091607968731978,1.0497005937395443
1880,clean,none,0,0,clean,clean,False,0.0,1.0,100.0,0.0,1.0,100.0,1.091607968731978,1.0497005937395443
1881,clean,none,0,2,clean,blur,True,0.030190082266926765,0.8133257031440735,27.715152740478516,0.0,1.0,100.0,1.091607968731978,1.0497005937395443
1882,occlusion,high,3,3,occlusion,occlusion,False,0.05615176260471344,0.5939631462097168,21.412723541259766,0.05615176260471344,0.5939631462097168,21.412723541259766,1.091607968731978,1.0497005937395443
1883,clean,none,0,0,clean,clean,False,0.0,1.0,100.0,0.0,1.0,100.0,1.091607968731978,1.0497005937395443
1884,blur,medium,2,2,blur,blur,False,0.03454998508095741,0.8055780529975891,26.51390266418457,0.03454998508095741,0.8055781722068787,26.51390266418457,1.091607968731978,1.0497005937395443
1885,clean,none,0,0,clean,clean,False,0.0,1.0,100.0,0.0,1.0,100.0,1.091607968731978,1.0497005937395443
1886,clean,none,0,0,clean,clean,False,0.0,1.0,100.0,0.0,1.0,100.0,1.091607968731978,1.0497005937395443
1887,occlusion,low,3,3,occlusion,occlusion,False,0.09807843714952469,0.5554100275039673,17.860321044921875,0.09807843714952469,0.5554100275039673,17.860321044921875,1.091607968731978,1.0497005937395443
1888,blur,medium,2,2,blur,blur,False,0.05979841947555542,0.7054283022880554,22.187076568603516,0.05979841947555542,0.7054283022880554,22.187076568603516,1.6686434062478384,1.5934042187382147
1889,salt_pepper,low,1,1,salt_pepper,salt_pepper,False,0.03534121438860893,0.8386123776435852,25.965700149536133,0.03534121438860893,0.8386123776435852,25.965700149536133,1.6686434062478384,1.5934042187382147
1890,clean,none,0,0,clean,clean,False,0.0,1.0,100.0,0.0,1.0,100.0,1.6686434062478384,1.5934042187382147
1891,blur,high,2,2,blur,blur,False,0.04260702058672905,0.736631453037262,25.048398971557617,0.04260702058672905,0.736631453037262,25.048398971557617,1.6686434062478384,1.5934042187382147
1892,blur,low,2,2,blur,blur,False,0.042351704090833664,0.6743573546409607,25.21468162536621,0.042351704090833664,0.6743573546409607,25.21468162536621,1.6686434062478384,1.5934042187382147
1893,clean,none,0,0,clean,clean,False,0.0,1.0,100.0,0.0,1.0,100.0,1.6686434062478384,1.5934042187382147
1894,occlusion,high,3,3,occlusion,occlusion,False,0.08069924265146255,0.48295819759368896,17.75861167907715,0.08069924265146255,0.48295819759368896,17.75861167907715,1.6686434062478384,1.5934042187382147
1895,blur,low,2,2,blur,blur,False,0.04784885048866272,0.7494993209838867,23.340871810913086,0.04784885048866272,0.7494993209838867,23.340871810913086,1.6686434062478384,1.5934042187382147
1896,occlusion,high,3,3,occlusion,occlusion,False,0.053612690418958664,0.731541097164154,21.275232315063477,0.053612690418958664,0.731541097164154,21.275232315063477,1.6686434062478384,1.5934042187382147
1897,salt_pepper,high,1,1,salt_pepper,salt_pepper,False,0.043007999658584595,0.7905672192573547,24.822521209716797,0.043007999658584595,0.7905672192573547,24.822521209716797,1.6686434062478384,1.5934042187382147
1898,occlusion,low,3,3,occlusion,occlusion,False,0.05207084119319916,0.7634353637695312,22.240509033203125,0.05207084119319916,0.7634353637695312,22.240509033203125,1.6686434062478384,1.5934042187382147
1899,clean,none,0,0,clean,clean,False,0.0,1.0,100.0,0.0,1.0,100.0,1.6686434062478384,1.5934042187382147
1900,occlusion,medium,3,3,occlusion,occlusion,False,0.06442276388406754,0.7609935402870178,21.213655471801758,0.06442276388406754,0.7609935402870178,21.213655471801758,1.6686434062478384,1.5934042187382147
1901,clean,none,0,0,clean,clean,False,0.0,1.0,100.0,0.0,1.0,100.0,1.6686434062478384,1.5934042187382147
1902,salt_pepper,low,1,1,salt_pepper,salt_pepper,False,0.055843550711870193,0.7700946927070618,22.04388427734375,0.055843550711870193,0.7700946927070618,22.04388427734375,1.6686434062478384,1.5934042187382147
1903,blur,high,2,2,blur,blur,False,0.027241932228207588,0.8855652809143066,28.388717651367188,0.027241932228207588,0.8855652809143066,28.388717651367188,1.6686434062478384,1.5934042187382147
1904,occlusion,medium,3,3,occlusion,occlusion,False,0.06743621081113815,0.573091447353363,20.871973037719727,0.06743621081113815,0.573091447353363,20.871973037719727,1.6686434062478384,1.5934042187382147
1905,salt_pepper,medium,1,1,salt_pepper,salt_pepper,False,0.04654376581311226,0.7803093791007996,23.796981811523438,0.04654376581311226,0.7803093791007996,23.796981811523438,1.6686434062478384,1.5934042187382147
1906,salt_pepper,medium,1,1,salt_pepper,salt_pepper,False,0.06176413223147392,0.7385842204093933,21.384048461914062,0.06176413223147392,0.7385842204093933,21.384048461914062,1.6686434062478384,1.5934042187382147
1907,salt_pepper,high,1,1,salt_pepper,salt_pepper,False,0.057047586888074875,0.7724635004997253,21.432723999023438,0.057047586888074875,0.7724635004997253,21.432723999023438,1.6686434062478384,1.5934042187382147
1908,salt_pepper,medium,1,1,salt_pepper,salt_pepper,False,0.04143237695097923,0.8433124423027039,25.366628646850586,0.04143237695097923,0.8433124423027039,25.366628646850586,1.6686434062478384,1.5934042187382147
1909,clean,none,0,0,clean,clean,False,0.0,1.0,100.0,0.0,1.0,100.0,1.6686434062478384,1.5934042187382147
1910,occlusion,low,3,3,occlusion,occlusion,False,0.04367075860500336,0.7086918950080872,24.385971069335938,0.04367075860500336,0.7086918950080872,24.385971069335938,1.6686434062478384,1.5934042187382147
1911,blur,medium,2,2,blur,blur,False,0.04686049744486809,0.780038058757782,23.359411239624023,0.04686049744486809,0.780038058757782,23.359411239624023,1.6686434062478384,1.5934042187382147
1912,salt_pepper,high,1,1,salt_pepper,salt_pepper,False,0.05989484116435051,0.6096794605255127,22.06521987915039,0.05989484116435051,0.6096794605255127,22.06521987915039,1.6686434062478384,1.5934042187382147
1913,clean,none,0,0,clean,clean,False,0.0,1.0,100.0,0.0,1.0,100.0,1.6686434062478384,1.5934042187382147
1914,salt_pepper,medium,1,1,salt_pepper,salt_pepper,False,0.03372761979699135,0.9186219573020935,27.774240493774414,0.03372761979699135,0.9186219573020935,27.774240493774414,1.6686434062478384,1.5934042187382147
1915,occlusion,medium,3,3,occlusion,occlusion,False,0.04731115326285362,0.735034704208374,23.28341293334961,0.04731115326285362,0.735034704208374,23.28341293334961,1.6686434062478384,1.5934042187382147
1916,blur,medium,2,2,blur,blur,False,0.03993649035692215,0.7961112856864929,25.37539291381836,0.03993649035692215,0.7961112856864929,25.37539291381836,1.6686434062478384,1.5934042187382147
1917,occlusion,low,3,3,occlusion,occlusion,False,0.07182853668928146,0.6250655055046082,20.163761138916016,0.07182853668928146,0.6250655055046082,20.163761138916016,1.6686434062478384,1.5934042187382147
1918,clean,none,0,0,clean,clean,False,0.0,1.0,100.0,0.0,1.0,100.0,1.6686434062478384,1.5934042187382147
1919,salt_pepper,high,1,1,salt_pepper,salt_pepper,False,0.07200493663549423,0.7198857665061951,20.44883918762207,0.07200493663549423,0.7198857665061951,20.44883918762207,1.6686434062478384,1.5934042187382147
1920,salt_pepper,medium,1,1,salt_pepper,salt_pepper,False,0.03765171021223068,0.7999553084373474,25.839082717895508,0.03765171021223068,0.7999553084373474,25.839082717895508,1.3674236562337683,1.378929718754307
1921,clean,none,0,0,clean,clean,False,0.0,1.0,100.0,0.0,1.0,100.0,1.3674236562337683,1.378929718754307
1922,salt_pepper,high,1,1,salt_pepper,salt_pepper,False,0.07725159078836441,0.625751256942749,20.2742919921875,0.07725159078836441,0.625751256942749,20.2742919921875,1.3674236562337683,1.378929718754307
1923,salt_pepper,medium,1,1,salt_pepper,salt_pepper,False,0.05174323916435242,0.7057564854621887,22.479610443115234,0.05174323916435242,0.7057564854621887,22.479610443115234,1.3674236562337683,1.378929718754307
1924,occlusion,medium,3,3,occlusion,occlusion,False,0.05587081238627434,0.6893319487571716,22.277469635009766,0.05587081238627434,0.6893319487571716,22.277469635009766,1.3674236562337683,1.378929718754307
1925,blur,medium,2,2,blur,blur,False,0.048599764704704285,0.7170572876930237,23.425731658935547,0.048599764704704285,0.7170572876930237,23.425731658935547,1.3674236562337683,1.378929718754307
1926,occlusion,low,3,3,occlusion,occlusion,False,0.030558371916413307,0.8562712669372559,26.770715713500977,0.030558371916413307,0.8562712669372559,26.770715713500977,1.3674236562337683,1.378929718754307
1927,blur,medium,2,2,blur,blur,False,0.0317700058221817,0.7966936230659485,27.36036491394043,0.0317700058221817,0.7966936230659485,27.36036491394043,1.3674236562337683,1.378929718754307
1928,clean,none,0,0,clean,clean,False,0.0,1.0,100.0,0.0,1.0,100.0,1.3674236562337683,1.378929718754307
1929,occlusion,low,3,3,occlusion,occlusion,False,0.05666650831699371,0.6795647740364075,22.118322372436523,0.05666650831699371,0.6795647740364075,22.118322372436523,1.3674236562337683,1.378929718754307
1930,clean,none,0,0,clean,clean,False,0.0,1.0,100.0,0.0,1.0,100.0,1.3674236562337683,1.378929718754307
1931,clean,none,0,0,clean,clean,False,0.0,1.0,100.0,0.0,1.0,100.0,1.3674236562337683,1.378929718754307
1932,clean,none,0,0,clean,clean,False,0.0,1.0,100.0,0.0,1.0,100.0,1.3674236562337683,1.378929718754307
1933,salt_pepper,medium,1,1,salt_pepper,salt_pepper,False,0.04598037898540497,0.7334001660346985,24.579240798950195,0.04598037898540497,0.7334001660346985,24.579240798950195,1.3674236562337683,1.378929718754307
1934,clean,none,0,0,clean,clean,False,0.0,1.0,100.0,0.0,1.0,100.0,1.3674236562337683,1.378929718754307
1935,blur,low,2,2,blur,blur,False,0.05050712823867798,0.7165272831916809,22.721920013427734,0.05050712823867798,0.7165272831916809,22.721920013427734,1.3674236562337683,1.378929718754307
1936,occlusion,high,3,3,occlusion,occlusion,False,0.06339764595031738,0.6754164099693298,19.309146881103516,0.06339764595031738,0.6754164099693298,19.309146881103516,1.3674236562337683,1.378929718754307
1937,clean,none,0,0,clean,clean,False,0.0,1.0,100.0,0.0,1.0,100.0,1.3674236562337683,1.378929718754307
1938,blur,medium,2,2,blur,blur,False,0.057371899485588074,0.6510041356086731,22.597387313842773,0.057371899485588074,0.6510041356086731,22.597387313842773,1.3674236562337683,1.378929718754307
1939,salt_pepper,medium,1,1,salt_pepper,salt_pepper,False,0.05849491432309151,0.6844480037689209,22.26375389099121,0.05849491432309151,0.6844480037689209,22.26375389099121,1.3674236562337683,1.378929718754307
1940,clean,none,0,0,clean,clean,False,0.0,1.0,100.0,0.0,1.0,100.0,1.3674236562337683,1.378929718754307
1941,clean,none,0,0,clean,clean,False,0.0,1.0,100.0,0.0,1.0,100.0,1.3674236562337683,1.378929718754307
1942,occlusion,medium,3,3,occlusion,occlusion,False,0.03946356475353241,0.7756099104881287,23.901578903198242,0.03946356475353241,0.7756099104881287,23.901578903198242,1.3674236562337683,1.378929718754307
1943,blur,low,2,2,blur,blur,False,0.05754846706986427,0.769061803817749,21.806995391845703,0.05754846706986427,0.769061803817749,21.806995391845703,1.3674236562337683,1.378929718754307
1944,clean,none,0,0,clean,clean,False,0.0,1.0,100.0,0.0,1.0,100.0,1.3674236562337683,1.378929718754307
1945,clean,none,0,0,clean,clean,False,0.0,1.0,100.0,0.0,1.0,100.0,1.3674236562337683,1.378929718754307
1946,salt_pepper,low,1,1,salt_pepper,salt_pepper,False,0.052928607910871506,0.6625590324401855,22.846405029296875,0.052928607910871506,0.6625590324401855,22.846405029296875,1.3674236562337683,1.378929718754307
1947,salt_pepper,medium,1,1,salt_pepper,salt_pepper,False,0.058704134076833725,0.7755341529846191,21.28718376159668,0.058704134076833725,0.7755341529846191,21.28718376159668,1.3674236562337683,1.378929718754307
1948,clean,none,0,0,clean,clean,False,0.0,1.0,100.0,0.0,1.0,100.0,1.3674236562337683,1.378929718754307
1949,blur,medium,2,2,blur,blur,False,0.03270895779132843,0.8425841927528381,27.031583786010742,0.03270895779132843,0.8425841927528381,27.031583786010742,1.3674236562337683,1.378929718754307
1950,blur,high,2,2,blur,blur,False,0.03578147664666176,0.8108269572257996,25.463380813598633,0.03578147664666176,0.8108269572257996,25.463380813598633,1.3674236562337683,1.378929718754307
1951,salt_pepper,medium,1,1,salt_pepper,salt_pepper,False,0.07427475601434708,0.6512036323547363,20.213911056518555,0.07427475601434708,0.6512036323547363,20.213911056518555,1.3674236562337683,1.378929718754307
1952,clean,none,0,0,clean,clean,False,0.0,1.0,100.0,0.0,1.0,100.0,1.7326403749962083,1.737103624975589
1953,salt_pepper,low,1,1,salt_pepper,salt_pepper,False,0.05120120942592621,0.8409857749938965,22.684284210205078,0.05120120942592621,0.8409857749938965,22.684284210205078,1.7326403749962083,1.737103624975589
1954,blur,medium,2,2,blur,blur,False,0.03932962939143181,0.8459956645965576,25.351032257080078,0.03932962939143181,0.8459956645965576,25.351032257080078,1.7326403749962083,1.737103624975589
1955,blur,medium,2,2,blur,blur,False,0.042787011712789536,0.8088154792785645,24.654024124145508,0.042787011712789536,0.8088154792785645,24.654024124145508,1.7326403749962083,1.737103624975589
1956,blur,high,2,2,blur,blur,False,0.04416036605834961,0.7378053069114685,24.775535583496094,0.04416036605834961,0.7378053069114685,24.775535583496094,1.7326403749962083,1.737103624975589
1957,occlusion,high,3,3,occlusion,occlusion,False,0.05932546779513359,0.6017561554908752,20.39626693725586,0.05932546779513359,0.6017561554908752,20.39626693725586,1.7326403749962083,1.737103624975589
1958,salt_pepper,low,1,1,salt_pepper,salt_pepper,False,0.046968359500169754,0.7407696843147278,24.08522605895996,0.046968359500169754,0.7407696843147278,24.08522605895996,1.7326403749962083,1.737103624975589
1959,occlusion,low,3,3,occlusion,occlusion,False,0.03678451105952263,0.7299426198005676,24.958818435668945,0.03678451105952263,0.7299426198005676,24.958818435668945,1.7326403749962083,1.737103624975589
1960,occlusion,medium,3,3,occlusion,occlusion,False,0.05924701690673828,0.6352673172950745,21.503028869628906,0.05924701690673828,0.6352673172950745,21.503028869628906,1.7326403749962083,1.737103624975589
1961,occlusion,medium,3,3,occlusion,occlusion,False,0.06817676872015,0.6562953591346741,19.714948654174805,0.06817676872015,0.6562953591346741,19.714948654174805,1.7326403749962083,1.737103624975589
1962,blur,low,2,2,blur,blur,False,0.0637291893362999,0.6806435585021973,21.41228485107422,0.0637291893362999,0.6806435585021973,21.41228485107422,1.7326403749962083,1.737103624975589
1963,occlusion,medium,3,3,occlusion,occlusion,False,0.05108718201518059,0.7331683039665222,22.068910598754883,0.05108718201518059,0.7331683039665222,22.068910598754883,1.7326403749962083,1.737103624975589
1964,clean,none,0,0,clean,clean,False,0.0,1.0,100.0,0.0,1.0,100.0,1.7326403749962083,1.737103624975589
1965,clean,none,0,0,clean,clean,False,0.0,1.0,100.0,0.0,1.0,100.0,1.7326403749962083,1.737103624975589
1966,blur,medium,2,2,blur,blur,False,0.043322768062353134,0.8340601921081543,25.156131744384766,0.043322768062353134,0.8340601921081543,25.156131744384766,1.7326403749962083,1.737103624975589
1967,salt_pepper,high,1,1,salt_pepper,salt_pepper,False,0.06065184250473976,0.7087487578392029,21.513816833496094,0.06065184250473976,0.7087487578392029,21.513816833496094,1.7326403749962083,1.737103624975589
1968,salt_pepper,medium,1,1,salt_pepper,salt_pepper,False,0.03639822080731392,0.785819947719574,25.465612411499023,0.03639822080731392,0.785819947719574,25.465612411499023,1.7326403749962083,1.737103624975589
1969,salt_pepper,medium,1,1,salt_pepper,salt_pepper,False,0.03808809816837311,0.7950348854064941,24.973840713500977,0.03808809816837311,0.7950348854064941,24.973840713500977,1.7326403749962083,1.737103624975589
1970,clean,none,0,0,clean,clean,False,0.0,1.0,100.0,0.0,1.0,100.0,1.7326403749962083,1.737103624975589
1971,blur,medium,2,2,blur,blur,False,0.029781902208924294,0.8725622296333313,27.086732864379883,0.029781902208924294,0.8725622296333313,27.086732864379883,1.7326403749962083,1.737103624975589
1972,blur,high,2,2,blur,blur,False,0.036537230014801025,0.7795203328132629,26.325634002685547,0.036537230014801025,0.7795203328132629,26.325634002685547,1.7326403749962083,1.737103624975589
1973,salt_pepper,high,1,1,salt_pepper,salt_pepper,False,0.0896461233496666,0.6629657745361328,18.92514991760254,0.0896461233496666,0.6629657745361328,18.92514991760254,1.7326403749962083,1.737103624975589
1974,salt_pepper,low,1,1,salt_pepper,salt_pepper,False,0.0453830324113369,0.7281217575073242,24.029390335083008,0.0453830324113369,0.7281217575073242,24.029390335083008,1.7326403749962083,1.737103624975589
1975,occlusion,low,3,3,occlusion,occlusion,False,0.05279583856463432,0.7151908278465271,21.851131439208984,0.05279583856463432,0.7151908278465271,21.851131439208984,1.7326403749962083,1.737103624975589
1976,occlusion,low,3,3,occlusion,occlusion,False,0.06897062063217163,0.5809102654457092,20.192258834838867,0.06897062063217163,0.5809102654457092,20.192258834838867,1.7326403749962083,1.737103624975589
1977,clean,none,0,0,clean,clean,False,0.0,1.0,100.0,0.0,1.0,100.0,1.7326403749962083,1.737103624975589
1978,salt_pepper,high,1,1,salt_pepper,salt_pepper,False,0.045547664165496826,0.7776039242744446,23.862506866455078,0.045547664165496826,0.7776039242744446,23.862506866455078,1.7326403749962083,1.737103624975589
1979,blur,low,2,2,blur,blur,False,0.04821902886033058,0.7902986407279968,23.57681655883789,0.04821902886033058,0.7902986407279968,23.57681655883789,1.7326403749962083,1.737103624975589
1980,blur,high,2,2,blur,blur,False,0.046146173030138016,0.5799833536148071,24.502315521240234,0.046146173030138016,0.5799833536148071,24.502315521240234,1.7326403749962083,1.737103624975589
1981,occlusion,low,3,3,occlusion,occlusion,False,0.04665162041783333,0.7515287399291992,22.777196884155273,0.04665162041783333,0.7515287399291992,22.777196884155273,1.7326403749962083,1.737103624975589
1982,salt_pepper,low,1,1,salt_pepper,salt_pepper,False,0.025766626000404358,0.8372340202331543,28.995391845703125,0.025766626000404358,0.8372340202331543,28.995391845703125,1.7326403749962083,1.737103624975589
1983,occlusion,medium,3,3,occlusion,occlusion,False,0.04098029062151909,0.719327986240387,23.625497817993164,0.04098029062151909,0.719327986240387,23.625497817993164,1.7326403749962083,1.737103624975589
1984,blur,medium,2,2,blur,blur,False,0.024599507451057434,0.8636322021484375,30.04217529296875,0.024599507451057434,0.8636322021484375,30.04217529296875,1.1486617499940621,1.2595550312539672
1985,clean,none,0,0,clean,clean,False,0.0,1.0,100.0,0.0,1.0,100.0,1.1486617499940621,1.2595550312539672
1986,clean,none,0,0,clean,clean,False,0.0,1.0,100.0,0.0,1.0,100.0,1.1486617499940621,1.2595550312539672
1987,salt_pepper,high,1,1,salt_pepper,salt_pepper,False,0.04000304266810417,0.7937400937080383,25.750469207763672,0.04000304266810417,0.7937400937080383,25.750469207763672,1.1486617499940621,1.2595550312539672
1988,occlusion,high,3,3,occlusion,occlusion,False,0.06216439604759216,0.6317622661590576,18.91710090637207,0.06216438114643097,0.6317622661590576,18.917110443115234,1.1486617499940621,1.2595550312539672
1989,clean,none,0,0,clean,clean,False,0.0,1.0,100.0,0.0,1.0,100.0,1.1486617499940621,1.2595550312539672
1990,clean,none,0,0,clean,clean,False,0.0,1.0,100.0,0.0,1.0,100.0,1.1486617499940621,1.2595550312539672
1991,salt_pepper,medium,1,1,salt_pepper,salt_pepper,False,0.039191827178001404,0.8329702019691467,23.601276397705078,0.039191827178001404,0.8329702019691467,23.601276397705078,1.1486617499940621,1.2595550312539672
1992,occlusion,high,3,3,occlusion,occlusion,False,0.08513423055410385,0.4909503161907196,17.903446197509766,0.08513423055410385,0.4909503757953644,17.90345001220703,1.1486617499940621,1.2595550312539672
1993,blur,medium,2,2,blur,blur,False,0.03480092063546181,0.8477707505226135,26.24896812438965,0.03480092063546181,0.8477707505226135,26.24896812438965,1.1486617499940621,1.2595550312539672
1994,clean,none,0,0,clean,clean,False,0.0,1.0,100.0,0.0,1.0,100.0,1.1486617499940621,1.2595550312539672
1995,occlusion,low,3,3,occlusion,occlusion,False,0.05012739822268486,0.7222733497619629,22.88031578063965,0.05012739822268486,0.7222732901573181,22.88031578063965,1.1486617499940621,1.2595550312539672
1996,salt_pepper,medium,1,1,salt_pepper,salt_pepper,False,0.037494804710149765,0.8129640221595764,25.962703704833984,0.037494804710149765,0.8129640221595764,25.962703704833984,1.1486617499940621,1.2595550312539672
1997,occlusion,low,3,3,occlusion,occlusion,False,0.04002974554896355,0.8090105056762695,24.533771514892578,0.04002973064780235,0.8090105056762695,24.533775329589844,1.1486617499940621,1.2595550312539672
1998,clean,none,0,0,clean,clean,False,0.0,1.0,100.0,0.0,1.0,100.0,1.1486617499940621,1.2595550312539672
1999,clean,none,0,0,clean,clean,False,0.0,1.0,100.0,0.0,1.0,100.0,1.1486617499940621,1.2595550312539672
2000,occlusion,medium,3,3,occlusion,occlusion,False,0.04738767817616463,0.7569459080696106,20.44454574584961,0.04738764464855194,0.7569462656974792,20.44455337524414,1.1486617499940621,1.2595550312539672
2001,occlusion,medium,3,3,occlusion,occlusion,False,0.1072562038898468,0.6091647744178772,16.76034164428711,0.10725618153810501,0.6091646552085876,16.76034164428711,1.1486617499940621,1.2595550312539672
2002,occlusion,low,3,0,occlusion,clean,True,0.043813273310661316,0.8889806866645813,16.6336612701416,0.04921630397439003,0.7088416218757629,22.275352478027344,1.1486617499940621,1.2595550312539672
2003,occlusion,low,3,3,occlusion,occlusion,False,0.04748049005866051,0.68792724609375,21.595441818237305,0.04748048260807991,0.68792724609375,21.595439910888672,1.1486617499940621,1.2595550312539672
2004,occlusion,medium,3,3,occlusion,occlusion,False,0.027816936373710632,0.8462783694267273,23.435039520263672,0.027816936373710632,0.8462784290313721,23.43503761291504,1.1486617499940621,1.2595550312539672
2005,blur,medium,2,2,blur,blur,False,0.02750209905207157,0.8390563130378723,28.319808959960938,0.02750209905207157,0.8390563130378723,28.319808959960938,1.1486617499940621,1.2595550312539672
2006,clean,none,0,0,clean,clean,False,0.0,1.0,100.0,0.0,1.0,100.0,1.1486617499940621,1.2595550312539672
2007,salt_pepper,low,1,1,salt_pepper,salt_pepper,False,0.028995096683502197,0.8211943507194519,28.100170135498047,0.028995096683502197,0.8211943507194519,28.100170135498047,1.1486617499940621,1.2595550312539672
2008,clean,none,0,0,clean,clean,False,0.0,1.0,100.0,0.0,1.0,100.0,1.1486617499940621,1.2595550312539672
2009,salt_pepper,low,1,1,salt_pepper,salt_pepper,False,0.039087045937776566,0.8501202464103699,25.02631378173828,0.039087045937776566,0.8501202464103699,25.02631378173828,1.1486617499940621,1.2595550312539672
2010,blur,high,2,2,blur,blur,False,0.03523271530866623,0.799554169178009,26.004608154296875,0.03523271530866623,0.799554169178009,26.004608154296875,1.1486617499940621,1.2595550312539672
2011,clean,none,0,0,clean,clean,False,0.0,1.0,100.0,0.0,1.0,100.0,1.1486617499940621,1.2595550312539672
2012,occlusion,high,3,3,occlusion,occlusion,False,0.08614913374185562,0.5396358966827393,18.045001983642578,0.08614916354417801,0.539635956287384,18.044998168945312,1.1486617499940621,1.2595550312539672
2013,occlusion,low,3,3,occlusion,occlusion,False,0.03833635151386261,0.8008598685264587,24.356491088867188,0.03833634406328201,0.8008593916893005,24.356491088867188,1.1486617499940621,1.2595550312539672
2014,clean,none,0,0,clean,clean,False,0.0,1.0,100.0,0.0,1.0,100.0,1.1486617499940621,1.2595550312539672
2015,blur,high,2,2,blur,blur,False,0.025879770517349243,0.8826358318328857,28.590312957763672,0.025879770517349243,0.8826358318328857,28.590312957763672,1.1486617499940621,1.2595550312539672
2016,blur,low,2,2,blur,blur,False,0.035136628895998,0.8284106254577637,26.200359344482422,0.035136628895998,0.8284106254577637,26.200359344482422,1.4194801562439352,1.4278068750002149
2017,blur,medium,2,2,blur,blur,False,0.058907512575387955,0.6201462149620056,22.193401336669922,0.058907512575387955,0.6201462149620056,22.193401336669922,1.4194801562439352,1.4278068750002149
2018,clean,none,0,0,clean,clean,False,0.0,1.0,100.0,0.0,1.0,100.0,1.4194801562439352,1.4278068750002149
2019,salt_pepper,high,1,1,salt_pepper,salt_pepper,False,0.034762460738420486,0.816178023815155,26.328262329101562,0.034762460738420486,0.816178023815155,26.328262329101562,1.4194801562439352,1.4278068750002149
2020,blur,high,2,2,blur,blur,False,0.05431569740176201,0.648393452167511,22.64690399169922,0.05431569740176201,0.648393452167511,22.64690399169922,1.4194801562439352,1.4278068750002149
2021,blur,medium,2,2,blur,blur,False,0.059476252645254135,0.7174296379089355,21.41178321838379,0.059476252645254135,0.7174296379089355,21.41178321838379,1.4194801562439352,1.4278068750002149
2022,occlusion,high,3,3,occlusion,occlusion,False,0.06610062718391418,0.6464760899543762,19.16272735595703,0.06610062718391418,0.6464760899543762,19.16272735595703,1.4194801562439352,1.4278068750002149
2023,salt_pepper,low,1,1,salt_pepper,salt_pepper,False,0.03873676434159279,0.805182158946991,25.506322860717773,0.03873676434159279,0.805182158946991,25.506322860717773,1.4194801562439352,1.4278068750002149
2024,salt_pepper,low,1,1,salt_pepper,salt_pepper,False,0.025460822507739067,0.8317717909812927,28.88886260986328,0.025460822507739067,0.8317717909812927,28.88886260986328,1.4194801562439352,1.4278068750002149
2025,blur,medium,2,2,blur,blur,False,0.07359974831342697,0.799909770488739,20.272958755493164,0.07359974831342697,0.799909770488739,20.272958755493164,1.4194801562439352,1.4278068750002149
2026,salt_pepper,low,1,1,salt_pepper,salt_pepper,False,0.04560623690485954,0.7593101859092712,23.363327026367188,0.04560623690485954,0.7593101859092712,23.363327026367188,1.4194801562439352,1.4278068750002149
2027,occlusion,high,3,3,occlusion,occlusion,False,0.04137307032942772,0.6726499199867249,23.66156768798828,0.04137307032942772,0.6726499199867249,23.66156768798828,1.4194801562439352,1.4278068750002149
2028,salt_pepper,medium,1,1,salt_pepper,salt_pepper,False,0.04152745380997658,0.7724905014038086,23.42078971862793,0.04152745380997658,0.7724905014038086,23.42078971862793,1.4194801562439352,1.4278068750002149
2029,clean,none,0,0,clean,clean,False,0.0,1.0,100.0,0.0,1.0,100.0,1.4194801562439352,1.4278068750002149
2030,occlusion,low,3,3,occlusion,occlusion,False,0.022467948496341705,0.8890250325202942,29.0501766204834,0.022467948496341705,0.8890250325202942,29.0501766204834,1.4194801562439352,1.4278068750002149
2031,salt_pepper,high,1,1,salt_pepper,salt_pepper,False,0.037414971739053726,0.8638595938682556,23.880229949951172,0.037414971739053726,0.8638595938682556,23.880229949951172,1.4194801562439352,1.4278068750002149
2032,blur,low,2,2,blur,blur,False,0.02463936060667038,0.8801414966583252,28.6536865234375,0.02463936060667038,0.8801414966583252,28.6536865234375,1.4194801562439352,1.4278068750002149
2033,blur,medium,2,2,blur,blur,False,0.029555758461356163,0.8792449831962585,27.332645416259766,0.029555758461356163,0.8792449831962585,27.332645416259766,1.4194801562439352,1.4278068750002149
2034,occlusion,low,3,3,occlusion,occlusion,False,0.030630143359303474,0.8767594695091248,25.499135971069336,0.030630143359303474,0.8767594695091248,25.499135971069336,1.4194801562439352,1.4278068750002149
2035,clean,none,0,0,clean,clean,False,0.0,1.0,100.0,0.0,1.0,100.0,1.4194801562439352,1.4278068750002149
2036,salt_pepper,high,1,1,salt_pepper,salt_pepper,False,0.03984132036566734,0.8556769490242004,24.249141693115234,0.03984132036566734,0.8556769490242004,24.249141693115234,1.4194801562439352,1.4278068750002149
2037,occlusion,medium,3,3,occlusion,occlusion,False,0.047134626656770706,0.7302766442298889,22.681177139282227,0.047134626656770706,0.7302766442298889,22.681177139282227,1.4194801562439352,1.4278068750002149
2038,clean,none,0,0,clean,clean,False,0.0,1.0,100.0,0.0,1.0,100.0,1.4194801562439352,1.4278068750002149
2039,salt_pepper,high,1,1,salt_pepper,salt_pepper,False,0.05181507393717766,0.735465943813324,22.593870162963867,0.05181507393717766,0.735465943813324,22.593870162963867,1.4194801562439352,1.4278068750002149
2040,occlusion,high,3,3,occlusion,occlusion,False,0.09206295758485794,0.470294713973999,16.613204956054688,0.09206295758485794,0.470294713973999,16.613204956054688,1.4194801562439352,1.4278068750002149
2041,clean,none,0,0,clean,clean,False,0.0,1.0,100.0,0.0,1.0,100.0,1.4194801562439352,1.4278068750002149
2042,salt_pepper,low,1,1,salt_pepper,salt_pepper,False,0.03714780882000923,0.8208362460136414,24.695158004760742,0.03714780882000923,0.8208362460136414,24.695158004760742,1.4194801562439352,1.4278068750002149
2043,clean,none,0,0,clean,clean,False,0.0,1.0,100.0,0.0,1.0,100.0,1.4194801562439352,1.4278068750002149
2044,occlusion,medium,3,3,occlusion,occlusion,False,0.03916856274008751,0.7752079963684082,22.868854522705078,0.03916856274008751,0.7752079963684082,22.868854522705078,1.4194801562439352,1.4278068750002149
2045,occlusion,high,3,3,occlusion,occlusion,False,0.050944920629262924,0.6748456954956055,21.72960662841797,0.050944920629262924,0.6748456954956055,21.72960662841797,1.4194801562439352,1.4278068750002149
2046,blur,low,2,2,blur,blur,False,0.049134861677885056,0.7883971333503723,23.29033660888672,0.049134861677885056,0.7883971333503723,23.29033660888672,1.4194801562439352,1.4278068750002149
2047,clean,none,0,0,clean,clean,False,0.0,1.0,100.0,0.0,1.0,100.0,1.4194801562439352,1.4278068750002149
2048,clean,none,0,0,clean,clean,False,0.0,1.0,100.0,0.0,1.0,100.0,1.5398385000082726,1.5323499062560586
2049,blur,high,2,2,blur,blur,False,0.0568610318005085,0.7909841537475586,21.097946166992188,0.0568610318005085,0.7909841537475586,21.097946166992188,1.5398385000082726,1.5323499062560586
2050,clean,none,0,0,clean,clean,False,0.0,1.0,100.0,0.0,1.0,100.0,1.5398385000082726,1.5323499062560586
2051,salt_pepper,medium,1,1,salt_pepper,salt_pepper,False,0.0359698049724102,0.7875081896781921,25.68167495727539,0.0359698049724102,0.7875081896781921,25.68167495727539,1.5398385000082726,1.5323499062560586
2052,blur,medium,2,2,blur,blur,False,0.07659272104501724,0.690974235534668,20.629863739013672,0.07659272104501724,0.690974235534668,20.629863739013672,1.5398385000082726,1.5323499062560586
2053,clean,none,0,0,clean,clean,False,0.0,1.0,100.0,0.0,1.0,100.0,1.5398385000082726,1.5323499062560586
2054,salt_pepper,medium,1,1,salt_pepper,salt_pepper,False,0.03614778444170952,0.8007262349128723,26.007709503173828,0.03614778444170952,0.8007262349128723,26.007709503173828,1.5398385000082726,1.5323499062560586
2055,occlusion,low,3,3,occlusion,occlusion,False,0.031651195138692856,0.8155942559242249,27.410900115966797,0.031651195138692856,0.8155942559242249,27.410900115966797,1.5398385000082726,1.5323499062560586
2056,blur,medium,2,2,blur,blur,False,0.05304053798317909,0.712486743927002,22.621654510498047,0.05304053798317909,0.712486743927002,22.621654510498047,1.5398385000082726,1.5323499062560586
2057,blur,high,2,2,blur,blur,False,0.03972536697983742,0.7965412735939026,25.06413459777832,0.03972536697983742,0.7965412735939026,25.06413459777832,1.5398385000082726,1.5323499062560586
2058,clean,none,0,0,clean,clean,False,0.0,1.0,100.0,0.0,1.0,100.0,1.5398385000082726,1.5323499062560586
2059,occlusion,low,3,3,occlusion,occlusion,False,0.0430147759616375,0.7916006445884705,23.033329010009766,0.0430147759616375,0.7916006445884705,23.033329010009766,1.5398385000082726,1.5323499062560586
2060,clean,none,0,0,clean,clean,False,0.0,1.0,100.0,0.0,1.0,100.0,1.5398385000082726,1.5323499062560586
2061,blur,high,2,2,blur,blur,False,0.04681326448917389,0.6857344508171082,23.149608612060547,0.04681326448917389,0.6857344508171082,23.149608612060547,1.5398385000082726,1.5323499062560586
2062,salt_pepper,low,1,1,salt_pepper,salt_pepper,False,0.041702140122652054,0.8160131573677063,24.645288467407227,0.041702140122652054,0.8160131573677063,24.645288467407227,1.5398385000082726,1.5323499062560586
2063,occlusion,low,3,3,occlusion,occlusion,False,0.03793532773852348,0.7325999140739441,24.719928741455078,0.03793532773852348,0.7325999140739441,24.719928741455078,1.5398385000082726,1.5323499062560586
2064,salt_pepper,high,1,1,salt_pepper,salt_pepper,False,0.038179412484169006,0.8014501929283142,25.386234283447266,0.038179412484169006,0.8014501929283142,25.386234283447266,1.5398385000082726,1.5323499062560586
2065,salt_pepper,low,1,1,salt_pepper,salt_pepper,False,0.04601259529590607,0.8117586970329285,23.88364601135254,0.04601259529590607,0.8117586970329285,23.88364601135254,1.5398385000082726,1.5323499062560586
2066,clean,none,0,0,clean,clean,False,0.0,1.0,100.0,0.0,1.0,100.0,1.5398385000082726,1.5323499062560586
2067,salt_pepper,high,1,1,salt_pepper,salt_pepper,False,0.035068366676568985,0.7806149125099182,26.42827796936035,0.035068366676568985,0.7806149125099182,26.42827796936035,1.5398385000082726,1.5323499062560586
2068,salt_pepper,low,1,1,salt_pepper,salt_pepper,False,0.057711780071258545,0.6688010096549988,22.234277725219727,0.057711780071258545,0.6688010096549988,22.234277725219727,1.5398385000082726,1.5323499062560586
2069,blur,high,2,2,blur,blur,False,0.08500602841377258,0.7305858731269836,19.674100875854492,0.08500602841377258,0.7305858731269836,19.674100875854492,1.5398385000082726,1.5323499062560586
2070,clean,none,0,0,clean,clean,False,0.0,1.0,100.0,0.0,1.0,100.0,1.5398385000082726,1.5323499062560586
2071,salt_pepper,low,1,1,salt_pepper,salt_pepper,False,0.0644097700715065,0.7278280258178711,21.53101348876953,0.0644097700715065,0.7278280258178711,21.53101348876953,1.5398385000082726,1.5323499062560586
2072,occlusion,medium,3,3,occlusion,occlusion,False,0.03739410638809204,0.8072855472564697,25.315521240234375,0.03739410638809204,0.8072855472564697,25.315521240234375,1.5398385000082726,1.5323499062560586
2073,blur,low,2,2,blur,blur,False,0.052543073892593384,0.6606641411781311,23.263877868652344,0.052543073892593384,0.6606641411781311,23.263877868652344,1.5398385000082726,1.5323499062560586
2074,clean,none,0,0,clean,clean,False,0.0,1.0,100.0,0.0,1.0,100.0,1.5398385000082726,1.5323499062560586
2075,blur,low,2,2,blur,blur,False,0.04171650484204292,0.8272457122802734,24.97618865966797,0.04171650484204292,0.8272457122802734,24.97618865966797,1.5398385000082726,1.5323499062560586
2076,blur,medium,2,2,blur,blur,False,0.03471336513757706,0.836651623249054,26.49542999267578,0.03471336513757706,0.836651623249054,26.49542999267578,1.5398385000082726,1.5323499062560586
2077,clean,none,0,0,clean,clean,False,0.0,1.0,100.0,0.0,1.0,100.0,1.5398385000082726,1.5323499062560586
2078,blur,medium,2,2,blur,blur,False,0.030339157208800316,0.8704515099525452,26.67619514465332,0.030339157208800316,0.8704515099525452,26.67619514465332,1.5398385000082726,1.5323499062560586
2079,salt_pepper,medium,1,1,salt_pepper,salt_pepper,False,0.03628623113036156,0.8279593586921692,26.368162155151367,0.03628623113036156,0.8279593586921692,26.368162155151367,1.5398385000082726,1.5323499062560586
2080,salt_pepper,low,1,1,salt_pepper,salt_pepper,False,0.0314566045999527,0.837343692779541,25.916194915771484,0.0314566045999527,0.837343692779541,25.916194915771484,1.3594461250079348,1.3250034062650684
2081,occlusion,high,3,3,occlusion,occlusion,False,0.09368827939033508,0.6159725785255432,17.198333740234375,0.09368827939033508,0.6159725785255432,17.198333740234375,1.3594461250079348,1.3250034062650684
2082,occlusion,medium,3,3,occlusion,occlusion,False,0.04935209080576897,0.7768304944038391,21.690027236938477,0.04935209080576897,0.7768304944038391,21.690027236938477,1.3594461250079348,1.3250034062650684
2083,salt_pepper,low,1,1,salt_pepper,salt_pepper,False,0.028510525822639465,0.9023860096931458,26.92740249633789,0.028510525822639465,0.9023860096931458,26.92740249633789,1.3594461250079348,1.3250034062650684
2084,clean,none,0,0,clean,clean,False,0.0,1.0,100.0,0.0,1.0,100.0,1.3594461250079348,1.3250034062650684
2085,occlusion,high,3,3,occlusion,occlusion,False,0.12000029534101486,0.46551719307899475,15.428671836853027,0.12000029534101486,0.46551719307899475,15.428671836853027,1.3594461250079348,1.3250034062650684
2086,clean,none,0,0,clean,clean,False,0.0,1.0,100.0,0.0,1.0,100.0,1.3594461250079348,1.3250034062650684
2087,occlusion,medium,3,3,occlusion,occlusion,False,0.0518755167722702,0.7220950126647949,21.487606048583984,0.0518755167722702,0.7220950126647949,21.487606048583984,1.3594461250079348,1.3250034062650684
2088,salt_pepper,low,1,1,salt_pepper,salt_pepper,False,0.028193898499011993,0.8694760203361511,28.13351821899414,0.028193898499011993,0.8694760203361511,28.13351821899414,1.3594461250079348,1.3250034062650684
2089,clean,none,0,0,clean,clean,False,0.0,1.0,100.0,0.0,1.0,100.0,1.3594461250079348,1.3250034062650684
2090,occlusion,high,3,3,occlusion,occlusion,False,0.06850516051054001,0.6533524990081787,17.95864486694336,0.06850516051054001,0.6533524990081787,17.95864486694336,1.3594461250079348,1.3250034062650684
2091,clean,none,0,0,clean,clean,False,0.0,1.0,100.0,0.0,1.0,100.0,1.3594461250079348,1.3250034062650684
2092,blur,low,2,2,blur,blur,False,0.03276234120130539,0.8497347235679626,25.714336395263672,0.03276234120130539,0.8497347235679626,25.714336395263672,1.3594461250079348,1.3250034062650684
2093,occlusion,medium,3,3,occlusion,occlusion,False,0.08347010612487793,0.6481525897979736,17.667339324951172,0.08347010612487793,0.6481525897979736,17.667339324951172,1.3594461250079348,1.3250034062650684
2094,blur,medium,2,2,blur,blur,False,0.0397859625518322,0.7899059653282166,24.1104679107666,0.0397859625518322,0.7899059653282166,24.1104679107666,1.3594461250079348,1.3250034062650684
2095,clean,none,0,0,clean,clean,False,0.0,1.0,100.0,0.0,1.0,100.0,1.3594461250079348,1.3250034062650684
2096,occlusion,high,3,3,occlusion,occlusion,False,0.05629083886742592,0.6373416781425476,21.291851043701172,0.05629083886742592,0.6373416781425476,21.291851043701172,1.3594461250079348,1.3250034062650684
2097,occlusion,medium,3,3,occlusion,occlusion,False,0.05196681618690491,0.7199857831001282,22.385982513427734,0.05196681618690491,0.7199857831001282,22.385982513427734,1.3594461250079348,1.3250034062650684
2098,clean,none,0,0,clean,clean,False,0.0,1.0,100.0,0.0,1.0,100.0,1.3594461250079348,1.3250034062650684
2099,salt_pepper,low,1,1,salt_pepper,salt_pepper,False,0.047272805124521255,0.761455237865448,24.132587432861328,0.047272805124521255,0.761455237865448,24.132587432861328,1.3594461250079348,1.3250034062650684
2100,clean,none,0,0,clean,clean,False,0.0,1.0,100.0,0.0,1.0,100.0,1.3594461250079348,1.3250034062650684
2101,blur,medium,2,2,blur,blur,False,0.08371642231941223,0.6885640621185303,19.245988845825195,0.08371642231941223,0.6885640621185303,19.245988845825195,1.3594461250079348,1.3250034062650684
2102,salt_pepper,medium,1,1,salt_pepper,salt_pepper,False,0.06190943345427513,0.7463695406913757,21.37497329711914,0.06190943345427513,0.7463695406913757,21.37497329711914,1.3594461250079348,1.3250034062650684
2103,blur,high,2,2,blur,blur,False,0.04487074539065361,0.7804920673370361,23.534849166870117,0.04487074539065361,0.7804920673370361,23.534849166870117,1.3594461250079348,1.3250034062650684
2104,clean,none,0,0,clean,clean,False,0.0,1.0,100.0,0.0,1.0,100.0,1.3594461250079348,1.3250034062650684
2105,occlusion,high,3,3,occlusion,occlusion,False,0.0710064172744751,0.6836667060852051,18.723495483398438,0.0710064172744751,0.6836667060852051,18.723495483398438,1.3594461250079348,1.3250034062650684
2106,clean,none,0,0,clean,clean,False,0.0,1.0,100.0,0.0,1.0,100.0,1.3594461250079348,1.3250034062650684
2107,blur,high,2,2,blur,blur,False,0.07544650882482529,0.6251639723777771,19.912525177001953,0.07544650882482529,0.6251639723777771,19.912525177001953,1.3594461250079348,1.3250034062650684
2108,clean,none,0,0,clean,clean,False,0.0,1.0,100.0,0.0,1.0,100.0,1.3594461250079348,1.3250034062650684
2109,blur,low,2,2,blur,blur,False,0.04761793091893196,0.794280469417572,22.81521987915039,0.04761793091893196,0.794280469417572,22.81521987915039,1.3594461250079348,1.3250034062650684
2110,salt_pepper,high,1,1,salt_pepper,salt_pepper,False,0.038159340620040894,0.7804173827171326,24.86200523376465,0.038159340620040894,0.7804173827171326,24.86200523376465,1.3594461250079348,1.3250034062650684
2111,clean,none,0,0,clean,clean,False,0.0,1.0,100.0,0.0,1.0,100.0,1.3594461250079348,1.3250034062650684
2112,salt_pepper,medium,1,1,salt_pepper,salt_pepper,False,0.05802789330482483,0.795146644115448,21.513858795166016,0.05802789330482483,0.795146644115448,21.513858795166016,1.5518714687345891,1.556610843749695
2113,clean,none,0,0,clean,clean,False,0.0,1.0,100.0,0.0,1.0,100.0,1.5518714687345891,1.556610843749695
2114,clean,none,0,0,clean,clean,False,0.0,1.0,100.0,0.0,1.0,100.0,1.5518714687345891,1.556610843749695
2115,clean,none,0,0,clean,clean,False,0.0,1.0,100.0,0.0,1.0,100.0,1.5518714687345891,1.556610843749695
2116,clean,none,0,0,clean,clean,False,0.0,1.0,100.0,0.0,1.0,100.0,1.5518714687345891,1.556610843749695
2117,salt_pepper,low,1,1,salt_pepper,salt_pepper,False,0.0398346409201622,0.8050621151924133,25.011568069458008,0.0398346409201622,0.8050621151924133,25.011568069458008,1.5518714687345891,1.556610843749695
2118,salt_pepper,low,1,1,salt_pepper,salt_pepper,False,0.024717368185520172,0.8318397998809814,29.726829528808594,0.024717368185520172,0.8318397998809814,29.726829528808594,1.5518714687345891,1.556610843749695
2119,salt_pepper,medium,1,1,salt_pepper,salt_pepper,False,0.06341137737035751,0.5481781363487244,21.70635986328125,0.06341137737035751,0.5481781363487244,21.70635986328125,1.5518714687345891,1.556610843749695
2120,occlusion,low,3,3,occlusion,occlusion,False,0.054601460695266724,0.7338609099388123,21.024185180664062,0.054601460695266724,0.7338609099388123,21.024185180664062,1.5518714687345891,1.556610843749695
2121,occlusion,high,3,3,occlusion,occlusion,False,0.07614869624376297,0.37467071413993835,19.385387420654297,0.07614869624376297,0.37467071413993835,19.385387420654297,1.5518714687345891,1.556610843749695
2122,blur,low,2,2,blur,blur,False,0.09890896826982498,0.6837171912193298,17.620790481567383,0.09890896826982498,0.6837171912193298,17.620790481567383,1.5518714687345891,1.556610843749695
2123,blur,high,2,2,blur,blur,False,0.07277937978506088,0.6646252274513245,20.060365676879883,0.07277937978506088,0.6646252274513245,20.060365676879883,1.5518714687345891,1.556610843749695
2124,clean,none,0,0,clean,clean,False,0.0,1.0,100.0,0.0,1.0,100.0,1.5518714687345891,1.556610843749695
2125,blur,medium,2,2,blur,blur,False,0.028375687077641487,0.8338678479194641,27.39131736755371,0.028375687077641487,0.8338678479194641,27.39131736755371,1.5518714687345891,1.556610843749695
2126,blur,low,2,2,blur,blur,False,0.028719356283545494,0.8978587985038757,28.030729293823242,0.028719356283545494,0.8978587985038757,28.030729293823242,1.5518714687345891,1.556610843749695
2127,blur,high,2,2,blur,blur,False,0.04554970934987068,0.7686285972595215,23.346330642700195,0.04554970934987068,0.7686285972595215,23.346330642700195,1.5518714687345891,1.556610843749695
2128,clean,none,0,0,clean,clean,False,0.0,1.0,100.0,0.0,1.0,100.0,1.5518714687345891,1.556610843749695
2129,occlusion,low,3,3,occlusion,occlusion,False,0.06007843837141991,0.6664404273033142,19.091712951660156,0.06007843837141991,0.6664404273033142,19.091712951660156,1.5518714687345891,1.556610843749695
2130,blur,low,2,2,blur,blur,False,0.05926716327667236,0.6908575892448425,21.678125381469727,0.05926716327667236,0.6908575892448425,21.678125381469727,1.5518714687345891,1.556610843749695
2131,salt_pepper,medium,1,1,salt_pepper,salt_pepper,False,0.09291824698448181,0.5357759594917297,18.387676239013672,0.09291824698448181,0.5357759594917297,18.387676239013672,1.5518714687345891,1.556610843749695
2132,blur,low,2,2,blur,blur,False,0.026244672015309334,0.8425896167755127,27.379865646362305,0.026244672015309334,0.8425896167755127,27.379865646362305,1.5518714687345891,1.556610843749695
2133,blur,medium,2,2,blur,blur,False,0.03908557817339897,0.8714684844017029,24.614482879638672,0.03908557817339897,0.8714684844017029,24.614482879638672,1.5518714687345891,1.556610843749695
2134,salt_pepper,low,1,1,salt_pepper,salt_pepper,False,0.02539278380572796,0.8880079388618469,28.581228256225586,0.02539278380572796,0.8880079388618469,28.581228256225586,1.5518714687345891,1.556610843749695
2135,blur,medium,2,2,blur,blur,False,0.03492307662963867,0.8029429912567139,26.304073333740234,0.03492307662963867,0.8029429912567139,26.304073333740234,1.5518714687345891,1.556610843749695
2136,blur,medium,2,2,blur,blur,False,0.025191301479935646,0.8785123825073242,27.571624755859375,0.025191301479935646,0.8785123825073242,27.571624755859375,1.5518714687345891,1.556610843749695
2137,salt_pepper,low,1,1,salt_pepper,salt_pepper,False,0.05668894946575165,0.7812867164611816,21.814355850219727,0.05668894946575165,0.7812867164611816,21.814355850219727,1.5518714687345891,1.556610843749695
2138,blur,high,2,2,blur,blur,False,0.037595268338918686,0.7563452124595642,24.36425018310547,0.037595268338918686,0.7563452124595642,24.36425018310547,1.5518714687345891,1.556610843749695
2139,occlusion,medium,3,3,occlusion,occlusion,False,0.10811728239059448,0.5863783359527588,16.748605728149414,0.10811728239059448,0.5863783359527588,16.748605728149414,1.5518714687345891,1.556610843749695
2140,occlusion,medium,3,3,occlusion,occlusion,False,0.07143116742372513,0.6352291107177734,18.340709686279297,0.07143116742372513,0.6352291107177734,18.340709686279297,1.5518714687345891,1.556610843749695
2141,blur,high,2,2,blur,blur,False,0.038679275661706924,0.8176319599151611,23.341943740844727,0.038679275661706924,0.8176319599151611,23.341943740844727,1.5518714687345891,1.556610843749695
2142,clean,none,0,0,clean,clean,False,0.0,1.0,100.0,0.0,1.0,100.0,1.5518714687345891,1.556610843749695
2143,blur,high,2,2,blur,blur,False,0.03435533121228218,0.8123400807380676,25.870975494384766,0.03435533121228218,0.8123400807380676,25.870975494384766,1.5518714687345891,1.556610843749695
2144,blur,high,2,2,blur,blur,False,0.06364157795906067,0.677128791809082,20.698673248291016,0.06364157795906067,0.677128791809082,20.698673248291016,1.6036388749967045,1.6651820625099845
2145,occlusion,low,3,0,occlusion,clean,True,0.011958104558289051,0.8952285647392273,24.94186782836914,0.043801259249448776,0.714930534362793,23.7069091796875,1.6036388749967045,1.6651820625099845
2146,salt_pepper,high,1,1,salt_pepper,salt_pepper,False,0.03187563642859459,0.888378381729126,26.22683334350586,0.03187563642859459,0.888378381729126,26.22683334350586,1.6036388749967045,1.6651820625099845
2147,salt_pepper,medium,1,1,salt_pepper,salt_pepper,False,0.026020489633083344,0.7565770149230957,28.11283302307129,0.026020489633083344,0.7565770149230957,28.11283302307129,1.6036388749967045,1.6651820625099845
2148,salt_pepper,low,1,1,salt_pepper,salt_pepper,False,0.034251611679792404,0.8478143215179443,26.34185791015625,0.034251611679792404,0.8478143215179443,26.34185791015625,1.6036388749967045,1.6651820625099845
2149,blur,medium,2,2,blur,blur,False,0.03209527209401131,0.7645938992500305,27.049545288085938,0.03209527209401131,0.7645938992500305,27.049545288085938,1.6036388749967045,1.6651820625099845
2150,blur,high,2,2,blur,blur,False,0.04748842120170593,0.683190643787384,23.616744995117188,0.04748842120170593,0.683190643787384,23.616744995117188,1.6036388749967045,1.6651820625099845
2151,clean,none,0,0,clean,clean,False,0.0,1.0,100.0,0.0,1.0,100.0,1.6036388749967045,1.6651820625099845
2152,clean,none,0,0,clean,clean,False,0.0,1.0,100.0,0.0,1.0,100.0,1.6036388749967045,1.6651820625099845
2153,occlusion,high,3,3,occlusion,occlusion,False,0.07065346091985703,0.6922647953033447,18.480026245117188,0.07065346091985703,0.6922647953033447,18.480026245117188,1.6036388749967045,1.6651820625099845
2154,blur,medium,2,2,blur,blur,False,0.05960220471024513,0.7416210174560547,21.24178123474121,0.05960220471024513,0.7416210174560547,21.24178123474121,1.6036388749967045,1.6651820625099845
2155,occlusion,medium,3,3,occlusion,occlusion,False,0.09606733173131943,0.5149031281471252,17.237537384033203,0.09606733173131943,0.5149031281471252,17.237537384033203,1.6036388749967045,1.6651820625099845
2156,occlusion,high,3,3,occlusion,occlusion,False,0.09652221947908401,0.5565505027770996,17.677785873413086,0.09652221947908401,0.5565505027770996,17.677785873413086,1.6036388749967045,1.6651820625099845
2157,occlusion,medium,3,3,occlusion,occlusion,False,0.08673771470785141,0.5386260151863098,18.236785888671875,0.08673771470785141,0.5386260151863098,18.236785888671875,1.6036388749967045,1.6651820625099845
2158,occlusion,medium,3,3,occlusion,occlusion,False,0.03551013022661209,0.8217776417732239,24.479658126831055,0.03551013022661209,0.8217776417732239,24.479658126831055,1.6036388749967045,1.6651820625099845
2159,occlusion,high,3,3,occlusion,occlusion,False,0.09451764076948166,0.5367908477783203,16.735198974609375,0.09451764076948166,0.5367908477783203,16.735198974609375,1.6036388749967045,1.6651820625099845
2160,salt_pepper,high,1,1,salt_pepper,salt_pepper,False,0.03637431189417839,0.7951316833496094,25.261184692382812,0.03637431189417839,0.7951316833496094,25.261184692382812,1.6036388749967045,1.6651820625099845
2161,clean,none,0,0,clean,clean,False,0.0,1.0,100.0,0.0,1.0,100.0,1.6036388749967045,1.6651820625099845
2162,clean,none,0,0,clean,clean,False,0.0,1.0,100.0,0.0,1.0,100.0,1.6036388749967045,1.6651820625099845
2163,blur,high,2,2,blur,blur,False,0.02483660914003849,0.7984318733215332,28.420141220092773,0.02483660914003849,0.7984318733215332,28.420141220092773,1.6036388749967045,1.6651820625099845
2164,blur,low,2,2,blur,blur,False,0.06338026374578476,0.7433024048805237,20.74163818359375,0.06338026374578476,0.7433024048805237,20.74163818359375,1.6036388749967045,1.6651820625099845
2165,clean,none,0,0,clean,clean,False,0.0,1.0,100.0,0.0,1.0,100.0,1.6036388749967045,1.6651820625099845
2166,blur,low,2,2,blur,blur,False,0.08402014523744583,0.765439510345459,19.248920440673828,0.08402014523744583,0.765439510345459,19.248920440673828,1.6036388749967045,1.6651820625099845
2167,clean,none,0,0,clean,clean,False,0.0,1.0,100.0,0.0,1.0,100.0,1.6036388749967045,1.6651820625099845
2168,occlusion,medium,3,3,occlusion,occlusion,False,0.07002868503332138,0.6873278617858887,18.765655517578125,0.07002868503332138,0.6873278617858887,18.765655517578125,1.6036388749967045,1.6651820625099845
2169,clean,none,0,0,clean,clean,False,0.0,1.0,100.0,0.0,1.0,100.0,1.6036388749967045,1.6651820625099845
2170,clean,none,0,0,clean,clean,False,0.0,1.0,100.0,0.0,1.0,100.0,1.6036388749967045,1.6651820625099845
2171,salt_pepper,medium,1,1,salt_pepper,salt_pepper,False,0.07775748521089554,0.7629718780517578,19.447219848632812,0.07775748521089554,0.7629718780517578,19.447219848632812,1.6036388749967045,1.6651820625099845
2172,occlusion,high,3,3,occlusion,occlusion,False,0.0764811784029007,0.614457368850708,18.985027313232422,0.0764811784029007,0.614457368850708,18.985027313232422,1.6036388749967045,1.6651820625099845
2173,blur,medium,2,2,blur,blur,False,0.09133299440145493,0.7773647904396057,18.590822219848633,0.09133299440145493,0.7773647904396057,18.590822219848633,1.6036388749967045,1.6651820625099845
2174,occlusion,medium,3,3,occlusion,occlusion,False,0.06513787060976028,0.5293990969657898,21.2545223236084,0.06513787060976028,0.5293990969657898,21.2545223236084,1.6036388749967045,1.6651820625099845
2175,blur,medium,2,2,blur,blur,False,0.04151596501469612,0.7883147597312927,23.88512420654297,0.04151596501469612,0.7883147597312927,23.88512420654297,1.6036388749967045,1.6651820625099845
2176,occlusion,medium,3,3,occlusion,occlusion,False,0.037594567984342575,0.7756195068359375,24.77437973022461,0.037594567984342575,0.7756195068359375,24.77437973022461,1.4088538437420084,1.4324084687586947
2177,blur,low,2,2,blur,blur,False,0.03542305529117584,0.8087161183357239,25.782657623291016,0.03542305529117584,0.8087161183357239,25.782657623291016,1.4088538437420084,1.4324084687586947
2178,occlusion,medium,3,3,occlusion,occlusion,False,0.08438161760568619,0.4307323694229126,19.164470672607422,0.08438161760568619,0.4307323694229126,19.164470672607422,1.4088538437420084,1.4324084687586947
2179,blur,low,2,2,blur,blur,False,0.03330215439200401,0.8627555966377258,25.747173309326172,0.03330215439200401,0.8627555966377258,25.747173309326172,1.4088538437420084,1.4324084687586947
2180,occlusion,low,3,3,occlusion,occlusion,False,0.06841825693845749,0.7749977111816406,19.743125915527344,0.06841825693845749,0.7749977111816406,19.743125915527344,1.4088538437420084,1.4324084687586947
2181,occlusion,low,3,3,occlusion,occlusion,False,0.05434151366353035,0.6674163937568665,22.80252456665039,0.05434151366353035,0.6674163937568665,22.80252456665039,1.4088538437420084,1.4324084687586947
2182,occlusion,low,3,3,occlusion,occlusion,False,0.033935803920030594,0.8464822769165039,25.611488342285156,0.033935803920030594,0.8464822769165039,25.611488342285156,1.4088538437420084,1.4324084687586947
2183,occlusion,high,3,3,occlusion,occlusion,False,0.052730709314346313,0.6589447855949402,20.990345001220703,0.052730709314346313,0.6589447855949402,20.990345001220703,1.4088538437420084,1.4324084687586947
2184,clean,none,0,0,clean,clean,False,0.0,1.0,100.0,0.0,1.0,100.0,1.4088538437420084,1.4324084687586947
2185,occlusion,low,3,3,occlusion,occlusion,False,0.05751105770468712,0.746752917766571,20.373519897460938,0.05751105770468712,0.746752917766571,20.373519897460938,1.4088538437420084,1.4324084687586947
2186,clean,none,0,0,clean,clean,False,0.0,1.0,100.0,0.0,1.0,100.0,1.4088538437420084,1.4324084687586947
2187,clean,none,0,0,clean,clean,False,0.0,1.0,100.0,0.0,1.0,100.0,1.4088538437420084,1.4324084687586947
2188,clean,none,0,0,clean,clean,False,0.0,1.0,100.0,0.0,1.0,100.0,1.4088538437420084,1.4324084687586947
2189,blur,low,2,2,blur,blur,False,0.03883355110883713,0.7183908820152283,25.941940307617188,0.03883355110883713,0.7183908820152283,25.941940307617188,1.4088538437420084,1.4324084687586947
2190,blur,medium,2,2,blur,blur,False,0.024057233706116676,0.8701092600822449,28.79343032836914,0.024057233706116676,0.8701092600822449,28.79343032836914,1.4088538437420084,1.4324084687586947
2191,salt_pepper,medium,1,1,salt_pepper,salt_pepper,False,0.020542915910482407,0.8856737613677979,30.428970336914062,0.020542915910482407,0.8856737613677979,30.428970336914062,1.4088538437420084,1.4324084687586947
2192,clean,none,0,0,clean,clean,False,0.0,1.0,100.0,0.0,1.0,100.0,1.4088538437420084,1.4324084687586947
2193,blur,high,2,2,blur,blur,False,0.0459967702627182,0.61508709192276,24.038543701171875,0.0459967702627182,0.61508709192276,24.038543701171875,1.4088538437420084,1.4324084687586947
2194,clean,none,0,0,clean,clean,False,0.0,1.0,100.0,0.0,1.0,100.0,1.4088538437420084,1.4324084687586947
2195,salt_pepper,low,1,1,salt_pepper,salt_pepper,False,0.05132031440734863,0.652122437953949,23.417850494384766,0.05132031440734863,0.652122437953949,23.417850494384766,1.4088538437420084,1.4324084687586947
2196,clean,none,0,0,clean,clean,False,0.0,1.0,100.0,0.0,1.0,100.0,1.4088538437420084,1.4324084687586947
2197,salt_pepper,medium,1,1,salt_pepper,salt_pepper,False,0.05570702254772186,0.7229018211364746,22.453088760375977,0.05570702254772186,0.7229018211364746,22.453088760375977,1.4088538437420084,1.4324084687586947
2198,blur,medium,2,2,blur,blur,False,0.04208318516612053,0.8351016640663147,24.34918975830078,0.04208318516612053,0.8351016640663147,24.34918975830078,1.4088538437420084,1.4324084687586947
2199,occlusion,high,3,3,occlusion,occlusion,False,0.07340582460165024,0.5968151092529297,19.035554885864258,0.07340582460165024,0.5968151092529297,19.035554885864258,1.4088538437420084,1.4324084687586947
2200,blur,high,2,2,blur,blur,False,0.05439543351531029,0.7127569317817688,21.73474884033203,0.05439543351531029,0.7127569317817688,21.73474884033203,1.4088538437420084,1.4324084687586947
2201,occlusion,low,3,3,occlusion,occlusion,False,0.05616117641329765,0.5796510577201843,22.26309585571289,0.05616117641329765,0.5796510577201843,22.26309585571289,1.4088538437420084,1.4324084687586947
2202,clean,none,0,0,clean,clean,False,0.0,1.0,100.0,0.0,1.0,100.0,1.4088538437420084,1.4324084687586947
2203,blur,low,2,2,blur,blur,False,0.04726052284240723,0.8162767887115479,23.335010528564453,0.04726052284240723,0.8162767887115479,23.335010528564453,1.4088538437420084,1.4324084687586947
2204,clean,none,0,0,clean,clean,False,0.0,1.0,100.0,0.0,1.0,100.0,1.4088538437420084,1.4324084687586947
2205,blur,low,2,2,blur,blur,False,0.06023705005645752,0.734434187412262,20.93825912475586,0.06023705005645752,0.734434187412262,20.93825912475586,1.4088538437420084,1.4324084687586947
2206,clean,none,0,0,clean,clean,False,0.0,1.0,100.0,0.0,1.0,100.0,1.4088538437420084,1.4324084687586947
2207,salt_pepper,low,1,1,salt_pepper,salt_pepper,False,0.022933533415198326,0.8473424911499023,29.6800537109375,0.022933533415198326,0.8473424911499023,29.6800537109375,1.4088538437420084,1.4324084687586947
2208,salt_pepper,high,1,1,salt_pepper,salt_pepper,False,0.03354025259613991,0.8365166783332825,24.812522888183594,0.03354025259613991,0.8365166783332825,24.812522888183594,1.288335687519293,1.213148499999761
2209,salt_pepper,medium,1,1,salt_pepper,salt_pepper,False,0.042319998145103455,0.8134989142417908,23.60513687133789,0.042319998145103455,0.8134989142417908,23.60513687133789,1.288335687519293,1.213148499999761
2210,blur,high,2,2,blur,blur,False,0.08396676182746887,0.6582274436950684,18.68971061706543,0.08396676182746887,0.6582274436950684,18.68971061706543,1.288335687519293,1.213148499999761
2211,clean,none,0,0,clean,clean,False,0.0,1.0,100.0,0.0,1.0,100.0,1.288335687519293,1.213148499999761
2212,clean,none,0,0,clean,clean,False,0.0,1.0,100.0,0.0,1.0,100.0,1.288335687519293,1.213148499999761
2213,clean,none,0,0,clean,clean,False,0.0,1.0,100.0,0.0,1.0,100.0,1.288335687519293,1.213148499999761
2214,clean,none,0,0,clean,clean,False,0.0,1.0,100.0,0.0,1.0,100.0,1.288335687519293,1.213148499999761
2215,occlusion,high,3,3,occlusion,occlusion,False,0.10320162773132324,0.5306525230407715,16.01173973083496,0.10320162773132324,0.5306525230407715,16.01173973083496,1.288335687519293,1.213148499999761
2216,salt_pepper,medium,1,1,salt_pepper,salt_pepper,False,0.07605108618736267,0.7122475504875183,19.995649337768555,0.07605108618736267,0.7122475504875183,19.995649337768555,1.288335687519293,1.213148499999761
2217,salt_pepper,high,1,1,salt_pepper,salt_pepper,False,0.04185357689857483,0.6991068720817566,24.449155807495117,0.04185357689857483,0.6991068720817566,24.449155807495117,1.288335687519293,1.213148499999761
2218,clean,none,0,0,clean,clean,False,0.0,1.0,100.0,0.0,1.0,100.0,1.288335687519293,1.213148499999761
2219,occlusion,low,3,3,occlusion,occlusion,False,0.05933147668838501,0.6906483173370361,21.37143898010254,0.05933147668838501,0.6906483173370361,21.37143898010254,1.288335687519293,1.213148499999761
2220,salt_pepper,high,1,1,salt_pepper,salt_pepper,False,0.03303717449307442,0.6807844638824463,27.213401794433594,0.03303717449307442,0.6807844638824463,27.213401794433594,1.288335687519293,1.213148499999761
2221,salt_pepper,medium,1,1,salt_pepper,salt_pepper,False,0.08936295658349991,0.6209428310394287,18.759191513061523,0.08936295658349991,0.6209428310394287,18.759191513061523,1.288335687519293,1.213148499999761
2222,occlusion,high,3,3,occlusion,occlusion,False,0.09738316386938095,0.5126473903656006,17.995380401611328,0.09738316386938095,0.5126473903656006,17.995380401611328,1.288335687519293,1.213148499999761
2223,blur,medium,2,2,blur,blur,False,0.10643627494573593,0.5222511887550354,17.186119079589844,0.10643627494573593,0.5222511887550354,17.186119079589844,1.288335687519293,1.213148499999761
2224,salt_pepper,low,1,1,salt_pepper,salt_pepper,False,0.04165035858750343,0.7321470379829407,25.378721237182617,0.04165035858750343,0.7321470379829407,25.378721237182617,1.288335687519293,1.213148499999761
2225,blur,low,2,2,blur,blur,False,0.07631590217351913,0.6778655052185059,17.618797302246094,0.07631590217351913,0.6778655052185059,17.618797302246094,1.288335687519293,1.213148499999761
2226,clean,none,0,0,clean,clean,False,0.0,1.0,100.0,0.0,1.0,100.0,1.288335687519293,1.213148499999761
2227,salt_pepper,medium,1,1,salt_pepper,salt_pepper,False,0.07091055065393448,0.6180622577667236,20.633533477783203,0.07091055065393448,0.6180622577667236,20.633533477783203,1.288335687519293,1.213148499999761
2228,salt_pepper,low,1,1,salt_pepper,salt_pepper,False,0.027233244851231575,0.856673538684845,28.97734832763672,0.027233244851231575,0.856673538684845,28.97734832763672,1.288335687519293,1.213148499999761
2229,clean,none,0,0,clean,clean,False,0.0,1.0,100.0,0.0,1.0,100.0,1.288335687519293,1.213148499999761
2230,clean,none,0,0,clean,clean,False,0.0,1.0,100.0,0.0,1.0,100.0,1.288335687519293,1.213148499999761
2231,clean,none,0,0,clean,clean,False,0.0,1.0,100.0,0.0,1.0,100.0,1.288335687519293,1.213148499999761
2232,clean,none,0,0,clean,clean,False,0.0,1.0,100.0,0.0,1.0,100.0,1.288335687519293,1.213148499999761
2233,salt_pepper,high,1,1,salt_pepper,salt_pepper,False,0.08504250645637512,0.6556712985038757,19.259323120117188,0.08504250645637512,0.6556712985038757,19.259323120117188,1.288335687519293,1.213148499999761
2234,salt_pepper,high,1,1,salt_pepper,salt_pepper,False,0.033142801374197006,0.8326429724693298,26.114151000976562,0.033142801374197006,0.8326429724693298,26.114151000976562,1.288335687519293,1.213148499999761
2235,salt_pepper,high,1,1,salt_pepper,salt_pepper,False,0.07100877910852432,0.5765786170959473,20.411827087402344,0.07100877910852432,0.5765786170959473,20.411827087402344,1.288335687519293,1.213148499999761
2236,salt_pepper,high,1,1,salt_pepper,salt_pepper,False,0.06485915184020996,0.60784512758255,21.02092933654785,0.06485915184020996,0.60784512758255,21.02092933654785,1.288335687519293,1.213148499999761
2237,clean,none,0,0,clean,clean,False,0.0,1.0,100.0,0.0,1.0,100.0,1.288335687519293,1.213148499999761
2238,blur,medium,2,2,blur,blur,False,0.048859938979148865,0.7644824981689453,22.913848876953125,0.048859938979148865,0.7644824981689453,22.913848876953125,1.288335687519293,1.213148499999761
2239,clean,none,0,0,clean,clean,False,0.0,1.0,100.0,0.0,1.0,100.0,1.288335687519293,1.213148499999761
2240,blur,low,2,2,blur,blur,False,0.04200592637062073,0.7576610445976257,24.56787109375,0.04200592637062073,0.7576610445976257,24.56787109375,1.636124062486033,1.6300925937571265
2241,salt_pepper,low,1,1,salt_pepper,salt_pepper,False,0.06221427023410797,0.6859066486358643,21.257448196411133,0.06221427023410797,0.6859066486358643,21.257448196411133,1.636124062486033,1.6300925937571265
2242,occlusion,medium,3,3,occlusion,occlusion,False,0.08137235045433044,0.5668054223060608,18.269826889038086,0.08137235045433044,0.5668054223060608,18.269826889038086,1.636124062486033,1.6300925937571265
2243,salt_pepper,low,1,1,salt_pepper,salt_pepper,False,0.037078194320201874,0.6639948487281799,26.008934020996094,0.037078194320201874,0.6639948487281799,26.008934020996094,1.636124062486033,1.6300925937571265
2244,clean,none,0,0,clean,clean,False,0.0,1.0,100.0,0.0,1.0,100.0,1.636124062486033,1.6300925937571265
2245,occlusion,medium,3,3,occlusion,occlusion,False,0.09222199767827988,0.5069035887718201,17.340173721313477,0.09222199767827988,0.5069035887718201,17.340173721313477,1.636124062486033,1.6300925937571265
2246,occlusion,high,3,3,occlusion,occlusion,False,0.06818393617868423,0.5150964856147766,20.726116180419922,0.06818393617868423,0.5150964856147766,20.726116180419922,1.636124062486033,1.6300925937571265
2247,clean,none,0,0,clean,clean,False,0.0,1.0,100.0,0.0,1.0,100.0,1.636124062486033,1.6300925937571265
2248,salt_pepper,low,1,1,salt_pepper,salt_pepper,False,0.05408693477511406,0.7545081973075867,22.64220428466797,0.05408693477511406,0.7545081973075867,22.64220428466797,1.636124062486033,1.6300925937571265
2249,occlusion,medium,3,3,occlusion,occlusion,False,0.04585695266723633,0.7615442276000977,22.590412139892578,0.04585695266723633,0.7615442276000977,22.590412139892578,1.636124062486033,1.6300925937571265
2250,salt_pepper,low,1,1,salt_pepper,salt_pepper,False,0.060184672474861145,0.6909075379371643,22.18898582458496,0.060184672474861145,0.6909075379371643,22.18898582458496,1.636124062486033,1.6300925937571265
2251,blur,high,2,2,blur,blur,False,0.04799801483750343,0.8394309878349304,22.61423110961914,0.04799801483750343,0.8394309878349304,22.61423110961914,1.636124062486033,1.6300925937571265
2252,blur,high,2,2,blur,blur,False,0.055329009890556335,0.6966186165809631,21.44015121459961,0.055329009890556335,0.6966186165809631,21.44015121459961,1.636124062486033,1.6300925937571265
2253,salt_pepper,low,1,1,salt_pepper,salt_pepper,False,0.05241115391254425,0.6701436042785645,22.89092254638672,0.05241115391254425,0.6701436042785645,22.89092254638672,1.636124062486033,1.6300925937571265
2254,blur,medium,2,2,blur,blur,False,0.05248139798641205,0.6930050849914551,22.99320411682129,0.05248139798641205,0.6930050849914551,22.99320411682129,1.636124062486033,1.6300925937571265
2255,blur,medium,2,2,blur,blur,False,0.04283367469906807,0.7247161269187927,24.641586303710938,0.04283367469906807,0.7247161269187927,24.641586303710938,1.636124062486033,1.6300925937571265
2256,clean,none,0,0,clean,clean,False,0.0,1.0,100.0,0.0,1.0,100.0,1.636124062486033,1.6300925937571265
2257,salt_pepper,low,1,1,salt_pepper,salt_pepper,False,0.05240091308951378,0.7421042919158936,22.301597595214844,0.05240091308951378,0.7421042919158936,22.301597595214844,1.636124062486033,1.6300925937571265
2258,clean,none,0,0,clean,clean,False,0.0,1.0,100.0,0.0,1.0,100.0,1.636124062486033,1.6300925937571265
2259,clean,none,0,0,clean,clean,False,0.0,1.0,100.0,0.0,1.0,100.0,1.636124062486033,1.6300925937571265
2260,occlusion,medium,3,3,occlusion,occlusion,False,0.0510944239795208,0.7195786833763123,22.795635223388672,0.0510944239795208,0.7195786833763123,22.795635223388672,1.636124062486033,1.6300925937571265
2261,salt_pepper,low,1,1,salt_pepper,salt_pepper,False,0.053543586283922195,0.7345409393310547,22.458770751953125,0.053543586283922195,0.7345409393310547,22.458770751953125,1.636124062486033,1.6300925937571265
2262,clean,none,0,0,clean,clean,False,0.0,1.0,100.0,0.0,1.0,100.0,1.636124062486033,1.6300925937571265
2263,blur,high,2,2,blur,blur,False,0.10812944173812866,0.5737494826316833,16.261579513549805,0.10812944173812866,0.5737494826316833,16.261579513549805,1.636124062486033,1.6300925937571265
2264,clean,none,0,0,clean,clean,False,0.0,1.0,100.0,0.0,1.0,100.0,1.636124062486033,1.6300925937571265
2265,salt_pepper,medium,1,1,salt_pepper,salt_pepper,False,0.0928368866443634,0.5722786784172058,17.896818161010742,0.0928368866443634,0.5722786784172058,17.896818161010742,1.636124062486033,1.6300925937571265
2266,clean,none,0,0,clean,clean,False,0.0,1.0,100.0,0.0,1.0,100.0,1.636124062486033,1.6300925937571265
2267,clean,none,0,0,clean,clean,False,0.0,1.0,100.0,0.0,1.0,100.0,1.636124062486033,1.6300925937571265
2268,occlusion,medium,3,3,occlusion,occlusion,False,0.07434301823377609,0.6471977829933167,19.921262741088867,0.07434301823377609,0.6471977829933167,19.921262741088867,1.636124062486033,1.6300925937571265
2269,blur,high,2,2,blur,blur,False,0.06724235415458679,0.7364086508750916,20.59084129333496,0.06724235415458679,0.7364086508750916,20.59084129333496,1.636124062486033,1.6300925937571265
2270,clean,none,0,0,clean,clean,False,0.0,1.0,100.0,0.0,1.0,100.0,1.636124062486033,1.6300925937571265
2271,blur,high,2,2,blur,blur,False,0.04431997612118721,0.760601818561554,23.092920303344727,0.04431997612118721,0.760601818561554,23.092920303344727,1.636124062486033,1.6300925937571265
2272,blur,medium,2,2,blur,blur,False,0.08923120051622391,0.5882053971290588,18.914836883544922,0.08923120051622391,0.5882054567337036,18.914836883544922,1.3642526562591684,1.3678291875010018
2273,clean,none,0,0,clean,clean,False,0.0,1.0,100.0,0.0,1.0,100.0,1.3642526562591684,1.3678291875010018
2274,clean,none,0,0,clean,clean,False,0.0,1.0,100.0,0.0,1.0,100.0,1.3642526562591684,1.3678291875010018
2275,clean,none,0,0,clean,clean,False,0.0,1.0,100.0,0.0,1.0,100.0,1.3642526562591684,1.3678291875010018
2276,blur,low,2,2,blur,blur,False,0.03601281717419624,0.8465083241462708,25.4845027923584,0.03601282462477684,0.8465083241462708,25.4845027923584,1.3642526562591684,1.3678291875010018
2277,blur,low,2,2,blur,blur,False,0.05479489266872406,0.7439627647399902,22.424060821533203,0.05479489639401436,0.7439625859260559,22.424060821533203,1.3642526562591684,1.3678291875010018
2278,occlusion,medium,3,3,occlusion,occlusion,False,0.057530727237463,0.6831725239753723,21.374418258666992,0.057530727237463,0.6831725239753723,21.374418258666992,1.3642526562591684,1.3678291875010018
2279,occlusion,low,3,3,occlusion,occlusion,False,0.10782904177904129,0.6017580628395081,16.24378204345703,0.10782904177904129,0.6017581820487976,16.2437801361084,1.3642526562591684,1.3678291875010018
2280,clean,none,0,0,clean,clean,False,0.0,1.0,100.0,0.0,1.0,100.0,1.3642526562591684,1.3678291875010018
2281,blur,high,2,2,blur,blur,False,0.04417800530791283,0.749312162399292,24.39793586730957,0.04417800530791283,0.749312162399292,24.39793586730957,1.3642526562591684,1.3678291875010018
2282,clean,none,0,0,clean,clean,False,0.0,1.0,100.0,0.0,1.0,100.0,1.3642526562591684,1.3678291875010018
2283,blur,high,2,2,blur,blur,False,0.06454718858003616,0.705439031124115,21.35422134399414,0.06454718858003616,0.7054390907287598,21.354219436645508,1.3642526562591684,1.3678291875010018
2284,occlusion,low,3,2,occlusion,blur,True,0.03984381631016731,0.8019394874572754,25.359134674072266,0.03529590368270874,0.9055617451667786,25.56170654296875,1.3642526562591684,1.3678291875010018
2285,salt_pepper,low,1,1,salt_pepper,salt_pepper,False,0.030125632882118225,0.8593869209289551,27.724666595458984,0.030125632882118225,0.8593869209289551,27.724666595458984,1.3642526562591684,1.3678291875010018
2286,blur,medium,2,2,blur,blur,False,0.03280876949429512,0.8406469225883484,25.859106063842773,0.03280876949429512,0.8406470417976379,25.859106063842773,1.3642526562591684,1.3678291875010018
2287,clean,none,0,0,clean,clean,False,0.0,1.0,100.0,0.0,1.0,100.0,1.3642526562591684,1.3678291875010018
2288,blur,low,2,2,blur,blur,False,0.026403846219182014,0.8563427925109863,28.76908302307129,0.026403864845633507,0.8563428521156311,28.769081115722656,1.3642526562591684,1.3678291875010018
2289,salt_pepper,medium,1,1,salt_pepper,salt_pepper,False,0.08900073915719986,0.6210468411445618,18.327281951904297,0.08900073915719986,0.6210468411445618,18.327281951904297,1.3642526562591684,1.3678291875010018
2290,blur,medium,2,2,blur,blur,False,0.026264190673828125,0.9031118750572205,29.46389389038086,0.026264196261763573,0.9031117558479309,29.46389389038086,1.3642526562591684,1.3678291875010018
2291,blur,high,2,2,blur,blur,False,0.03725383058190346,0.8564949035644531,25.10422134399414,0.037253838032484055,0.8564947247505188,25.104219436645508,1.3642526562591684,1.3678291875010018
2292,salt_pepper,low,1,1,salt_pepper,salt_pepper,False,0.031553685665130615,0.9079539179801941,28.236684799194336,0.031553685665130615,0.9079539179801941,28.236684799194336,1.3642526562591684,1.3678291875010018
2293,clean,none,0,0,clean,clean,False,0.0,1.0,100.0,0.0,1.0,100.0,1.3642526562591684,1.3678291875010018
2294,clean,none,0,2,clean,blur,True,0.025974825024604797,0.8821601867675781,29.10736083984375,0.0,1.0,100.0,1.3642526562591684,1.3678291875010018
2295,salt_pepper,medium,1,1,salt_pepper,salt_pepper,False,0.028658566996455193,0.85333651304245,27.469371795654297,0.028658566996455193,0.85333651304245,27.469371795654297,1.3642526562591684,1.3678291875010018
2296,salt_pepper,medium,1,1,salt_pepper,salt_pepper,False,0.030282100662589073,0.8911029696464539,27.569026947021484,0.030282100662589073,0.8911029696464539,27.569026947021484,1.3642526562591684,1.3678291875010018
2297,clean,none,0,0,clean,clean,False,0.0,1.0,100.0,0.0,1.0,100.0,1.3642526562591684,1.3678291875010018
2298,blur,high,2,2,blur,blur,False,0.031224200502038002,0.8744873404502869,27.668611526489258,0.031224220991134644,0.8744866847991943,27.668609619140625,1.3642526562591684,1.3678291875010018
2299,clean,none,0,0,clean,clean,False,0.0,1.0,100.0,0.0,1.0,100.0,1.3642526562591684,1.3678291875010018
2300,blur,low,2,2,blur,blur,False,0.039603762328624725,0.8494951128959656,25.328264236450195,0.039603788405656815,0.8494958281517029,25.328262329101562,1.3642526562591684,1.3678291875010018
2301,salt_pepper,low,1,1,salt_pepper,salt_pepper,False,0.021637171506881714,0.8547161221504211,30.651382446289062,0.021637171506881714,0.8547161221504211,30.651382446289062,1.3642526562591684,1.3678291875010018
2302,blur,high,2,2,blur,blur,False,0.02676543779671192,0.8750713467597961,28.100215911865234,0.02676544524729252,0.8750713467597961,28.1002140045166,1.3642526562591684,1.3678291875010018
2303,occlusion,medium,3,3,occlusion,occlusion,False,0.06040338799357414,0.7241044640541077,21.533920288085938,0.06040338799357414,0.7241045832633972,21.533920288085938,1.3642526562591684,1.3678291875010018
2304,blur,medium,2,2,blur,blur,False,0.03889777511358261,0.7683256268501282,24.909236907958984,0.03889777511358261,0.7683256268501282,24.909236907958984,1.783179156262804,1.7078352500163874
2305,salt_pepper,medium,1,1,salt_pepper,salt_pepper,False,0.050779134035110474,0.8355775475502014,23.301469802856445,0.050779134035110474,0.8355775475502014,23.301469802856445,1.783179156262804,1.7078352500163874
2306,occlusion,medium,3,3,occlusion,occlusion,False,0.05972551181912422,0.758768618106842,19.40560531616211,0.05972537398338318,0.758768618106842,19.405620574951172,1.783179156262804,1.7078352500163874
2307,occlusion,medium,3,3,occlusion,occlusion,False,0.062343429774045944,0.7801521420478821,21.386537551879883,0.062343429774045944,0.7801521420478821,21.38653564453125,1.783179156262804,1.7078352500163874
2308,blur,medium,2,2,blur,blur,False,0.04479675367474556,0.7288656234741211,24.50587272644043,0.04479675367474556,0.7288656234741211,24.50587272644043,1.783179156262804,1.7078352500163874
2309,blur,medium,2,2,blur,blur,False,0.04460321366786957,0.8439953327178955,24.34796905517578,0.04460321366786957,0.8439953327178955,24.34796905517578,1.783179156262804,1.7078352500163874
2310,blur,low,2,2,blur,blur,False,0.028280412778258324,0.8650935292243958,27.900493621826172,0.028280412778258324,0.8650935292243958,27.900493621826172,1.783179156262804,1.7078352500163874
2311,salt_pepper,high,1,1,salt_pepper,salt_pepper,False,0.027294835075736046,0.8673345446586609,28.68069839477539,0.027294835075736046,0.8673345446586609,28.68069839477539,1.783179156262804,1.7078352500163874
2312,blur,medium,2,2,blur,blur,False,0.02638077549636364,0.8780954480171204,27.967411041259766,0.02638077549636364,0.8780954480171204,27.967411041259766,1.783179156262804,1.7078352500163874
2313,occlusion,medium,3,3,occlusion,occlusion,False,0.041952088475227356,0.7385237812995911,24.355350494384766,0.041952118277549744,0.7385237812995911,24.3553466796875,1.783179156262804,1.7078352500163874
2314,salt_pepper,medium,1,1,salt_pepper,salt_pepper,False,0.029601814225316048,0.8844615817070007,28.22038459777832,0.029601814225316048,0.8844615817070007,28.22038459777832,1.783179156262804,1.7078352500163874
2315,salt_pepper,low,1,1,salt_pepper,salt_pepper,False,0.03469027951359749,0.8187578320503235,26.2999324798584,0.03469027951359749,0.8187578320503235,26.2999324798584,1.783179156262804,1.7078352500163874
2316,blur,high,2,2,blur,blur,False,0.03210105374455452,0.820676326751709,27.283405303955078,0.03210105374455452,0.820676326751709,27.283405303955078,1.783179156262804,1.7078352500163874
2317,occlusion,high,3,3,occlusion,occlusion,False,0.04489188268780708,0.6654269099235535,23.35547637939453,0.044891830533742905,0.6654269695281982,23.355487823486328,1.783179156262804,1.7078352500163874
2318,occlusion,medium,3,3,occlusion,occlusion,False,0.04544031620025635,0.6551376581192017,23.929580688476562,0.045440349727869034,0.6551375985145569,23.929574966430664,1.783179156262804,1.7078352500163874
2319,occlusion,medium,3,3,occlusion,occlusion,False,0.06385166198015213,0.7270498275756836,20.9925479888916,0.06385168433189392,0.7270497679710388,20.99254608154297,1.783179156262804,1.7078352500163874
2320,occlusion,low,3,3,occlusion,occlusion,False,0.04190245643258095,0.8095239996910095,22.822750091552734,0.04190245643258095,0.80952388048172,22.822750091552734,1.783179156262804,1.7078352500163874
2321,clean,none,0,0,clean,clean,False,0.0,1.0,100.0,0.0,1.0,100.0,1.783179156262804,1.7078352500163874
2322,occlusion,low,3,3,occlusion,occlusion,False,0.04369081184267998,0.7284243702888489,24.068675994873047,0.04369080066680908,0.7284243702888489,24.068679809570312,1.783179156262804,1.7078352500163874
2323,blur,medium,2,2,blur,blur,False,0.03505270555615425,0.8150732517242432,25.989580154418945,0.03505270555615425,0.8150732517242432,25.989580154418945,1.783179156262804,1.7078352500163874
2324,blur,low,2,2,blur,blur,False,0.038424376398324966,0.9012241959571838,23.8185977935791,0.038424376398324966,0.9012241959571838,23.8185977935791,1.783179156262804,1.7078352500163874
2325,blur,high,2,2,blur,blur,False,0.0468355156481266,0.7387226223945618,23.03084945678711,0.0468355156481266,0.7387226223945618,23.03084945678711,1.783179156262804,1.7078352500163874
2326,clean,none,0,0,clean,clean,False,0.0,1.0,100.0,0.0,1.0,100.0,1.783179156262804,1.7078352500163874
2327,occlusion,low,3,3,occlusion,occlusion,False,0.031358752399683,0.7847411036491394,27.423574447631836,0.031358759850263596,0.7847411036491394,27.42357063293457,1.783179156262804,1.7078352500163874
2328,blur,medium,2,2,blur,blur,False,0.031371209770441055,0.8093968033790588,27.298458099365234,0.031371209770441055,0.8093968033790588,27.298458099365234,1.783179156262804,1.7078352500163874
2329,clean,none,0,3,clean,occlusion,True,0.06911981850862503,0.7811388969421387,16.416967391967773,0.0,1.0,100.0,1.783179156262804,1.7078352500163874
2330,occlusion,low,3,3,occlusion,occlusion,False,0.04168756306171417,0.7994527816772461,24.410972595214844,0.04168759286403656,0.7994527816772461,24.410964965820312,1.783179156262804,1.7078352500163874
2331,clean,none,0,0,clean,clean,False,0.0,1.0,100.0,0.0,1.0,100.0,1.783179156262804,1.7078352500163874
2332,salt_pepper,medium,1,1,salt_pepper,salt_pepper,False,0.043727096170186996,0.8018703460693359,22.880088806152344,0.043727096170186996,0.8018703460693359,22.880088806152344,1.783179156262804,1.7078352500163874
2333,salt_pepper,low,1,1,salt_pepper,salt_pepper,False,0.039276156574487686,0.8438704609870911,25.008678436279297,0.039276156574487686,0.8438704609870911,25.008678436279297,1.783179156262804,1.7078352500163874
2334,blur,low,2,2,blur,blur,False,0.03443940356373787,0.8512094616889954,25.511146545410156,0.03443940356373787,0.8512094616889954,25.511146545410156,1.783179156262804,1.7078352500163874
2335,clean,none,0,0,clean,clean,False,0.0,1.0,100.0,0.0,1.0,100.0,1.783179156262804,1.7078352500163874
2336,occlusion,high,3,3,occlusion,occlusion,False,0.06626766175031662,0.587127149105072,20.70115089416504,0.06626766175031662,0.587127149105072,20.70115089416504,1.3533169374966292,1.3533750312433313
2337,clean,none,0,0,clean,clean,False,0.0,1.0,100.0,0.0,1.0,100.0,1.3533169374966292,1.3533750312433313
2338,salt_pepper,low,1,1,salt_pepper,salt_pepper,False,0.030031731352210045,0.8729786276817322,28.198177337646484,0.030031731352210045,0.8729786276817322,28.198177337646484,1.3533169374966292,1.3533750312433313
2339,blur,high,2,2,blur,blur,False,0.0352579690515995,0.8294816017150879,25.17095947265625,0.0352579690515995,0.8294816017150879,25.17095947265625,1.3533169374966292,1.3533750312433313
2340,occlusion,low,3,3,occlusion,occlusion,False,0.023798547685146332,0.8544198870658875,27.975690841674805,0.023798547685146332,0.8544198870658875,27.975690841674805,1.3533169374966292,1.3533750312433313
2341,clean,none,0,0,clean,clean,False,0.0,1.0,100.0,0.0,1.0,100.0,1.3533169374966292,1.3533750312433313
2342,blur,medium,2,2,blur,blur,False,0.02794411964714527,0.889859676361084,28.537561416625977,0.02794411964714527,0.889859676361084,28.537561416625977,1.3533169374966292,1.3533750312433313
2343,occlusion,high,3,3,occlusion,occlusion,False,0.0760733112692833,0.6100897789001465,19.286218643188477,0.0760733112692833,0.6100897789001465,19.286218643188477,1.3533169374966292,1.3533750312433313
2344,salt_pepper,low,1,1,salt_pepper,salt_pepper,False,0.0375172458589077,0.7797526717185974,26.042938232421875,0.0375172458589077,0.7797526717185974,26.042938232421875,1.3533169374966292,1.3533750312433313
2345,blur,low,2,2,blur,blur,False,0.033982206135988235,0.7806488871574402,26.26552391052246,0.033982206135988235,0.7806488871574402,26.26552391052246,1.3533169374966292,1.3533750312433313
2346,salt_pepper,medium,1,1,salt_pepper,salt_pepper,False,0.054135728627443314,0.8368838429450989,23.02766990661621,0.054135728627443314,0.8368838429450989,23.02766990661621,1.3533169374966292,1.3533750312433313
2347,salt_pepper,low,1,1,salt_pepper,salt_pepper,False,0.07461912930011749,0.7112240791320801,19.950483322143555,0.07461912930011749,0.7112240791320801,19.950483322143555,1.3533169374966292,1.3533750312433313
2348,occlusion,low,3,3,occlusion,occlusion,False,0.046514157205820084,0.7921112179756165,23.418716430664062,0.046514157205820084,0.7921112179756165,23.418716430664062,1.3533169374966292,1.3533750312433313
2349,occlusion,medium,3,3,occlusion,occlusion,False,0.08820098638534546,0.5598568916320801,18.327133178710938,0.08820098638534546,0.5598568916320801,18.327133178710938,1.3533169374966292,1.3533750312433313
2350,blur,medium,2,2,blur,blur,False,0.02539832331240177,0.8304593563079834,29.240341186523438,0.02539832331240177,0.8304593563079834,29.240341186523438,1.3533169374966292,1.3533750312433313
2351,occlusion,medium,3,3,occlusion,occlusion,False,0.03846403583884239,0.7464494705200195,23.862186431884766,0.03846403583884239,0.7464494705200195,23.862186431884766,1.3533169374966292,1.3533750312433313
2352,occlusion,low,3,3,occlusion,occlusion,False,0.07686635106801987,0.6892096400260925,19.529266357421875,0.07686635106801987,0.6892096400260925,19.529266357421875,1.3533169374966292,1.3533750312433313
2353,salt_pepper,low,1,1,salt_pepper,salt_pepper,False,0.04650062695145607,0.7226905226707458,23.651334762573242,0.04650062695145607,0.7226905226707458,23.651334762573242,1.3533169374966292,1.3533750312433313
2354,clean,none,0,0,clean,clean,False,0.0,1.0,100.0,0.0,1.0,100.0,1.3533169374966292,1.3533750312433313
2355,salt_pepper,medium,1,1,salt_pepper,salt_pepper,False,0.034874796867370605,0.7851062417030334,26.970050811767578,0.034874796867370605,0.7851062417030334,26.970050811767578,1.3533169374966292,1.3533750312433313
2356,clean,none,0,0,clean,clean,False,0.0,1.0,100.0,0.0,1.0,100.0,1.3533169374966292,1.3533750312433313
2357,blur,high,2,2,blur,blur,False,0.03941132873296738,0.8069548010826111,25.64485740661621,0.03941132873296738,0.8069548010826111,25.64485740661621,1.3533169374966292,1.3533750312433313
2358,occlusion,high,3,3,occlusion,occlusion,False,0.06160932779312134,0.7181968092918396,19.02123260498047,0.06160932779312134,0.7181968092918396,19.02123260498047,1.3533169374966292,1.3533750312433313
2359,occlusion,low,3,3,occlusion,occlusion,False,0.03962989151477814,0.8301407694816589,20.856536865234375,0.03962989151477814,0.8301407694816589,20.856536865234375,1.3533169374966292,1.3533750312433313
2360,clean,none,0,0,clean,clean,False,0.0,1.0,100.0,0.0,1.0,100.0,1.3533169374966292,1.3533750312433313
2361,blur,medium,2,2,blur,blur,False,0.026377523317933083,0.8897063136100769,28.988422393798828,0.026377523317933083,0.8897063136100769,28.988422393798828,1.3533169374966292,1.3533750312433313
2362,clean,none,0,0,clean,clean,False,0.0,1.0,100.0,0.0,1.0,100.0,1.3533169374966292,1.3533750312433313
2363,salt_pepper,high,1,1,salt_pepper,salt_pepper,False,0.04617733135819435,0.8578513264656067,24.183025360107422,0.04617733135819435,0.8578513264656067,24.183025360107422,1.3533169374966292,1.3533750312433313
2364,blur,low,2,2,blur,blur,False,0.03492240607738495,0.8156032562255859,26.439207077026367,0.03492240607738495,0.8156032562255859,26.439207077026367,1.3533169374966292,1.3533750312433313
2365,salt_pepper,medium,1,1,salt_pepper,salt_pepper,False,0.03285246714949608,0.8305067420005798,27.413860321044922,0.03285246714949608,0.8305067420005798,27.413860321044922,1.3533169374966292,1.3533750312433313
2366,salt_pepper,medium,1,1,salt_pepper,salt_pepper,False,0.03495531901717186,0.8864130973815918,26.64177894592285,0.03495531901717186,0.8864130973815918,26.64177894592285,1.3533169374966292,1.3533750312433313
2367,occlusion,high,3,3,occlusion,occlusion,False,0.03616455942392349,0.7639524936676025,25.814620971679688,0.03616455942392349,0.7639524936676025,25.814620971679688,1.3533169374966292,1.3533750312433313
2368,clean,none,0,0,clean,clean,False,0.0,1.0,100.0,0.0,1.0,100.0,1.367052062505536,1.310189906234882
2369,salt_pepper,low,1,1,salt_pepper,salt_pepper,False,0.030064666643738747,0.8430428504943848,27.489791870117188,0.030064666643738747,0.8430428504943848,27.489791870117188,1.367052062505536,1.310189906234882
2370,salt_pepper,high,1,1,salt_pepper,salt_pepper,False,0.03622402250766754,0.8071670532226562,25.95935821533203,0.03622402250766754,0.8071670532226562,25.95935821533203,1.367052062505536,1.310189906234882
2371,clean,none,0,2,clean,blur,True,0.03173520043492317,0.8993546366691589,27.336944580078125,0.0,1.0,100.0,1.367052062505536,1.310189906234882
2372,salt_pepper,low,1,1,salt_pepper,salt_pepper,False,0.041673097759485245,0.8092501759529114,25.016538619995117,0.041673097759485245,0.8092501759529114,25.016538619995117,1.367052062505536,1.310189906234882
2373,clean,none,0,0,clean,clean,False,0.0,1.0,100.0,0.0,1.0,100.0,1.367052062505536,1.310189906234882
2374,salt_pepper,high,1,1,salt_pepper,salt_pepper,False,0.034944020211696625,0.8677752614021301,26.519758224487305,0.034944020211696625,0.8677752614021301,26.519758224487305,1.367052062505536,1.310189906234882
2375,blur,high,2,2,blur,blur,False,0.03353137895464897,0.8571009039878845,26.575881958007812,0.03353137895464897,0.8571010231971741,26.575881958007812,1.367052062505536,1.310189906234882
2376,clean,none,0,0,clean,clean,False,0.0,1.0,100.0,0.0,1.0,100.0,1.367052062505536,1.310189906234882
2377,occlusion,high,3,3,occlusion,occlusion,False,0.07304136455059052,0.7063708305358887,18.601295471191406,0.07304136455059052,0.7063708305358887,18.601295471191406,1.367052062505536,1.310189906234882
2378,salt_pepper,medium,1,1,salt_pepper,salt_pepper,False,0.033195171505212784,0.8597412109375,26.855880737304688,0.033195171505212784,0.8597412109375,26.855880737304688,1.367052062505536,1.310189906234882
2379,salt_pepper,high,1,1,salt_pepper,salt_pepper,False,0.0526856929063797,0.8181357383728027,21.10917854309082,0.0526856929063797,0.8181357383728027,21.10917854309082,1.367052062505536,1.310189906234882
2380,clean,none,0,0,clean,clean,False,0.0,1.0,100.0,0.0,1.0,100.0,1.367052062505536,1.310189906234882
2381,occlusion,low,3,3,occlusion,occlusion,False,0.038686394691467285,0.7758162617683411,24.865745544433594,0.038686394691467285,0.7758162617683411,24.865745544433594,1.367052062505536,1.310189906234882
2382,occlusion,medium,3,3,occlusion,occlusion,False,0.04789892956614494,0.772097647190094,23.62816047668457,0.04789892956614494,0.772097647190094,23.62816047668457,1.367052062505536,1.310189906234882
2383,clean,none,0,0,clean,clean,False,0.0,1.0,100.0,0.0,1.0,100.0,1.367052062505536,1.310189906234882
2384,salt_pepper,medium,1,1,salt_pepper,salt_pepper,False,0.047921959310770035,0.7796729207038879,23.71464729309082,0.047921959310770035,0.7796729207038879,23.71464729309082,1.367052062505536,1.310189906234882
2385,occlusion,low,3,3,occlusion,occlusion,False,0.03825685754418373,0.8364977836608887,22.803285598754883,0.03825685754418373,0.8364977836608887,22.803285598754883,1.367052062505536,1.310189906234882
2386,blur,medium,2,2,blur,blur,False,0.03401302173733711,0.7668713927268982,26.82124900817871,0.03401302173733711,0.7668713927268982,26.82124900817871,1.367052062505536,1.310189906234882
2387,occlusion,high,3,3,occlusion,occlusion,False,0.05294441804289818,0.7926878333091736,21.647979736328125,0.05294441804289818,0.7926878333091736,21.647979736328125,1.367052062505536,1.310189906234882
2388,salt_pepper,low,1,1,salt_pepper,salt_pepper,False,0.0339786559343338,0.8656456470489502,25.996463775634766,0.0339786559343338,0.8656456470489502,25.996463775634766,1.367052062505536,1.310189906234882
2389,salt_pepper,low,1,1,salt_pepper,salt_pepper,False,0.03496507555246353,0.8520193696022034,26.25707244873047,0.03496507555246353,0.8520193696022034,26.25707244873047,1.367052062505536,1.310189906234882
2390,occlusion,high,3,3,occlusion,occlusion,False,0.07882837951183319,0.644040584564209,17.485563278198242,0.07882837951183319,0.644040584564209,17.485563278198242,1.367052062505536,1.310189906234882
2391,salt_pepper,medium,1,1,salt_pepper,salt_pepper,False,0.02171955071389675,0.8806679248809814,29.96966552734375,0.02171955071389675,0.8806679248809814,29.96966552734375,1.367052062505536,1.310189906234882
2392,occlusion,medium,3,3,occlusion,occlusion,False,0.06201843544840813,0.5061593055725098,21.58155059814453,0.06201843544840813,0.5061593055725098,21.58155059814453,1.367052062505536,1.310189906234882
2393,clean,none,0,0,clean,clean,False,0.0,1.0,100.0,0.0,1.0,100.0,1.367052062505536,1.310189906234882
2394,blur,medium,2,2,blur,blur,False,0.053459953516721725,0.7570466995239258,22.22393226623535,0.053459953516721725,0.7570468783378601,22.22393226623535,1.367052062505536,1.310189906234882
2395,occlusion,medium,3,3,occlusion,occlusion,False,0.023851148784160614,0.8960712552070618,29.53089714050293,0.023851148784160614,0.8960712552070618,29.53089714050293,1.367052062505536,1.310189906234882
2396,clean,none,0,0,clean,clean,False,0.0,1.0,100.0,0.0,1.0,100.0,1.367052062505536,1.310189906234882
2397,clean,none,0,0,clean,clean,False,0.0,1.0,100.0,0.0,1.0,100.0,1.367052062505536,1.310189906234882
2398,salt_pepper,medium,1,1,salt_pepper,salt_pepper,False,0.022657066583633423,0.9078824520111084,29.06296157836914,0.022657066583633423,0.9078824520111084,29.06296157836914,1.367052062505536,1.310189906234882
2399,salt_pepper,low,1,1,salt_pepper,salt_pepper,False,0.06884155422449112,0.689782440662384,20.19802474975586,0.06884155422449112,0.689782440662384,20.19802474975586,1.367052062505536,1.310189906234882
2400,salt_pepper,high,1,1,salt_pepper,salt_pepper,False,0.032868217676877975,0.8020398020744324,25.899667739868164,0.032868217676877975,0.8020398020744324,25.899667739868164,1.508754031249282,1.4569140625155796
2401,blur,low,2,2,blur,blur,False,0.050675779581069946,0.8135101199150085,21.920413970947266,0.050675783306360245,0.8135103583335876,21.920413970947266,1.508754031249282,1.4569140625155796
2402,clean,none,0,0,clean,clean,False,0.0,1.0,100.0,0.0,1.0,100.0,1.508754031249282,1.4569140625155796
2403,blur,low,2,2,blur,blur,False,0.03540317714214325,0.8571445345878601,25.573284149169922,0.03540317714214325,0.8571446537971497,25.573284149169922,1.508754031249282,1.4569140625155796
2404,blur,high,2,2,blur,blur,False,0.11008734256029129,0.5568417906761169,16.364328384399414,0.11008734256029129,0.5568416714668274,16.364328384399414,1.508754031249282,1.4569140625155796
2405,blur,high,2,2,blur,blur,False,0.03592485934495926,0.7213521599769592,26.037498474121094,0.03592485934495926,0.7213521599769592,26.037498474121094,1.508754031249282,1.4569140625155796
2406,occlusion,low,3,3,occlusion,occlusion,False,0.031943947076797485,0.848899781703949,26.241119384765625,0.031943947076797485,0.848899781703949,26.241119384765625,1.508754031249282,1.4569140625155796
2407,clean,none,0,0,clean,clean,False,0.0,1.0,100.0,0.0,1.0,100.0,1.508754031249282,1.4569140625155796
2408,clean,none,0,0,clean,clean,False,0.0,1.0,100.0,0.0,1.0,100.0,1.508754031249282,1.4569140625155796
2409,clean,none,0,0,clean,clean,False,0.0,1.0,100.0,0.0,1.0,100.0,1.508754031249282,1.4569140625155796
2410,blur,medium,2,2,blur,blur,False,0.03828887268900871,0.8090144991874695,24.997970581054688,0.03828887268900871,0.8090147376060486,24.997970581054688,1.508754031249282,1.4569140625155796
2411,salt_pepper,low,1,1,salt_pepper,salt_pepper,False,0.03511999174952507,0.7943213582038879,25.667613983154297,0.03511999174952507,0.7943213582038879,25.667613983154297,1.508754031249282,1.4569140625155796
2412,clean,none,0,0,clean,clean,False,0.0,1.0,100.0,0.0,1.0,100.0,1.508754031249282,1.4569140625155796
2413,salt_pepper,high,1,1,salt_pepper,salt_pepper,False,0.035733770579099655,0.8788738250732422,25.895212173461914,0.035733770579099655,0.8788738250732422,25.895212173461914,1.508754031249282,1.4569140625155796
2414,clean,none,0,0,clean,clean,False,0.0,1.0,100.0,0.0,1.0,100.0,1.508754031249282,1.4569140625155796
2415,blur,high,2,2,blur,blur,False,0.022825615480542183,0.887763500213623,29.873334884643555,0.022825615480542183,0.8877633213996887,29.873334884643555,1.508754031249282,1.4569140625155796
2416,salt_pepper,low,1,1,salt_pepper,salt_pepper,False,0.029715022072196007,0.8170478940010071,26.777036666870117,0.029715022072196007,0.8170478940010071,26.777036666870117,1.508754031249282,1.4569140625155796
2417,salt_pepper,high,1,1,salt_pepper,salt_pepper,False,0.06026483699679375,0.6163478493690491,22.196348190307617,0.06026483699679375,0.6163478493690491,22.196348190307617,1.508754031249282,1.4569140625155796
2418,occlusion,low,3,3,occlusion,occlusion,False,0.030654454603791237,0.8593874573707581,26.321651458740234,0.030654454603791237,0.8593874573707581,26.321651458740234,1.508754031249282,1.4569140625155796
2419,blur,high,2,2,blur,blur,False,0.03736180439591408,0.7980597019195557,25.45709228515625,0.03736180067062378,0.7980594635009766,25.45709228515625,1.508754031249282,1.4569140625155796
2420,occlusion,high,3,3,occlusion,occlusion,False,0.0696057453751564,0.6755906939506531,18.510892868041992,0.0696057453751564,0.6755906939506531,18.510892868041992,1.508754031249282,1.4569140625155796
2421,occlusion,medium,3,3,occlusion,occlusion,False,0.03427011892199516,0.7869406342506409,24.538562774658203,0.03427011892199516,0.7869406342506409,24.538562774658203,1.508754031249282,1.4569140625155796
2422,occlusion,high,3,3,occlusion,occlusion,False,0.03551119193434715,0.7264257073402405,24.688873291015625,0.03551119193434715,0.7264257073402405,24.688873291015625,1.508754031249282,1.4569140625155796
2423,occlusion,high,3,3,occlusion,occlusion,False,0.049684155732393265,0.729810893535614,22.0345516204834,0.049684155732393265,0.729810893535614,22.0345516204834,1.508754031249282,1.4569140625155796
2424,occlusion,medium,3,3,occlusion,occlusion,False,0.05373877286911011,0.7145871520042419,22.053977966308594,0.05373877286911011,0.7145871520042419,22.053977966308594,1.508754031249282,1.4569140625155796
2425,clean,none,0,0,clean,clean,False,0.0,1.0,100.0,0.0,1.0,100.0,1.508754031249282,1.4569140625155796
2426,clean,none,0,2,clean,blur,True,0.023838667199015617,0.9225160479545593,29.72439193725586,0.0,1.0,100.0,1.508754031249282,1.4569140625155796
2427,clean,none,0,0,clean,clean,False,0.0,1.0,100.0,0.0,1.0,100.0,1.508754031249282,1.4569140625155796
2428,clean,none,0,0,clean,clean,False,0.0,1.0,100.0,0.0,1.0,100.0,1.508754031249282,1.4569140625155796
2429,occlusion,medium,3,3,occlusion,occlusion,False,0.03612418472766876,0.7958498001098633,23.559188842773438,0.03612418472766876,0.7958498001098633,23.559188842773438,1.508754031249282,1.4569140625155796
2430,salt_pepper,high,1,1,salt_pepper,salt_pepper,False,0.02699834667146206,0.8850834965705872,28.086225509643555,0.02699834667146206,0.8850834965705872,28.086225509643555,1.508754031249282,1.4569140625155796
2431,occlusion,medium,3,3,occlusion,occlusion,False,0.060119643807411194,0.7150029540061951,20.71866798400879,0.060119643807411194,0.7150029540061951,20.71866798400879,1.508754031249282,1.4569140625155796
2432,blur,high,2,2,blur,blur,False,0.032431524246931076,0.8139970898628235,27.20989418029785,0.032431524246931076,0.8139970898628235,27.20989418029785,1.8917398125211093,1.8734001249924859
2433,clean,none,0,2,clean,blur,True,0.038381319493055344,0.8536551594734192,25.745038986206055,0.0,1.0,100.0,1.8917398125211093,1.8734001249924859
2434,occlusion,medium,3,3,occlusion,occlusion,False,0.04108095541596413,0.8341496586799622,23.86215591430664,0.04108095541596413,0.8341496586799622,23.86215591430664,1.8917398125211093,1.8734001249924859
2435,occlusion,high,3,3,occlusion,occlusion,False,0.05070631578564644,0.7610214352607727,21.56155014038086,0.05070631578564644,0.7610214352607727,21.56155014038086,1.8917398125211093,1.8734001249924859
2436,occlusion,low,3,3,occlusion,occlusion,False,0.042710110545158386,0.7978808283805847,23.529855728149414,0.042710110545158386,0.7978808283805847,23.529855728149414,1.8917398125211093,1.8734001249924859
2437,occlusion,medium,3,3,occlusion,occlusion,False,0.08680842071771622,0.6793381571769714,17.588022232055664,0.08680842071771622,0.6793381571769714,17.588022232055664,1.8917398125211093,1.8734001249924859
2438,occlusion,high,3,3,occlusion,occlusion,False,0.08713281899690628,0.6158615946769714,15.668558120727539,0.08713281899690628,0.6158615946769714,15.668558120727539,1.8917398125211093,1.8734001249924859
2439,occlusion,high,3,3,occlusion,occlusion,False,0.04872995987534523,0.7105783820152283,22.8299560546875,0.04872995987534523,0.7105783820152283,22.8299560546875,1.8917398125211093,1.8734001249924859
2440,blur,medium,2,2,blur,blur,False,0.03100910782814026,0.8775724768638611,27.518198013305664,0.03100910782814026,0.8775724768638611,27.518198013305664,1.8917398125211093,1.8734001249924859
2441,occlusion,medium,3,3,occlusion,occlusion,False,0.060989271849393845,0.6442644000053406,20.619524002075195,0.060989271849393845,0.6442644000053406,20.619524002075195,1.8917398125211093,1.8734001249924859
2442,blur,medium,2,2,blur,blur,False,0.0369078628718853,0.7641018033027649,26.310630798339844,0.0369078628718853,0.7641018033027649,26.310630798339844,1.8917398125211093,1.8734001249924859
2443,clean,none,0,0,clean,clean,False,0.0,1.0,100.0,0.0,1.0,100.0,1.8917398125211093,1.8734001249924859
2444,occlusion,medium,3,3,occlusion,occlusion,False,0.05437004193663597,0.6982783675193787,20.588199615478516,0.05437004193663597,0.6982783675193787,20.588199615478516,1.8917398125211093,1.8734001249924859
2445,occlusion,high,3,3,occlusion,occlusion,False,0.03728007152676582,0.7733139991760254,24.18178939819336,0.03728007152676582,0.7733139991760254,24.18178939819336,1.8917398125211093,1.8734001249924859
2446,blur,high,2,2,blur,blur,False,0.021781394258141518,0.850736141204834,30.799264907836914,0.021781394258141518,0.850736141204834,30.799264907836914,1.8917398125211093,1.8734001249924859
2447,occlusion,low,3,3,occlusion,occlusion,False,0.0228824894875288,0.8648056387901306,29.89177703857422,0.0228824894875288,0.8648056387901306,29.89177703857422,1.8917398125211093,1.8734001249924859
2448,blur,medium,2,2,blur,blur,False,0.02610008604824543,0.8792800903320312,27.874547958374023,0.02610008604824543,0.8792800903320312,27.874547958374023,1.8917398125211093,1.8734001249924859
2449,salt_pepper,high,1,1,salt_pepper,salt_pepper,False,0.06492402404546738,0.6365594863891602,20.98514747619629,0.06492402404546738,0.6365594863891602,20.98514747619629,1.8917398125211093,1.8734001249924859
2450,salt_pepper,medium,1,1,salt_pepper,salt_pepper,False,0.040963150560855865,0.8381498456001282,23.605266571044922,0.040963150560855865,0.8381498456001282,23.605266571044922,1.8917398125211093,1.8734001249924859
2451,occlusion,low,3,3,occlusion,occlusion,False,0.07642265409231186,0.6371214985847473,19.49638557434082,0.07642265409231186,0.6371214985847473,19.49638557434082,1.8917398125211093,1.8734001249924859
2452,clean,none,0,0,clean,clean,False,0.0,1.0,100.0,0.0,1.0,100.0,1.8917398125211093,1.8734001249924859
2453,clean,none,0,0,clean,clean,False,0.0,1.0,100.0,0.0,1.0,100.0,1.8917398125211093,1.8734001249924859
2454,blur,low,2,2,blur,blur,False,0.03633866459131241,0.7367663383483887,26.363731384277344,0.03633866459131241,0.7367663383483887,26.363731384277344,1.8917398125211093,1.8734001249924859
2455,blur,medium,2,2,blur,blur,False,0.04347673058509827,0.6880385279655457,24.75310516357422,0.04347673058509827,0.6880385279655457,24.75310516357422,1.8917398125211093,1.8734001249924859
2456,salt_pepper,low,1,1,salt_pepper,salt_pepper,False,0.03664650395512581,0.8938235640525818,25.90315055847168,0.03664650395512581,0.8938235640525818,25.90315055847168,1.8917398125211093,1.8734001249924859
2457,clean,none,0,0,clean,clean,False,0.0,1.0,100.0,0.0,1.0,100.0,1.8917398125211093,1.8734001249924859
2458,clean,none,0,0,clean,clean,False,0.0,1.0,100.0,0.0,1.0,100.0,1.8917398125211093,1.8734001249924859
2459,occlusion,high,3,3,occlusion,occlusion,False,0.06788001209497452,0.5583028793334961,20.098068237304688,0.06788001209497452,0.5583028793334961,20.098068237304688,1.8917398125211093,1.8734001249924859
2460,occlusion,high,3,3,occlusion,occlusion,False,0.07053778320550919,0.7022648453712463,19.116838455200195,0.07053778320550919,0.7022648453712463,19.116838455200195,1.8917398125211093,1.8734001249924859
2461,blur,low,2,2,blur,blur,False,0.04053749144077301,0.7954940795898438,24.733667373657227,0.04053749144077301,0.7954940795898438,24.733667373657227,1.8917398125211093,1.8734001249924859
2462,salt_pepper,high,1,1,salt_pepper,salt_pepper,False,0.03726739063858986,0.7552909255027771,26.467971801757812,0.03726739063858986,0.7552909255027771,26.467971801757812,1.8917398125211093,1.8734001249924859
2463,blur,low,2,2,blur,blur,False,0.030175378546118736,0.8584762215614319,27.47616195678711,0.030175378546118736,0.8584762215614319,27.47616195678711,1.8917398125211093,1.8734001249924859
2464,blur,low,2,2,blur,blur,False,0.04279889538884163,0.8857429027557373,24.726457595825195,0.04279889538884163,0.8857429027557373,24.726457595825195,1.4175636874824704,1.4087079687499227
2465,blur,low,2,2,blur,blur,False,0.028525235131382942,0.8487186431884766,28.40997886657715,0.028525235131382942,0.8487186431884766,28.40997886657715,1.4175636874824704,1.4087079687499227
2466,clean,none,0,0,clean,clean,False,0.0,1.0,100.0,0.0,1.0,100.0,1.4175636874824704,1.4087079687499227
2467,clean,none,0,0,clean,clean,False,0.0,1.0,100.0,0.0,1.0,100.0,1.4175636874824704,1.4087079687499227
2468,salt_pepper,medium,1,1,salt_pepper,salt_pepper,False,0.029015684500336647,0.8440902233123779,28.46620750427246,0.029015684500336647,0.8440902233123779,28.46620750427246,1.4175636874824704,1.4087079687499227
2469,clean,none,0,0,clean,clean,False,0.0,1.0,100.0,0.0,1.0,100.0,1.4175636874824704,1.4087079687499227
2470,occlusion,low,3,3,occlusion,occlusion,False,0.04120360314846039,0.7943627238273621,23.344287872314453,0.04120360314846039,0.7943627238273621,23.344287872314453,1.4175636874824704,1.4087079687499227
2471,salt_pepper,low,1,1,salt_pepper,salt_pepper,False,0.04483895003795624,0.7697188258171082,23.751943588256836,0.04483895003795624,0.7697188258171082,23.751943588256836,1.4175636874824704,1.4087079687499227
2472,occlusion,medium,3,3,occlusion,occlusion,False,0.0991508886218071,0.5690898299217224,17.386816024780273,0.0991508886218071,0.5690898299217224,17.386816024780273,1.4175636874824704,1.4087079687499227
2473,salt_pepper,low,1,1,salt_pepper,salt_pepper,False,0.032382164150476456,0.8365683555603027,26.634122848510742,0.032382164150476456,0.8365683555603027,26.634122848510742,1.4175636874824704,1.4087079687499227
2474,clean,none,0,0,clean,clean,False,0.0,1.0,100.0,0.0,1.0,100.0,1.4175636874824704,1.4087079687499227
2475,blur,medium,2,2,blur,blur,False,0.02752799354493618,0.8911259174346924,28.44622039794922,0.02752799354493618,0.8911259174346924,28.44622039794922,1.4175636874824704,1.4087079687499227
2476,clean,none,0,0,clean,clean,False,0.0,1.0,100.0,0.0,1.0,100.0,1.4175636874824704,1.4087079687499227
2477,salt_pepper,medium,1,1,salt_pepper,salt_pepper,False,0.08186828345060349,0.688389778137207,19.565628051757812,0.08186828345060349,0.688389778137207,19.565628051757812,1.4175636874824704,1.4087079687499227
2478,salt_pepper,low,1,1,salt_pepper,salt_pepper,False,0.02872220240533352,0.7864590287208557,27.934415817260742,0.02872220240533352,0.7864590287208557,27.934415817260742,1.4175636874824704,1.4087079687499227
2479,occlusion,high,3,3,occlusion,occlusion,False,0.07368774712085724,0.530098557472229,19.672527313232422,0.07368774712085724,0.530098557472229,19.672527313232422,1.4175636874824704,1.4087079687499227
2480,salt_pepper,medium,1,1,salt_pepper,salt_pepper,False,0.03202848508954048,0.8294029831886292,27.399730682373047,0.03202848508954048,0.8294029831886292,27.399730682373047,1.4175636874824704,1.4087079687499227
2481,blur,medium,2,2,blur,blur,False,0.026143774390220642,0.8531532287597656,28.595996856689453,0.026143774390220642,0.8531532287597656,28.595996856689453,1.4175636874824704,1.4087079687499227
2482,blur,low,2,2,blur,blur,False,0.03339320048689842,0.8461585640907288,26.49597930908203,0.03339320048689842,0.8461585640907288,26.49597930908203,1.4175636874824704,1.4087079687499227
2483,occlusion,medium,3,3,occlusion,occlusion,False,0.09778375178575516,0.5096182227134705,17.30975341796875,0.09778375178575516,0.5096182227134705,17.30975341796875,1.4175636874824704,1.4087079687499227
2484,occlusion,low,3,3,occlusion,occlusion,False,0.04582566022872925,0.7618220448493958,23.043399810791016,0.04582566022872925,0.7618220448493958,23.043399810791016,1.4175636874824704,1.4087079687499227
2485,salt_pepper,low,1,1,salt_pepper,salt_pepper,False,0.055479854345321655,0.6822099089622498,22.388532638549805,0.055479854345321655,0.6822099089622498,22.388532638549805,1.4175636874824704,1.4087079687499227
2486,blur,high,2,2,blur,blur,False,0.03276132419705391,0.7257542610168457,27.27587890625,0.03276132419705391,0.7257542610168457,27.27587890625,1.4175636874824704,1.4087079687499227
2487,blur,low,2,2,blur,blur,False,0.027395552024245262,0.8341174125671387,27.685623168945312,0.027395552024245262,0.8341174125671387,27.685623168945312,1.4175636874824704,1.4087079687499227
2488,clean,none,0,0,clean,clean,False,0.0,1.0,100.0,0.0,1.0,100.0,1.4175636874824704,1.4087079687499227
2489,occlusion,high,3,3,occlusion,occlusion,False,0.0852653980255127,0.624657392501831,17.943485260009766,0.0852653980255127,0.624657392501831,17.943485260009766,1.4175636874824704,1.4087079687499227
2490,clean,none,0,0,clean,clean,False,0.0,1.0,100.0,0.0,1.0,100.0,1.4175636874824704,1.4087079687499227
2491,occlusion,low,3,3,occlusion,occlusion,False,0.025399183854460716,0.8714786171913147,28.079753875732422,0.025399183854460716,0.8714786171913147,28.079753875732422,1.4175636874824704,1.4087079687499227
2492,salt_pepper,high,1,1,salt_pepper,salt_pepper,False,0.07476595044136047,0.6046995520591736,20.322973251342773,0.07476595044136047,0.6046995520591736,20.322973251342773,1.4175636874824704,1.4087079687499227
2493,salt_pepper,medium,1,1,salt_pepper,salt_pepper,False,0.03400702774524689,0.7993149757385254,26.313688278198242,0.03400702774524689,0.7993149757385254,26.313688278198242,1.4175636874824704,1.4087079687499227
2494,salt_pepper,medium,1,1,salt_pepper,salt_pepper,False,0.0519210584461689,0.6722671389579773,22.94260025024414,0.0519210584461689,0.6722671389579773,22.94260025024414,1.4175636874824704,1.4087079687499227
2495,clean,none,0,0,clean,clean,False,0.0,1.0,100.0,0.0,1.0,100.0,1.4175636874824704,1.4087079687499227
2496,occlusion,low,3,3,occlusion,occlusion,False,0.08262799680233002,0.6837408542633057,17.663267135620117,0.08262799680233002,0.6837408542633057,17.663267135620117,1.3925696250112196,1.3834289374869968
2497,blur,high,2,2,blur,blur,False,0.04908325895667076,0.8485276103019714,23.697736740112305,0.04908325895667076,0.8485276103019714,23.697736740112305,1.3925696250112196,1.3834289374869968
2498,occlusion,low,3,3,occlusion,occlusion,False,0.04170567914843559,0.8299961090087891,23.619064331054688,0.04170567914843559,0.8299961090087891,23.619064331054688,1.3925696250112196,1.3834289374869968
2499,salt_pepper,low,1,1,salt_pepper,salt_pepper,False,0.034190915524959564,0.916388213634491,27.243267059326172,0.034190915524959564,0.916388213634491,27.243267059326172,1.3925696250112196,1.3834289374869968
2500,occlusion,low,3,3,occlusion,occlusion,False,0.056215375661849976,0.7348185181617737,21.557697296142578,0.056215375661849976,0.7348185181617737,21.557697296142578,1.3925696250112196,1.3834289374869968
2501,clean,none,0,0,clean,clean,False,0.0,1.0,100.0,0.0,1.0,100.0,1.3925696250112196,1.3834289374869968
2502,salt_pepper,medium,1,1,salt_pepper,salt_pepper,False,0.04317347705364227,0.8253540992736816,24.746631622314453,0.04317347705364227,0.8253540992736816,24.746631622314453,1.3925696250112196,1.3834289374869968
2503,clean,none,0,0,clean,clean,False,0.0,1.0,100.0,0.0,1.0,100.0,1.3925696250112196,1.3834289374869968
2504,clean,none,0,0,clean,clean,False,0.0,1.0,100.0,0.0,1.0,100.0,1.3925696250112196,1.3834289374869968
2505,occlusion,low,3,3,occlusion,occlusion,False,0.06177283450961113,0.674557626247406,21.624404907226562,0.06177283450961113,0.674557626247406,21.624404907226562,1.3925696250112196,1.3834289374869968
2506,salt_pepper,low,1,1,salt_pepper,salt_pepper,False,0.052954256534576416,0.7434813976287842,22.44933319091797,0.052954256534576416,0.7434813976287842,22.44933319091797,1.3925696250112196,1.3834289374869968
2507,blur,high,2,2,blur,blur,False,0.05077807977795601,0.7509215474128723,22.895421981811523,0.05077807977795601,0.7509215474128723,22.895421981811523,1.3925696250112196,1.3834289374869968
2508,clean,none,0,0,clean,clean,False,0.0,1.0,100.0,0.0,1.0,100.0,1.3925696250112196,1.3834289374869968
2509,blur,medium,2,2,blur,blur,False,0.07608501613140106,0.6794912219047546,19.974706649780273,0.07608501613140106,0.6794912219047546,19.974706649780273,1.3925696250112196,1.3834289374869968
2510,clean,none,0,0,clean,clean,False,0.0,1.0,100.0,0.0,1.0,100.0,1.3925696250112196,1.3834289374869968
2511,occlusion,medium,3,3,occlusion,occlusion,False,0.07161489129066467,0.5072266459465027,20.37542724609375,0.07161489129066467,0.5072266459465027,20.37542724609375,1.3925696250112196,1.3834289374869968
2512,occlusion,medium,3,3,occlusion,occlusion,False,0.046431589871644974,0.7502447962760925,22.027265548706055,0.046431589871644974,0.7502447962760925,22.027265548706055,1.3925696250112196,1.3834289374869968
2513,blur,medium,2,2,blur,blur,False,0.041085127741098404,0.7433373928070068,24.53048324584961,0.041085127741098404,0.7433373928070068,24.53048324584961,1.3925696250112196,1.3834289374869968
2514,occlusion,high,3,3,occlusion,occlusion,False,0.058740805834531784,0.7097852826118469,20.349750518798828,0.058740805834531784,0.7097852826118469,20.349750518798828,1.3925696250112196,1.3834289374869968
2515,blur,low,2,2,blur,blur,False,0.03889692947268486,0.8217318654060364,25.49927520751953,0.03889692947268486,0.8217318654060364,25.49927520751953,1.3925696250112196,1.3834289374869968
2516,clean,none,0,0,clean,clean,False,0.0,1.0,100.0,0.0,1.0,100.0,1.3925696250112196,1.3834289374869968
2517,salt_pepper,medium,1,1,salt_pepper,salt_pepper,False,0.05374391749501228,0.7171039581298828,22.30626678466797,0.05374391749501228,0.7171039581298828,22.30626678466797,1.3925696250112196,1.3834289374869968
2518,blur,medium,2,2,blur,blur,False,0.05597212538123131,0.813668429851532,22.69000816345215,0.05597212538123131,0.813668429851532,22.69000816345215,1.3925696250112196,1.3834289374869968
2519,salt_pepper,low,1,1,salt_pepper,salt_pepper,False,0.03134370967745781,0.8051526546478271,26.500242233276367,0.03134370967745781,0.8051526546478271,26.500242233276367,1.3925696250112196,1.3834289374869968
2520,clean,none,0,0,clean,clean,False,0.0,1.0,100.0,0.0,1.0,100.0,1.3925696250112196,1.3834289374869968
2521,occlusion,high,3,3,occlusion,occlusion,False,0.0703427866101265,0.650309145450592,18.275100708007812,0.0703427866101265,0.650309145450592,18.275100708007812,1.3925696250112196,1.3834289374869968
2522,salt_pepper,low,1,1,salt_pepper,salt_pepper,False,0.027999667450785637,0.8917839527130127,27.811859130859375,0.027999667450785637,0.8917839527130127,27.811859130859375,1.3925696250112196,1.3834289374869968
2523,occlusion,low,3,3,occlusion,occlusion,False,0.03317739814519882,0.8008204102516174,25.058311462402344,0.03317739814519882,0.8008204102516174,25.058311462402344,1.3925696250112196,1.3834289374869968
2524,occlusion,low,3,3,occlusion,occlusion,False,0.03203505650162697,0.809036910533905,26.03054428100586,0.03203505650162697,0.809036910533905,26.03054428100586,1.3925696250112196,1.3834289374869968
2525,clean,none,0,0,clean,clean,False,0.0,1.0,100.0,0.0,1.0,100.0,1.3925696250112196,1.3834289374869968
2526,salt_pepper,medium,1,1,salt_pepper,salt_pepper,False,0.04956440627574921,0.8666830658912659,22.63235092163086,0.04956440627574921,0.8666830658912659,22.63235092163086,1.3925696250112196,1.3834289374869968
2527,salt_pepper,medium,1,1,salt_pepper,salt_pepper,False,0.04357663169503212,0.8417016863822937,20.337369918823242,0.04357663169503212,0.8417016863822937,20.337369918823242,1.3925696250112196,1.3834289374869968
2528,salt_pepper,high,1,1,salt_pepper,salt_pepper,False,0.028234267607331276,0.8643591403961182,27.568618774414062,0.028234267607331276,0.8643591403961182,27.568618774414062,1.5400746250122666,1.6086055624953133
2529,salt_pepper,high,1,1,salt_pepper,salt_pepper,False,0.04724061116576195,0.66949862241745,23.945453643798828,0.04724061116576195,0.66949862241745,23.945453643798828,1.5400746250122666,1.6086055624953133
2530,clean,none,0,0,clean,clean,False,0.0,1.0,100.0,0.0,1.0,100.0,1.5400746250122666,1.6086055624953133
2531,occlusion,high,3,3,occlusion,occlusion,False,0.06324535608291626,0.6043583750724792,19.488727569580078,0.06324535608291626,0.6043583750724792,19.488727569580078,1.5400746250122666,1.6086055624953133
2532,blur,high,2,2,blur,blur,False,0.039837561547756195,0.7523532509803772,25.189287185668945,0.039837561547756195,0.7523532509803772,25.189287185668945,1.5400746250122666,1.6086055624953133
2533,occlusion,low,3,3,occlusion,occlusion,False,0.07270076125860214,0.6533915400505066,20.14733123779297,0.07270076125860214,0.6533915400505066,20.14733123779297,1.5400746250122666,1.6086055624953133
2534,clean,none,0,0,clean,clean,False,0.0,1.0,100.0,0.0,1.0,100.0,1.5400746250122666,1.6086055624953133
2535,blur,low,2,2,blur,blur,False,0.03118412382900715,0.8745524287223816,25.870885848999023,0.03118412382900715,0.8745524287223816,25.870885848999023,1.5400746250122666,1.6086055624953133
2536,salt_pepper,low,1,1,salt_pepper,salt_pepper,False,0.03929736092686653,0.8449909090995789,23.474124908447266,0.03929736092686653,0.8449909090995789,23.474124908447266,1.5400746250122666,1.6086055624953133
2537,clean,none,0,0,clean,clean,False,0.0,1.0,100.0,0.0,1.0,100.0,1.5400746250122666,1.6086055624953133
2538,salt_pepper,low,1,1,salt_pepper,salt_pepper,False,0.06135634705424309,0.6880119442939758,21.551877975463867,0.06135634705424309,0.6880119442939758,21.551877975463867,1.5400746250122666,1.6086055624953133
2539,salt_pepper,medium,1,1,salt_pepper,salt_pepper,False,0.025982961058616638,0.8816267848014832,28.33321762084961,0.025982961058616638,0.8816267848014832,28.33321762084961,1.5400746250122666,1.6086055624953133
2540,clean,none,0,0,clean,clean,False,0.0,1.0,100.0,0.0,1.0,100.0,1.5400746250122666,1.6086055624953133
2541,blur,medium,2,2,blur,blur,False,0.035725366324186325,0.8249840140342712,25.51617431640625,0.035725366324186325,0.8249840140342712,25.51617431640625,1.5400746250122666,1.6086055624953133
2542,blur,high,2,2,blur,blur,False,0.04593215882778168,0.740419864654541,24.104097366333008,0.04593215882778168,0.740419864654541,24.104097366333008,1.5400746250122666,1.6086055624953133
2543,blur,high,2,2,blur,blur,False,0.04653989151120186,0.8312074542045593,23.984970092773438,0.04653989151120186,0.8312074542045593,23.984970092773438,1.5400746250122666,1.6086055624953133
2544,salt_pepper,medium,1,1,salt_pepper,salt_pepper,False,0.05163764953613281,0.7072196006774902,22.444114685058594,0.05163764953613281,0.7072196006774902,22.444114685058594,1.5400746250122666,1.6086055624953133
2545,clean,none,0,0,clean,clean,False,0.0,1.0,100.0,0.0,1.0,100.0,1.5400746250122666,1.6086055624953133
2546,clean,none,0,0,clean,clean,False,0.0,1.0,100.0,0.0,1.0,100.0,1.5400746250122666,1.6086055624953133
2547,clean,none,0,0,clean,clean,False,0.0,1.0,100.0,0.0,1.0,100.0,1.5400746250122666,1.6086055624953133
2548,blur,medium,2,2,blur,blur,False,0.04469937086105347,0.8897678256034851,22.862092971801758,0.04469937086105347,0.8897678256034851,22.862092971801758,1.5400746250122666,1.6086055624953133
2549,blur,medium,2,2,blur,blur,False,0.04022352769970894,0.7980294227600098,24.569189071655273,0.04022352769970894,0.7980294227600098,24.569189071655273,1.5400746250122666,1.6086055624953133
2550,blur,medium,2,2,blur,blur,False,0.036721121519804,0.8498256206512451,24.62467384338379,0.036721121519804,0.8498256206512451,24.62467384338379,1.5400746250122666,1.6086055624953133
2551,salt_pepper,low,1,1,salt_pepper,salt_pepper,False,0.05664941295981407,0.7530673146247864,21.717304229736328,0.05664941295981407,0.7530673146247864,21.717304229736328,1.5400746250122666,1.6086055624953133
2552,occlusion,medium,3,3,occlusion,occlusion,False,0.041295189410448074,0.8078344464302063,23.21314239501953,0.041295189410448074,0.8078344464302063,23.21314239501953,1.5400746250122666,1.6086055624953133
2553,salt_pepper,medium,1,1,salt_pepper,salt_pepper,False,0.07721861451864243,0.6799523234367371,18.826618194580078,0.07721861451864243,0.6799523234367371,18.826618194580078,1.5400746250122666,1.6086055624953133
2554,occlusion,low,3,3,occlusion,occlusion,False,0.05104253068566322,0.7395984530448914,22.244510650634766,0.05104253068566322,0.7395984530448914,22.244510650634766,1.5400746250122666,1.6086055624953133
2555,blur,medium,2,2,blur,blur,False,0.039281100034713745,0.8339502215385437,25.181753158569336,0.039281100034713745,0.8339502215385437,25.181753158569336,1.5400746250122666,1.6086055624953133
2556,occlusion,high,3,3,occlusion,occlusion,False,0.09415408223867416,0.5481321811676025,17.715059280395508,0.09415408223867416,0.5481321811676025,17.715059280395508,1.5400746250122666,1.6086055624953133
2557,clean,none,0,0,clean,clean,False,0.0,1.0,100.0,0.0,1.0,100.0,1.5400746250122666,1.6086055624953133
2558,clean,none,0,0,clean,clean,False,0.0,1.0,100.0,0.0,1.0,100.0,1.5400746250122666,1.6086055624953133
2559,salt_pepper,medium,1,1,salt_pepper,salt_pepper,False,0.030308596789836884,0.815009355545044,27.86447525024414,0.030308596789836884,0.815009355545044,27.86447525024414,1.5400746250122666,1.6086055624953133
2560,clean,none,0,0,clean,clean,False,0.0,1.0,100.0,0.0,1.0,100.0,1.7587294687473332,1.7587509062479967
2561,occlusion,low,3,3,occlusion,occlusion,False,0.039512936025857925,0.8467495441436768,23.11141586303711,0.039512936025857925,0.8467495441436768,23.11141586303711,1.7587294687473332,1.7587509062479967
2562,occlusion,high,3,3,occlusion,occlusion,False,0.09021177142858505,0.6712613105773926,15.791157722473145,0.09021177142858505,0.6712613105773926,15.791157722473145,1.7587294687473332,1.7587509062479967
2563,salt_pepper,low,1,1,salt_pepper,salt_pepper,False,0.04000810533761978,0.7163867354393005,25.00830841064453,0.04000810533761978,0.7163867354393005,25.00830841064453,1.7587294687473332,1.7587509062479967
2564,occlusion,low,3,3,occlusion,occlusion,False,0.04918165132403374,0.8583394885063171,20.17129898071289,0.04918165132403374,0.8583394885063171,20.17129898071289,1.7587294687473332,1.7587509062479967
2565,salt_pepper,high,1,1,salt_pepper,salt_pepper,False,0.0386291928589344,0.8533384799957275,25.14044761657715,0.0386291928589344,0.8533384799957275,25.14044761657715,1.7587294687473332,1.7587509062479967
2566,clean,none,0,0,clean,clean,False,0.0,1.0,100.0,0.0,1.0,100.0,1.7587294687473332,1.7587509062479967
2567,blur,medium,2,2,blur,blur,False,0.02845134772360325,0.8835281729698181,28.09963035583496,0.02845134772360325,0.8835281729698181,28.09963035583496,1.7587294687473332,1.7587509062479967
2568,occlusion,low,3,3,occlusion,occlusion,False,0.04922226071357727,0.8679124712944031,19.71796417236328,0.04922226071357727,0.8679124712944031,19.71796417236328,1.7587294687473332,1.7587509062479967
2569,blur,low,2,2,blur,blur,False,0.03464139997959137,0.8550841212272644,26.367462158203125,0.03464139997959137,0.8550841212272644,26.367462158203125,1.7587294687473332,1.7587509062479967
2570,blur,medium,2,2,blur,blur,False,0.06739243865013123,0.6652446389198303,19.78762435913086,0.06739243865013123,0.6652446389198303,19.78762435913086,1.7587294687473332,1.7587509062479967
2571,blur,low,2,2,blur,blur,False,0.032118577510118484,0.8354130387306213,26.388259887695312,0.032118577510118484,0.8354130387306213,26.388259887695312,1.7587294687473332,1.7587509062479967
2572,salt_pepper,medium,1,1,salt_pepper,salt_pepper,False,0.07940955460071564,0.7193980813026428,20.113323211669922,0.07940955460071564,0.7193980813026428,20.113323211669922,1.7587294687473332,1.7587509062479967
2573,clean,none,0,0,clean,clean,False,0.0,1.0,100.0,0.0,1.0,100.0,1.7587294687473332,1.7587509062479967
2574,blur,low,2,2,blur,blur,False,0.024336300790309906,0.8933825492858887,29.56918716430664,0.024336300790309906,0.8933825492858887,29.56918716430664,1.7587294687473332,1.7587509062479967
2575,clean,none,0,0,clean,clean,False,0.0,1.0,100.0,0.0,1.0,100.0,1.7587294687473332,1.7587509062479967
2576,blur,low,2,2,blur,blur,False,0.03419351205229759,0.8850982189178467,25.15608024597168,0.03419351205229759,0.8850982189178467,25.15608024597168,1.7587294687473332,1.7587509062479967
2577,salt_pepper,medium,1,1,salt_pepper,salt_pepper,False,0.05759189650416374,0.8265784382820129,22.527992248535156,0.05759189650416374,0.8265784382820129,22.527992248535156,1.7587294687473332,1.7587509062479967
2578,clean,none,0,0,clean,clean,False,0.0,1.0,100.0,0.0,1.0,100.0,1.7587294687473332,1.7587509062479967
2579,occlusion,medium,3,3,occlusion,occlusion,False,0.0471813790500164,0.7904718518257141,21.884490966796875,0.0471813790500164,0.7904718518257141,21.884490966796875,1.7587294687473332,1.7587509062479967
2580,blur,low,2,2,blur,blur,False,0.0549754835665226,0.7899325489997864,21.06178092956543,0.0549754835665226,0.7899325489997864,21.06178092956543,1.7587294687473332,1.7587509062479967
2581,salt_pepper,high,1,1,salt_pepper,salt_pepper,False,0.052310675382614136,0.7794451713562012,23.627487182617188,0.052310675382614136,0.7794451713562012,23.627487182617188,1.7587294687473332,1.7587509062479967
2582,salt_pepper,high,1,1,salt_pepper,salt_pepper,False,0.02741432934999466,0.8703131675720215,28.897695541381836,0.02741432934999466,0.8703131675720215,28.897695541381836,1.7587294687473332,1.7587509062479967
2583,salt_pepper,high,1,1,salt_pepper,salt_pepper,False,0.029880547896027565,0.8846263885498047,27.907283782958984,0.029880547896027565,0.8846263885498047,27.907283782958984,1.7587294687473332,1.7587509062479967
2584,clean,none,0,0,clean,clean,False,0.0,1.0,100.0,0.0,1.0,100.0,1.7587294687473332,1.7587509062479967
2585,salt_pepper,low,1,1,salt_pepper,salt_pepper,False,0.03184152767062187,0.8421916961669922,27.182205200195312,0.03184152767062187,0.8421916961669922,27.182205200195312,1.7587294687473332,1.7587509062479967
2586,salt_pepper,high,1,1,salt_pepper,salt_pepper,False,0.03527412563562393,0.8683299422264099,26.524166107177734,0.03527412563562393,0.8683299422264099,26.524166107177734,1.7587294687473332,1.7587509062479967
2587,blur,medium,2,2,blur,blur,False,0.023334870114922523,0.8984993100166321,29.947128295898438,0.023334870114922523,0.8984993100166321,29.947128295898438,1.7587294687473332,1.7587509062479967
2588,clean,none,0,0,clean,clean,False,0.0,1.0,100.0,0.0,1.0,100.0,1.7587294687473332,1.7587509062479967
2589,clean,none,0,0,clean,clean,False,0.0,1.0,100.0,0.0,1.0,100.0,1.7587294687473332,1.7587509062479967
2590,occlusion,low,3,3,occlusion,occlusion,False,0.03478075936436653,0.9017441868782043,25.66978645324707,0.03478075936436653,0.9017441868782043,25.66978645324707,1.7587294687473332,1.7587509062479967
2591,blur,medium,2,2,blur,blur,False,0.028903940692543983,0.8606887459754944,27.76268196105957,0.028903940692543983,0.8606887459754944,27.76268196105957,1.7587294687473332,1.7587509062479967
2592,salt_pepper,low,1,1,salt_pepper,salt_pepper,False,0.038440119475126266,0.829629123210907,25.686111450195312,0.038440119475126266,0.829629123210907,25.686111450195312,1.453242062495974,1.453644093743378
2593,occlusion,low,3,3,occlusion,occlusion,False,0.04132342338562012,0.722214937210083,24.88753318786621,0.04132342338562012,0.722214937210083,24.88753318786621,1.453242062495974,1.453644093743378
2594,blur,medium,2,2,blur,blur,False,0.027053767815232277,0.8645813465118408,28.27316665649414,0.027053767815232277,0.8645813465118408,28.27316665649414,1.453242062495974,1.453644093743378
2595,clean,none,0,0,clean,clean,False,0.0,1.0,100.0,0.0,1.0,100.0,1.453242062495974,1.453644093743378
2596,clean,none,0,0,clean,clean,False,0.0,1.0,100.0,0.0,1.0,100.0,1.453242062495974,1.453644093743378
2597,occlusion,low,3,3,occlusion,occlusion,False,0.02694597654044628,0.8945789337158203,28.59037208557129,0.02694597654044628,0.8945789337158203,28.59037208557129,1.453242062495974,1.453644093743378
2598,blur,low,2,2,blur,blur,False,0.025485843420028687,0.8920939564704895,28.915842056274414,0.025485843420028687,0.8920939564704895,28.915842056274414,1.453242062495974,1.453644093743378
2599,salt_pepper,low,1,1,salt_pepper,salt_pepper,False,0.029574913904070854,0.8228575587272644,27.668745040893555,0.029574913904070854,0.8228575587272644,27.668745040893555,1.453242062495974,1.453644093743378
2600,salt_pepper,high,1,1,salt_pepper,salt_pepper,False,0.03429612144827843,0.8485257029533386,27.172470092773438,0.03429612144827843,0.8485257029533386,27.172470092773438,1.453242062495974,1.453644093743378
2601,blur,low,2,2,blur,blur,False,0.0328863263130188,0.8991368412971497,27.3880615234375,0.0328863263130188,0.8991368412971497,27.3880615234375,1.453242062495974,1.453644093743378
2602,salt_pepper,low,1,1,salt_pepper,salt_pepper,False,0.0368698388338089,0.7716029286384583,24.94794464111328,0.0368698388338089,0.7716029286384583,24.94794464111328,1.453242062495974,1.453644093743378
2603,clean,none,0,0,clean,clean,False,0.0,1.0,100.0,0.0,1.0,100.0,1.453242062495974,1.453644093743378
2604,clean,none,0,0,clean,clean,False,0.0,1.0,100.0,0.0,1.0,100.0,1.453242062495974,1.453644093743378
2605,salt_pepper,high,1,1,salt_pepper,salt_pepper,False,0.023262931033968925,0.9088799357414246,30.120298385620117,0.023262931033968925,0.9088799357414246,30.120298385620117,1.453242062495974,1.453644093743378
2606,occlusion,low,3,3,occlusion,occlusion,False,0.03429042175412178,0.8636676669120789,26.4293212890625,0.03429042175412178,0.8636676669120789,26.4293212890625,1.453242062495974,1.453644093743378
2607,salt_pepper,medium,1,1,salt_pepper,salt_pepper,False,0.03954281285405159,0.8300526142120361,25.516708374023438,0.03954281285405159,0.8300526142120361,25.516708374023438,1.453242062495974,1.453644093743378
2608,clean,none,0,0,clean,clean,False,0.0,1.0,100.0,0.0,1.0,100.0,1.453242062495974,1.453644093743378
2609,salt_pepper,high,1,1,salt_pepper,salt_pepper,False,0.030136577785015106,0.8729509711265564,26.902896881103516,0.030136577785015106,0.8729509711265564,26.902896881103516,1.453242062495974,1.453644093743378
2610,salt_pepper,medium,1,1,salt_pepper,salt_pepper,False,0.05871574208140373,0.8475666046142578,22.320064544677734,0.05871574208140373,0.8475666046142578,22.320064544677734,1.453242062495974,1.453644093743378
2611,clean,none,0,0,clean,clean,False,0.0,1.0,100.0,0.0,1.0,100.0,1.453242062495974,1.453644093743378
2612,occlusion,high,3,3,occlusion,occlusion,False,0.10521315783262253,0.7143687605857849,17.916500091552734,0.10521315783262253,0.7143687605857849,17.916500091552734,1.453242062495974,1.453644093743378
2613,clean,none,0,0,clean,clean,False,0.0,1.0,100.0,0.0,1.0,100.0,1.453242062495974,1.453644093743378
2614,blur,high,2,2,blur,blur,False,0.025301968678832054,0.9075685143470764,28.454647064208984,0.025301968678832054,0.9075685143470764,28.454647064208984,1.453242062495974,1.453644093743378
2615,occlusion,medium,3,3,occlusion,occlusion,False,0.06546508520841599,0.6258159875869751,20.926475524902344,0.06546508520841599,0.6258159875869751,20.926475524902344,1.453242062495974,1.453644093743378
2616,blur,medium,2,2,blur,blur,False,0.03154241666197777,0.9003634452819824,27.40983772277832,0.03154241666197777,0.9003634452819824,27.40983772277832,1.453242062495974,1.453644093743378
2617,occlusion,high,3,3,occlusion,occlusion,False,0.05544199049472809,0.777909517288208,20.358322143554688,0.05544199049472809,0.777909517288208,20.358322143554688,1.453242062495974,1.453644093743378
2618,clean,none,0,0,clean,clean,False,0.0,1.0,100.0,0.0,1.0,100.0,1.453242062495974,1.453644093743378
2619,blur,high,2,2,blur,blur,False,0.0328819677233696,0.8720758557319641,25.85663604736328,0.0328819677233696,0.8720758557319641,25.85663604736328,1.453242062495974,1.453644093743378
2620,salt_pepper,high,1,1,salt_pepper,salt_pepper,False,0.03388349339365959,0.8949332237243652,25.911422729492188,0.03388349339365959,0.8949332237243652,25.911422729492188,1.453242062495974,1.453644093743378
2621,clean,none,0,0,clean,clean,False,0.0,1.0,100.0,0.0,1.0,100.0,1.453242062495974,1.453644093743378
2622,salt_pepper,low,1,1,salt_pepper,salt_pepper,False,0.03244688734412193,0.8861312866210938,27.11347198486328,0.03244688734412193,0.8861312866210938,27.11347198486328,1.453242062495974,1.453644093743378
2623,salt_pepper,high,1,1,salt_pepper,salt_pepper,False,0.02398728020489216,0.8610133528709412,29.46404266357422,0.02398728020489216,0.8610133528709412,29.46404266357422,1.453242062495974,1.453644093743378
2624,occlusion,low,3,3,occlusion,occlusion,False,0.03507808968424797,0.7885705828666687,25.68712043762207,0.03507808968424797,0.7885705828666687,25.68712043762207,1.8756311249887858,1.709524531236184
2625,blur,high,2,2,blur,blur,False,0.04381170868873596,0.7117863297462463,24.559200286865234,0.04381170868873596,0.7117863297462463,24.559200286865234,1.8756311249887858,1.709524531236184
2626,occlusion,medium,3,3,occlusion,occlusion,False,0.03317393735051155,0.8325201869010925,26.115177154541016,0.03317393735051155,0.8325201869010925,26.115177154541016,1.8756311249887858,1.709524531236184
2627,blur,medium,2,2,blur,blur,False,0.03633539006114006,0.8339104056358337,25.217815399169922,0.03633539006114006,0.8339104056358337,25.217815399169922,1.8756311249887858,1.709524531236184
2628,occlusion,low,3,3,occlusion,occlusion,False,0.03281358256936073,0.7979437708854675,25.056047439575195,0.03281358256936073,0.7979437708854675,25.056047439575195,1.8756311249887858,1.709524531236184
2629,blur,low,2,2,blur,blur,False,0.08265651017427444,0.8120517730712891,19.24174690246582,0.08265651017427444,0.8120517730712891,19.24174690246582,1.8756311249887858,1.709524531236184
2630,blur,high,2,2,blur,blur,False,0.030440792441368103,0.8830637335777283,26.97083282470703,0.030440792441368103,0.8830637335777283,26.97083282470703,1.8756311249887858,1.709524531236184
2631,blur,low,2,2,blur,blur,False,0.0283700842410326,0.9538922309875488,28.87826156616211,0.0283700842410326,0.9538922309875488,28.87826156616211,1.8756311249887858,1.709524531236184
2632,occlusion,low,3,3,occlusion,occlusion,False,0.027407370507717133,0.8630284667015076,27.93372344970703,0.027407370507717133,0.8630284667015076,27.93372344970703,1.8756311249887858,1.709524531236184
2633,blur,high,2,2,blur,blur,False,0.05293824151158333,0.8072404861450195,22.72844696044922,0.05293824151158333,0.8072404861450195,22.72844696044922,1.8756311249887858,1.709524531236184
2634,blur,high,2,2,blur,blur,False,0.02779330499470234,0.8480127453804016,28.079326629638672,0.02779330499470234,0.8480127453804016,28.079326629638672,1.8756311249887858,1.709524531236184
2635,blur,high,2,2,blur,blur,False,0.03548509255051613,0.8069122433662415,25.828536987304688,0.03548509255051613,0.8069122433662415,25.828536987304688,1.8756311249887858,1.709524531236184
2636,blur,low,2,2,blur,blur,False,0.036672692745923996,0.8593101501464844,25.856229782104492,0.036672692745923996,0.8593101501464844,25.856229782104492,1.8756311249887858,1.709524531236184
2637,blur,medium,2,2,blur,blur,False,0.03903570771217346,0.8743961453437805,24.982574462890625,0.03903570771217346,0.8743961453437805,24.982574462890625,1.8756311249887858,1.709524531236184
2638,blur,medium,2,2,blur,blur,False,0.03136063739657402,0.8648290038108826,27.395498275756836,0.03136063739657402,0.8648290038108826,27.395498275756836,1.8756311249887858,1.709524531236184
2639,blur,low,2,2,blur,blur,False,0.018796755000948906,0.9100127220153809,31.189712524414062,0.018796755000948906,0.9100127220153809,31.189712524414062,1.8756311249887858,1.709524531236184
2640,blur,low,2,2,blur,blur,False,0.027567582204937935,0.9195711612701416,28.101531982421875,0.027567582204937935,0.9195711612701416,28.101531982421875,1.8756311249887858,1.709524531236184
2641,clean,none,0,0,clean,clean,False,0.0,1.0,100.0,0.0,1.0,100.0,1.8756311249887858,1.709524531236184
2642,salt_pepper,medium,1,1,salt_pepper,salt_pepper,False,0.04075022041797638,0.8183955550193787,24.746416091918945,0.04075022041797638,0.8183955550193787,24.746416091918945,1.8756311249887858,1.709524531236184
2643,blur,high,2,2,blur,blur,False,0.03082653135061264,0.8458721041679382,26.525772094726562,0.03082653135061264,0.8458721041679382,26.525772094726562,1.8756311249887858,1.709524531236184
2644,clean,none,0,0,clean,clean,False,0.0,1.0,100.0,0.0,1.0,100.0,1.8756311249887858,1.709524531236184
2645,clean,none,0,0,clean,clean,False,0.0,1.0,100.0,0.0,1.0,100.0,1.8756311249887858,1.709524531236184
2646,clean,none,0,0,clean,clean,False,0.0,1.0,100.0,0.0,1.0,100.0,1.8756311249887858,1.709524531236184
2647,salt_pepper,medium,1,1,salt_pepper,salt_pepper,False,0.02287331037223339,0.883776843547821,29.78086280822754,0.02287331037223339,0.883776843547821,29.78086280822754,1.8756311249887858,1.709524531236184
2648,blur,medium,2,2,blur,blur,False,0.031201669946312904,0.8758570551872253,26.65859603881836,0.031201669946312904,0.8758570551872253,26.65859603881836,1.8756311249887858,1.709524531236184
2649,occlusion,high,3,3,occlusion,occlusion,False,0.05419662967324257,0.765302836894989,21.474742889404297,0.05419662967324257,0.765302836894989,21.474742889404297,1.8756311249887858,1.709524531236184
2650,clean,none,0,0,clean,clean,False,0.0,1.0,100.0,0.0,1.0,100.0,1.8756311249887858,1.709524531236184
2651,salt_pepper,high,1,1,salt_pepper,salt_pepper,False,0.02263629622757435,0.8809438347816467,29.75605010986328,0.02263629622757435,0.8809438347816467,29.75605010986328,1.8756311249887858,1.709524531236184
2652,blur,high,2,2,blur,blur,False,0.02333177626132965,0.8601489067077637,27.951656341552734,0.02333177626132965,0.8601489067077637,27.951656341552734,1.8756311249887858,1.709524531236184
2653,occlusion,medium,3,3,occlusion,occlusion,False,0.03618540242314339,0.7788216471672058,23.76349449157715,0.03618540242314339,0.7788216471672058,23.76349449157715,1.8756311249887858,1.709524531236184
2654,clean,none,0,0,clean,clean,False,0.0,1.0,100.0,0.0,1.0,100.0,1.8756311249887858,1.709524531236184
2655,blur,medium,2,2,blur,blur,False,0.025661898776888847,0.895092248916626,29.18465805053711,0.025661898776888847,0.895092248916626,29.18465805053711,1.8756311249887858,1.709524531236184
2656,salt_pepper,medium,1,1,salt_pepper,salt_pepper,False,0.02881191112101078,0.8479905724525452,25.739688873291016,0.02881191112101078,0.8479905724525452,25.739688873291016,1.432738468736261,1.433013656253479
2657,salt_pepper,medium,1,1,salt_pepper,salt_pepper,False,0.04384027421474457,0.8126792311668396,23.528247833251953,0.04384027421474457,0.8126792311668396,23.528247833251953,1.432738468736261,1.433013656253479
2658,clean,none,0,0,clean,clean,False,0.0,1.0,100.0,0.0,1.0,100.0,1.432738468736261,1.433013656253479
2659,blur,low,2,2,blur,blur,False,0.024874543771147728,0.8702027797698975,29.360933303833008,0.024874543771147728,0.8702027797698975,29.360933303833008,1.432738468736261,1.433013656253479
2660,occlusion,high,3,3,occlusion,occlusion,False,0.08523145318031311,0.703259289264679,18.026521682739258,0.08523145318031311,0.703259289264679,18.026521682739258,1.432738468736261,1.433013656253479
2661,blur,high,2,2,blur,blur,False,0.03468767926096916,0.8220475316047668,25.695526123046875,0.03468767926096916,0.8220475316047668,25.695526123046875,1.432738468736261,1.433013656253479
2662,blur,high,2,2,blur,blur,False,0.02958475984632969,0.8599427342414856,27.019989013671875,0.02958475984632969,0.8599427342414856,27.019989013671875,1.432738468736261,1.433013656253479
2663,salt_pepper,medium,1,1,salt_pepper,salt_pepper,False,0.029845446348190308,0.8185260891914368,26.580669403076172,0.029845446348190308,0.8185260891914368,26.580669403076172,1.432738468736261,1.433013656253479
2664,salt_pepper,medium,1,1,salt_pepper,salt_pepper,False,0.04465411230921745,0.8280321955680847,22.61195945739746,0.04465411230921745,0.8280321955680847,22.61195945739746,1.432738468736261,1.433013656253479
2665,clean,none,0,0,clean,clean,False,0.0,1.0,100.0,0.0,1.0,100.0,1.432738468736261,1.433013656253479
2666,blur,high,2,2,blur,blur,False,0.027572186663746834,0.9296813011169434,29.138002395629883,0.027572186663746834,0.9296813011169434,29.138002395629883,1.432738468736261,1.433013656253479
2667,occlusion,low,3,3,occlusion,occlusion,False,0.032377708703279495,0.8489480018615723,25.144638061523438,0.032377708703279495,0.8489480018615723,25.144638061523438,1.432738468736261,1.433013656253479
2668,salt_pepper,high,1,1,salt_pepper,salt_pepper,False,0.027113942429423332,0.9097340106964111,29.350202560424805,0.027113942429423332,0.9097340106964111,29.350202560424805,1.432738468736261,1.433013656253479
2669,occlusion,medium,3,3,occlusion,occlusion,False,0.051870305091142654,0.7743503451347351,21.121747970581055,0.051870305091142654,0.7743503451347351,21.121747970581055,1.432738468736261,1.433013656253479
2670,salt_pepper,high,1,1,salt_pepper,salt_pepper,False,0.020846998319029808,0.9485240578651428,31.358652114868164,0.020846998319029808,0.9485240578651428,31.358652114868164,1.432738468736261,1.433013656253479
2671,salt_pepper,high,1,1,salt_pepper,salt_pepper,False,0.033905159682035446,0.7869048118591309,27.10559844970703,0.033905159682035446,0.7869048118591309,27.10559844970703,1.432738468736261,1.433013656253479
2672,occlusion,high,3,3,occlusion,occlusion,False,0.05568913742899895,0.6913135647773743,20.562294006347656,0.05568913742899895,0.6913135647773743,20.562294006347656,1.432738468736261,1.433013656253479
2673,blur,high,2,2,blur,blur,False,0.03471537306904793,0.7913510203361511,25.12984275817871,0.03471537306904793,0.7913510203361511,25.12984275817871,1.432738468736261,1.433013656253479
2674,salt_pepper,low,1,1,salt_pepper,salt_pepper,False,0.020191950723528862,0.9162835478782654,31.265583038330078,0.020191950723528862,0.9162835478782654,31.265583038330078,1.432738468736261,1.433013656253479
2675,blur,medium,2,2,blur,blur,False,0.0433422215282917,0.7841024398803711,24.790847778320312,0.0433422215282917,0.7841024398803711,24.790847778320312,1.432738468736261,1.433013656253479
2676,clean,none,0,0,clean,clean,False,0.0,1.0,100.0,0.0,1.0,100.0,1.432738468736261,1.433013656253479
2677,occlusion,low,3,3,occlusion,occlusion,False,0.05395163595676422,0.732390820980072,21.816226959228516,0.05395163595676422,0.732390820980072,21.816226959228516,1.432738468736261,1.433013656253479
2678,clean,none,0,0,clean,clean,False,0.0,1.0,100.0,0.0,1.0,100.0,1.432738468736261,1.433013656253479
2679,clean,none,0,0,clean,clean,False,0.0,1.0,100.0,0.0,1.0,100.0,1.432738468736261,1.433013656253479
2680,clean,none,0,0,clean,clean,False,0.0,1.0,100.0,0.0,1.0,100.0,1.432738468736261,1.433013656253479
2681,clean,none,0,0,clean,clean,False,0.0,1.0,100.0,0.0,1.0,100.0,1.432738468736261,1.433013656253479
2682,salt_pepper,medium,1,1,salt_pepper,salt_pepper,False,0.026883279904723167,0.901279866695404,27.893198013305664,0.026883279904723167,0.901279866695404,27.893198013305664,1.432738468736261,1.433013656253479
2683,occlusion,medium,3,3,occlusion,occlusion,False,0.03802330419421196,0.7648177146911621,24.686264038085938,0.03802330419421196,0.7648177146911621,24.686264038085938,1.432738468736261,1.433013656253479
2684,occlusion,high,3,3,occlusion,occlusion,False,0.04877713322639465,0.7136746048927307,20.79397964477539,0.04877713322639465,0.7136746048927307,20.79397964477539,1.432738468736261,1.433013656253479
2685,occlusion,low,3,3,occlusion,occlusion,False,0.03614354133605957,0.7171241641044617,25.073822021484375,0.03614354133605957,0.7171241641044617,25.073822021484375,1.432738468736261,1.433013656253479
2686,clean,none,0,0,clean,clean,False,0.0,1.0,100.0,0.0,1.0,100.0,1.432738468736261,1.433013656253479
2687,occlusion,high,3,3,occlusion,occlusion,False,0.057521481066942215,0.6616145968437195,19.958101272583008,0.057521481066942215,0.6616145968437195,19.958101272583008,1.432738468736261,1.433013656253479
2688,occlusion,high,3,3,occlusion,occlusion,False,0.053991664201021194,0.7659756541252136,21.194704055786133,0.053991664201021194,0.7659756541252136,21.194704055786133,1.4860071250097917,1.489876937483814
2689,occlusion,high,3,3,occlusion,occlusion,False,0.07046663016080856,0.6744129657745361,18.7646484375,0.07046663016080856,0.6744129657745361,18.7646484375,1.4860071250097917,1.489876937483814
2690,blur,medium,2,2,blur,blur,False,0.059343475848436356,0.8210601210594177,21.784584045410156,0.059343475848436356,0.8210601210594177,21.784584045410156,1.4860071250097917,1.489876937483814
2691,salt_pepper,medium,1,1,salt_pepper,salt_pepper,False,0.03156323730945587,0.7357332110404968,27.465333938598633,0.03156323730945587,0.7357332110404968,27.465333938598633,1.4860071250097917,1.489876937483814
2692,blur,medium,2,2,blur,blur,False,0.021770166233181953,0.8973881602287292,28.631595611572266,0.021770166233181953,0.8973881602287292,28.631595611572266,1.4860071250097917,1.489876937483814
2693,occlusion,medium,3,3,occlusion,occlusion,False,0.039122555404901505,0.7864086627960205,23.156564712524414,0.039122555404901505,0.7864086627960205,23.156564712524414,1.4860071250097917,1.489876937483814
2694,salt_pepper,high,1,1,salt_pepper,salt_pepper,False,0.046714961528778076,0.7645809054374695,23.28516387939453,0.046714961528778076,0.7645809054374695,23.28516387939453,1.4860071250097917,1.489876937483814
2695,blur,medium,2,2,blur,blur,False,0.027618033811450005,0.8300867676734924,27.73714828491211,0.027618033811450005,0.8300867676734924,27.73714828491211,1.4860071250097917,1.489876937483814
2696,occlusion,medium,3,3,occlusion,occlusion,False,0.046594832092523575,0.7521998882293701,22.538244247436523,0.046594832092523575,0.7521998882293701,22.538244247436523,1.4860071250097917,1.489876937483814
2697,clean,none,0,0,clean,clean,False,0.0,1.0,100.0,0.0,1.0,100.0,1.4860071250097917,1.489876937483814
2698,occlusion,high,3,3,occlusion,occlusion,False,0.03973271697759628,0.6961710453033447,24.426902770996094,0.03973271697759628,0.6961710453033447,24.426902770996094,1.4860071250097917,1.489876937483814
2699,blur,high,2,2,blur,blur,False,0.03949226811528206,0.7468577027320862,25.219268798828125,0.03949226811528206,0.7468577027320862,25.219268798828125,1.4860071250097917,1.489876937483814
2700,blur,medium,2,2,blur,blur,False,0.030909866094589233,0.8748345971107483,26.99064064025879,0.030909866094589233,0.8748345971107483,26.99064064025879,1.4860071250097917,1.489876937483814
2701,salt_pepper,medium,1,1,salt_pepper,salt_pepper,False,0.023840690031647682,0.8676528930664062,29.717422485351562,0.023840690031647682,0.8676528930664062,29.717422485351562,1.4860071250097917,1.489876937483814
2702,blur,medium,2,2,blur,blur,False,0.03420859947800636,0.8690047860145569,26.76299285888672,0.03420859947800636,0.8690047860145569,26.76299285888672,1.4860071250097917,1.489876937483814
2703,occlusion,high,3,3,occlusion,occlusion,False,0.06109285354614258,0.6537918448448181,19.97641372680664,0.06109285354614258,0.6537918448448181,19.97641372680664,1.4860071250097917,1.489876937483814
2704,blur,low,2,2,blur,blur,False,0.021355025470256805,0.8638340830802917,30.991741180419922,0.021355025470256805,0.8638340830802917,30.991741180419922,1.4860071250097917,1.489876937483814
2705,salt_pepper,medium,1,1,salt_pepper,salt_pepper,False,0.03601415082812309,0.7484577298164368,25.917482376098633,0.03601415082812309,0.7484577298164368,25.917482376098633,1.4860071250097917,1.489876937483814
2706,blur,low,2,2,blur,blur,False,0.03615851700305939,0.8543705344200134,25.40133285522461,0.03615851700305939,0.8543705344200134,25.40133285522461,1.4860071250097917,1.489876937483814
2707,salt_pepper,medium,1,1,salt_pepper,salt_pepper,False,0.032580140978097916,0.8830060958862305,27.686845779418945,0.032580140978097916,0.8830060958862305,27.686845779418945,1.4860071250097917,1.489876937483814
2708,clean,none,0,0,clean,clean,False,0.0,1.0,100.0,0.0,1.0,100.0,1.4860071250097917,1.489876937483814
2709,salt_pepper,low,1,1,salt_pepper,salt_pepper,False,0.0365203432738781,0.8679700493812561,26.081066131591797,0.0365203432738781,0.8679700493812561,26.081066131591797,1.4860071250097917,1.489876937483814
2710,clean,none,0,0,clean,clean,False,0.0,1.0,100.0,0.0,1.0,100.0,1.4860071250097917,1.489876937483814
2711,clean,none,0,0,clean,clean,False,0.0,1.0,100.0,0.0,1.0,100.0,1.4860071250097917,1.489876937483814
2712,clean,none,0,0,clean,clean,False,0.0,1.0,100.0,0.0,1.0,100.0,1.4860071250097917,1.489876937483814
2713,clean,none,0,0,clean,clean,False,0.0,1.0,100.0,0.0,1.0,100.0,1.4860071250097917,1.489876937483814
2714,blur,high,2,2,blur,blur,False,0.05668084695935249,0.7445297241210938,21.588359832763672,0.05668084695935249,0.7445297241210938,21.588359832763672,1.4860071250097917,1.489876937483814
2715,salt_pepper,low,1,1,salt_pepper,salt_pepper,False,0.06038593873381615,0.6703678965568542,21.562664031982422,0.06038593873381615,0.6703678965568542,21.562664031982422,1.4860071250097917,1.489876937483814
2716,salt_pepper,low,1,1,salt_pepper,salt_pepper,False,0.03274139389395714,0.8503095507621765,27.116182327270508,0.03274139389395714,0.8503095507621765,27.116182327270508,1.4860071250097917,1.489876937483814
2717,salt_pepper,medium,1,1,salt_pepper,salt_pepper,False,0.049852218478918076,0.8134749531745911,22.907962799072266,0.049852218478918076,0.8134749531745911,22.907962799072266,1.4860071250097917,1.489876937483814
2718,occlusion,high,3,3,occlusion,occlusion,False,0.08013119548559189,0.5406443476676941,19.236894607543945,0.08013119548559189,0.5406443476676941,19.236894607543945,1.4860071250097917,1.489876937483814
2719,clean,none,0,0,clean,clean,False,0.0,1.0,100.0,0.0,1.0,100.0,1.4860071250097917,1.489876937483814
2720,blur,high,2,2,blur,blur,False,0.07580748200416565,0.727372407913208,20.252342224121094,0.07580748200416565,0.727372407913208,20.252342224121094,1.565678624984912,1.6214846250193204
2721,clean,none,0,0,clean,clean,False,0.0,1.0,100.0,0.0,1.0,100.0,1.565678624984912,1.6214846250193204
2722,occlusion,low,3,3,occlusion,occlusion,False,0.027242248877882957,0.8356660008430481,26.971590042114258,0.027242256328463554,0.8356663584709167,26.971590042114258,1.565678624984912,1.6214846250193204
2723,blur,low,2,2,blur,blur,False,0.043733149766922,0.8250333666801453,24.279502868652344,0.043733149766922,0.8250333666801453,24.279502868652344,1.565678624984912,1.6214846250193204
2724,salt_pepper,medium,1,1,salt_pepper,salt_pepper,False,0.02948831208050251,0.7869967818260193,28.074535369873047,0.02948831208050251,0.7869967818260193,28.074535369873047,1.565678624984912,1.6214846250193204
2725,salt_pepper,high,1,1,salt_pepper,salt_pepper,False,0.03217949718236923,0.8402307629585266,26.629615783691406,0.03217949718236923,0.8402307629585266,26.629615783691406,1.565678624984912,1.6214846250193204
2726,salt_pepper,high,1,1,salt_pepper,salt_pepper,False,0.037209708243608475,0.8473116755485535,25.505311965942383,0.037209708243608475,0.8473116755485535,25.505311965942383,1.565678624984912,1.6214846250193204
2727,clean,none,0,0,clean,clean,False,0.0,1.0,100.0,0.0,1.0,100.0,1.565678624984912,1.6214846250193204
2728,blur,medium,2,2,blur,blur,False,0.028309891000390053,0.8437971472740173,28.211833953857422,0.028309891000390053,0.8437971472740173,28.211833953857422,1.565678624984912,1.6214846250193204
2729,clean,none,0,0,clean,clean,False,0.0,1.0,100.0,0.0,1.0,100.0,1.565678624984912,1.6214846250193204
2730,occlusion,high,3,3,occlusion,occlusion,False,0.07017140090465546,0.7286980748176575,19.941539764404297,0.07017139345407486,0.7286979556083679,19.941539764404297,1.565678624984912,1.6214846250193204
2731,salt_pepper,low,1,1,salt_pepper,salt_pepper,False,0.029807308688759804,0.8356657028198242,27.725725173950195,0.029807308688759804,0.8356657028198242,27.725725173950195,1.565678624984912,1.6214846250193204
2732,clean,none,0,0,clean,clean,False,0.0,1.0,100.0,0.0,1.0,100.0,1.565678624984912,1.6214846250193204
2733,blur,medium,2,2,blur,blur,False,0.02966391108930111,0.9293882846832275,27.767534255981445,0.02966391108930111,0.9293882846832275,27.767534255981445,1.565678624984912,1.6214846250193204
2734,clean,none,0,0,clean,clean,False,0.0,1.0,100.0,0.0,1.0,100.0,1.565678624984912,1.6214846250193204
2735,occlusion,low,3,0,occlusion,clean,True,0.04426493123173714,0.886342465877533,16.493179321289062,0.055498648434877396,0.6880494952201843,22.069591522216797,1.565678624984912,1.6214846250193204
2736,occlusion,high,3,3,occlusion,occlusion,False,0.07438179105520248,0.5861056447029114,19.902936935424805,0.07438179105520248,0.5861057639122009,19.902935028076172,1.565678624984912,1.6214846250193204
2737,clean,none,0,0,clean,clean,False,0.0,1.0,100.0,0.0,1.0,100.0,1.565678624984912,1.6214846250193204
2738,occlusion,medium,3,3,occlusion,occlusion,False,0.05343208089470863,0.7358436584472656,21.439884185791016,0.053432077169418335,0.7358436584472656,21.43988037109375,1.565678624984912,1.6214846250193204
2739,salt_pepper,low,1,1,salt_pepper,salt_pepper,False,0.03219033405184746,0.890038788318634,27.47432518005371,0.03219033405184746,0.890038788318634,27.47432518005371,1.565678624984912,1.6214846250193204
2740,salt_pepper,low,1,1,salt_pepper,salt_pepper,False,0.10287561267614365,0.5526053309440613,17.789352416992188,0.10287561267614365,0.5526053309440613,17.789352416992188,1.565678624984912,1.6214846250193204
2741,blur,medium,2,2,blur,blur,False,0.08083833754062653,0.6827418208122253,19.34258270263672,0.08083833754062653,0.6827418208122253,19.34258270263672,1.565678624984912,1.6214846250193204
2742,clean,none,0,0,clean,clean,False,0.0,1.0,100.0,0.0,1.0,100.0,1.565678624984912,1.6214846250193204
2743,blur,high,2,2,blur,blur,False,0.0919111967086792,0.607636034488678,17.67733383178711,0.0919111967086792,0.607636034488678,17.67733383178711,1.565678624984912,1.6214846250193204
2744,clean,none,0,0,clean,clean,False,0.0,1.0,100.0,0.0,1.0,100.0,1.565678624984912,1.6214846250193204
2745,occlusion,medium,3,3,occlusion,occlusion,False,0.05721369385719299,0.7283163070678711,19.14798355102539,0.05721369758248329,0.7283163070678711,19.147981643676758,1.565678624984912,1.6214846250193204
2746,salt_pepper,low,1,1,salt_pepper,salt_pepper,False,0.03700031712651253,0.8665544390678406,25.894458770751953,0.03700031712651253,0.8665544390678406,25.894458770751953,1.565678624984912,1.6214846250193204
2747,occlusion,low,3,3,occlusion,occlusion,False,0.03719836845993996,0.8561397194862366,23.615570068359375,0.037198372185230255,0.8561399579048157,23.615568161010742,1.565678624984912,1.6214846250193204
2748,clean,none,0,0,clean,clean,False,0.0,1.0,100.0,0.0,1.0,100.0,1.565678624984912,1.6214846250193204
2749,occlusion,low,3,3,occlusion,occlusion,False,0.03583336994051933,0.8959474563598633,26.04266357421875,0.03583335503935814,0.895947277545929,26.04266357421875,1.565678624984912,1.6214846250193204
2750,clean,none,0,0,clean,clean,False,0.0,1.0,100.0,0.0,1.0,100.0,1.565678624984912,1.6214846250193204
2751,salt_pepper,high,1,1,salt_pepper,salt_pepper,False,0.030906708911061287,0.7910950779914856,26.877546310424805,0.030906708911061287,0.7910950779914856,26.877546310424805,1.565678624984912,1.6214846250193204
2752,occlusion,medium,3,3,occlusion,occlusion,False,0.0494425892829895,0.7050704956054688,23.11174774169922,0.0494425892829895,0.7050704956054688,23.11174774169922,1.3899016875029702,1.3874187499993695
2753,blur,medium,2,2,blur,blur,False,0.04715101420879364,0.8070447444915771,23.26984405517578,0.04715101420879364,0.8070447444915771,23.26984405517578,1.3899016875029702,1.3874187499993695
2754,blur,low,2,2,blur,blur,False,0.037700358778238297,0.8642446398735046,25.989028930664062,0.037700358778238297,0.8642446398735046,25.989028930664062,1.3899016875029702,1.3874187499993695
2755,blur,medium,2,2,blur,blur,False,0.03300756961107254,0.9184887409210205,26.597553253173828,0.03300756961107254,0.9184887409210205,26.597553253173828,1.3899016875029702,1.3874187499993695
2756,clean,none,0,0,clean,clean,False,0.0,1.0,100.0,0.0,1.0,100.0,1.3899016875029702,1.3874187499993695
2757,occlusion,low,3,3,occlusion,occlusion,False,0.03549301251769066,0.8709704279899597,25.652475357055664,0.03549301251769066,0.8709704279899597,25.652475357055664,1.3899016875029702,1.3874187499993695
2758,blur,low,2,2,blur,blur,False,0.032193537801504135,0.8899891972541809,27.03470230102539,0.032193537801504135,0.8899891972541809,27.03470230102539,1.3899016875029702,1.3874187499993695
2759,clean,none,0,0,clean,clean,False,0.0,1.0,100.0,0.0,1.0,100.0,1.3899016875029702,1.3874187499993695
2760,clean,none,0,0,clean,clean,False,0.0,1.0,100.0,0.0,1.0,100.0,1.3899016875029702,1.3874187499993695
2761,occlusion,high,3,3,occlusion,occlusion,False,0.061761707067489624,0.7209649085998535,19.035476684570312,0.061761707067489624,0.7209649085998535,19.035476684570312,1.3899016875029702,1.3874187499993695
2762,occlusion,medium,3,3,occlusion,occlusion,False,0.05546329915523529,0.7103497385978699,21.25473976135254,0.05546329915523529,0.7103497385978699,21.25473976135254,1.3899016875029702,1.3874187499993695
2763,blur,low,2,2,blur,blur,False,0.03800707310438156,0.847801685333252,25.224199295043945,0.03800707310438156,0.847801685333252,25.224199295043945,1.3899016875029702,1.3874187499993695
2764,blur,low,2,2,blur,blur,False,0.036520566791296005,0.8488196730613708,25.521135330200195,0.036520566791296005,0.8488196730613708,25.521135330200195,1.3899016875029702,1.3874187499993695
2765,clean,none,0,0,clean,clean,False,0.0,1.0,100.0,0.0,1.0,100.0,1.3899016875029702,1.3874187499993695
2766,salt_pepper,high,1,1,salt_pepper,salt_pepper,False,0.04703162610530853,0.7921270728111267,23.952024459838867,0.04703162610530853,0.7921270728111267,23.952024459838867,1.3899016875029702,1.3874187499993695
2767,clean,none,0,0,clean,clean,False,0.0,1.0,100.0,0.0,1.0,100.0,1.3899016875029702,1.3874187499993695
2768,occlusion,high,3,3,occlusion,occlusion,False,0.08885174989700317,0.4699293076992035,18.531991958618164,0.08885174989700317,0.4699293076992035,18.531991958618164,1.3899016875029702,1.3874187499993695
2769,salt_pepper,low,1,1,salt_pepper,salt_pepper,False,0.03841249272227287,0.8357739448547363,24.925146102905273,0.03841249272227287,0.8357739448547363,24.925146102905273,1.3899016875029702,1.3874187499993695
2770,clean,none,0,0,clean,clean,False,0.0,1.0,100.0,0.0,1.0,100.0,1.3899016875029702,1.3874187499993695
2771,blur,medium,2,2,blur,blur,False,0.05170340836048126,0.7706324458122253,22.1445369720459,0.05170340836048126,0.7706324458122253,22.1445369720459,1.3899016875029702,1.3874187499993695
2772,blur,low,2,2,blur,blur,False,0.028061555698513985,0.8768479228019714,28.130666732788086,0.028061555698513985,0.8768479228019714,28.130666732788086,1.3899016875029702,1.3874187499993695
2773,clean,none,0,0,clean,clean,False,0.0,1.0,100.0,0.0,1.0,100.0,1.3899016875029702,1.3874187499993695
2774,clean,none,0,0,clean,clean,False,0.0,1.0,100.0,0.0,1.0,100.0,1.3899016875029702,1.3874187499993695
2775,salt_pepper,high,1,1,salt_pepper,salt_pepper,False,0.029885629191994667,0.8074465394020081,26.97323989868164,0.029885629191994667,0.8074465394020081,26.97323989868164,1.3899016875029702,1.3874187499993695
2776,occlusion,low,3,3,occlusion,occlusion,False,0.0994783416390419,0.6317229270935059,17.2721004486084,0.0994783416390419,0.6317229270935059,17.2721004486084,1.3899016875029702,1.3874187499993695
2777,clean,none,0,0,clean,clean,False,0.0,1.0,100.0,0.0,1.0,100.0,1.3899016875029702,1.3874187499993695
2778,clean,none,0,0,clean,clean,False,0.0,1.0,100.0,0.0,1.0,100.0,1.3899016875029702,1.3874187499993695
2779,salt_pepper,low,1,1,salt_pepper,salt_pepper,False,0.0356447659432888,0.85447758436203,22.4776554107666,0.0356447659432888,0.85447758436203,22.4776554107666,1.3899016875029702,1.3874187499993695
2780,occlusion,low,3,3,occlusion,occlusion,False,0.026061570271849632,0.8798246383666992,27.52427101135254,0.026061570271849632,0.8798246383666992,27.52427101135254,1.3899016875029702,1.3874187499993695
2781,blur,medium,2,2,blur,blur,False,0.03942224755883217,0.8300435543060303,25.412843704223633,0.03942224755883217,0.8300435543060303,25.412843704223633,1.3899016875029702,1.3874187499993695
2782,clean,none,0,0,clean,clean,False,0.0,1.0,100.0,0.0,1.0,100.0,1.3899016875029702,1.3874187499993695
2783,occlusion,low,3,3,occlusion,occlusion,False,0.0802130252122879,0.6390769481658936,18.166976928710938,0.0802130252122879,0.6390769481658936,18.166976928710938,1.3899016875029702,1.3874187499993695
2784,occlusion,high,3,3,occlusion,occlusion,False,0.08511924743652344,0.45423591136932373,17.9356632232666,0.08511924743652344,0.45423591136932373,17.9356632232666,1.4265669375106427,1.4261665937453927
2785,clean,none,0,0,clean,clean,False,0.0,1.0,100.0,0.0,1.0,100.0,1.4265669375106427,1.4261665937453927
2786,clean,none,0,0,clean,clean,False,0.0,1.0,100.0,0.0,1.0,100.0,1.4265669375106427,1.4261665937453927
2787,salt_pepper,high,1,1,salt_pepper,salt_pepper,False,0.05560733377933502,0.7557876706123352,22.344661712646484,0.05560733377933502,0.7557876706123352,22.344661712646484,1.4265669375106427,1.4261665937453927
2788,salt_pepper,low,1,1,salt_pepper,salt_pepper,False,0.05744706466794014,0.763584554195404,21.633163452148438,0.05744706466794014,0.763584554195404,21.633163452148438,1.4265669375106427,1.4261665937453927
2789,salt_pepper,low,1,1,salt_pepper,salt_pepper,False,0.04538625106215477,0.7641274333000183,23.037395477294922,0.04538625106215477,0.7641274333000183,23.037395477294922,1.4265669375106427,1.4261665937453927
2790,occlusion,low,3,3,occlusion,occlusion,False,0.03652329742908478,0.8109152317047119,25.493236541748047,0.03652329742908478,0.8109152317047119,25.493236541748047,1.4265669375106427,1.4261665937453927
2791,salt_pepper,low,1,1,salt_pepper,salt_pepper,False,0.03762444481253624,0.8087291121482849,24.443470001220703,0.03762444481253624,0.8087291121482849,24.443470001220703,1.4265669375106427,1.4261665937453927
2792,salt_pepper,low,1,1,salt_pepper,salt_pepper,False,0.04397206008434296,0.7998192310333252,24.07461929321289,0.04397206008434296,0.7998192310333252,24.07461929321289,1.4265669375106427,1.4261665937453927
2793,blur,low,2,2,blur,blur,False,0.0445389486849308,0.7275063395500183,23.019207000732422,0.0445389486849308,0.7275063395500183,23.019207000732422,1.4265669375106427,1.4261665937453927
2794,salt_pepper,high,1,1,salt_pepper,salt_pepper,False,0.037904348224401474,0.8180358409881592,24.5533390045166,0.037904348224401474,0.8180358409881592,24.5533390045166,1.4265669375106427,1.4261665937453927
2795,blur,high,2,2,blur,blur,False,0.07774517685174942,0.6353759169578552,19.587738037109375,0.07774517685174942,0.6353759169578552,19.587738037109375,1.4265669375106427,1.4261665937453927
2796,occlusion,medium,3,3,occlusion,occlusion,False,0.06172732636332512,0.6430001258850098,20.794885635375977,0.06172732636332512,0.6430001258850098,20.794885635375977,1.4265669375106427,1.4261665937453927
2797,blur,medium,2,2,blur,blur,False,0.05561113730072975,0.7948145866394043,21.713703155517578,0.05561113730072975,0.7948145866394043,21.713703155517578,1.4265669375106427,1.4261665937453927
2798,clean,none,0,0,clean,clean,False,0.0,1.0,100.0,0.0,1.0,100.0,1.4265669375106427,1.4261665937453927
2799,clean,none,0,0,clean,clean,False,0.0,1.0,100.0,0.0,1.0,100.0,1.4265669375106427,1.4261665937453927
2800,occlusion,high,3,3,occlusion,occlusion,False,0.06686314195394516,0.6470322012901306,17.644058227539062,0.06686314195394516,0.6470322012901306,17.644058227539062,1.4265669375106427,1.4261665937453927
2801,occlusion,high,3,3,occlusion,occlusion,False,0.07801507413387299,0.639604926109314,16.927703857421875,0.07801507413387299,0.639604926109314,16.927703857421875,1.4265669375106427,1.4261665937453927
2802,salt_pepper,low,1,1,salt_pepper,salt_pepper,False,0.06508447974920273,0.6928040981292725,21.328929901123047,0.06508447974920273,0.6928040981292725,21.328929901123047,1.4265669375106427,1.4261665937453927
2803,clean,none,0,0,clean,clean,False,0.0,1.0,100.0,0.0,1.0,100.0,1.4265669375106427,1.4261665937453927
2804,clean,none,0,0,clean,clean,False,0.0,1.0,100.0,0.0,1.0,100.0,1.4265669375106427,1.4261665937453927
2805,occlusion,low,3,3,occlusion,occlusion,False,0.04980399087071419,0.6839714050292969,21.549150466918945,0.04980399087071419,0.6839714050292969,21.549150466918945,1.4265669375106427,1.4261665937453927
2806,occlusion,low,3,3,occlusion,occlusion,False,0.03442055732011795,0.8229861855506897,25.298263549804688,0.03442055732011795,0.8229861855506897,25.298263549804688,1.4265669375106427,1.4261665937453927
2807,occlusion,medium,3,3,occlusion,occlusion,False,0.021146759390830994,0.912516176700592,29.10174560546875,0.021146759390830994,0.912516176700592,29.10174560546875,1.4265669375106427,1.4261665937453927
2808,clean,none,0,0,clean,clean,False,0.0,1.0,100.0,0.0,1.0,100.0,1.4265669375106427,1.4261665937453927
2809,clean,none,0,0,clean,clean,False,0.0,1.0,100.0,0.0,1.0,100.0,1.4265669375106427,1.4261665937453927
2810,clean,none,0,0,clean,clean,False,0.0,1.0,100.0,0.0,1.0,100.0,1.4265669375106427,1.4261665937453927
2811,salt_pepper,high,1,1,salt_pepper,salt_pepper,False,0.05504133924841881,0.6868559718132019,22.919506072998047,0.05504133924841881,0.6868559718132019,22.919506072998047,1.4265669375106427,1.4261665937453927
2812,occlusion,high,3,3,occlusion,occlusion,False,0.06240895390510559,0.5189083814620972,21.03480339050293,0.06240895390510559,0.5189083814620972,21.03480339050293,1.4265669375106427,1.4261665937453927
2813,clean,none,0,0,clean,clean,False,0.0,1.0,100.0,0.0,1.0,100.0,1.4265669375106427,1.4261665937453927
2814,blur,low,2,2,blur,blur,False,0.045045156031847,0.7831985354423523,23.599681854248047,0.045045156031847,0.7831985354423523,23.599681854248047,1.4265669375106427,1.4261665937453927
2815,occlusion,high,3,3,occlusion,occlusion,False,0.11700371652841568,0.6201608180999756,15.095807075500488,0.11700371652841568,0.6201608180999756,15.095807075500488,1.4265669375106427,1.4261665937453927
2816,blur,high,2,2,blur,blur,False,0.04531056061387062,0.862071692943573,23.93739891052246,0.04531056061387062,0.862071692943573,23.93739891052246,1.4951629687516288,1.48241081251399
2817,clean,none,0,0,clean,clean,False,0.0,1.0,100.0,0.0,1.0,100.0,1.4951629687516288,1.48241081251399
2818,clean,none,0,0,clean,clean,False,0.0,1.0,100.0,0.0,1.0,100.0,1.4951629687516288,1.48241081251399
2819,salt_pepper,high,1,1,salt_pepper,salt_pepper,False,0.03972841799259186,0.7457875609397888,24.93718910217285,0.03972841799259186,0.7457875609397888,24.93718910217285,1.4951629687516288,1.48241081251399
2820,salt_pepper,high,1,1,salt_pepper,salt_pepper,False,0.0556521899998188,0.628620982170105,22.39459228515625,0.0556521899998188,0.628620982170105,22.39459228515625,1.4951629687516288,1.48241081251399
2821,salt_pepper,low,1,1,salt_pepper,salt_pepper,False,0.046196650713682175,0.8013336658477783,23.44843101501465,0.046196650713682175,0.8013336658477783,23.44843101501465,1.4951629687516288,1.48241081251399
2822,clean,none,0,0,clean,clean,False,0.0,1.0,100.0,0.0,1.0,100.0,1.4951629687516288,1.48241081251399
2823,clean,none,0,0,clean,clean,False,0.0,1.0,100.0,0.0,1.0,100.0,1.4951629687516288,1.48241081251399
2824,occlusion,medium,3,3,occlusion,occlusion,False,0.0747065320611,0.6878692507743835,17.64244842529297,0.0747065320611,0.6878692507743835,17.64244842529297,1.4951629687516288,1.48241081251399
2825,blur,high,2,2,blur,blur,False,0.042567238211631775,0.823647677898407,23.683380126953125,0.042567238211631775,0.823647677898407,23.683380126953125,1.4951629687516288,1.48241081251399
2826,occlusion,low,3,3,occlusion,occlusion,False,0.050961703062057495,0.8200709819793701,22.954923629760742,0.050961703062057495,0.8200709819793701,22.954923629760742,1.4951629687516288,1.48241081251399
2827,occlusion,high,3,3,occlusion,occlusion,False,0.05964525416493416,0.6772289276123047,19.755985260009766,0.05964525416493416,0.6772289276123047,19.755985260009766,1.4951629687516288,1.48241081251399
2828,blur,low,2,2,blur,blur,False,0.0604059211909771,0.7515811324119568,21.36513900756836,0.0604059211909771,0.7515811324119568,21.36513900756836,1.4951629687516288,1.48241081251399
2829,salt_pepper,high,1,1,salt_pepper,salt_pepper,False,0.04376464709639549,0.8500495553016663,23.95410919189453,0.04376464709639549,0.8500495553016663,23.95410919189453,1.4951629687516288,1.48241081251399
2830,clean,none,0,0,clean,clean,False,0.0,1.0,100.0,0.0,1.0,100.0,1.4951629687516288,1.48241081251399
2831,blur,medium,2,2,blur,blur,False,0.05015772953629494,0.7643105387687683,22.612003326416016,0.05015772953629494,0.7643105387687683,22.612003326416016,1.4951629687516288,1.48241081251399
2832,salt_pepper,medium,1,1,salt_pepper,salt_pepper,False,0.04758262634277344,0.7934651970863342,23.028385162353516,0.04758262634277344,0.7934651970863342,23.028385162353516,1.4951629687516288,1.48241081251399
2833,clean,none,0,0,clean,clean,False,0.0,1.0,100.0,0.0,1.0,100.0,1.4951629687516288,1.48241081251399
2834,clean,none,0,0,clean,clean,False,0.0,1.0,100.0,0.0,1.0,100.0,1.4951629687516288,1.48241081251399
2835,blur,medium,2,2,blur,blur,False,0.03543415293097496,0.7488245368003845,25.546215057373047,0.03543415293097496,0.7488245368003845,25.546215057373047,1.4951629687516288,1.48241081251399
2836,clean,none,0,0,clean,clean,False,0.0,1.0,100.0,0.0,1.0,100.0,1.4951629687516288,1.48241081251399
2837,clean,none,0,0,clean,clean,False,0.0,1.0,100.0,0.0,1.0,100.0,1.4951629687516288,1.48241081251399
2838,salt_pepper,medium,1,1,salt_pepper,salt_pepper,False,0.03299754485487938,0.7789819836616516,26.331153869628906,0.03299754485487938,0.7789819836616516,26.331153869628906,1.4951629687516288,1.48241081251399
2839,blur,low,2,2,blur,blur,False,0.03777126222848892,0.8486595153808594,25.386234283447266,0.03777126222848892,0.8486595153808594,25.386234283447266,1.4951629687516288,1.48241081251399
2840,clean,none,0,0,clean,clean,False,0.0,1.0,100.0,0.0,1.0,100.0,1.4951629687516288,1.48241081251399
2841,clean,none,0,0,clean,clean,False,0.0,1.0,100.0,0.0,1.0,100.0,1.4951629687516288,1.48241081251399
2842,salt_pepper,medium,1,1,salt_pepper,salt_pepper,False,0.07030420005321503,0.6136455535888672,20.345258712768555,0.07030420005321503,0.6136455535888672,20.345258712768555,1.4951629687516288,1.48241081251399
2843,clean,none,0,0,clean,clean,False,0.0,1.0,100.0,0.0,1.0,100.0,1.4951629687516288,1.48241081251399
2844,blur,high,2,2,blur,blur,False,0.04083830490708351,0.7162168025970459,24.33143424987793,0.04083830490708351,0.7162168025970459,24.33143424987793,1.4951629687516288,1.48241081251399
2845,salt_pepper,medium,1,1,salt_pepper,salt_pepper,False,0.03383021056652069,0.7873045802116394,26.186826705932617,0.03383021056652069,0.7873045802116394,26.186826705932617,1.4951629687516288,1.48241081251399
2846,salt_pepper,medium,1,1,salt_pepper,salt_pepper,False,0.051454197615385056,0.7192067503929138,23.08892250061035,0.051454197615385056,0.7192067503929138,23.08892250061035,1.4951629687516288,1.48241081251399
2847,salt_pepper,low,1,1,salt_pepper,salt_pepper,False,0.03178448975086212,0.851208508014679,27.407371520996094,0.03178448975086212,0.851208508014679,27.407371520996094,1.4951629687516288,1.48241081251399
2848,blur,high,2,2,blur,blur,False,0.05029281973838806,0.7488815784454346,23.10748291015625,0.05029281973838806,0.7488815784454346,23.10748291015625,1.6569166874944585,1.6649729062407914
2849,occlusion,high,3,3,occlusion,occlusion,False,0.10602935403585434,0.5341793894767761,16.72258186340332,0.10602935403585434,0.5341793894767761,16.72258186340332,1.6569166874944585,1.6649729062407914
2850,salt_pepper,high,1,1,salt_pepper,salt_pepper,False,0.03988010808825493,0.8350009322166443,25.318605422973633,0.03988010808825493,0.8350009322166443,25.318605422973633,1.6569166874944585,1.6649729062407914
2851,salt_pepper,medium,1,1,salt_pepper,salt_pepper,False,0.04929931461811066,0.7881781458854675,23.0283145904541,0.04929931461811066,0.7881781458854675,23.0283145904541,1.6569166874944585,1.6649729062407914
2852,occlusion,medium,3,3,occlusion,occlusion,False,0.04825739562511444,0.7057021260261536,22.43159294128418,0.04825739562511444,0.7057021260261536,22.43159294128418,1.6569166874944585,1.6649729062407914
2853,blur,low,2,2,blur,blur,False,0.08132833987474442,0.6693024635314941,19.625085830688477,0.08132833987474442,0.6693024635314941,19.625085830688477,1.6569166874944585,1.6649729062407914
2854,clean,none,0,0,clean,clean,False,0.0,1.0,100.0,0.0,1.0,100.0,1.6569166874944585,1.6649729062407914
2855,occlusion,low,3,3,occlusion,occlusion,False,0.060978662222623825,0.7907271385192871,20.767337799072266,0.060978662222623825,0.7907271385192871,20.767337799072266,1.6569166874944585,1.6649729062407914
2856,clean,none,0,0,clean,clean,False,0.0,1.0,100.0,0.0,1.0,100.0,1.6569166874944585,1.6649729062407914
2857,occlusion,low,3,3,occlusion,occlusion,False,0.051196593791246414,0.7243501543998718,21.871349334716797,0.051196593791246414,0.7243501543998718,21.871349334716797,1.6569166874944585,1.6649729062407914
2858,blur,high,2,2,blur,blur,False,0.05886407196521759,0.5412691235542297,22.232730865478516,0.05886407196521759,0.5412691235542297,22.232730865478516,1.6569166874944585,1.6649729062407914
2859,occlusion,medium,3,3,occlusion,occlusion,False,0.050968289375305176,0.614018976688385,22.796329498291016,0.050968289375305176,0.614018976688385,22.796329498291016,1.6569166874944585,1.6649729062407914
2860,blur,high,2,2,blur,blur,False,0.05917549133300781,0.7350079417228699,21.54350471496582,0.05917549133300781,0.7350079417228699,21.54350471496582,1.6569166874944585,1.6649729062407914
2861,salt_pepper,low,1,1,salt_pepper,salt_pepper,False,0.025489121675491333,0.8865743279457092,28.404054641723633,0.025489121675491333,0.8865743279457092,28.404054641723633,1.6569166874944585,1.6649729062407914
2862,salt_pepper,high,1,1,salt_pepper,salt_pepper,False,0.05509170517325401,0.7482983469963074,22.41917610168457,0.05509170517325401,0.7482983469963074,22.41917610168457,1.6569166874944585,1.6649729062407914
2863,clean,none,0,0,clean,clean,False,0.0,1.0,100.0,0.0,1.0,100.0,1.6569166874944585,1.6649729062407914
2864,clean,none,0,0,clean,clean,False,0.0,1.0,100.0,0.0,1.0,100.0,1.6569166874944585,1.6649729062407914
2865,occlusion,medium,3,3,occlusion,occlusion,False,0.04781690239906311,0.6919578909873962,22.237932205200195,0.04781690239906311,0.6919578909873962,22.237932205200195,1.6569166874944585,1.6649729062407914
2866,salt_pepper,medium,1,1,salt_pepper,salt_pepper,False,0.05507734417915344,0.7408540844917297,22.82890510559082,0.05507734417915344,0.7408540844917297,22.82890510559082,1.6569166874944585,1.6649729062407914
2867,salt_pepper,low,1,1,salt_pepper,salt_pepper,False,0.045337483286857605,0.737785816192627,24.28447914123535,0.045337483286857605,0.737785816192627,24.28447914123535,1.6569166874944585,1.6649729062407914
2868,blur,high,2,2,blur,blur,False,0.045587461441755295,0.7487781643867493,24.19220733642578,0.045587461441755295,0.7487781643867493,24.19220733642578,1.6569166874944585,1.6649729062407914
2869,occlusion,low,3,3,occlusion,occlusion,False,0.06137850880622864,0.7253156304359436,21.026329040527344,0.06137850880622864,0.7253156304359436,21.026329040527344,1.6569166874944585,1.6649729062407914
2870,blur,medium,2,2,blur,blur,False,0.03568027913570404,0.8846258521080017,25.6702880859375,0.03568027913570404,0.8846258521080017,25.6702880859375,1.6569166874944585,1.6649729062407914
2871,clean,none,0,0,clean,clean,False,0.0,1.0,100.0,0.0,1.0,100.0,1.6569166874944585,1.6649729062407914
2872,occlusion,medium,3,3,occlusion,occlusion,False,0.04332711175084114,0.7586821913719177,21.406688690185547,0.04332711175084114,0.7586821913719177,21.406688690185547,1.6569166874944585,1.6649729062407914
2873,blur,high,2,2,blur,blur,False,0.07200869917869568,0.6945080757141113,19.975772857666016,0.07200869917869568,0.6945080757141113,19.975772857666016,1.6569166874944585,1.6649729062407914
2874,clean,none,0,0,clean,clean,False,0.0,1.0,100.0,0.0,1.0,100.0,1.6569166874944585,1.6649729062407914
2875,clean,none,0,0,clean,clean,False,0.0,1.0,100.0,0.0,1.0,100.0,1.6569166874944585,1.6649729062407914
2876,clean,none,0,0,clean,clean,False,0.0,1.0,100.0,0.0,1.0,100.0,1.6569166874944585,1.6649729062407914
2877,blur,low,2,2,blur,blur,False,0.02979966439306736,0.8774188160896301,27.179039001464844,0.02979966439306736,0.8774188160896301,27.179039001464844,1.6569166874944585,1.6649729062407914
2878,blur,high,2,2,blur,blur,False,0.03485816344618797,0.8892704844474792,25.299877166748047,0.03485816344618797,0.8892704844474792,25.299877166748047,1.6569166874944585,1.6649729062407914
2879,salt_pepper,medium,1,1,salt_pepper,salt_pepper,False,0.07312232255935669,0.7020120620727539,20.083419799804688,0.07312232255935669,0.7020120620727539,20.083419799804688,1.6569166874944585,1.6649729062407914
2880,occlusion,low,3,3,occlusion,occlusion,False,0.044626135379076004,0.7923521995544434,23.090309143066406,0.044626135379076004,0.7923521995544434,23.090309143066406,1.401147218729193,1.4204672187645428
2881,blur,high,2,2,blur,blur,False,0.05898751690983772,0.6545360088348389,22.207935333251953,0.05898751690983772,0.6545360088348389,22.207935333251953,1.401147218729193,1.4204672187645428
2882,clean,none,0,0,clean,clean,False,0.0,1.0,100.0,0.0,1.0,100.0,1.401147218729193,1.4204672187645428
2883,clean,none,0,0,clean,clean,False,0.0,1.0,100.0,0.0,1.0,100.0,1.401147218729193,1.4204672187645428
2884,clean,none,0,0,clean,clean,False,0.0,1.0,100.0,0.0,1.0,100.0,1.401147218729193,1.4204672187645428
2885,clean,none,0,0,clean,clean,False,0.0,1.0,100.0,0.0,1.0,100.0,1.401147218729193,1.4204672187645428
2886,blur,high,2,2,blur,blur,False,0.04792280122637749,0.7466354370117188,23.32065200805664,0.04792280122637749,0.7466354370117188,23.32065200805664,1.401147218729193,1.4204672187645428
2887,blur,low,2,2,blur,blur,False,0.042178209871053696,0.8333079814910889,24.590011596679688,0.042178209871053696,0.8333079814910889,24.590011596679688,1.401147218729193,1.4204672187645428
2888,blur,low,2,2,blur,blur,False,0.038554590195417404,0.8786516189575195,24.725027084350586,0.038554590195417404,0.8786516189575195,24.725027084350586,1.401147218729193,1.4204672187645428
2889,occlusion,low,3,3,occlusion,occlusion,False,0.0492754690349102,0.8113613724708557,22.997495651245117,0.0492754690349102,0.8113613724708557,22.997495651245117,1.401147218729193,1.4204672187645428
2890,blur,medium,2,2,blur,blur,False,0.020209038630127907,0.9014883041381836,30.737688064575195,0.020209038630127907,0.9014883041381836,30.737688064575195,1.401147218729193,1.4204672187645428
2891,blur,medium,2,2,blur,blur,False,0.04611020162701607,0.7103449702262878,24.002647399902344,0.04611020162701607,0.7103449702262878,24.002647399902344,1.401147218729193,1.4204672187645428
2892,salt_pepper,low,1,1,salt_pepper,salt_pepper,False,0.03209279477596283,0.9222922325134277,26.903703689575195,0.03209279477596283,0.9222922325134277,26.903703689575195,1.401147218729193,1.4204672187645428
2893,clean,none,0,0,clean,clean,False,0.0,1.0,100.0,0.0,1.0,100.0,1.401147218729193,1.4204672187645428
2894,salt_pepper,low,1,1,salt_pepper,salt_pepper,False,0.019038116559386253,0.9373049139976501,32.28022766113281,0.019038116559386253,0.9373049139976501,32.28022766113281,1.401147218729193,1.4204672187645428
2895,occlusion,low,3,3,occlusion,occlusion,False,0.030458778142929077,0.8935109972953796,22.649551391601562,0.030458778142929077,0.8935109972953796,22.649551391601562,1.401147218729193,1.4204672187645428
2896,salt_pepper,low,1,1,salt_pepper,salt_pepper,False,0.03142854571342468,0.8760225176811218,26.96202850341797,0.03142854571342468,0.8760225176811218,26.96202850341797,1.401147218729193,1.4204672187645428
2897,salt_pepper,medium,1,1,salt_pepper,salt_pepper,False,0.033368390053510666,0.8719752430915833,26.470550537109375,0.033368390053510666,0.8719752430915833,26.470550537109375,1.401147218729193,1.4204672187645428
2898,occlusion,low,3,3,occlusion,occlusion,False,0.0436599999666214,0.7575090527534485,23.26097869873047,0.0436599999666214,0.7575090527534485,23.26097869873047,1.401147218729193,1.4204672187645428
2899,clean,none,0,0,clean,clean,False,0.0,1.0,100.0,0.0,1.0,100.0,1.401147218729193,1.4204672187645428
2900,clean,none,0,0,clean,clean,False,0.0,1.0,100.0,0.0,1.0,100.0,1.401147218729193,1.4204672187645428
2901,blur,medium,2,2,blur,blur,False,0.027438627555966377,0.8784475922584534,28.06993293762207,0.027438627555966377,0.8784475922584534,28.06993293762207,1.401147218729193,1.4204672187645428
2902,blur,high,2,2,blur,blur,False,0.02631758712232113,0.9081757068634033,28.473342895507812,0.02631758712232113,0.9081757068634033,28.473342895507812,1.401147218729193,1.4204672187645428
2903,occlusion,low,3,3,occlusion,occlusion,False,0.03719928488135338,0.8711593747138977,23.57306480407715,0.03719928488135338,0.8711593747138977,23.57306480407715,1.401147218729193,1.4204672187645428
2904,occlusion,high,3,3,occlusion,occlusion,False,0.053521234542131424,0.7111417651176453,20.813392639160156,0.053521234542131424,0.7111417651176453,20.813392639160156,1.401147218729193,1.4204672187645428
2905,clean,none,0,0,clean,clean,False,0.0,1.0,100.0,0.0,1.0,100.0,1.401147218729193,1.4204672187645428
2906,blur,medium,2,2,blur,blur,False,0.04466069117188454,0.8235357403755188,24.319599151611328,0.04466069117188454,0.8235357403755188,24.319599151611328,1.401147218729193,1.4204672187645428
2907,clean,none,0,0,clean,clean,False,0.0,1.0,100.0,0.0,1.0,100.0,1.401147218729193,1.4204672187645428
2908,blur,low,2,2,blur,blur,False,0.028830213472247124,0.8440327644348145,28.093734741210938,0.028830213472247124,0.8440327644348145,28.093734741210938,1.401147218729193,1.4204672187645428
2909,blur,low,2,2,blur,blur,False,0.019764816388487816,0.9175538420677185,31.23004150390625,0.019764816388487816,0.9175538420677185,31.23004150390625,1.401147218729193,1.4204672187645428
2910,clean,none,0,0,clean,clean,False,0.0,1.0,100.0,0.0,1.0,100.0,1.401147218729193,1.4204672187645428
2911,occlusion,medium,3,3,occlusion,occlusion,False,0.03788873553276062,0.8138269782066345,23.94178009033203,0.03788873553276062,0.8138269782066345,23.94178009033203,1.401147218729193,1.4204672187645428
2912,salt_pepper,low,1,1,salt_pepper,salt_pepper,False,0.029560528695583344,0.9002370834350586,27.558124542236328,0.029560528695583344,0.9002370834350586,27.558124542236328,1.5317006562440838,1.5562954374956917
2913,salt_pepper,high,1,1,salt_pepper,salt_pepper,False,0.03800708055496216,0.8570075035095215,24.554325103759766,0.03800708055496216,0.8570075035095215,24.554325103759766,1.5317006562440838,1.5562954374956917
2914,salt_pepper,high,1,1,salt_pepper,salt_pepper,False,0.0305798277258873,0.8765459060668945,27.39731788635254,0.0305798277258873,0.8765459060668945,27.39731788635254,1.5317006562440838,1.5562954374956917
2915,occlusion,high,3,3,occlusion,occlusion,False,0.09893331676721573,0.7349202036857605,14.356710433959961,0.09893331676721573,0.7349202036857605,14.356710433959961,1.5317006562440838,1.5562954374956917
2916,salt_pepper,medium,1,1,salt_pepper,salt_pepper,False,0.021531889215111732,0.9443294405937195,29.702823638916016,0.021531889215111732,0.9443294405937195,29.702823638916016,1.5317006562440838,1.5562954374956917
2917,occlusion,high,3,3,occlusion,occlusion,False,0.0859718844294548,0.584775984287262,16.878210067749023,0.0859718844294548,0.584775984287262,16.878210067749023,1.5317006562440838,1.5562954374956917
2918,salt_pepper,medium,1,1,salt_pepper,salt_pepper,False,0.033991966396570206,0.8934891819953918,25.508865356445312,0.033991966396570206,0.8934891819953918,25.508865356445312,1.5317006562440838,1.5562954374956917
2919,blur,high,2,2,blur,blur,False,0.03650333732366562,0.7220504879951477,25.262155532836914,0.03650333732366562,0.7220504879951477,25.262155532836914,1.5317006562440838,1.5562954374956917
2920,blur,low,2,2,blur,blur,False,0.06484616547822952,0.6125838160514832,21.337852478027344,0.06484616547822952,0.6125838160514832,21.337852478027344,1.5317006562440838,1.5562954374956917
2921,clean,none,0,0,clean,clean,False,0.0,1.0,100.0,0.0,1.0,100.0,1.5317006562440838,1.5562954374956917
2922,blur,low,2,2,blur,blur,False,0.023600513115525246,0.9174264073371887,29.661029815673828,0.023600513115525246,0.9174264073371887,29.661029815673828,1.5317006562440838,1.5562954374956917
2923,salt_pepper,low,1,1,salt_pepper,salt_pepper,False,0.024912023916840553,0.9127983450889587,29.49529457092285,0.024912023916840553,0.9127983450889587,29.49529457092285,1.5317006562440838,1.5562954374956917
2924,clean,none,0,0,clean,clean,False,0.0,1.0,100.0,0.0,1.0,100.0,1.5317006562440838,1.5562954374956917
2925,clean,none,0,0,clean,clean,False,0.0,1.0,100.0,0.0,1.0,100.0,1.5317006562440838,1.5562954374956917
2926,clean,none,0,0,clean,clean,False,0.0,1.0,100.0,0.0,1.0,100.0,1.5317006562440838,1.5562954374956917
2927,blur,low,2,2,blur,blur,False,0.035733845084905624,0.803339421749115,26.241050720214844,0.035733845084905624,0.803339421749115,26.241050720214844,1.5317006562440838,1.5562954374956917
2928,salt_pepper,low,1,1,salt_pepper,salt_pepper,False,0.022354191169142723,0.9109289646148682,29.732040405273438,0.022354191169142723,0.9109289646148682,29.732040405273438,1.5317006562440838,1.5562954374956917
2929,salt_pepper,high,1,1,salt_pepper,salt_pepper,False,0.03260224685072899,0.862658679485321,26.684337615966797,0.03260224685072899,0.862658679485321,26.684337615966797,1.5317006562440838,1.5562954374956917
2930,blur,low,2,2,blur,blur,False,0.02611050009727478,0.8900620341300964,28.34295082092285,0.02611050009727478,0.8900620341300964,28.34295082092285,1.5317006562440838,1.5562954374956917
2931,salt_pepper,medium,1,1,salt_pepper,salt_pepper,False,0.04341783747076988,0.8117188811302185,24.895689010620117,0.04341783747076988,0.8117188811302185,24.895689010620117,1.5317006562440838,1.5562954374956917
2932,blur,medium,2,2,blur,blur,False,0.03091132640838623,0.8698263764381409,26.756715774536133,0.03091132640838623,0.8698263764381409,26.756715774536133,1.5317006562440838,1.5562954374956917
2933,salt_pepper,low,1,1,salt_pepper,salt_pepper,False,0.05268761143088341,0.7266512513160706,22.505414962768555,0.05268761143088341,0.7266512513160706,22.505414962768555,1.5317006562440838,1.5562954374956917
2934,salt_pepper,low,1,1,salt_pepper,salt_pepper,False,0.05351989343762398,0.707432210445404,22.550750732421875,0.05351989343762398,0.707432210445404,22.550750732421875,1.5317006562440838,1.5562954374956917
2935,salt_pepper,medium,1,1,salt_pepper,salt_pepper,False,0.03582170605659485,0.7054891586303711,26.014850616455078,0.03582170605659485,0.7054891586303711,26.014850616455078,1.5317006562440838,1.5562954374956917
2936,occlusion,low,3,3,occlusion,occlusion,False,0.03556142374873161,0.7485306262969971,24.541624069213867,0.03556142374873161,0.7485306262969971,24.541624069213867,1.5317006562440838,1.5562954374956917
2937,salt_pepper,medium,1,1,salt_pepper,salt_pepper,False,0.03458361700177193,0.8660358786582947,25.77495574951172,0.03458361700177193,0.8660358786582947,25.77495574951172,1.5317006562440838,1.5562954374956917
2938,salt_pepper,high,1,1,salt_pepper,salt_pepper,False,0.0332268625497818,0.8784787058830261,27.15694236755371,0.0332268625497818,0.8784787058830261,27.15694236755371,1.5317006562440838,1.5562954374956917
2939,occlusion,medium,3,3,occlusion,occlusion,False,0.05558175966143608,0.7361305356025696,21.70306968688965,0.05558175966143608,0.7361305356025696,21.70306968688965,1.5317006562440838,1.5562954374956917
2940,occlusion,high,3,3,occlusion,occlusion,False,0.06573186814785004,0.6890912055969238,18.386363983154297,0.06573186814785004,0.6890912055969238,18.386363983154297,1.5317006562440838,1.5562954374956917
2941,clean,none,0,0,clean,clean,False,0.0,1.0,100.0,0.0,1.0,100.0,1.5317006562440838,1.5562954374956917
2942,clean,none,0,0,clean,clean,False,0.0,1.0,100.0,0.0,1.0,100.0,1.5317006562440838,1.5562954374956917
2943,blur,medium,2,2,blur,blur,False,0.08780398964881897,0.556468665599823,18.356840133666992,0.08780398964881897,0.556468665599823,18.356840133666992,1.5317006562440838,1.5562954374956917
2944,occlusion,high,3,3,occlusion,occlusion,False,0.0751470997929573,0.5484914779663086,18.221786499023438,0.0751470997929573,0.5484914779663086,18.221786499023438,1.33511384373719,1.3260248124993268
2945,salt_pepper,high,1,1,salt_pepper,salt_pepper,False,0.024833327159285545,0.845939576625824,29.66387939453125,0.024833327159285545,0.845939576625824,29.66387939453125,1.33511384373719,1.3260248124993268
2946,occlusion,high,3,3,occlusion,occlusion,False,0.06216636300086975,0.5516040325164795,20.7399959564209,0.06216636300086975,0.5516040325164795,20.7399959564209,1.33511384373719,1.3260248124993268
2947,occlusion,medium,3,3,occlusion,occlusion,False,0.04577318951487541,0.7660420536994934,21.82590675354004,0.04577318951487541,0.7660420536994934,21.82590675354004,1.33511384373719,1.3260248124993268
2948,blur,medium,2,2,blur,blur,False,0.026930786669254303,0.8031633496284485,27.387187957763672,0.026930786669254303,0.8031633496284485,27.387187957763672,1.33511384373719,1.3260248124993268
2949,blur,medium,2,2,blur,blur,False,0.07323331385850906,0.6953942775726318,20.20885467529297,0.07323331385850906,0.6953942775726318,20.20885467529297,1.33511384373719,1.3260248124993268
2950,occlusion,high,3,3,occlusion,occlusion,False,0.07846304774284363,0.7070803046226501,16.7537899017334,0.07846304774284363,0.7070803046226501,16.7537899017334,1.33511384373719,1.3260248124993268
2951,clean,none,0,0,clean,clean,False,0.0,1.0,100.0,0.0,1.0,100.0,1.33511384373719,1.3260248124993268
2952,occlusion,low,3,3,occlusion,occlusion,False,0.035881590098142624,0.7290104031562805,25.90576171875,0.035881590098142624,0.7290104031562805,25.90576171875,1.33511384373719,1.3260248124993268
2953,salt_pepper,high,1,1,salt_pepper,salt_pepper,False,0.034124407917261124,0.8699883818626404,26.824140548706055,0.034124407917261124,0.8699883818626404,26.824140548706055,1.33511384373719,1.3260248124993268
2954,salt_pepper,medium,1,1,salt_pepper,salt_pepper,False,0.02430746704339981,0.8575711846351624,29.002492904663086,0.02430746704339981,0.8575711846351624,29.002492904663086,1.33511384373719,1.3260248124993268
2955,blur,low,2,2,blur,blur,False,0.044775113463401794,0.8351309895515442,24.060306549072266,0.044775113463401794,0.8351309895515442,24.060306549072266,1.33511384373719,1.3260248124993268
2956,clean,none,0,0,clean,clean,False,0.0,1.0,100.0,0.0,1.0,100.0,1.33511384373719,1.3260248124993268
2957,occlusion,low,3,3,occlusion,occlusion,False,0.07634704560041428,0.6226620674133301,20.089080810546875,0.07634704560041428,0.6226620674133301,20.089080810546875,1.33511384373719,1.3260248124993268
2958,clean,none,0,0,clean,clean,False,0.0,1.0,100.0,0.0,1.0,100.0,1.33511384373719,1.3260248124993268
2959,salt_pepper,low,1,1,salt_pepper,salt_pepper,False,0.021668368950486183,0.9253921508789062,29.6837158203125,0.021668368950486183,0.9253921508789062,29.6837158203125,1.33511384373719,1.3260248124993268
2960,salt_pepper,high,1,1,salt_pepper,salt_pepper,False,0.07172467559576035,0.6915904879570007,20.13322639465332,0.07172467559576035,0.6915904879570007,20.13322639465332,1.33511384373719,1.3260248124993268
2961,blur,low,2,2,blur,blur,False,0.023979537189006805,0.9397639632225037,30.569656372070312,0.023979537189006805,0.9397639632225037,30.569656372070312,1.33511384373719,1.3260248124993268
2962,blur,low,2,2,blur,blur,False,0.030714355409145355,0.8467826843261719,27.011474609375,0.030714355409145355,0.8467826843261719,27.011474609375,1.33511384373719,1.3260248124993268
2963,salt_pepper,medium,1,1,salt_pepper,salt_pepper,False,0.023900436237454414,0.9070504307746887,29.636932373046875,0.023900436237454414,0.9070504307746887,29.636932373046875,1.33511384373719,1.3260248124993268
2964,clean,none,0,0,clean,clean,False,0.0,1.0,100.0,0.0,1.0,100.0,1.33511384373719,1.3260248124993268
2965,occlusion,high,3,3,occlusion,occlusion,False,0.07466232776641846,0.6674079298973083,17.85186767578125,0.07466232776641846,0.6674079298973083,17.85186767578125,1.33511384373719,1.3260248124993268
2966,clean,none,0,0,clean,clean,False,0.0,1.0,100.0,0.0,1.0,100.0,1.33511384373719,1.3260248124993268
2967,clean,none,0,0,clean,clean,False,0.0,1.0,100.0,0.0,1.0,100.0,1.33511384373719,1.3260248124993268
2968,salt_pepper,medium,1,1,salt_pepper,salt_pepper,False,0.026198020204901695,0.893038809299469,27.732948303222656,0.026198020204901695,0.893038809299469,27.732948303222656,1.33511384373719,1.3260248124993268
2969,occlusion,medium,3,3,occlusion,occlusion,False,0.0348033681511879,0.8625937104225159,24.994237899780273,0.0348033681511879,0.8625937104225159,24.994237899780273,1.33511384373719,1.3260248124993268
2970,occlusion,high,3,3,occlusion,occlusion,False,0.05489734932780266,0.6976304054260254,19.73318099975586,0.05489734932780266,0.6976304054260254,19.73318099975586,1.33511384373719,1.3260248124993268
2971,clean,none,0,0,clean,clean,False,0.0,1.0,100.0,0.0,1.0,100.0,1.33511384373719,1.3260248124993268
2972,blur,high,2,2,blur,blur,False,0.03953180089592934,0.6717765927314758,25.55664825439453,0.03953180089592934,0.6717765927314758,25.55664825439453,1.33511384373719,1.3260248124993268
2973,salt_pepper,high,1,1,salt_pepper,salt_pepper,False,0.0214652419090271,0.8864439129829407,29.973154067993164,0.0214652419090271,0.8864439129829407,29.973154067993164,1.33511384373719,1.3260248124993268
2974,clean,none,0,0,clean,clean,False,0.0,1.0,100.0,0.0,1.0,100.0,1.33511384373719,1.3260248124993268
2975,clean,none,0,0,clean,clean,False,0.0,1.0,100.0,0.0,1.0,100.0,1.33511384373719,1.3260248124993268
2976,salt_pepper,high,1,1,salt_pepper,salt_pepper,False,0.023872600868344307,0.8595051765441895,28.94289779663086,0.023872600868344307,0.8595051765441895,28.94289779663086,1.4310564374966361,1.3959957187523742
2977,occlusion,high,3,3,occlusion,occlusion,False,0.06146884337067604,0.727618932723999,19.161651611328125,0.06146884337067604,0.727618932723999,19.161651611328125,1.4310564374966361,1.3959957187523742
2978,salt_pepper,medium,1,1,salt_pepper,salt_pepper,False,0.042172789573669434,0.6555036306381226,25.048673629760742,0.042172789573669434,0.6555036306381226,25.048673629760742,1.4310564374966361,1.3959957187523742
2979,clean,none,0,2,clean,blur,True,0.017166076228022575,0.9185476303100586,32.33082580566406,0.0,1.0,100.0,1.4310564374966361,1.3959957187523742
2980,blur,low,2,2,blur,blur,False,0.023738818243145943,0.8998900055885315,29.09691047668457,0.023738818243145943,0.8998899459838867,29.09691047668457,1.4310564374966361,1.3959957187523742
2981,clean,none,0,0,clean,clean,False,0.0,1.0,100.0,0.0,1.0,100.0,1.4310564374966361,1.3959957187523742
2982,blur,high,2,2,blur,blur,False,0.029711371287703514,0.8525431156158447,26.889116287231445,0.02971138060092926,0.8525426983833313,26.889114379882812,1.4310564374966361,1.3959957187523742
2983,occlusion,medium,3,3,occlusion,occlusion,False,0.04927639290690422,0.7501574158668518,19.708850860595703,0.04927639290690422,0.7501574158668518,19.708850860595703,1.4310564374966361,1.3959957187523742
2984,occlusion,high,3,3,occlusion,occlusion,False,0.0848734900355339,0.3982832431793213,18.889968872070312,0.0848734900355339,0.3982832431793213,18.889968872070312,1.4310564374966361,1.3959957187523742
2985,salt_pepper,low,1,1,salt_pepper,salt_pepper,False,0.0466427244246006,0.7757868766784668,23.300426483154297,0.0466427244246006,0.7757868766784668,23.300426483154297,1.4310564374966361,1.3959957187523742
2986,blur,low,2,2,blur,blur,False,0.039591509848833084,0.7867236137390137,24.964927673339844,0.03959151729941368,0.7867236137390137,24.964927673339844,1.4310564374966361,1.3959957187523742
2987,occlusion,low,3,3,occlusion,occlusion,False,0.03240970894694328,0.8342821002006531,26.620960235595703,0.03240970894694328,0.8342821002006531,26.620960235595703,1.4310564374966361,1.3959957187523742
2988,salt_pepper,high,1,1,salt_pepper,salt_pepper,False,0.03788550943136215,0.8495778441429138,25.495182037353516,0.03788550943136215,0.8495778441429138,25.495182037353516,1.4310564374966361,1.3959957187523742
2989,occlusion,high,3,3,occlusion,occlusion,False,0.061814483255147934,0.6779854893684387,20.182605743408203,0.061814483255147934,0.6779854893684387,20.182605743408203,1.4310564374966361,1.3959957187523742
2990,occlusion,high,3,3,occlusion,occlusion,False,0.10344532877206802,0.556783139705658,14.33006763458252,0.10344532877206802,0.556783139705658,14.33006763458252,1.4310564374966361,1.3959957187523742
2991,blur,low,2,2,blur,blur,False,0.08062046021223068,0.66548091173172,19.555910110473633,0.08062045276165009,0.6654809713363647,19.555912017822266,1.4310564374966361,1.3959957187523742
2992,occlusion,high,3,3,occlusion,occlusion,False,0.06792687624692917,0.5354483723640442,20.749683380126953,0.06792687624692917,0.5354483723640442,20.749683380126953,1.4310564374966361,1.3959957187523742
2993,salt_pepper,high,1,1,salt_pepper,salt_pepper,False,0.026651665568351746,0.9110034108161926,27.84356689453125,0.026651665568351746,0.9110034108161926,27.84356689453125,1.4310564374966361,1.3959957187523742
2994,clean,none,0,0,clean,clean,False,0.0,1.0,100.0,0.0,1.0,100.0,1.4310564374966361,1.3959957187523742
2995,salt_pepper,low,1,1,salt_pepper,salt_pepper,False,0.0431087501347065,0.7603158354759216,23.74538230895996,0.0431087501347065,0.7603158354759216,23.74538230895996,1.4310564374966361,1.3959957187523742
2996,salt_pepper,high,1,1,salt_pepper,salt_pepper,False,0.044168468564748764,0.7420120239257812,24.587221145629883,0.044168468564748764,0.7420120239257812,24.587221145629883,1.4310564374966361,1.3959957187523742
2997,blur,low,2,2,blur,blur,False,0.044929444789886475,0.7330898642539978,23.85573387145996,0.044929444789886475,0.7330897450447083,23.855731964111328,1.4310564374966361,1.3959957187523742
2998,blur,medium,2,2,blur,blur,False,0.039403386414051056,0.8527835011482239,24.834205627441406,0.03940338268876076,0.8527835011482239,24.834209442138672,1.4310564374966361,1.3959957187523742
2999,salt_pepper,high,1,1,salt_pepper,salt_pepper,False,0.06835079193115234,0.7168756127357483,20.289318084716797,0.06835079193115234,0.7168756127357483,20.289318084716797,1.4310564374966361,1.3959957187523742
3000,clean,none,0,0,clean,clean,False,0.0,1.0,100.0,0.0,1.0,100.0,1.4310564374966361,1.3959957187523742
3001,clean,none,0,0,clean,clean,False,0.0,1.0,100.0,0.0,1.0,100.0,1.4310564374966361,1.3959957187523742
3002,occlusion,high,3,3,occlusion,occlusion,False,0.06210757791996002,0.6756688952445984,20.541728973388672,0.06210757791996002,0.6756688952445984,20.541728973388672,1.4310564374966361,1.3959957187523742
3003,clean,none,0,0,clean,clean,False,0.0,1.0,100.0,0.0,1.0,100.0,1.4310564374966361,1.3959957187523742
3004,blur,low,2,2,blur,blur,False,0.09427529573440552,0.6323370933532715,18.063203811645508,0.09427530318498611,0.6323370337486267,18.063203811645508,1.4310564374966361,1.3959957187523742
3005,clean,none,0,0,clean,clean,False,0.0,1.0,100.0,0.0,1.0,100.0,1.4310564374966361,1.3959957187523742
3006,occlusion,high,3,3,occlusion,occlusion,False,0.058298323303461075,0.6885711550712585,19.80739402770996,0.058298323303461075,0.6885711550712585,19.80739402770996,1.4310564374966361,1.3959957187523742
3007,clean,none,0,0,clean,clean,False,0.0,1.0,100.0,0.0,1.0,100.0,1.4310564374966361,1.3959957187523742
3008,salt_pepper,high,1,1,salt_pepper,salt_pepper,False,0.05536946281790733,0.7836661338806152,21.826459884643555,0.05536946281790733,0.7836661338806152,21.826459884643555,1.7644033125066017,1.7061875937542936
3009,salt_pepper,medium,1,1,salt_pepper,salt_pepper,False,0.03312472626566887,0.856484591960907,26.163808822631836,0.03312472626566887,0.856484591960907,26.163808822631836,1.7644033125066017,1.7061875937542936
3010,occlusion,medium,3,3,occlusion,occlusion,False,0.08637964725494385,0.567057192325592,18.271146774291992,0.08637964725494385,0.567057192325592,18.271146774291992,1.7644033125066017,1.7061875937542936
3011,clean,none,0,0,clean,clean,False,0.0,1.0,100.0,0.0,1.0,100.0,1.7644033125066017,1.7061875937542936
3012,clean,none,0,0,clean,clean,False,0.0,1.0,100.0,0.0,1.0,100.0,1.7644033125066017,1.7061875937542936
3013,occlusion,low,3,3,occlusion,occlusion,False,0.0323946475982666,0.8660087585449219,26.09377098083496,0.0323946475982666,0.8660087585449219,26.09377098083496,1.7644033125066017,1.7061875937542936
3014,salt_pepper,low,1,1,salt_pepper,salt_pepper,False,0.03435327857732773,0.8385088443756104,26.439571380615234,0.03435327857732773,0.8385088443756104,26.439571380615234,1.7644033125066017,1.7061875937542936
3015,salt_pepper,low,1,1,salt_pepper,salt_pepper,False,0.061220768839120865,0.7298858165740967,20.851055145263672,0.061220768839120865,0.7298858165740967,20.851055145263672,1.7644033125066017,1.7061875937542936
3016,salt_pepper,high,1,1,salt_pepper,salt_pepper,False,0.04981377348303795,0.704189121723175,23.29801368713379,0.04981377348303795,0.704189121723175,23.29801368713379,1.7644033125066017,1.7061875937542936
3017,salt_pepper,low,1,1,salt_pepper,salt_pepper,False,0.06008916720747948,0.7470859885215759,21.34532928466797,0.06008916720747948,0.7470859885215759,21.34532928466797,1.7644033125066017,1.7061875937542936
3018,blur,medium,2,2,blur,blur,False,0.0449443943798542,0.7978179454803467,23.228635787963867,0.0449443943798542,0.7978179454803467,23.228635787963867,1.7644033125066017,1.7061875937542936
3019,salt_pepper,low,1,1,salt_pepper,salt_pepper,False,0.05409415066242218,0.7661342024803162,22.460681915283203,0.05409415066242218,0.7661342024803162,22.460681915283203,1.7644033125066017,1.7061875937542936
3020,salt_pepper,high,1,1,salt_pepper,salt_pepper,False,0.04743930324912071,0.7552025318145752,23.458642959594727,0.04743930324912071,0.7552025318145752,23.458642959594727,1.7644033125066017,1.7061875937542936
3021,clean,none,0,0,clean,clean,False,0.0,1.0,100.0,0.0,1.0,100.0,1.7644033125066017,1.7061875937542936
3022,blur,high,2,2,blur,blur,False,0.0703558400273323,0.6105989813804626,20.624603271484375,0.0703558400273323,0.6105989813804626,20.624603271484375,1.7644033125066017,1.7061875937542936
3023,clean,none,0,0,clean,clean,False,0.0,1.0,100.0,0.0,1.0,100.0,1.7644033125066017,1.7061875937542936
3024,occlusion,medium,3,3,occlusion,occlusion,False,0.03904448449611664,0.7409271597862244,24.32094955444336,0.03904448449611664,0.7409271597862244,24.32094955444336,1.7644033125066017,1.7061875937542936
3025,occlusion,high,3,3,occlusion,occlusion,False,0.11616229265928268,0.41158509254455566,16.922279357910156,0.11616229265928268,0.41158509254455566,16.922279357910156,1.7644033125066017,1.7061875937542936
3026,occlusion,medium,3,3,occlusion,occlusion,False,0.029942363500595093,0.8112478852272034,26.662418365478516,0.029942363500595093,0.8112478852272034,26.662418365478516,1.7644033125066017,1.7061875937542936
3027,occlusion,high,3,3,occlusion,occlusion,False,0.07219291478395462,0.5439563393592834,19.57231330871582,0.07219291478395462,0.5439563393592834,19.57231330871582,1.7644033125066017,1.7061875937542936
3028,clean,none,0,0,clean,clean,False,0.0,1.0,100.0,0.0,1.0,100.0,1.7644033125066017,1.7061875937542936
3029,clean,none,0,0,clean,clean,False,0.0,1.0,100.0,0.0,1.0,100.0,1.7644033125066017,1.7061875937542936
3030,salt_pepper,low,1,1,salt_pepper,salt_pepper,False,0.10676532983779907,0.6185643076896667,17.151216506958008,0.10676532983779907,0.6185643076896667,17.151216506958008,1.7644033125066017,1.7061875937542936
3031,salt_pepper,medium,1,1,salt_pepper,salt_pepper,False,0.09761255234479904,0.6205146908760071,17.64565658569336,0.09761255234479904,0.6205146908760071,17.64565658569336,1.7644033125066017,1.7061875937542936
3032,salt_pepper,low,1,1,salt_pepper,salt_pepper,False,0.08785570412874222,0.6753067970275879,18.99413299560547,0.08785570412874222,0.6753067970275879,18.99413299560547,1.7644033125066017,1.7061875937542936
3033,occlusion,low,3,3,occlusion,occlusion,False,0.07265686243772507,0.6688845157623291,19.910186767578125,0.07265686243772507,0.6688845157623291,19.910186767578125,1.7644033125066017,1.7061875937542936
3034,blur,low,2,2,blur,blur,False,0.08930432051420212,0.6671741604804993,18.956863403320312,0.08930432051420212,0.6671741604804993,18.956863403320312,1.7644033125066017,1.7061875937542936
3035,salt_pepper,low,1,1,salt_pepper,salt_pepper,False,0.036044780164957047,0.8036596179008484,26.141929626464844,0.036044780164957047,0.8036596179008484,26.141929626464844,1.7644033125066017,1.7061875937542936
3036,clean,none,0,0,clean,clean,False,0.0,1.0,100.0,0.0,1.0,100.0,1.7644033125066017,1.7061875937542936
3037,salt_pepper,high,1,1,salt_pepper,salt_pepper,False,0.03647282347083092,0.8890077471733093,26.543046951293945,0.03647282347083092,0.8890077471733093,26.543046951293945,1.7644033125066017,1.7061875937542936
3038,salt_pepper,medium,1,1,salt_pepper,salt_pepper,False,0.08603572100400925,0.6605951189994812,18.43155860900879,0.08603572100400925,0.6605951189994812,18.43155860900879,1.7644033125066017,1.7061875937542936
3039,salt_pepper,high,1,1,salt_pepper,salt_pepper,False,0.036939796060323715,0.8547930717468262,24.883594512939453,0.036939796060323715,0.8547930717468262,24.883594512939453,1.7644033125066017,1.7061875937542936
3040,occlusion,low,3,3,occlusion,occlusion,False,0.04454531893134117,0.7543802261352539,22.830303192138672,0.04454531893134117,0.7543802261352539,22.830303192138672,1.3444808124916108,1.3572595312609792
3041,blur,low,2,2,blur,blur,False,0.029534930363297462,0.89157634973526,27.51714324951172,0.029534930363297462,0.89157634973526,27.51714324951172,1.3444808124916108,1.3572595312609792
3042,salt_pepper,medium,1,1,salt_pepper,salt_pepper,False,0.03931361064314842,0.867705762386322,25.484073638916016,0.03931361064314842,0.867705762386322,25.484073638916016,1.3444808124916108,1.3572595312609792
3043,clean,none,0,0,clean,clean,False,0.0,1.0,100.0,0.0,1.0,100.0,1.3444808124916108,1.3572595312609792
3044,clean,none,0,0,clean,clean,False,0.0,1.0,100.0,0.0,1.0,100.0,1.3444808124916108,1.3572595312609792
3045,clean,none,0,0,clean,clean,False,0.0,1.0,100.0,0.0,1.0,100.0,1.3444808124916108,1.3572595312609792
3046,salt_pepper,low,1,1,salt_pepper,salt_pepper,False,0.06508627533912659,0.7220976948738098,20.869768142700195,0.06508627533912659,0.7220976948738098,20.869768142700195,1.3444808124916108,1.3572595312609792
3047,clean,none,0,0,clean,clean,False,0.0,1.0,100.0,0.0,1.0,100.0,1.3444808124916108,1.3572595312609792
3048,blur,medium,2,2,blur,blur,False,0.03572922572493553,0.8649492263793945,25.627140045166016,0.03572922572493553,0.8649492263793945,25.627140045166016,1.3444808124916108,1.3572595312609792
3049,blur,medium,2,2,blur,blur,False,0.08184701204299927,0.599517822265625,19.550277709960938,0.08184701204299927,0.599517822265625,19.550277709960938,1.3444808124916108,1.3572595312609792
3050,occlusion,medium,3,3,occlusion,occlusion,False,0.0694088265299797,0.6364271640777588,19.75031280517578,0.0694088265299797,0.6364271640777588,19.75031280517578,1.3444808124916108,1.3572595312609792
3051,occlusion,high,3,3,occlusion,occlusion,False,0.079521544277668,0.5851320624351501,18.362274169921875,0.079521544277668,0.5851320624351501,18.362274169921875,1.3444808124916108,1.3572595312609792
3052,occlusion,low,3,3,occlusion,occlusion,False,0.05525090917944908,0.7349727749824524,21.001331329345703,0.05525090917944908,0.7349727749824524,21.001331329345703,1.3444808124916108,1.3572595312609792
3053,blur,low,2,2,blur,blur,False,0.042087703943252563,0.7819790840148926,24.283601760864258,0.042087703943252563,0.7819790840148926,24.283601760864258,1.3444808124916108,1.3572595312609792
3054,clean,none,0,0,clean,clean,False,0.0,1.0,100.0,0.0,1.0,100.0,1.3444808124916108,1.3572595312609792
3055,salt_pepper,low,1,1,salt_pepper,salt_pepper,False,0.04515774920582771,0.8307335376739502,23.716217041015625,0.04515774920582771,0.8307335376739502,23.716217041015625,1.3444808124916108,1.3572595312609792
3056,salt_pepper,high,1,1,salt_pepper,salt_pepper,False,0.04878966882824898,0.7429632544517517,23.40814208984375,0.04878966882824898,0.7429632544517517,23.40814208984375,1.3444808124916108,1.3572595312609792
3057,blur,high,2,2,blur,blur,False,0.03542592376470566,0.8252460956573486,26.104028701782227,0.03542592376470566,0.8252460956573486,26.104028701782227,1.3444808124916108,1.3572595312609792
3058,salt_pepper,high,1,1,salt_pepper,salt_pepper,False,0.11359589546918869,0.5643107295036316,16.42146873474121,0.11359589546918869,0.5643107295036316,16.42146873474121,1.3444808124916108,1.3572595312609792
3059,occlusion,low,3,3,occlusion,occlusion,False,0.03185011446475983,0.8311304450035095,24.78695297241211,0.03185011446475983,0.8311304450035095,24.78695297241211,1.3444808124916108,1.3572595312609792
3060,clean,none,0,0,clean,clean,False,0.0,1.0,100.0,0.0,1.0,100.0,1.3444808124916108,1.3572595312609792
3061,clean,none,0,0,clean,clean,False,0.0,1.0,100.0,0.0,1.0,100.0,1.3444808124916108,1.3572595312609792
3062,occlusion,low,3,3,occlusion,occlusion,False,0.0462305061519146,0.752077579498291,22.19391632080078,0.0462305061519146,0.752077579498291,22.19391632080078,1.3444808124916108,1.3572595312609792
3063,clean,none,0,0,clean,clean,False,0.0,1.0,100.0,0.0,1.0,100.0,1.3444808124916108,1.3572595312609792
3064,occlusion,medium,3,3,occlusion,occlusion,False,0.040635328739881516,0.8053539395332336,24.06865692138672,0.040635328739881516,0.8053539395332336,24.06865692138672,1.3444808124916108,1.3572595312609792
3065,clean,none,0,0,clean,clean,False,0.0,1.0,100.0,0.0,1.0,100.0,1.3444808124916108,1.3572595312609792
3066,clean,none,0,0,clean,clean,False,0.0,1.0,100.0,0.0,1.0,100.0,1.3444808124916108,1.3572595312609792
3067,blur,high,2,2,blur,blur,False,0.037558894604444504,0.7598908543586731,25.907316207885742,0.037558894604444504,0.7598908543586731,25.907316207885742,1.3444808124916108,1.3572595312609792
3068,clean,none,0,0,clean,clean,False,0.0,1.0,100.0,0.0,1.0,100.0,1.3444808124916108,1.3572595312609792
3069,occlusion,high,3,3,occlusion,occlusion,False,0.06092163920402527,0.7341926097869873,18.806732177734375,0.06092163920402527,0.7341926097869873,18.806732177734375,1.3444808124916108,1.3572595312609792
3070,occlusion,high,3,3,occlusion,occlusion,False,0.07265365123748779,0.5562283396720886,18.615877151489258,0.07265365123748779,0.5562283396720886,18.615877151489258,1.3444808124916108,1.3572595312609792
3071,blur,low,2,2,blur,blur,False,0.056336939334869385,0.6210383772850037,22.56206703186035,0.056336939334869385,0.6210383772850037,22.56206703186035,1.3444808124916108,1.3572595312609792
3072,occlusion,medium,3,3,occlusion,occlusion,False,0.0601547509431839,0.7039629817008972,20.914066314697266,0.0601547509431839,0.7039629817008972,20.914066314697266,1.46171321873112,1.5057102500009023
3073,occlusion,low,3,3,occlusion,occlusion,False,0.04268765449523926,0.7951213717460632,24.122159957885742,0.04268765449523926,0.7951213717460632,24.122159957885742,1.46171321873112,1.5057102500009023
3074,occlusion,low,3,3,occlusion,occlusion,False,0.02812126837670803,0.8245618939399719,27.857929229736328,0.02812126837670803,0.8245618939399719,27.857929229736328,1.46171321873112,1.5057102500009023
3075,salt_pepper,medium,1,1,salt_pepper,salt_pepper,False,0.04320499673485756,0.7347003817558289,24.831560134887695,0.04320499673485756,0.7347003817558289,24.831560134887695,1.46171321873112,1.5057102500009023
3076,occlusion,high,3,3,occlusion,occlusion,False,0.06452459841966629,0.5966292023658752,19.937145233154297,0.06452459841966629,0.5966292023658752,19.937145233154297,1.46171321873112,1.5057102500009023
3077,occlusion,low,3,3,occlusion,occlusion,False,0.061764031648635864,0.5509257912635803,21.33968162536621,0.061764031648635864,0.5509257912635803,21.33968162536621,1.46171321873112,1.5057102500009023
3078,occlusion,low,3,0,occlusion,clean,True,0.011492002755403519,0.8768929839134216,25.70016098022461,0.03851380944252014,0.7239474654197693,24.453184127807617,1.46171321873112,1.5057102500009023
3079,occlusion,medium,3,3,occlusion,occlusion,False,0.03773285821080208,0.8162453174591064,23.216602325439453,0.03773285821080208,0.8162453174591064,23.216602325439453,1.46171321873112,1.5057102500009023
3080,occlusion,high,3,3,occlusion,occlusion,False,0.08882486075162888,0.4806365668773651,17.583271026611328,0.08882486075162888,0.4806365668773651,17.583271026611328,1.46171321873112,1.5057102500009023
3081,blur,medium,2,2,blur,blur,False,0.036421824246644974,0.7652340531349182,26.073192596435547,0.036421824246644974,0.7652340531349182,26.073192596435547,1.46171321873112,1.5057102500009023
3082,clean,none,0,0,clean,clean,False,0.0,1.0,100.0,0.0,1.0,100.0,1.46171321873112,1.5057102500009023
3083,salt_pepper,low,1,1,salt_pepper,salt_pepper,False,0.04040410742163658,0.7921974062919617,24.765499114990234,0.04040410742163658,0.7921974062919617,24.765499114990234,1.46171321873112,1.5057102500009023
3084,occlusion,low,3,3,occlusion,occlusion,False,0.06546542793512344,0.7607695460319519,19.97380828857422,0.06546542793512344,0.7607695460319519,19.97380828857422,1.46171321873112,1.5057102500009023
3085,clean,none,0,0,clean,clean,False,0.0,1.0,100.0,0.0,1.0,100.0,1.46171321873112,1.5057102500009023
3086,blur,high,2,2,blur,blur,False,0.039132099598646164,0.6495180726051331,25.101490020751953,0.039132099598646164,0.6495180726051331,25.101490020751953,1.46171321873112,1.5057102500009023
3087,blur,medium,2,2,blur,blur,False,0.05312587693333626,0.6949304938316345,22.545740127563477,0.05312587693333626,0.6949304938316345,22.545740127563477,1.46171321873112,1.5057102500009023
3088,clean,none,0,0,clean,clean,False,0.0,1.0,100.0,0.0,1.0,100.0,1.46171321873112,1.5057102500009023
3089,blur,low,2,2,blur,blur,False,0.020228296518325806,0.898454487323761,30.09121322631836,0.020228296518325806,0.898454487323761,30.09121322631836,1.46171321873112,1.5057102500009023
3090,blur,high,2,2,blur,blur,False,0.025126999244093895,0.8733081817626953,28.87578773498535,0.025126999244093895,0.8733081817626953,28.87578773498535,1.46171321873112,1.5057102500009023
3091,clean,none,0,0,clean,clean,False,0.0,1.0,100.0,0.0,1.0,100.0,1.46171321873112,1.5057102500009023
3092,blur,medium,2,2,blur,blur,False,0.029108958318829536,0.8484421372413635,27.654071807861328,0.029108958318829536,0.8484421372413635,27.654071807861328,1.46171321873112,1.5057102500009023
3093,occlusion,low,3,3,occlusion,occlusion,False,0.08086341619491577,0.651465892791748,19.34119987487793,0.08086341619491577,0.651465892791748,19.34119987487793,1.46171321873112,1.5057102500009023
3094,blur,low,2,2,blur,blur,False,0.045079294592142105,0.8017144203186035,23.590669631958008,0.045079294592142105,0.8017144203186035,23.590669631958008,1.46171321873112,1.5057102500009023
3095,blur,medium,2,2,blur,blur,False,0.04198281839489937,0.7848935723304749,24.018346786499023,0.04198281839489937,0.7848935723304749,24.018346786499023,1.46171321873112,1.5057102500009023
3096,occlusion,high,3,3,occlusion,occlusion,False,0.1355636566877365,0.5803971886634827,12.945618629455566,0.1355636566877365,0.5803971886634827,12.945618629455566,1.46171321873112,1.5057102500009023
3097,blur,medium,2,2,blur,blur,False,0.03364132344722748,0.8313014507293701,26.546659469604492,0.03364132344722748,0.8313014507293701,26.546659469604492,1.46171321873112,1.5057102500009023
3098,clean,none,0,0,clean,clean,False,0.0,1.0,100.0,0.0,1.0,100.0,1.46171321873112,1.5057102500009023
3099,occlusion,medium,3,3,occlusion,occlusion,False,0.04487809166312218,0.7986564636230469,22.184083938598633,0.04487809166312218,0.7986564636230469,22.184083938598633,1.46171321873112,1.5057102500009023
3100,clean,none,0,0,clean,clean,False,0.0,1.0,100.0,0.0,1.0,100.0,1.46171321873112,1.5057102500009023
3101,occlusion,high,3,3,occlusion,occlusion,False,0.06859893351793289,0.4791747033596039,19.876205444335938,0.06859893351793289,0.4791747033596039,19.876205444335938,1.46171321873112,1.5057102500009023
3102,clean,none,0,0,clean,clean,False,0.0,1.0,100.0,0.0,1.0,100.0,1.46171321873112,1.5057102500009023
3103,clean,none,0,0,clean,clean,False,0.0,1.0,100.0,0.0,1.0,100.0,1.46171321873112,1.5057102500009023
3104,salt_pepper,low,1,1,salt_pepper,salt_pepper,False,0.03224743530154228,0.916883647441864,28.13459014892578,0.03224743530154228,0.916883647441864,28.13459014892578,1.937307437515301,1.8754380312486774
3105,salt_pepper,high,1,1,salt_pepper,salt_pepper,False,0.025693370029330254,0.8980686068534851,28.05170440673828,0.025693370029330254,0.8980686068534851,28.05170440673828,1.937307437515301,1.8754380312486774
3106,occlusion,medium,3,3,occlusion,occlusion,False,0.05183136835694313,0.7207838892936707,19.193920135498047,0.05183136835694313,0.7207838892936707,19.193920135498047,1.937307437515301,1.8754380312486774
3107,salt_pepper,high,1,1,salt_pepper,salt_pepper,False,0.03704166039824486,0.8967342376708984,25.750499725341797,0.03704166039824486,0.8967342376708984,25.750499725341797,1.937307437515301,1.8754380312486774
3108,blur,medium,2,2,blur,blur,False,0.05357998609542847,0.642023503780365,23.008991241455078,0.05357998609542847,0.642023503780365,23.008991241455078,1.937307437515301,1.8754380312486774
3109,salt_pepper,medium,1,1,salt_pepper,salt_pepper,False,0.04814713075757027,0.8429470062255859,24.42538833618164,0.04814713075757027,0.8429470062255859,24.42538833618164,1.937307437515301,1.8754380312486774
3110,blur,medium,2,2,blur,blur,False,0.037743471562862396,0.7695660591125488,25.80076026916504,0.03774348273873329,0.7695660591125488,25.800758361816406,1.937307437515301,1.8754380312486774
3111,occlusion,high,3,3,occlusion,occlusion,False,0.039142269641160965,0.7296040058135986,22.884140014648438,0.039142269641160965,0.7296040058135986,22.884140014648438,1.937307437515301,1.8754380312486774
3112,clean,none,0,0,clean,clean,False,0.0,1.0,100.0,0.0,1.0,100.0,1.937307437515301,1.8754380312486774
3113,clean,none,0,0,clean,clean,False,0.0,1.0,100.0,0.0,1.0,100.0,1.937307437515301,1.8754380312486774
3114,clean,none,0,0,clean,clean,False,0.0,1.0,100.0,0.0,1.0,100.0,1.937307437515301,1.8754380312486774
3115,blur,low,2,2,blur,blur,False,0.041848208755254745,0.8011507987976074,24.950870513916016,0.041848212480545044,0.8011508584022522,24.950870513916016,1.937307437515301,1.8754380312486774
3116,blur,low,2,2,blur,blur,False,0.03607023134827614,0.8756744861602783,25.299259185791016,0.03607022389769554,0.8756744265556335,25.29926109313965,1.937307437515301,1.8754380312486774
3117,blur,high,2,2,blur,blur,False,0.030621187761425972,0.8382753729820251,26.85425567626953,0.030621208250522614,0.8382752537727356,26.854251861572266,1.937307437515301,1.8754380312486774
3118,salt_pepper,high,1,1,salt_pepper,salt_pepper,False,0.061908770352602005,0.6372677683830261,21.775287628173828,0.061908770352602005,0.6372677683830261,21.775287628173828,1.937307437515301,1.8754380312486774
3119,salt_pepper,high,1,1,salt_pepper,salt_pepper,False,0.09896311908960342,0.6442904472351074,18.4490966796875,0.09896311908960342,0.6442904472351074,18.4490966796875,1.937307437515301,1.8754380312486774
3120,clean,none,0,0,clean,clean,False,0.0,1.0,100.0,0.0,1.0,100.0,1.937307437515301,1.8754380312486774
3121,blur,high,2,2,blur,blur,False,0.036108098924160004,0.8647713661193848,25.434814453125,0.03610813245177269,0.8647710680961609,25.434810638427734,1.937307437515301,1.8754380312486774
3122,blur,high,2,2,blur,blur,False,0.05664251744747162,0.6617690920829773,22.108261108398438,0.05664252117276192,0.6617691516876221,22.108261108398438,1.937307437515301,1.8754380312486774
3123,blur,medium,2,2,blur,blur,False,0.051633745431900024,0.7899718284606934,23.084877014160156,0.05163375660777092,0.7899718284606934,23.08487319946289,1.937307437515301,1.8754380312486774
3124,occlusion,high,3,3,occlusion,occlusion,False,0.031191878020763397,0.8263556957244873,24.559654235839844,0.031191878020763397,0.8263556957244873,24.559654235839844,1.937307437515301,1.8754380312486774
3125,salt_pepper,high,1,1,salt_pepper,salt_pepper,False,0.025509024038910866,0.8789563179016113,28.093238830566406,0.025509024038910866,0.8789563179016113,28.093238830566406,1.937307437515301,1.8754380312486774
3126,occlusion,low,3,3,occlusion,occlusion,False,0.047061920166015625,0.6461740732192993,23.58041763305664,0.047061920166015625,0.6461740732192993,23.58041763305664,1.937307437515301,1.8754380312486774
3127,blur,medium,2,2,blur,blur,False,0.05535542964935303,0.6382312774658203,23.033702850341797,0.05535542964935303,0.6382311582565308,23.033702850341797,1.937307437515301,1.8754380312486774
3128,clean,none,0,0,clean,clean,False,0.0,1.0,100.0,0.0,1.0,100.0,1.937307437515301,1.8754380312486774
3129,clean,none,0,2,clean,blur,True,0.0744473785161972,0.738854706287384,21.137733459472656,0.0,1.0,100.0,1.937307437515301,1.8754380312486774
3130,occlusion,low,3,3,occlusion,occlusion,False,0.04309636726975441,0.7034648060798645,24.546348571777344,0.04309636726975441,0.7034648060798645,24.546348571777344,1.937307437515301,1.8754380312486774
3131,occlusion,low,3,3,occlusion,occlusion,False,0.050455380231142044,0.6692933440208435,22.520347595214844,0.050455380231142044,0.6692933440208435,22.520347595214844,1.937307437515301,1.8754380312486774
3132,occlusion,low,3,3,occlusion,occlusion,False,0.03469797596335411,0.7983527183532715,25.013805389404297,0.03469797596335411,0.7983527183532715,25.013805389404297,1.937307437515301,1.8754380312486774
3133,salt_pepper,medium,1,1,salt_pepper,salt_pepper,False,0.04585409164428711,0.8248047828674316,23.318161010742188,0.04585409164428711,0.8248047828674316,23.318161010742188,1.937307437515301,1.8754380312486774
3134,salt_pepper,medium,1,1,salt_pepper,salt_pepper,False,0.04728572443127632,0.7667815089225769,23.722244262695312,0.04728572443127632,0.7667815089225769,23.722244262695312,1.937307437515301,1.8754380312486774
3135,blur,high,2,2,blur,blur,False,0.0353778637945652,0.8378636837005615,26.375839233398438,0.03537788614630699,0.8378637433052063,26.375835418701172,1.937307437515301,1.8754380312486774
3136,blur,medium,2,2,blur,blur,False,0.053485650569200516,0.8023402094841003,22.101696014404297,0.053485650569200516,0.8023402094841003,22.101696014404297,1.4464310937682967,1.4554803437647479
3137,clean,none,0,0,clean,clean,False,0.0,1.0,100.0,0.0,1.0,100.0,1.4464310937682967,1.4554803437647479
3138,blur,medium,2,2,blur,blur,False,0.058041080832481384,0.6313793063163757,21.279407501220703,0.058041080832481384,0.6313793063163757,21.279407501220703,1.4464310937682967,1.4554803437647479
3139,salt_pepper,low,1,1,salt_pepper,salt_pepper,False,0.043440353125333786,0.8551177978515625,24.409194946289062,0.043440353125333786,0.8551177978515625,24.409194946289062,1.4464310937682967,1.4554803437647479
3140,occlusion,medium,3,3,occlusion,occlusion,False,0.04934266582131386,0.7994888424873352,20.814638137817383,0.04934266582131386,0.7994888424873352,20.814638137817383,1.4464310937682967,1.4554803437647479
3141,salt_pepper,medium,1,1,salt_pepper,salt_pepper,False,0.05568317696452141,0.7019000053405762,22.06468391418457,0.05568317696452141,0.7019000053405762,22.06468391418457,1.4464310937682967,1.4554803437647479
3142,clean,none,0,0,clean,clean,False,0.0,1.0,100.0,0.0,1.0,100.0,1.4464310937682967,1.4554803437647479
3143,salt_pepper,low,1,1,salt_pepper,salt_pepper,False,0.04277223348617554,0.7056469917297363,24.703405380249023,0.04277223348617554,0.7056469917297363,24.703405380249023,1.4464310937682967,1.4554803437647479
3144,clean,none,0,0,clean,clean,False,0.0,1.0,100.0,0.0,1.0,100.0,1.4464310937682967,1.4554803437647479
3145,blur,low,2,2,blur,blur,False,0.05604623630642891,0.6459596753120422,22.263620376586914,0.05604623630642891,0.6459596753120422,22.263620376586914,1.4464310937682967,1.4554803437647479
3146,blur,low,2,2,blur,blur,False,0.05835680663585663,0.7295758724212646,21.630722045898438,0.05835680663585663,0.7295758724212646,21.630722045898438,1.4464310937682967,1.4554803437647479
3147,blur,medium,2,2,blur,blur,False,0.028304308652877808,0.892683744430542,28.32343101501465,0.028304308652877808,0.892683744430542,28.32343101501465,1.4464310937682967,1.4554803437647479
3148,salt_pepper,high,1,1,salt_pepper,salt_pepper,False,0.03712895140051842,0.8779430389404297,25.774248123168945,0.03712895140051842,0.8779430389404297,25.774248123168945,1.4464310937682967,1.4554803437647479
3149,salt_pepper,high,1,1,salt_pepper,salt_pepper,False,0.031817663460969925,0.8493180871009827,27.06270408630371,0.031817663460969925,0.8493180871009827,27.06270408630371,1.4464310937682967,1.4554803437647479
3150,blur,low,2,2,blur,blur,False,0.061957214027643204,0.5353102087974548,21.893291473388672,0.061957214027643204,0.5353102087974548,21.893291473388672,1.4464310937682967,1.4554803437647479
3151,occlusion,high,3,3,occlusion,occlusion,False,0.06766151636838913,0.6990597248077393,19.14390754699707,0.06766151636838913,0.6990597248077393,19.14390754699707,1.4464310937682967,1.4554803437647479
3152,clean,none,0,0,clean,clean,False,0.0,1.0,100.0,0.0,1.0,100.0,1.4464310937682967,1.4554803437647479
3153,clean,none,0,0,clean,clean,False,0.0,1.0,100.0,0.0,1.0,100.0,1.4464310937682967,1.4554803437647479
3154,salt_pepper,medium,1,1,salt_pepper,salt_pepper,False,0.039902474731206894,0.8335444927215576,24.967758178710938,0.039902474731206894,0.8335444927215576,24.967758178710938,1.4464310937682967,1.4554803437647479
3155,salt_pepper,high,1,1,salt_pepper,salt_pepper,False,0.04669861122965813,0.8102996349334717,23.656494140625,0.04669861122965813,0.8102996349334717,23.656494140625,1.4464310937682967,1.4554803437647479
3156,salt_pepper,medium,1,1,salt_pepper,salt_pepper,False,0.03306165710091591,0.8853068947792053,26.136777877807617,0.03306165710091591,0.8853068947792053,26.136777877807617,1.4464310937682967,1.4554803437647479
3157,clean,none,0,0,clean,clean,False,0.0,1.0,100.0,0.0,1.0,100.0,1.4464310937682967,1.4554803437647479
3158,salt_pepper,high,1,1,salt_pepper,salt_pepper,False,0.05344276502728462,0.687955915927887,22.817096710205078,0.05344276502728462,0.687955915927887,22.817096710205078,1.4464310937682967,1.4554803437647479
3159,blur,high,2,2,blur,blur,False,0.05385270714759827,0.7154409885406494,23.04354476928711,0.05385270714759827,0.7154409885406494,23.04354476928711,1.4464310937682967,1.4554803437647479
3160,salt_pepper,medium,1,1,salt_pepper,salt_pepper,False,0.032381732016801834,0.7975570559501648,27.51343536376953,0.032381732016801834,0.7975570559501648,27.51343536376953,1.4464310937682967,1.4554803437647479
3161,blur,medium,2,2,blur,blur,False,0.03450245410203934,0.8833631873130798,26.865619659423828,0.03450245410203934,0.8833631873130798,26.865619659423828,1.4464310937682967,1.4554803437647479
3162,salt_pepper,high,1,1,salt_pepper,salt_pepper,False,0.054333388805389404,0.6711373925209045,22.65264129638672,0.054333388805389404,0.6711373925209045,22.65264129638672,1.4464310937682967,1.4554803437647479
3163,occlusion,medium,3,3,occlusion,occlusion,False,0.06060531362891197,0.551403284072876,20.899049758911133,0.06060531362891197,0.551403284072876,20.899049758911133,1.4464310937682967,1.4554803437647479
3164,clean,none,0,0,clean,clean,False,0.0,1.0,100.0,0.0,1.0,100.0,1.4464310937682967,1.4554803437647479
3165,blur,low,2,2,blur,blur,False,0.027870044112205505,0.8902671933174133,28.482177734375,0.027870044112205505,0.8902671933174133,28.482177734375,1.4464310937682967,1.4554803437647479
3166,clean,none,0,0,clean,clean,False,0.0,1.0,100.0,0.0,1.0,100.0,1.4464310937682967,1.4554803437647479
3167,occlusion,high,3,3,occlusion,occlusion,False,0.059215813875198364,0.7012504935264587,19.62165641784668,0.059215813875198364,0.7012504935264587,19.62165641784668,1.4464310937682967,1.4554803437647479
3168,blur,medium,2,2,blur,blur,False,0.05829934775829315,0.7570016980171204,22.079153060913086,0.05829934775829315,0.7570016980171204,22.079153060913086,1.336147781245245,1.3374265624861437
3169,blur,low,2,2,blur,blur,False,0.03001328743994236,0.8822832107543945,27.472761154174805,0.03001328743994236,0.8822832107543945,27.472761154174805,1.336147781245245,1.3374265624861437
3170,occlusion,high,3,3,occlusion,occlusion,False,0.06267658621072769,0.6121031641960144,18.862873077392578,0.06267658621072769,0.6121031641960144,18.862873077392578,1.336147781245245,1.3374265624861437
3171,salt_pepper,high,1,1,salt_pepper,salt_pepper,False,0.04815497621893883,0.7958952784538269,23.52161407470703,0.04815497621893883,0.7958952784538269,23.52161407470703,1.336147781245245,1.3374265624861437
3172,salt_pepper,medium,1,1,salt_pepper,salt_pepper,False,0.02536025643348694,0.7732346653938293,28.08036994934082,0.02536025643348694,0.7732346653938293,28.08036994934082,1.336147781245245,1.3374265624861437
3173,clean,none,0,0,clean,clean,False,0.0,1.0,100.0,0.0,1.0,100.0,1.336147781245245,1.3374265624861437
3174,clean,none,0,0,clean,clean,False,0.0,1.0,100.0,0.0,1.0,100.0,1.336147781245245,1.3374265624861437
3175,salt_pepper,low,1,1,salt_pepper,salt_pepper,False,0.038160644471645355,0.7797551155090332,24.19133758544922,0.038160644471645355,0.7797551155090332,24.19133758544922,1.336147781245245,1.3374265624861437
3176,occlusion,medium,3,3,occlusion,occlusion,False,0.032018039375543594,0.8956740498542786,25.16180419921875,0.032018039375543594,0.8956740498542786,25.16180419921875,1.336147781245245,1.3374265624861437
3177,clean,none,0,0,clean,clean,False,0.0,1.0,100.0,0.0,1.0,100.0,1.336147781245245,1.3374265624861437
3178,occlusion,medium,3,3,occlusion,occlusion,False,0.04097447916865349,0.5845863223075867,24.366044998168945,0.04097447916865349,0.5845863223075867,24.366044998168945,1.336147781245245,1.3374265624861437
3179,salt_pepper,low,1,1,salt_pepper,salt_pepper,False,0.025031859055161476,0.8800298571586609,27.40036392211914,0.025031859055161476,0.8800298571586609,27.40036392211914,1.336147781245245,1.3374265624861437
3180,clean,none,0,0,clean,clean,False,0.0,1.0,100.0,0.0,1.0,100.0,1.336147781245245,1.3374265624861437
3181,clean,none,0,0,clean,clean,False,0.0,1.0,100.0,0.0,1.0,100.0,1.336147781245245,1.3374265624861437
3182,blur,low,2,2,blur,blur,False,0.0277797132730484,0.9001142978668213,28.526790618896484,0.0277797132730484,0.9001142978668213,28.526790618896484,1.336147781245245,1.3374265624861437
3183,clean,none,0,0,clean,clean,False,0.0,1.0,100.0,0.0,1.0,100.0,1.336147781245245,1.3374265624861437
3184,blur,high,2,2,blur,blur,False,0.03813384845852852,0.81943678855896,24.718141555786133,0.03813384845852852,0.81943678855896,24.718141555786133,1.336147781245245,1.3374265624861437
3185,clean,none,0,0,clean,clean,False,0.0,1.0,100.0,0.0,1.0,100.0,1.336147781245245,1.3374265624861437
3186,clean,none,0,0,clean,clean,False,0.0,1.0,100.0,0.0,1.0,100.0,1.336147781245245,1.3374265624861437
3187,occlusion,low,3,3,occlusion,occlusion,False,0.04387429356575012,0.6276885867118835,24.37625503540039,0.04387429356575012,0.6276885867118835,24.37625503540039,1.336147781245245,1.3374265624861437
3188,salt_pepper,medium,1,1,salt_pepper,salt_pepper,False,0.037310224026441574,0.895046055316925,25.31904411315918,0.037310224026441574,0.895046055316925,25.31904411315918,1.336147781245245,1.3374265624861437
3189,blur,low,2,2,blur,blur,False,0.02727542817592621,0.8909562230110168,28.982074737548828,0.02727542817592621,0.8909562230110168,28.982074737548828,1.336147781245245,1.3374265624861437
3190,occlusion,high,3,3,occlusion,occlusion,False,0.035295579582452774,0.7931775450706482,24.907577514648438,0.035295579582452774,0.7931775450706482,24.907577514648438,1.336147781245245,1.3374265624861437
3191,clean,none,0,0,clean,clean,False,0.0,1.0,100.0,0.0,1.0,100.0,1.336147781245245,1.3374265624861437
3192,occlusion,medium,3,3,occlusion,occlusion,False,0.0452510304749012,0.7998714447021484,21.7230224609375,0.0452510304749012,0.7998714447021484,21.7230224609375,1.336147781245245,1.3374265624861437
3193,clean,none,0,0,clean,clean,False,0.0,1.0,100.0,0.0,1.0,100.0,1.336147781245245,1.3374265624861437
3194,occlusion,high,3,3,occlusion,occlusion,False,0.040940962731838226,0.756314218044281,23.627099990844727,0.040940962731838226,0.756314218044281,23.627099990844727,1.336147781245245,1.3374265624861437
3195,blur,medium,2,2,blur,blur,False,0.046532705426216125,0.7962366938591003,22.926982879638672,0.046532705426216125,0.7962366938591003,22.926982879638672,1.336147781245245,1.3374265624861437
3196,occlusion,medium,3,3,occlusion,occlusion,False,0.055554185062646866,0.6596052050590515,21.968177795410156,0.055554185062646866,0.6596052050590515,21.968177795410156,1.336147781245245,1.3374265624861437
3197,blur,high,2,2,blur,blur,False,0.05675042048096657,0.8041321635246277,21.678354263305664,0.05675042048096657,0.8041321635246277,21.678354263305664,1.336147781245245,1.3374265624861437
3198,occlusion,low,3,3,occlusion,occlusion,False,0.03807372227311134,0.8460103869438171,22.52393913269043,0.03807372227311134,0.8460103869438171,22.52393913269043,1.336147781245245,1.3374265624861437
3199,salt_pepper,high,1,1,salt_pepper,salt_pepper,False,0.02889726310968399,0.879011332988739,28.8985652923584,0.02889726310968399,0.879011332988739,28.8985652923584,1.336147781245245,1.3374265624861437
3200,occlusion,high,3,3,occlusion,occlusion,False,0.06947996467351913,0.6575583219528198,19.203195571899414,0.06947996467351913,0.6575583219528198,19.203195571899414,1.8078011875104494,1.7780546875201253
3201,salt_pepper,low,1,1,salt_pepper,salt_pepper,False,0.023212755098938942,0.9079465866088867,29.709468841552734,0.023212755098938942,0.9079465866088867,29.709468841552734,1.8078011875104494,1.7780546875201253
3202,salt_pepper,medium,1,1,salt_pepper,salt_pepper,False,0.03156625106930733,0.8470150828361511,27.179725646972656,0.03156625106930733,0.8470150828361511,27.179725646972656,1.8078011875104494,1.7780546875201253
3203,clean,none,0,2,clean,blur,True,0.024932989850640297,0.9319979548454285,28.96881866455078,0.0,1.0,100.0,1.8078011875104494,1.7780546875201253
3204,blur,low,2,2,blur,blur,False,0.03304951265454292,0.8685324192047119,26.447980880737305,0.03304951265454292,0.8685324192047119,26.447980880737305,1.8078011875104494,1.7780546875201253
3205,occlusion,medium,3,3,occlusion,occlusion,False,0.039125051349401474,0.8262738585472107,25.010072708129883,0.039125051349401474,0.8262738585472107,25.010072708129883,1.8078011875104494,1.7780546875201253
3206,clean,none,0,0,clean,clean,False,0.0,1.0,100.0,0.0,1.0,100.0,1.8078011875104494,1.7780546875201253
3207,blur,high,2,2,blur,blur,False,0.04501492157578468,0.703913688659668,23.27423858642578,0.04501492157578468,0.703913688659668,23.27423858642578,1.8078011875104494,1.7780546875201253
3208,salt_pepper,high,1,1,salt_pepper,salt_pepper,False,0.02504023350775242,0.8965296149253845,28.96571922302246,0.02504023350775242,0.8965296149253845,28.96571922302246,1.8078011875104494,1.7780546875201253
3209,occlusion,medium,3,3,occlusion,occlusion,False,0.05925703048706055,0.7557103037834167,18.496421813964844,0.05925703048706055,0.7557103037834167,18.496421813964844,1.8078011875104494,1.7780546875201253
3210,occlusion,low,3,3,occlusion,occlusion,False,0.029460027813911438,0.8750254511833191,26.44365692138672,0.029460027813911438,0.8750254511833191,26.44365692138672,1.8078011875104494,1.7780546875201253
3211,occlusion,high,3,3,occlusion,occlusion,False,0.06709600239992142,0.7380180358886719,18.239429473876953,0.06709600239992142,0.7380180358886719,18.239429473876953,1.8078011875104494,1.7780546875201253
3212,salt_pepper,medium,1,1,salt_pepper,salt_pepper,False,0.04435237869620323,0.8738734722137451,23.902769088745117,0.04435237869620323,0.8738734722137451,23.902769088745117,1.8078011875104494,1.7780546875201253
3213,occlusion,medium,3,3,occlusion,occlusion,False,0.04989041015505791,0.7143065333366394,22.423917770385742,0.04989041015505791,0.7143065333366394,22.423917770385742,1.8078011875104494,1.7780546875201253
3214,salt_pepper,high,1,1,salt_pepper,salt_pepper,False,0.04340742155909538,0.8015570044517517,23.713777542114258,0.04340742155909538,0.8015570044517517,23.713777542114258,1.8078011875104494,1.7780546875201253
3215,occlusion,medium,3,3,occlusion,occlusion,False,0.06830485165119171,0.779251754283905,20.12517738342285,0.06830485165119171,0.779251754283905,20.12517738342285,1.8078011875104494,1.7780546875201253
3216,clean,none,0,0,clean,clean,False,0.0,1.0,100.0,0.0,1.0,100.0,1.8078011875104494,1.7780546875201253
3217,salt_pepper,high,1,1,salt_pepper,salt_pepper,False,0.04102294519543648,0.8265817165374756,24.858280181884766,0.04102294519543648,0.8265817165374756,24.858280181884766,1.8078011875104494,1.7780546875201253
3218,clean,none,0,0,clean,clean,False,0.0,1.0,100.0,0.0,1.0,100.0,1.8078011875104494,1.7780546875201253
3219,occlusion,high,3,3,occlusion,occlusion,False,0.07161173969507217,0.5862411856651306,18.957496643066406,0.07161173969507217,0.5862411856651306,18.957496643066406,1.8078011875104494,1.7780546875201253
3220,blur,low,2,2,blur,blur,False,0.028501426801085472,0.892326831817627,28.023380279541016,0.028501426801085472,0.892326831817627,28.023380279541016,1.8078011875104494,1.7780546875201253
3221,blur,high,2,2,blur,blur,False,0.02702304907143116,0.8879494667053223,28.048267364501953,0.02702304907143116,0.8879494667053223,28.048267364501953,1.8078011875104494,1.7780546875201253
3222,occlusion,high,3,3,occlusion,occlusion,False,0.04585689678788185,0.7358667254447937,22.62070655822754,0.04585689678788185,0.7358667254447937,22.62070655822754,1.8078011875104494,1.7780546875201253
3223,clean,none,0,0,clean,clean,False,0.0,1.0,100.0,0.0,1.0,100.0,1.8078011875104494,1.7780546875201253
3224,salt_pepper,high,1,1,salt_pepper,salt_pepper,False,0.019656294956803322,0.9227659702301025,31.49186134338379,0.019656294956803322,0.9227659702301025,31.49186134338379,1.8078011875104494,1.7780546875201253
3225,clean,none,0,0,clean,clean,False,0.0,1.0,100.0,0.0,1.0,100.0,1.8078011875104494,1.7780546875201253
3226,occlusion,high,3,3,occlusion,occlusion,False,0.07552941888570786,0.6118988990783691,17.528369903564453,0.07552941888570786,0.6118988990783691,17.528369903564453,1.8078011875104494,1.7780546875201253
3227,clean,none,0,0,clean,clean,False,0.0,1.0,100.0,0.0,1.0,100.0,1.8078011875104494,1.7780546875201253
3228,clean,none,0,0,clean,clean,False,0.0,1.0,100.0,0.0,1.0,100.0,1.8078011875104494,1.7780546875201253
3229,occlusion,low,3,3,occlusion,occlusion,False,0.03657488524913788,0.7825497984886169,24.025020599365234,0.03657488524913788,0.7825497984886169,24.025020599365234,1.8078011875104494,1.7780546875201253
3230,salt_pepper,medium,1,1,salt_pepper,salt_pepper,False,0.02760031633079052,0.8541527390480042,28.65365219116211,0.02760031633079052,0.8541527390480042,28.65365219116211,1.8078011875104494,1.7780546875201253
3231,salt_pepper,medium,1,1,salt_pepper,salt_pepper,False,0.021474765613675117,0.9239251017570496,31.12127685546875,0.021474765613675117,0.9239251017570496,31.12127685546875,1.8078011875104494,1.7780546875201253
3232,occlusion,high,3,3,occlusion,occlusion,False,0.052757829427719116,0.7139797210693359,21.620574951171875,0.052757829427719116,0.7139797210693359,21.620574951171875,1.4820144062639429,1.5290679687325337
3233,occlusion,low,3,0,occlusion,clean,True,0.04019751772284508,0.8886014819145203,16.624134063720703,0.06160132959485054,0.7222710251808167,19.725839614868164,1.4820144062639429,1.5290679687325337
3234,occlusion,low,3,3,occlusion,occlusion,False,0.08026430755853653,0.6370885968208313,18.596342086791992,0.08026430755853653,0.6370885968208313,18.596342086791992,1.4820144062639429,1.5290679687325337
3235,occlusion,medium,3,3,occlusion,occlusion,False,0.05864884331822395,0.6860475540161133,20.865962982177734,0.05864884331822395,0.6860475540161133,20.865962982177734,1.4820144062639429,1.5290679687325337
3236,occlusion,medium,3,3,occlusion,occlusion,False,0.10629718750715256,0.487216979265213,17.607267379760742,0.10629718750715256,0.487216979265213,17.607267379760742,1.4820144062639429,1.5290679687325337
3237,clean,none,0,0,clean,clean,False,0.0,1.0,100.0,0.0,1.0,100.0,1.4820144062639429,1.5290679687325337
3238,salt_pepper,high,1,1,salt_pepper,salt_pepper,False,0.037322502583265305,0.8312038779258728,24.814544677734375,0.037322502583265305,0.8312038779258728,24.814544677734375,1.4820144062639429,1.5290679687325337
3239,salt_pepper,high,1,1,salt_pepper,salt_pepper,False,0.04102164879441261,0.9124763011932373,25.297828674316406,0.04102164879441261,0.9124763011932373,25.297828674316406,1.4820144062639429,1.5290679687325337
3240,salt_pepper,medium,1,1,salt_pepper,salt_pepper,False,0.06411784142255783,0.7544096112251282,21.167808532714844,0.06411784142255783,0.7544096112251282,21.167808532714844,1.4820144062639429,1.5290679687325337
3241,occlusion,high,3,3,occlusion,occlusion,False,0.07858406007289886,0.6617007851600647,16.95849609375,0.07858406007289886,0.6617007851600647,16.95849609375,1.4820144062639429,1.5290679687325337
3242,clean,none,0,0,clean,clean,False,0.0,1.0,100.0,0.0,1.0,100.0,1.4820144062639429,1.5290679687325337
3243,salt_pepper,high,1,1,salt_pepper,salt_pepper,False,0.05929134786128998,0.7622159123420715,22.161571502685547,0.05929134786128998,0.7622159123420715,22.161571502685547,1.4820144062639429,1.5290679687325337
3244,blur,low,2,2,blur,blur,False,0.03199979290366173,0.8635696768760681,27.466304779052734,0.03199979290366173,0.8635696768760681,27.466304779052734,1.4820144062639429,1.5290679687325337
3245,clean,none,0,0,clean,clean,False,0.0,1.0,100.0,0.0,1.0,100.0,1.4820144062639429,1.5290679687325337
3246,clean,none,0,0,clean,clean,False,0.0,1.0,100.0,0.0,1.0,100.0,1.4820144062639429,1.5290679687325337
3247,salt_pepper,medium,1,1,salt_pepper,salt_pepper,False,0.02888438291847706,0.8707508444786072,27.353862762451172,0.02888438291847706,0.8707508444786072,27.353862762451172,1.4820144062639429,1.5290679687325337
3248,clean,none,0,0,clean,clean,False,0.0,1.0,100.0,0.0,1.0,100.0,1.4820144062639429,1.5290679687325337
3249,occlusion,high,3,3,occlusion,occlusion,False,0.08288600295782089,0.6313470005989075,16.552385330200195,0.08288600295782089,0.6313470005989075,16.552385330200195,1.4820144062639429,1.5290679687325337
3250,salt_pepper,high,1,1,salt_pepper,salt_pepper,False,0.04243858531117439,0.8005867600440979,24.443153381347656,0.04243858531117439,0.8005867600440979,24.443153381347656,1.4820144062639429,1.5290679687325337
3251,salt_pepper,high,1,1,salt_pepper,salt_pepper,False,0.03355269134044647,0.8801627159118652,26.462690353393555,0.03355269134044647,0.8801627159118652,26.462690353393555,1.4820144062639429,1.5290679687325337
3252,salt_pepper,medium,1,1,salt_pepper,salt_pepper,False,0.03172392398118973,0.8973403573036194,26.94991111755371,0.03172392398118973,0.8973403573036194,26.94991111755371,1.4820144062639429,1.5290679687325337
3253,occlusion,low,3,3,occlusion,occlusion,False,0.08582144230604172,0.5465040802955627,19.398910522460938,0.08582144230604172,0.5465040802955627,19.398910522460938,1.4820144062639429,1.5290679687325337
3254,clean,none,0,0,clean,clean,False,0.0,1.0,100.0,0.0,1.0,100.0,1.4820144062639429,1.5290679687325337
3255,blur,low,2,2,blur,blur,False,0.04304870590567589,0.7591802477836609,24.800243377685547,0.04304870590567589,0.7591802477836609,24.800243377685547,1.4820144062639429,1.5290679687325337
3256,salt_pepper,medium,1,1,salt_pepper,salt_pepper,False,0.06224168464541435,0.7238882184028625,20.824501037597656,0.06224168464541435,0.7238882184028625,20.824501037597656,1.4820144062639429,1.5290679687325337
3257,blur,low,2,2,blur,blur,False,0.028301551938056946,0.8973298668861389,28.09079360961914,0.028301551938056946,0.8973298668861389,28.09079360961914,1.4820144062639429,1.5290679687325337
3258,clean,none,0,0,clean,clean,False,0.0,1.0,100.0,0.0,1.0,100.0,1.4820144062639429,1.5290679687325337
3259,salt_pepper,low,1,1,salt_pepper,salt_pepper,False,0.03428521752357483,0.8770132064819336,25.93320655822754,0.03428521752357483,0.8770132064819336,25.93320655822754,1.4820144062639429,1.5290679687325337
3260,occlusion,high,3,3,occlusion,occlusion,False,0.060124024748802185,0.7317023277282715,19.897539138793945,0.060124024748802185,0.7317023277282715,19.897539138793945,1.4820144062639429,1.5290679687325337
3261,salt_pepper,low,1,1,salt_pepper,salt_pepper,False,0.06188979744911194,0.8085944056510925,21.339881896972656,0.06188979744911194,0.8085944056510925,21.339881896972656,1.4820144062639429,1.5290679687325337
3262,blur,low,2,2,blur,blur,False,0.11919087171554565,0.7622267603874207,15.784666061401367,0.11919087171554565,0.7622267603874207,15.784666061401367,1.4820144062639429,1.5290679687325337
3263,salt_pepper,medium,1,1,salt_pepper,salt_pepper,False,0.027112476527690887,0.8993964195251465,28.76761245727539,0.027112476527690887,0.8993964195251465,28.76761245727539,1.4820144062639429,1.5290679687325337
3264,salt_pepper,high,1,1,salt_pepper,salt_pepper,False,0.04326985776424408,0.8502292633056641,24.83707046508789,0.04326985776424408,0.8502292633056641,24.83707046508789,1.421629218725684,1.4303337812293648
3265,clean,none,0,0,clean,clean,False,0.0,1.0,100.0,0.0,1.0,100.0,1.421629218725684,1.4303337812293648
3266,clean,none,0,0,clean,clean,False,0.0,1.0,100.0,0.0,1.0,100.0,1.421629218725684,1.4303337812293648
3267,blur,medium,2,2,blur,blur,False,0.03630705550312996,0.8175632357597351,24.771995544433594,0.03630705550312996,0.8175632357597351,24.771995544433594,1.421629218725684,1.4303337812293648
3268,blur,medium,2,2,blur,blur,False,0.042602282017469406,0.8656203746795654,23.686176300048828,0.042602282017469406,0.8656203746795654,23.686176300048828,1.421629218725684,1.4303337812293648
3269,clean,none,0,0,clean,clean,False,0.0,1.0,100.0,0.0,1.0,100.0,1.421629218725684,1.4303337812293648
3270,clean,none,0,0,clean,clean,False,0.0,1.0,100.0,0.0,1.0,100.0,1.421629218725684,1.4303337812293648
3271,occlusion,high,3,3,occlusion,occlusion,False,0.07598143070936203,0.6204979419708252,17.493026733398438,0.07598143070936203,0.6204979419708252,17.493026733398438,1.421629218725684,1.4303337812293648
3272,blur,high,2,2,blur,blur,False,0.06468933075666428,0.5914254784584045,21.460447311401367,0.06468933075666428,0.5914254784584045,21.460447311401367,1.421629218725684,1.4303337812293648
3273,blur,low,2,2,blur,blur,False,0.034949567168951035,0.8463184237480164,26.347869873046875,0.034949567168951035,0.8463184237480164,26.347869873046875,1.421629218725684,1.4303337812293648
3274,occlusion,high,3,3,occlusion,occlusion,False,0.09276237338781357,0.7591752409934998,16.559526443481445,0.09276237338781357,0.7591752409934998,16.559526443481445,1.421629218725684,1.4303337812293648
3275,blur,low,2,2,blur,blur,False,0.027778737246990204,0.7643292546272278,28.464637756347656,0.027778737246990204,0.7643292546272278,28.464637756347656,1.421629218725684,1.4303337812293648
3276,occlusion,medium,3,3,occlusion,occlusion,False,0.05739736184477806,0.7681713104248047,20.33435821533203,0.05739736184477806,0.7681713104248047,20.33435821533203,1.421629218725684,1.4303337812293648
3277,salt_pepper,medium,1,1,salt_pepper,salt_pepper,False,0.04906031861901283,0.804830014705658,22.60917854309082,0.04906031861901283,0.804830014705658,22.60917854309082,1.421629218725684,1.4303337812293648
3278,blur,medium,2,2,blur,blur,False,0.024613268673419952,0.9033997654914856,29.553665161132812,0.024613268673419952,0.9033997654914856,29.553665161132812,1.421629218725684,1.4303337812293648
3279,blur,medium,2,2,blur,blur,False,0.04006647691130638,0.8440327048301697,25.33393096923828,0.04006647691130638,0.8440327048301697,25.33393096923828,1.421629218725684,1.4303337812293648
3280,salt_pepper,medium,1,1,salt_pepper,salt_pepper,False,0.04284565523266792,0.8020938038825989,23.335586547851562,0.04284565523266792,0.8020938038825989,23.335586547851562,1.421629218725684,1.4303337812293648
3281,blur,low,2,2,blur,blur,False,0.03402264043688774,0.8386296629905701,26.326753616333008,0.03402264043688774,0.8386296629905701,26.326753616333008,1.421629218725684,1.4303337812293648
3282,clean,none,0,0,clean,clean,False,0.0,1.0,100.0,0.0,1.0,100.0,1.421629218725684,1.4303337812293648
3283,blur,medium,2,2,blur,blur,False,0.031082935631275177,0.9158887267112732,26.82805061340332,0.031082935631275177,0.9158887267112732,26.82805061340332,1.421629218725684,1.4303337812293648
3284,salt_pepper,high,1,1,salt_pepper,salt_pepper,False,0.02970796264708042,0.8469244837760925,28.09310531616211,0.02970796264708042,0.8469244837760925,28.09310531616211,1.421629218725684,1.4303337812293648
3285,clean,none,0,0,clean,clean,False,0.0,1.0,100.0,0.0,1.0,100.0,1.421629218725684,1.4303337812293648
3286,clean,none,0,0,clean,clean,False,0.0,1.0,100.0,0.0,1.0,100.0,1.421629218725684,1.4303337812293648
3287,occlusion,high,3,3,occlusion,occlusion,False,0.09071659296751022,0.4982866048812866,18.20602798461914,0.09071659296751022,0.4982866048812866,18.20602798461914,1.421629218725684,1.4303337812293648
3288,blur,low,2,2,blur,blur,False,0.03646925836801529,0.7924438118934631,26.276458740234375,0.03646925836801529,0.7924438118934631,26.276458740234375,1.421629218725684,1.4303337812293648
3289,occlusion,low,3,3,occlusion,occlusion,False,0.0324394628405571,0.8655540943145752,25.544221878051758,0.0324394628405571,0.8655540943145752,25.544221878051758,1.421629218725684,1.4303337812293648
3290,salt_pepper,medium,1,1,salt_pepper,salt_pepper,False,0.046352285891771317,0.8164078593254089,24.195859909057617,0.046352285891771317,0.8164078593254089,24.195859909057617,1.421629218725684,1.4303337812293648
3291,occlusion,medium,3,3,occlusion,occlusion,False,0.03919383883476257,0.8068685531616211,24.850053787231445,0.03919383883476257,0.8068685531616211,24.850053787231445,1.421629218725684,1.4303337812293648
3292,occlusion,medium,3,3,occlusion,occlusion,False,0.0702497810125351,0.6585021018981934,20.029680252075195,0.0702497810125351,0.6585021018981934,20.029680252075195,1.421629218725684,1.4303337812293648
3293,clean,none,0,0,clean,clean,False,0.0,1.0,100.0,0.0,1.0,100.0,1.421629218725684,1.4303337812293648
3294,salt_pepper,medium,1,1,salt_pepper,salt_pepper,False,0.0467098243534565,0.8257339596748352,23.87405776977539,0.0467098243534565,0.8257339596748352,23.87405776977539,1.421629218725684,1.4303337812293648
3295,clean,none,0,0,clean,clean,False,0.0,1.0,100.0,0.0,1.0,100.0,1.421629218725684,1.4303337812293648
3296,salt_pepper,low,1,1,salt_pepper,salt_pepper,False,0.03584391251206398,0.8281604647636414,25.57929801940918,0.03584391251206398,0.8281604647636414,25.57929801940918,1.78046471873472,1.7657015000054344
3297,occlusion,high,3,3,occlusion,occlusion,False,0.08305639028549194,0.6390171647071838,18.654693603515625,0.08305639028549194,0.6390171647071838,18.654693603515625,1.78046471873472,1.7657015000054344
3298,clean,none,0,0,clean,clean,False,0.0,1.0,100.0,0.0,1.0,100.0,1.78046471873472,1.7657015000054344
3299,salt_pepper,high,1,1,salt_pepper,salt_pepper,False,0.022495433688163757,0.8835169672966003,27.447765350341797,0.022495433688163757,0.8835169672966003,27.447765350341797,1.78046471873472,1.7657015000054344
3300,salt_pepper,medium,1,1,salt_pepper,salt_pepper,False,0.05697609856724739,0.7393941879272461,22.103607177734375,0.05697609856724739,0.7393941879272461,22.103607177734375,1.78046471873472,1.7657015000054344
3301,blur,high,2,2,blur,blur,False,0.043257251381874084,0.794039785861969,24.293386459350586,0.043257251381874084,0.794039785861969,24.293386459350586,1.78046471873472,1.7657015000054344
3302,occlusion,high,3,3,occlusion,occlusion,False,0.0533442497253418,0.6057661175727844,22.278343200683594,0.0533442497253418,0.6057661175727844,22.278343200683594,1.78046471873472,1.7657015000054344
3303,blur,high,2,2,blur,blur,False,0.042024221271276474,0.7599875926971436,24.556072235107422,0.042024221271276474,0.7599875926971436,24.556072235107422,1.78046471873472,1.7657015000054344
3304,occlusion,medium,3,3,occlusion,occlusion,False,0.03944949060678482,0.735975444316864,23.959274291992188,0.03944949060678482,0.735975444316864,23.959274291992188,1.78046471873472,1.7657015000054344
3305,salt_pepper,high,1,1,salt_pepper,salt_pepper,False,0.038502082228660583,0.8433995246887207,23.297805786132812,0.038502082228660583,0.8433995246887207,23.297805786132812,1.78046471873472,1.7657015000054344
3306,occlusion,high,3,3,occlusion,occlusion,False,0.07730073481798172,0.6002306938171387,17.293418884277344,0.07730073481798172,0.6002306938171387,17.293418884277344,1.78046471873472,1.7657015000054344
3307,salt_pepper,low,1,1,salt_pepper,salt_pepper,False,0.030591294169425964,0.8463342785835266,26.448476791381836,0.030591294169425964,0.8463342785835266,26.448476791381836,1.78046471873472,1.7657015000054344
3308,occlusion,medium,3,3,occlusion,occlusion,False,0.05361621454358101,0.7546947598457336,21.29227638244629,0.05361621454358101,0.7546947598457336,21.29227638244629,1.78046471873472,1.7657015000054344
3309,blur,medium,2,2,blur,blur,False,0.037878040224313736,0.8287045359611511,25.80911636352539,0.037878040224313736,0.8287045359611511,25.80911636352539,1.78046471873472,1.7657015000054344
3310,clean,none,0,0,clean,clean,False,0.0,1.0,100.0,0.0,1.0,100.0,1.78046471873472,1.7657015000054344
3311,salt_pepper,high,1,1,salt_pepper,salt_pepper,False,0.036132778972387314,0.7955018877983093,24.84015655517578,0.036132778972387314,0.7955018877983093,24.84015655517578,1.78046471873472,1.7657015000054344
3312,blur,low,2,2,blur,blur,False,0.04530193284153938,0.775722086429596,23.96489715576172,0.04530193284153938,0.775722086429596,23.96489715576172,1.78046471873472,1.7657015000054344
3313,clean,none,0,0,clean,clean,False,0.0,1.0,100.0,0.0,1.0,100.0,1.78046471873472,1.7657015000054344
3314,clean,none,0,0,clean,clean,False,0.0,1.0,100.0,0.0,1.0,100.0,1.78046471873472,1.7657015000054344
3315,clean,none,0,0,clean,clean,False,0.0,1.0,100.0,0.0,1.0,100.0,1.78046471873472,1.7657015000054344
3316,blur,high,2,2,blur,blur,False,0.09012990444898605,0.801552951335907,16.9265079498291,0.09012990444898605,0.801552951335907,16.9265079498291,1.78046471873472,1.7657015000054344
3317,salt_pepper,low,1,1,salt_pepper,salt_pepper,False,0.041703928261995316,0.7985617518424988,23.796234130859375,0.041703928261995316,0.7985617518424988,23.796234130859375,1.78046471873472,1.7657015000054344
3318,occlusion,medium,3,3,occlusion,occlusion,False,0.056796807795763016,0.8082416653633118,22.19244384765625,0.056796807795763016,0.8082416653633118,22.19244384765625,1.78046471873472,1.7657015000054344
3319,clean,none,0,0,clean,clean,False,0.0,1.0,100.0,0.0,1.0,100.0,1.78046471873472,1.7657015000054344
3320,clean,none,0,0,clean,clean,False,0.0,1.0,100.0,0.0,1.0,100.0,1.78046471873472,1.7657015000054344
3321,salt_pepper,medium,1,1,salt_pepper,salt_pepper,False,0.031043201684951782,0.8499781489372253,26.983766555786133,0.031043201684951782,0.8499781489372253,26.983766555786133,1.78046471873472,1.7657015000054344
3322,blur,medium,2,2,blur,blur,False,0.03080037795007229,0.9120357632637024,27.509557723999023,0.03080037795007229,0.9120357632637024,27.509557723999023,1.78046471873472,1.7657015000054344
3323,occlusion,high,3,3,occlusion,occlusion,False,0.06544186919927597,0.6727913022041321,19.50406265258789,0.06544186919927597,0.6727913022041321,19.50406265258789,1.78046471873472,1.7657015000054344
3324,salt_pepper,low,1,1,salt_pepper,salt_pepper,False,0.021449310705065727,0.9259173274040222,27.926925659179688,0.021449310705065727,0.9259173274040222,27.926925659179688,1.78046471873472,1.7657015000054344
3325,salt_pepper,medium,1,1,salt_pepper,salt_pepper,False,0.030034000054001808,0.9020915627479553,28.080656051635742,0.030034000054001808,0.9020915627479553,28.080656051635742,1.78046471873472,1.7657015000054344
3326,salt_pepper,high,1,1,salt_pepper,salt_pepper,False,0.044749483466148376,0.8651044964790344,24.739715576171875,0.044749483466148376,0.8651044964790344,24.739715576171875,1.78046471873472,1.7657015000054344
3327,clean,none,0,0,clean,clean,False,0.0,1.0,100.0,0.0,1.0,100.0,1.78046471873472,1.7657015000054344
3328,blur,low,2,2,blur,blur,False,0.055389150977134705,0.861624002456665,20.73227882385254,0.055389150977134705,0.8616239428520203,20.73227882385254,1.46473606250197,1.4082140625077955
3329,salt_pepper,low,1,1,salt_pepper,salt_pepper,False,0.03832985833287239,0.8381490707397461,25.55330467224121,0.03832985833287239,0.8381490707397461,25.55330467224121,1.46473606250197,1.4082140625077955
3330,blur,high,2,2,blur,blur,False,0.045765891671180725,0.7784364223480225,24.0350341796875,0.04576588794589043,0.7784364819526672,24.0350341796875,1.46473606250197,1.4082140625077955
3331,blur,high,2,2,blur,blur,False,0.02363443188369274,0.8648016452789307,29.36656951904297,0.023634428158402443,0.8648016452789307,29.36656951904297,1.46473606250197,1.4082140625077955
3332,salt_pepper,medium,1,1,salt_pepper,salt_pepper,False,0.029492976143956184,0.8967891335487366,27.57052993774414,0.029492976143956184,0.8967891335487366,27.57052993774414,1.46473606250197,1.4082140625077955
3333,salt_pepper,medium,1,1,salt_pepper,salt_pepper,False,0.03447961434721947,0.8356782793998718,25.462018966674805,0.03447961434721947,0.8356782793998718,25.462018966674805,1.46473606250197,1.4082140625077955
3334,clean,none,0,0,clean,clean,False,0.0,1.0,100.0,0.0,1.0,100.0,1.46473606250197,1.4082140625077955
3335,occlusion,low,3,3,occlusion,occlusion,False,0.05997548997402191,0.7623011469841003,20.189245223999023,0.05997548997402191,0.7623011469841003,20.189245223999023,1.46473606250197,1.4082140625077955
3336,clean,none,0,0,clean,clean,False,0.0,1.0,100.0,0.0,1.0,100.0,1.46473606250197,1.4082140625077955
3337,clean,none,0,0,clean,clean,False,0.0,1.0,100.0,0.0,1.0,100.0,1.46473606250197,1.4082140625077955
3338,clean,none,0,0,clean,clean,False,0.0,1.0,100.0,0.0,1.0,100.0,1.46473606250197,1.4082140625077955
3339,occlusion,high,3,3,occlusion,occlusion,False,0.07134062796831131,0.7242242693901062,18.644271850585938,0.07134062796831131,0.7242242693901062,18.644271850585938,1.46473606250197,1.4082140625077955
3340,salt_pepper,low,1,1,salt_pepper,salt_pepper,False,0.03167279437184334,0.8885512351989746,26.778926849365234,0.03167279437184334,0.8885512351989746,26.778926849365234,1.46473606250197,1.4082140625077955
3341,occlusion,low,3,3,occlusion,occlusion,False,0.03469010815024376,0.845058023929596,25.686565399169922,0.03469010815024376,0.845058023929596,25.686565399169922,1.46473606250197,1.4082140625077955
3342,clean,none,0,0,clean,clean,False,0.0,1.0,100.0,0.0,1.0,100.0,1.46473606250197,1.4082140625077955
3343,occlusion,medium,3,3,occlusion,occlusion,False,0.05706147849559784,0.7739167213439941,16.75701904296875,0.05706147849559784,0.7739167213439941,16.75701904296875,1.46473606250197,1.4082140625077955
3344,salt_pepper,medium,1,1,salt_pepper,salt_pepper,False,0.04724949598312378,0.7777220606803894,21.91676139831543,0.04724949598312378,0.7777220606803894,21.91676139831543,1.46473606250197,1.4082140625077955
3345,occlusion,medium,3,3,occlusion,occlusion,False,0.045345038175582886,0.7847659587860107,21.41477394104004,0.045345038175582886,0.7847659587860107,21.41477394104004,1.46473606250197,1.4082140625077955
3346,clean,none,0,0,clean,clean,False,0.0,1.0,100.0,0.0,1.0,100.0,1.46473606250197,1.4082140625077955
3347,clean,none,0,2,clean,blur,True,0.06855437159538269,0.8833667635917664,22.191429138183594,0.0,1.0,100.0,1.46473606250197,1.4082140625077955
3348,salt_pepper,low,1,1,salt_pepper,salt_pepper,False,0.05063391849398613,0.7599098682403564,21.91134262084961,0.05063391849398613,0.7599098682403564,21.91134262084961,1.46473606250197,1.4082140625077955
3349,salt_pepper,high,1,1,salt_pepper,salt_pepper,False,0.04876340925693512,0.8626115322113037,22.84323501586914,0.04876340925693512,0.8626115322113037,22.84323501586914,1.46473606250197,1.4082140625077955
3350,occlusion,medium,3,3,occlusion,occlusion,False,0.042034462094306946,0.785856306552887,24.081933975219727,0.042034462094306946,0.785856306552887,24.081933975219727,1.46473606250197,1.4082140625077955
3351,blur,high,2,2,blur,blur,False,0.04007588326931,0.8274093270301819,24.714427947998047,0.0400758795440197,0.8274095058441162,24.714427947998047,1.46473606250197,1.4082140625077955
3352,clean,none,0,0,clean,clean,False,0.0,1.0,100.0,0.0,1.0,100.0,1.46473606250197,1.4082140625077955
3353,salt_pepper,high,1,1,salt_pepper,salt_pepper,False,0.02935265190899372,0.8652477264404297,26.54239845275879,0.02935265190899372,0.8652477264404297,26.54239845275879,1.46473606250197,1.4082140625077955
3354,clean,none,0,0,clean,clean,False,0.0,1.0,100.0,0.0,1.0,100.0,1.46473606250197,1.4082140625077955
3355,blur,high,2,2,blur,blur,False,0.06688208132982254,0.8364914059638977,21.108394622802734,0.06688208132982254,0.8364913463592529,21.108394622802734,1.46473606250197,1.4082140625077955
3356,salt_pepper,high,1,1,salt_pepper,salt_pepper,False,0.028145350515842438,0.8853040337562561,27.623760223388672,0.028145350515842438,0.8853040337562561,27.623760223388672,1.46473606250197,1.4082140625077955
3357,salt_pepper,high,1,1,salt_pepper,salt_pepper,False,0.04953910782933235,0.8165954947471619,22.963096618652344,0.04953910782933235,0.8165954947471619,22.963096618652344,1.46473606250197,1.4082140625077955
3358,salt_pepper,medium,1,1,salt_pepper,salt_pepper,False,0.028920510783791542,0.8565189242362976,25.841289520263672,0.028920510783791542,0.8565189242362976,25.841289520263672,1.46473606250197,1.4082140625077955
3359,salt_pepper,medium,1,1,salt_pepper,salt_pepper,False,0.028545454144477844,0.8592110276222229,26.250333786010742,0.028545454144477844,0.8592110276222229,26.250333786010742,1.46473606250197,1.4082140625077955
3360,occlusion,high,3,3,occlusion,occlusion,False,0.04716360941529274,0.779846727848053,22.185340881347656,0.04716360941529274,0.779846727848053,22.185340881347656,1.361172031266733,1.3678786874891102
3361,clean,none,0,0,clean,clean,False,0.0,1.0,100.0,0.0,1.0,100.0,1.361172031266733,1.3678786874891102
3362,blur,low,2,2,blur,blur,False,0.030025025829672813,0.8413763642311096,27.456390380859375,0.030025025829672813,0.8413763642311096,27.456390380859375,1.361172031266733,1.3678786874891102
3363,salt_pepper,high,1,1,salt_pepper,salt_pepper,False,0.03643215075135231,0.8596667647361755,25.59139060974121,0.03643215075135231,0.8596667647361755,25.59139060974121,1.361172031266733,1.3678786874891102
3364,salt_pepper,medium,1,1,salt_pepper,salt_pepper,False,0.045981068164110184,0.8549057841300964,22.234272003173828,0.045981068164110184,0.8549057841300964,22.234272003173828,1.361172031266733,1.3678786874891102
3365,salt_pepper,low,1,1,salt_pepper,salt_pepper,False,0.03931128606200218,0.8552750945091248,25.224712371826172,0.03931128606200218,0.8552750945091248,25.224712371826172,1.361172031266733,1.3678786874891102
3366,clean,none,0,0,clean,clean,False,0.0,1.0,100.0,0.0,1.0,100.0,1.361172031266733,1.3678786874891102
3367,clean,none,0,0,clean,clean,False,0.0,1.0,100.0,0.0,1.0,100.0,1.361172031266733,1.3678786874891102
3368,blur,high,2,2,blur,blur,False,0.031393662095069885,0.7658132910728455,26.557588577270508,0.031393662095069885,0.7658132910728455,26.557588577270508,1.361172031266733,1.3678786874891102
3369,occlusion,high,3,3,occlusion,occlusion,False,0.07026240974664688,0.6097976565361023,19.8275146484375,0.07026240974664688,0.6097976565361023,19.8275146484375,1.361172031266733,1.3678786874891102
3370,salt_pepper,high,1,1,salt_pepper,salt_pepper,False,0.06940575689077377,0.7112633585929871,19.99738883972168,0.06940575689077377,0.7112633585929871,19.99738883972168,1.361172031266733,1.3678786874891102
3371,salt_pepper,low,1,1,salt_pepper,salt_pepper,False,0.03243356570601463,0.9161270260810852,27.240406036376953,0.03243356570601463,0.9161270260810852,27.240406036376953,1.361172031266733,1.3678786874891102
3372,clean,none,0,0,clean,clean,False,0.0,1.0,100.0,0.0,1.0,100.0,1.361172031266733,1.3678786874891102
3373,blur,high,2,2,blur,blur,False,0.09247464686632156,0.5910487174987793,18.694204330444336,0.09247464686632156,0.5910487174987793,18.694204330444336,1.361172031266733,1.3678786874891102
3374,salt_pepper,low,1,1,salt_pepper,salt_pepper,False,0.027116840705275536,0.8678374886512756,26.871665954589844,0.027116840705275536,0.8678374886512756,26.871665954589844,1.361172031266733,1.3678786874891102
3375,blur,high,2,2,blur,blur,False,0.03434361517429352,0.7557047009468079,26.487316131591797,0.03434361517429352,0.7557047009468079,26.487316131591797,1.361172031266733,1.3678786874891102
3376,clean,none,0,0,clean,clean,False,0.0,1.0,100.0,0.0,1.0,100.0,1.361172031266733,1.3678786874891102
3377,blur,medium,2,2,blur,blur,False,0.029704473912715912,0.8779398798942566,27.38509750366211,0.029704473912715912,0.8779398798942566,27.38509750366211,1.361172031266733,1.3678786874891102
3378,blur,medium,2,2,blur,blur,False,0.0227008406072855,0.9490285515785217,29.858551025390625,0.0227008406072855,0.9490285515785217,29.858551025390625,1.361172031266733,1.3678786874891102
3379,clean,none,0,0,clean,clean,False,0.0,1.0,100.0,0.0,1.0,100.0,1.361172031266733,1.3678786874891102
3380,salt_pepper,low,1,1,salt_pepper,salt_pepper,False,0.03147009015083313,0.8659541010856628,27.803794860839844,0.03147009015083313,0.8659541010856628,27.803794860839844,1.361172031266733,1.3678786874891102
3381,clean,none,0,0,clean,clean,False,0.0,1.0,100.0,0.0,1.0,100.0,1.361172031266733,1.3678786874891102
3382,clean,none,0,0,clean,clean,False,0.0,1.0,100.0,0.0,1.0,100.0,1.361172031266733,1.3678786874891102
3383,clean,none,0,0,clean,clean,False,0.0,1.0,100.0,0.0,1.0,100.0,1.361172031266733,1.3678786874891102
3384,occlusion,medium,3,3,occlusion,occlusion,False,0.06595561653375626,0.5881280899047852,20.401187896728516,0.06595561653375626,0.5881280899047852,20.401187896728516,1.361172031266733,1.3678786874891102
3385,occlusion,high,3,3,occlusion,occlusion,False,0.14607574045658112,0.455793172121048,12.123641967773438,0.14607574045658112,0.455793172121048,12.123641967773438,1.361172031266733,1.3678786874891102
3386,salt_pepper,high,1,1,salt_pepper,salt_pepper,False,0.04814903810620308,0.7142224907875061,23.43726348876953,0.04814903810620308,0.7142224907875061,23.43726348876953,1.361172031266733,1.3678786874891102
3387,clean,none,0,0,clean,clean,False,0.0,1.0,100.0,0.0,1.0,100.0,1.361172031266733,1.3678786874891102
3388,occlusion,medium,3,3,occlusion,occlusion,False,0.06720992177724838,0.6914777755737305,18.289737701416016,0.06720992177724838,0.6914777755737305,18.289737701416016,1.361172031266733,1.3678786874891102
3389,occlusion,low,3,3,occlusion,occlusion,False,0.08886394649744034,0.5593545436859131,17.659954071044922,0.08886394649744034,0.5593545436859131,17.659954071044922,1.361172031266733,1.3678786874891102
3390,salt_pepper,low,1,1,salt_pepper,salt_pepper,False,0.08887854963541031,0.6321740746498108,18.91261100769043,0.08887854963541031,0.6321740746498108,18.91261100769043,1.361172031266733,1.3678786874891102
3391,blur,medium,2,2,blur,blur,False,0.042737867683172226,0.7618003487586975,24.19732093811035,0.042737867683172226,0.7618003487586975,24.19732093811035,1.361172031266733,1.3678786874891102
3392,blur,high,2,2,blur,blur,False,0.07302025705575943,0.5039251446723938,20.650217056274414,0.07302025705575943,0.5039251446723938,20.650217056274414,1.5980855312420772,1.6290051250109627
3393,clean,none,0,0,clean,clean,False,0.0,1.0,100.0,0.0,1.0,100.0,1.5980855312420772,1.6290051250109627
3394,blur,high,2,2,blur,blur,False,0.030212298035621643,0.8420557975769043,27.125301361083984,0.030212298035621643,0.8420557975769043,27.125301361083984,1.5980855312420772,1.6290051250109627
3395,salt_pepper,high,1,1,salt_pepper,salt_pepper,False,0.03160083666443825,0.8610326647758484,26.381057739257812,0.03160083666443825,0.8610326647758484,26.381057739257812,1.5980855312420772,1.6290051250109627
3396,blur,low,2,2,blur,blur,False,0.03829656541347504,0.7326200604438782,25.702499389648438,0.03829656541347504,0.7326200604438782,25.702499389648438,1.5980855312420772,1.6290051250109627
3397,occlusion,medium,3,3,occlusion,occlusion,False,0.12225856631994247,0.4985215365886688,15.890077590942383,0.12225856631994247,0.4985215365886688,15.890077590942383,1.5980855312420772,1.6290051250109627
3398,blur,medium,2,2,blur,blur,False,0.04961193725466728,0.80448979139328,22.740652084350586,0.04961193725466728,0.80448979139328,22.740652084350586,1.5980855312420772,1.6290051250109627
3399,salt_pepper,low,1,1,salt_pepper,salt_pepper,False,0.07135649770498276,0.8049761652946472,19.604961395263672,0.07135649770498276,0.8049761652946472,19.604961395263672,1.5980855312420772,1.6290051250109627
3400,blur,low,2,2,blur,blur,False,0.0666646957397461,0.7380358576774597,20.802213668823242,0.0666646957397461,0.7380358576774597,20.802213668823242,1.5980855312420772,1.6290051250109627
3401,clean,none,0,0,clean,clean,False,0.0,1.0,100.0,0.0,1.0,100.0,1.5980855312420772,1.6290051250109627
3402,clean,none,0,0,clean,clean,False,0.0,1.0,100.0,0.0,1.0,100.0,1.5980855312420772,1.6290051250109627
3403,salt_pepper,high,1,1,salt_pepper,salt_pepper,False,0.03044048696756363,0.7986156344413757,27.165870666503906,0.03044048696756363,0.7986156344413757,27.165870666503906,1.5980855312420772,1.6290051250109627
3404,clean,none,0,0,clean,clean,False,0.0,1.0,100.0,0.0,1.0,100.0,1.5980855312420772,1.6290051250109627
3405,occlusion,low,3,3,occlusion,occlusion,False,0.08083599805831909,0.6150603890419006,19.159088134765625,0.08083599805831909,0.6150603890419006,19.159088134765625,1.5980855312420772,1.6290051250109627
3406,blur,low,2,2,blur,blur,False,0.02920939214527607,0.9031851887702942,27.62859535217285,0.02920939214527607,0.9031851887702942,27.62859535217285,1.5980855312420772,1.6290051250109627
3407,occlusion,high,3,3,occlusion,occlusion,False,0.06741561740636826,0.6962518692016602,18.373239517211914,0.06741561740636826,0.6962518692016602,18.373239517211914,1.5980855312420772,1.6290051250109627
3408,salt_pepper,low,1,1,salt_pepper,salt_pepper,False,0.060889508575201035,0.7787561416625977,22.197731018066406,0.060889508575201035,0.7787561416625977,22.197731018066406,1.5980855312420772,1.6290051250109627
3409,blur,high,2,2,blur,blur,False,0.0384487621486187,0.7932109832763672,25.74275779724121,0.0384487621486187,0.7932109832763672,25.74275779724121,1.5980855312420772,1.6290051250109627
3410,blur,medium,2,2,blur,blur,False,0.04883647337555885,0.8090294003486633,22.974781036376953,0.04883647337555885,0.8090294003486633,22.974781036376953,1.5980855312420772,1.6290051250109627
3411,clean,none,0,0,clean,clean,False,0.0,1.0,100.0,0.0,1.0,100.0,1.5980855312420772,1.6290051250109627
3412,salt_pepper,low,1,1,salt_pepper,salt_pepper,False,0.02407567948102951,0.8983303904533386,24.769268035888672,0.02407567948102951,0.8983303904533386,24.769268035888672,1.5980855312420772,1.6290051250109627
3413,blur,medium,2,2,blur,blur,False,0.05345756188035011,0.8024840354919434,22.167179107666016,0.05345756188035011,0.8024840354919434,22.167179107666016,1.5980855312420772,1.6290051250109627
3414,occlusion,medium,3,3,occlusion,occlusion,False,0.08614424616098404,0.482173353433609,18.696205139160156,0.08614424616098404,0.482173353433609,18.696205139160156,1.5980855312420772,1.6290051250109627
3415,clean,none,0,0,clean,clean,False,0.0,1.0,100.0,0.0,1.0,100.0,1.5980855312420772,1.6290051250109627
3416,clean,none,0,0,clean,clean,False,0.0,1.0,100.0,0.0,1.0,100.0,1.5980855312420772,1.6290051250109627
3417,clean,none,0,0,clean,clean,False,0.0,1.0,100.0,0.0,1.0,100.0,1.5980855312420772,1.6290051250109627
3418,occlusion,high,3,3,occlusion,occlusion,False,0.07887966185808182,0.5668990015983582,18.266151428222656,0.07887966185808182,0.5668990015983582,18.266151428222656,1.5980855312420772,1.6290051250109627
3419,clean,none,0,0,clean,clean,False,0.0,1.0,100.0,0.0,1.0,100.0,1.5980855312420772,1.6290051250109627
3420,occlusion,low,3,3,occlusion,occlusion,False,0.08033223450183868,0.6969993114471436,17.065523147583008,0.08033223450183868,0.6969993114471436,17.065523147583008,1.5980855312420772,1.6290051250109627
3421,clean,none,0,0,clean,clean,False,0.0,1.0,100.0,0.0,1.0,100.0,1.5980855312420772,1.6290051250109627
3422,occlusion,low,3,3,occlusion,occlusion,False,0.052484095096588135,0.7333065867424011,22.302892684936523,0.052484095096588135,0.7333065867424011,22.302892684936523,1.5980855312420772,1.6290051250109627
3423,salt_pepper,low,1,1,salt_pepper,salt_pepper,False,0.045771609991788864,0.7047193646430969,24.28002166748047,0.045771609991788864,0.7047193646430969,24.28002166748047,1.5980855312420772,1.6290051250109627
3424,occlusion,medium,3,3,occlusion,occlusion,False,0.05275709554553032,0.708686113357544,22.305187225341797,0.05275709554553032,0.708686113357544,22.305187225341797,2.101594999999179,2.0826704687522124
3425,occlusion,medium,3,3,occlusion,occlusion,False,0.07326435297727585,0.6522586941719055,19.230297088623047,0.07326435297727585,0.6522586941719055,19.230297088623047,2.101594999999179,2.0826704687522124
3426,blur,medium,2,2,blur,blur,False,0.05210982635617256,0.6828767657279968,23.118896484375,0.05210982635617256,0.6828767657279968,23.118896484375,2.101594999999179,2.0826704687522124
3427,blur,high,2,2,blur,blur,False,0.06667899340391159,0.6907160878181458,20.524024963378906,0.06667899340391159,0.6907160878181458,20.524024963378906,2.101594999999179,2.0826704687522124
3428,salt_pepper,medium,1,1,salt_pepper,salt_pepper,False,0.10305260866880417,0.6104728579521179,17.487712860107422,0.10305260866880417,0.6104728579521179,17.487712860107422,2.101594999999179,2.0826704687522124
3429,blur,high,2,2,blur,blur,False,0.034776296466588974,0.7951691746711731,25.828086853027344,0.034776296466588974,0.7951691746711731,25.828086853027344,2.101594999999179,2.0826704687522124
3430,salt_pepper,medium,1,1,salt_pepper,salt_pepper,False,0.041037920862436295,0.6536367535591125,24.796466827392578,0.041037920862436295,0.6536367535591125,24.796466827392578,2.101594999999179,2.0826704687522124
3431,salt_pepper,medium,1,1,salt_pepper,salt_pepper,False,0.061725541949272156,0.8074789047241211,21.49817657470703,0.061725541949272156,0.8074789047241211,21.49817657470703,2.101594999999179,2.0826704687522124
3432,salt_pepper,low,1,1,salt_pepper,salt_pepper,False,0.033251386135816574,0.8907725214958191,27.058391571044922,0.033251386135816574,0.8907725214958191,27.058391571044922,2.101594999999179,2.0826704687522124
3433,salt_pepper,low,1,1,salt_pepper,salt_pepper,False,0.03887362405657768,0.8363465666770935,24.286972045898438,0.03887362405657768,0.8363465666770935,24.286972045898438,2.101594999999179,2.0826704687522124
3434,occlusion,medium,3,3,occlusion,occlusion,False,0.06798475235700607,0.6731030344963074,19.469148635864258,0.06798475235700607,0.6731030344963074,19.469148635864258,2.101594999999179,2.0826704687522124
3435,clean,none,0,0,clean,clean,False,0.0,1.0,100.0,0.0,1.0,100.0,2.101594999999179,2.0826704687522124
3436,occlusion,low,3,3,occlusion,occlusion,False,0.07993000000715256,0.6459682583808899,19.124683380126953,0.07993000000715256,0.6459682583808899,19.124683380126953,2.101594999999179,2.0826704687522124
3437,blur,high,2,2,blur,blur,False,0.0432942695915699,0.8044319748878479,24.086669921875,0.0432942695915699,0.8044319748878479,24.086669921875,2.101594999999179,2.0826704687522124
3438,salt_pepper,low,1,1,salt_pepper,salt_pepper,False,0.06396948546171188,0.8180727958679199,20.39638328552246,0.06396948546171188,0.8180727958679199,20.39638328552246,2.101594999999179,2.0826704687522124
3439,salt_pepper,medium,1,1,salt_pepper,salt_pepper,False,0.037058908492326736,0.826542317867279,25.57297134399414,0.037058908492326736,0.826542317867279,25.57297134399414,2.101594999999179,2.0826704687522124
3440,occlusion,low,3,3,occlusion,occlusion,False,0.05355836823582649,0.6676601767539978,22.58715057373047,0.05355836823582649,0.6676601767539978,22.58715057373047,2.101594999999179,2.0826704687522124
3441,blur,low,2,2,blur,blur,False,0.040531307458877563,0.7768368721008301,24.630348205566406,0.040531307458877563,0.7768368721008301,24.630348205566406,2.101594999999179,2.0826704687522124
3442,clean,none,0,0,clean,clean,False,0.0,1.0,100.0,0.0,1.0,100.0,2.101594999999179,2.0826704687522124
3443,clean,none,0,0,clean,clean,False,0.0,1.0,100.0,0.0,1.0,100.0,2.101594999999179,2.0826704687522124
3444,salt_pepper,low,1,1,salt_pepper,salt_pepper,False,0.11692716926336288,0.5791475176811218,16.087055206298828,0.11692716926336288,0.5791475176811218,16.087055206298828,2.101594999999179,2.0826704687522124
3445,occlusion,low,3,3,occlusion,occlusion,False,0.11394358426332474,0.6086757779121399,16.675107955932617,0.11394358426332474,0.6086757779121399,16.675107955932617,2.101594999999179,2.0826704687522124
3446,occlusion,medium,3,3,occlusion,occlusion,False,0.054323915392160416,0.5518959164619446,22.498889923095703,0.054323915392160416,0.5518959164619446,22.498889923095703,2.101594999999179,2.0826704687522124
3447,salt_pepper,medium,1,1,salt_pepper,salt_pepper,False,0.07048828154802322,0.6188710331916809,20.499725341796875,0.07048828154802322,0.6188710331916809,20.499725341796875,2.101594999999179,2.0826704687522124
3448,occlusion,high,3,3,occlusion,occlusion,False,0.07538214325904846,0.63664311170578,19.658178329467773,0.07538214325904846,0.63664311170578,19.658178329467773,2.101594999999179,2.0826704687522124
3449,blur,medium,2,2,blur,blur,False,0.027025075629353523,0.8671722412109375,28.072017669677734,0.027025075629353523,0.8671722412109375,28.072017669677734,2.101594999999179,2.0826704687522124
3450,salt_pepper,high,1,1,salt_pepper,salt_pepper,False,0.08366700261831284,0.5752535462379456,19.603206634521484,0.08366700261831284,0.5752535462379456,19.603206634521484,2.101594999999179,2.0826704687522124
3451,salt_pepper,medium,1,1,salt_pepper,salt_pepper,False,0.0933789387345314,0.6600664854049683,17.952335357666016,0.0933789387345314,0.6600664854049683,17.952335357666016,2.101594999999179,2.0826704687522124
3452,blur,low,2,2,blur,blur,False,0.04497231915593147,0.8435013890266418,24.193498611450195,0.04497231915593147,0.8435013890266418,24.193498611450195,2.101594999999179,2.0826704687522124
3453,blur,medium,2,2,blur,blur,False,0.05696677044034004,0.7741203308105469,22.573135375976562,0.05696677044034004,0.7741203308105469,22.573135375976562,2.101594999999179,2.0826704687522124
3454,salt_pepper,low,1,1,salt_pepper,salt_pepper,False,0.03982055187225342,0.815058708190918,24.639455795288086,0.03982055187225342,0.815058708190918,24.639455795288086,2.101594999999179,2.0826704687522124
3455,occlusion,high,3,3,occlusion,occlusion,False,0.08535072952508926,0.6728431582450867,17.125232696533203,0.08535072952508926,0.6728431582450867,17.125232696533203,2.101594999999179,2.0826704687522124
3456,blur,medium,2,2,blur,blur,False,0.07308059930801392,0.7403904795646667,20.457889556884766,0.07308059930801392,0.7403904795646667,20.457889556884766,1.4437302812382313,1.434970687483883
3457,blur,medium,2,2,blur,blur,False,0.04905052110552788,0.8144562840461731,22.756845474243164,0.04905052110552788,0.8144562840461731,22.756845474243164,1.4437302812382313,1.434970687483883
3458,blur,high,2,2,blur,blur,False,0.07924110442399979,0.7064108848571777,19.744741439819336,0.07924110442399979,0.7064108848571777,19.744741439819336,1.4437302812382313,1.434970687483883
3459,clean,none,0,0,clean,clean,False,0.0,1.0,100.0,0.0,1.0,100.0,1.4437302812382313,1.434970687483883
3460,clean,none,0,0,clean,clean,False,0.0,1.0,100.0,0.0,1.0,100.0,1.4437302812382313,1.434970687483883
3461,occlusion,high,3,3,occlusion,occlusion,False,0.08326604962348938,0.5266135334968567,17.519115447998047,0.08326604962348938,0.5266135334968567,17.519115447998047,1.4437302812382313,1.434970687483883
3462,salt_pepper,high,1,1,salt_pepper,salt_pepper,False,0.0491446852684021,0.7117462158203125,23.83938980102539,0.0491446852684021,0.7117462158203125,23.83938980102539,1.4437302812382313,1.434970687483883
3463,occlusion,medium,3,3,occlusion,occlusion,False,0.09841457009315491,0.49439895153045654,17.262853622436523,0.09841457009315491,0.49439895153045654,17.262853622436523,1.4437302812382313,1.434970687483883
3464,blur,low,2,2,blur,blur,False,0.060299668461084366,0.7740873694419861,21.024866104125977,0.060299668461084366,0.7740873694419861,21.024866104125977,1.4437302812382313,1.434970687483883
3465,blur,medium,2,2,blur,blur,False,0.041990477591753006,0.7955060005187988,25.30263900756836,0.041990477591753006,0.7955060005187988,25.30263900756836,1.4437302812382313,1.434970687483883
3466,blur,medium,2,2,blur,blur,False,0.04673832654953003,0.7991452217102051,23.331226348876953,0.04673832654953003,0.7991452217102051,23.331226348876953,1.4437302812382313,1.434970687483883
3467,blur,medium,2,2,blur,blur,False,0.03943456709384918,0.7747488021850586,23.894210815429688,0.03943456709384918,0.7747488021850586,23.894210815429688,1.4437302812382313,1.434970687483883
3468,blur,low,2,2,blur,blur,False,0.03815767168998718,0.8968676924705505,24.721691131591797,0.03815767168998718,0.8968676924705505,24.721691131591797,1.4437302812382313,1.434970687483883
3469,occlusion,high,3,3,occlusion,occlusion,False,0.046728964895009995,0.6871426701545715,22.704540252685547,0.046728964895009995,0.6871426701545715,22.704540252685547,1.4437302812382313,1.434970687483883
3470,blur,medium,2,2,blur,blur,False,0.04322522506117821,0.7598490715026855,23.86590576171875,0.04322522506117821,0.7598490715026855,23.86590576171875,1.4437302812382313,1.434970687483883
3471,clean,none,0,0,clean,clean,False,0.0,1.0,100.0,0.0,1.0,100.0,1.4437302812382313,1.434970687483883
3472,blur,medium,2,2,blur,blur,False,0.06575784087181091,0.6497600674629211,20.72056007385254,0.06575784087181091,0.6497600674629211,20.72056007385254,1.4437302812382313,1.434970687483883
3473,blur,high,2,2,blur,blur,False,0.08969386667013168,0.5712063908576965,18.350627899169922,0.08969386667013168,0.5712063908576965,18.350627899169922,1.4437302812382313,1.434970687483883
3474,clean,none,0,0,clean,clean,False,0.0,1.0,100.0,0.0,1.0,100.0,1.4437302812382313,1.434970687483883
3475,clean,none,0,0,clean,clean,False,0.0,1.0,100.0,0.0,1.0,100.0,1.4437302812382313,1.434970687483883
3476,blur,high,2,2,blur,blur,False,0.029384175315499306,0.8158590197563171,27.945383071899414,0.029384175315499306,0.8158590197563171,27.945383071899414,1.4437302812382313,1.434970687483883
3477,occlusion,low,3,3,occlusion,occlusion,False,0.04290786758065224,0.6684038043022156,24.731082916259766,0.04290786758065224,0.6684038043022156,24.731082916259766,1.4437302812382313,1.434970687483883
3478,occlusion,medium,3,3,occlusion,occlusion,False,0.08098740130662918,0.6690520644187927,16.63783073425293,0.08098740130662918,0.6690520644187927,16.63783073425293,1.4437302812382313,1.434970687483883
3479,clean,none,0,0,clean,clean,False,0.0,1.0,100.0,0.0,1.0,100.0,1.4437302812382313,1.434970687483883
3480,occlusion,low,3,3,occlusion,occlusion,False,0.03030955232679844,0.879848062992096,27.45243263244629,0.03030955232679844,0.879848062992096,27.45243263244629,1.4437302812382313,1.434970687483883
3481,occlusion,high,3,3,occlusion,occlusion,False,0.06359908729791641,0.6247989535331726,20.785219192504883,0.06359908729791641,0.6247989535331726,20.785219192504883,1.4437302812382313,1.434970687483883
3482,clean,none,0,0,clean,clean,False,0.0,1.0,100.0,0.0,1.0,100.0,1.4437302812382313,1.434970687483883
3483,blur,low,2,2,blur,blur,False,0.05247785523533821,0.6729545593261719,22.573945999145508,0.05247785523533821,0.6729545593261719,22.573945999145508,1.4437302812382313,1.434970687483883
3484,blur,high,2,2,blur,blur,False,0.029719268903136253,0.8557227253913879,27.93238639831543,0.029719268903136253,0.8557227253913879,27.93238639831543,1.4437302812382313,1.434970687483883
3485,salt_pepper,high,1,1,salt_pepper,salt_pepper,False,0.05182069540023804,0.7897617220878601,23.174753189086914,0.05182069540023804,0.7897617220878601,23.174753189086914,1.4437302812382313,1.434970687483883
3486,occlusion,medium,3,3,occlusion,occlusion,False,0.08164104074239731,0.6447970867156982,19.008872985839844,0.08164104074239731,0.6447970867156982,19.008872985839844,1.4437302812382313,1.434970687483883
3487,salt_pepper,medium,1,1,salt_pepper,salt_pepper,False,0.03130968660116196,0.9365771412849426,28.563274383544922,0.03130968660116196,0.9365771412849426,28.563274383544922,1.4437302812382313,1.434970687483883
3488,clean,none,0,0,clean,clean,False,0.0,1.0,100.0,0.0,1.0,100.0,1.7210993437686284,1.655671937498937
3489,blur,medium,2,2,blur,blur,False,0.037785980850458145,0.8063762784004211,24.806163787841797,0.037785980850458145,0.8063762784004211,24.806163787841797,1.7210993437686284,1.655671937498937
3490,blur,medium,2,2,blur,blur,False,0.05995916947722435,0.6910104155540466,21.731414794921875,0.05995916947722435,0.6910104155540466,21.731414794921875,1.7210993437686284,1.655671937498937
3491,blur,high,2,2,blur,blur,False,0.03811807930469513,0.7242440581321716,25.408100128173828,0.03811807930469513,0.7242440581321716,25.408100128173828,1.7210993437686284,1.655671937498937
3492,occlusion,medium,3,3,occlusion,occlusion,False,0.04069361463189125,0.7203905582427979,23.390987396240234,0.04069361463189125,0.7203905582427979,23.390987396240234,1.7210993437686284,1.655671937498937
3493,occlusion,medium,3,3,occlusion,occlusion,False,0.05064818263053894,0.6888408064842224,21.98216438293457,0.05064818263053894,0.6888408064842224,21.98216438293457,1.7210993437686284,1.655671937498937
3494,occlusion,low,3,3,occlusion,occlusion,False,0.04971569404006004,0.7132517695426941,22.103025436401367,0.04971569404006004,0.7132517695426941,22.103025436401367,1.7210993437686284,1.655671937498937
3495,salt_pepper,high,1,1,salt_pepper,salt_pepper,False,0.02930283546447754,0.8170492649078369,27.85086441040039,0.02930283546447754,0.8170492649078369,27.85086441040039,1.7210993437686284,1.655671937498937
3496,blur,high,2,2,blur,blur,False,0.04362591728568077,0.7870644927024841,24.145233154296875,0.04362591728568077,0.7870644927024841,24.145233154296875,1.7210993437686284,1.655671937498937
3497,blur,low,2,2,blur,blur,False,0.0463264100253582,0.7151594161987305,24.438390731811523,0.0463264100253582,0.7151594161987305,24.438390731811523,1.7210993437686284,1.655671937498937
3498,clean,none,0,0,clean,clean,False,0.0,1.0,100.0,0.0,1.0,100.0,1.7210993437686284,1.655671937498937
3499,salt_pepper,low,1,1,salt_pepper,salt_pepper,False,0.02651423029601574,0.885500431060791,28.888442993164062,0.02651423029601574,0.885500431060791,28.888442993164062,1.7210993437686284,1.655671937498937
3500,blur,high,2,2,blur,blur,False,0.04537324979901314,0.782166063785553,23.397092819213867,0.04537324979901314,0.782166063785553,23.397092819213867,1.7210993437686284,1.655671937498937
3501,occlusion,high,3,3,occlusion,occlusion,False,0.04419653117656708,0.7076506614685059,24.998085021972656,0.04419653117656708,0.7076506614685059,24.998085021972656,1.7210993437686284,1.655671937498937
3502,blur,medium,2,2,blur,blur,False,0.025822414085268974,0.8642389178276062,28.990982055664062,0.025822414085268974,0.8642389178276062,28.990982055664062,1.7210993437686284,1.655671937498937
3503,salt_pepper,medium,1,1,salt_pepper,salt_pepper,False,0.047051575034856796,0.7372661232948303,23.708276748657227,0.047051575034856796,0.7372661232948303,23.708276748657227,1.7210993437686284,1.655671937498937
3504,occlusion,high,3,3,occlusion,occlusion,False,0.0869540199637413,0.3876253664493561,17.319795608520508,0.0869540199637413,0.3876253664493561,17.319795608520508,1.7210993437686284,1.655671937498937
3505,blur,high,2,2,blur,blur,False,0.07648832350969315,0.5899656414985657,19.85597038269043,0.07648832350969315,0.5899656414985657,19.85597038269043,1.7210993437686284,1.655671937498937
3506,occlusion,high,3,3,occlusion,occlusion,False,0.06203160062432289,0.6523561477661133,19.953075408935547,0.06203160062432289,0.6523561477661133,19.953075408935547,1.7210993437686284,1.655671937498937
3507,occlusion,low,3,3,occlusion,occlusion,False,0.06543520092964172,0.6345160603523254,21.171342849731445,0.06543520092964172,0.6345160603523254,21.171342849731445,1.7210993437686284,1.655671937498937
3508,occlusion,medium,3,3,occlusion,occlusion,False,0.07278158515691757,0.6044802665710449,19.92905616760254,0.07278158515691757,0.6044802665710449,19.92905616760254,1.7210993437686284,1.655671937498937
3509,blur,medium,2,2,blur,blur,False,0.06264892220497131,0.5970010757446289,21.667268753051758,0.06264892220497131,0.5970010757446289,21.667268753051758,1.7210993437686284,1.655671937498937
3510,salt_pepper,medium,1,1,salt_pepper,salt_pepper,False,0.06361202895641327,0.6810760498046875,21.685991287231445,0.06361202895641327,0.6810760498046875,21.685991287231445,1.7210993437686284,1.655671937498937
3511,blur,low,2,2,blur,blur,False,0.029713811352849007,0.8565266132354736,26.4505615234375,0.029713811352849007,0.8565266132354736,26.4505615234375,1.7210993437686284,1.655671937498937
3512,salt_pepper,low,1,1,salt_pepper,salt_pepper,False,0.02860010229051113,0.8435511589050293,27.94559669494629,0.02860010229051113,0.8435511589050293,27.94559669494629,1.7210993437686284,1.655671937498937
3513,clean,none,0,0,clean,clean,False,0.0,1.0,100.0,0.0,1.0,100.0,1.7210993437686284,1.655671937498937
3514,occlusion,high,3,3,occlusion,occlusion,False,0.04837103560566902,0.689385712146759,22.04202651977539,0.04837103560566902,0.689385712146759,22.04202651977539,1.7210993437686284,1.655671937498937
3515,blur,high,2,2,blur,blur,False,0.052527304738759995,0.7092633843421936,22.279666900634766,0.052527304738759995,0.7092633843421936,22.279666900634766,1.7210993437686284,1.655671937498937
3516,occlusion,low,3,3,occlusion,occlusion,False,0.03401656448841095,0.8284918665885925,24.320526123046875,0.03401656448841095,0.8284918665885925,24.320526123046875,1.7210993437686284,1.655671937498937
3517,occlusion,medium,3,3,occlusion,occlusion,False,0.05227281525731087,0.7466066479682922,21.667308807373047,0.05227281525731087,0.7466066479682922,21.667308807373047,1.7210993437686284,1.655671937498937
3518,salt_pepper,medium,1,1,salt_pepper,salt_pepper,False,0.05049576237797737,0.7663854956626892,22.919721603393555,0.05049576237797737,0.7663854956626892,22.919721603393555,1.7210993437686284,1.655671937498937
3519,salt_pepper,low,1,1,salt_pepper,salt_pepper,False,0.04439452290534973,0.7002565860748291,24.004486083984375,0.04439452290534973,0.7002565860748291,24.004486083984375,1.7210993437686284,1.655671937498937
3520,clean,none,0,0,clean,clean,False,0.0,1.0,100.0,0.0,1.0,100.0,1.4754389374900256,1.560203968750784
3521,salt_pepper,high,1,1,salt_pepper,salt_pepper,False,0.03749702498316765,0.7834509015083313,25.825565338134766,0.03749702498316765,0.7834509015083313,25.825565338134766,1.4754389374900256,1.560203968750784
3522,occlusion,high,3,3,occlusion,occlusion,False,0.04667641222476959,0.7116151452064514,21.497940063476562,0.04667641222476959,0.7116151452064514,21.497940063476562,1.4754389374900256,1.560203968750784
3523,blur,high,2,2,blur,blur,False,0.06268419325351715,0.7473447918891907,21.81595802307129,0.06268419325351715,0.7473447918891907,21.81595802307129,1.4754389374900256,1.560203968750784
3524,occlusion,low,3,3,occlusion,occlusion,False,0.0519874207675457,0.6602628231048584,22.714046478271484,0.0519874207675457,0.6602628231048584,22.714046478271484,1.4754389374900256,1.560203968750784
3525,clean,none,0,0,clean,clean,False,0.0,1.0,100.0,0.0,1.0,100.0,1.4754389374900256,1.560203968750784
3526,clean,none,0,0,clean,clean,False,0.0,1.0,100.0,0.0,1.0,100.0,1.4754389374900256,1.560203968750784
3527,occlusion,low,3,3,occlusion,occlusion,False,0.036027468740940094,0.7741314768791199,24.97307014465332,0.036027468740940094,0.7741314768791199,24.97307014465332,1.4754389374900256,1.560203968750784
3528,clean,none,0,0,clean,clean,False,0.0,1.0,100.0,0.0,1.0,100.0,1.4754389374900256,1.560203968750784
3529,occlusion,low,3,3,occlusion,occlusion,False,0.06962154060602188,0.5626716017723083,20.29756736755371,0.06962154060602188,0.5626716017723083,20.29756736755371,1.4754389374900256,1.560203968750784
3530,salt_pepper,medium,1,1,salt_pepper,salt_pepper,False,0.07374045997858047,0.6193686127662659,20.373287200927734,0.07374045997858047,0.6193686127662659,20.373287200927734,1.4754389374900256,1.560203968750784
3531,occlusion,low,3,3,occlusion,occlusion,False,0.03373855724930763,0.7293137907981873,24.99295997619629,0.03373855724930763,0.7293137907981873,24.99295997619629,1.4754389374900256,1.560203968750784
3532,salt_pepper,medium,1,1,salt_pepper,salt_pepper,False,0.03589053452014923,0.8734132647514343,26.17206573486328,0.03589053452014923,0.8734132647514343,26.17206573486328,1.4754389374900256,1.560203968750784
3533,clean,none,0,0,clean,clean,False,0.0,1.0,100.0,0.0,1.0,100.0,1.4754389374900256,1.560203968750784
3534,clean,none,0,0,clean,clean,False,0.0,1.0,100.0,0.0,1.0,100.0,1.4754389374900256,1.560203968750784
3535,salt_pepper,high,1,1,salt_pepper,salt_pepper,False,0.035836637020111084,0.822163999080658,25.506446838378906,0.035836637020111084,0.822163999080658,25.506446838378906,1.4754389374900256,1.560203968750784
3536,blur,medium,2,2,blur,blur,False,0.07556499540805817,0.6453506350517273,20.209373474121094,0.07556499540805817,0.6453506350517273,20.209373474121094,1.4754389374900256,1.560203968750784
3537,blur,low,2,2,blur,blur,False,0.04146331921219826,0.769056499004364,24.305980682373047,0.04146331921219826,0.769056499004364,24.305980682373047,1.4754389374900256,1.560203968750784
3538,occlusion,low,3,3,occlusion,occlusion,False,0.08865535259246826,0.5456399321556091,18.32855796813965,0.08865535259246826,0.5456399321556091,18.32855796813965,1.4754389374900256,1.560203968750784
3539,blur,high,2,2,blur,blur,False,0.08025797456502914,0.6083778738975525,19.697229385375977,0.08025797456502914,0.6083778738975525,19.697229385375977,1.4754389374900256,1.560203968750784
3540,blur,low,2,2,blur,blur,False,0.0443895161151886,0.7298886775970459,24.682201385498047,0.0443895161151886,0.7298886775970459,24.682201385498047,1.4754389374900256,1.560203968750784
3541,blur,high,2,2,blur,blur,False,0.059032559394836426,0.6751484870910645,21.535789489746094,0.059032559394836426,0.6751484870910645,21.535789489746094,1.4754389374900256,1.560203968750784
3542,occlusion,medium,3,3,occlusion,occlusion,False,0.04077524319291115,0.7207682132720947,23.807104110717773,0.04077524319291115,0.7207682132720947,23.807104110717773,1.4754389374900256,1.560203968750784
3543,clean,none,0,0,clean,clean,False,0.0,1.0,100.0,0.0,1.0,100.0,1.4754389374900256,1.560203968750784
3544,salt_pepper,low,1,1,salt_pepper,salt_pepper,False,0.049110669642686844,0.7702383399009705,23.4031982421875,0.049110669642686844,0.7702383399009705,23.4031982421875,1.4754389374900256,1.560203968750784
3545,clean,none,0,0,clean,clean,False,0.0,1.0,100.0,0.0,1.0,100.0,1.4754389374900256,1.560203968750784
3546,clean,none,0,0,clean,clean,False,0.0,1.0,100.0,0.0,1.0,100.0,1.4754389374900256,1.560203968750784
3547,occlusion,medium,3,3,occlusion,occlusion,False,0.05352838709950447,0.6888837814331055,22.138469696044922,0.05352838709950447,0.6888837814331055,22.138469696044922,1.4754389374900256,1.560203968750784
3548,salt_pepper,low,1,1,salt_pepper,salt_pepper,False,0.031130507588386536,0.8150261044502258,27.087932586669922,0.031130507588386536,0.8150261044502258,27.087932586669922,1.4754389374900256,1.560203968750784
3549,clean,none,0,0,clean,clean,False,0.0,1.0,100.0,0.0,1.0,100.0,1.4754389374900256,1.560203968750784
3550,clean,none,0,0,clean,clean,False,0.0,1.0,100.0,0.0,1.0,100.0,1.4754389374900256,1.560203968750784
3551,blur,low,2,2,blur,blur,False,0.06371728330850601,0.7258884310722351,20.058347702026367,0.06371728330850601,0.7258884310722351,20.058347702026367,1.4754389374900256,1.560203968750784
3552,salt_pepper,low,1,1,salt_pepper,salt_pepper,False,0.04904701188206673,0.764765739440918,22.018136978149414,0.04904701188206673,0.764765739440918,22.018136978149414,1.7353466874965306,1.7435338749862694
3553,blur,low,2,2,blur,blur,False,0.04477794095873833,0.8205048441886902,23.773727416992188,0.04477794095873833,0.8205048441886902,23.773727416992188,1.7353466874965306,1.7435338749862694
3554,blur,low,2,2,blur,blur,False,0.1280236691236496,0.5793891549110413,14.523929595947266,0.1280236691236496,0.5793891549110413,14.523929595947266,1.7353466874965306,1.7435338749862694
3555,salt_pepper,high,1,1,salt_pepper,salt_pepper,False,0.050878267735242844,0.6959983706474304,23.036584854125977,0.050878267735242844,0.6959983706474304,23.036584854125977,1.7353466874965306,1.7435338749862694
3556,salt_pepper,medium,1,1,salt_pepper,salt_pepper,False,0.031703900545835495,0.8243342041969299,27.281246185302734,0.031703900545835495,0.8243342041969299,27.281246185302734,1.7353466874965306,1.7435338749862694
3557,occlusion,high,3,3,occlusion,occlusion,False,0.055544137954711914,0.6838805079460144,20.857162475585938,0.055544137954711914,0.6838805079460144,20.857162475585938,1.7353466874965306,1.7435338749862694
3558,clean,none,0,0,clean,clean,False,0.0,1.0,100.0,0.0,1.0,100.0,1.7353466874965306,1.7435338749862694
3559,salt_pepper,low,1,1,salt_pepper,salt_pepper,False,0.06648402661085129,0.7489202618598938,20.04410743713379,0.06648402661085129,0.7489202618598938,20.04410743713379,1.7353466874965306,1.7435338749862694
3560,occlusion,high,3,3,occlusion,occlusion,False,0.07400902360677719,0.5680913925170898,19.989749908447266,0.07400902360677719,0.5680913925170898,19.989749908447266,1.7353466874965306,1.7435338749862694
3561,salt_pepper,high,1,1,salt_pepper,salt_pepper,False,0.03850807249546051,0.7913601994514465,25.586200714111328,0.03850807249546051,0.7913601994514465,25.586200714111328,1.7353466874965306,1.7435338749862694
3562,occlusion,low,3,3,occlusion,occlusion,False,0.05704845115542412,0.7155222296714783,20.589515686035156,0.05704845115542412,0.7155222296714783,20.589515686035156,1.7353466874965306,1.7435338749862694
3563,blur,medium,2,2,blur,blur,False,0.029348202049732208,0.8255953192710876,27.04463005065918,0.029348202049732208,0.8255953192710876,27.04463005065918,1.7353466874965306,1.7435338749862694
3564,blur,high,2,2,blur,blur,False,0.05865241214632988,0.6813248991966248,21.349199295043945,0.05865241214632988,0.6813248991966248,21.349199295043945,1.7353466874965306,1.7435338749862694
3565,blur,high,2,2,blur,blur,False,0.029173940420150757,0.7914134860038757,27.897357940673828,0.029173940420150757,0.7914134860038757,27.897357940673828,1.7353466874965306,1.7435338749862694
3566,occlusion,low,3,3,occlusion,occlusion,False,0.0303037166595459,0.7900908589363098,26.16605567932129,0.0303037166595459,0.7900908589363098,26.16605567932129,1.7353466874965306,1.7435338749862694
3567,salt_pepper,high,1,1,salt_pepper,salt_pepper,False,0.03638231381773949,0.7328140139579773,26.162776947021484,0.03638231381773949,0.7328140139579773,26.162776947021484,1.7353466874965306,1.7435338749862694
3568,clean,none,0,0,clean,clean,False,0.0,1.0,100.0,0.0,1.0,100.0,1.7353466874965306,1.7435338749862694
3569,clean,none,0,0,clean,clean,False,0.0,1.0,100.0,0.0,1.0,100.0,1.7353466874965306,1.7435338749862694
3570,salt_pepper,medium,1,1,salt_pepper,salt_pepper,False,0.04375628009438515,0.7112552523612976,24.478681564331055,0.04375628009438515,0.7112552523612976,24.478681564331055,1.7353466874965306,1.7435338749862694
3571,clean,none,0,0,clean,clean,False,0.0,1.0,100.0,0.0,1.0,100.0,1.7353466874965306,1.7435338749862694
3572,salt_pepper,high,1,1,salt_pepper,salt_pepper,False,0.014462538994848728,0.877399206161499,33.708919525146484,0.014462538994848728,0.877399206161499,33.708919525146484,1.7353466874965306,1.7435338749862694
3573,clean,none,0,0,clean,clean,False,0.0,1.0,100.0,0.0,1.0,100.0,1.7353466874965306,1.7435338749862694
3574,blur,medium,2,2,blur,blur,False,0.04455640912055969,0.8170552253723145,23.4178466796875,0.04455640912055969,0.8170552253723145,23.4178466796875,1.7353466874965306,1.7435338749862694
3575,salt_pepper,low,1,1,salt_pepper,salt_pepper,False,0.07023990899324417,0.720711886882782,20.251996994018555,0.07023990899324417,0.720711886882782,20.251996994018555,1.7353466874965306,1.7435338749862694
3576,clean,none,0,0,clean,clean,False,0.0,1.0,100.0,0.0,1.0,100.0,1.7353466874965306,1.7435338749862694
3577,salt_pepper,low,1,1,salt_pepper,salt_pepper,False,0.09695565700531006,0.5762757658958435,17.854568481445312,0.09695565700531006,0.5762757658958435,17.854568481445312,1.7353466874965306,1.7435338749862694
3578,blur,low,2,2,blur,blur,False,0.04232712462544441,0.7462637424468994,24.922649383544922,0.04232712462544441,0.7462637424468994,24.922649383544922,1.7353466874965306,1.7435338749862694
3579,occlusion,low,3,3,occlusion,occlusion,False,0.06140747666358948,0.7396631240844727,21.791297912597656,0.06140747666358948,0.7396631240844727,21.791297912597656,1.7353466874965306,1.7435338749862694
3580,occlusion,low,3,3,occlusion,occlusion,False,0.04731440916657448,0.766371488571167,24.091960906982422,0.04731440916657448,0.766371488571167,24.091960906982422,1.7353466874965306,1.7435338749862694
3581,clean,none,0,0,clean,clean,False,0.0,1.0,100.0,0.0,1.0,100.0,1.7353466874965306,1.7435338749862694
3582,clean,none,0,0,clean,clean,False,0.0,1.0,100.0,0.0,1.0,100.0,1.7353466874965306,1.7435338749862694
3583,blur,medium,2,2,blur,blur,False,0.03484942018985748,0.8210933804512024,26.36101722717285,0.03484942018985748,0.8210933804512024,26.36101722717285,1.7353466874965306,1.7435338749862694
3584,clean,none,0,0,clean,clean,False,0.0,1.0,100.0,0.0,1.0,100.0,1.4112783750022118,1.4296181875010916
3585,clean,none,0,0,clean,clean,False,0.0,1.0,100.0,0.0,1.0,100.0,1.4112783750022118,1.4296181875010916
3586,blur,medium,2,2,blur,blur,False,0.039588745683431625,0.7970535755157471,23.7625675201416,0.039588745683431625,0.7970535755157471,23.7625675201416,1.4112783750022118,1.4296181875010916
3587,clean,none,0,0,clean,clean,False,0.0,1.0,100.0,0.0,1.0,100.0,1.4112783750022118,1.4296181875010916
3588,occlusion,low,3,3,occlusion,occlusion,False,0.07366324216127396,0.7197505831718445,18.118492126464844,0.07366324216127396,0.7197505831718445,18.118492126464844,1.4112783750022118,1.4296181875010916
3589,blur,high,2,2,blur,blur,False,0.054658442735672,0.7482700347900391,22.23615837097168,0.054658442735672,0.7482700347900391,22.23615837097168,1.4112783750022118,1.4296181875010916
3590,clean,none,0,0,clean,clean,False,0.0,1.0,100.0,0.0,1.0,100.0,1.4112783750022118,1.4296181875010916
3591,blur,low,2,2,blur,blur,False,0.05598531663417816,0.774508535861969,22.436161041259766,0.05598531663417816,0.774508535861969,22.436161041259766,1.4112783750022118,1.4296181875010916
3592,occlusion,high,3,3,occlusion,occlusion,False,0.0656704530119896,0.5938025116920471,18.649274826049805,0.0656704530119896,0.5938025116920471,18.649274826049805,1.4112783750022118,1.4296181875010916
3593,clean,none,0,0,clean,clean,False,0.0,1.0,100.0,0.0,1.0,100.0,1.4112783750022118,1.4296181875010916
3594,clean,none,0,0,clean,clean,False,0.0,1.0,100.0,0.0,1.0,100.0,1.4112783750022118,1.4296181875010916
3595,salt_pepper,high,1,1,salt_pepper,salt_pepper,False,0.05423671007156372,0.8504781723022461,20.1363525390625,0.05423671007156372,0.8504781723022461,20.1363525390625,1.4112783750022118,1.4296181875010916
3596,salt_pepper,high,1,1,salt_pepper,salt_pepper,False,0.05617278441786766,0.7492716312408447,22.672908782958984,0.05617278441786766,0.7492716312408447,22.672908782958984,1.4112783750022118,1.4296181875010916
3597,salt_pepper,low,1,1,salt_pepper,salt_pepper,False,0.04117688909173012,0.7703442573547363,24.98744773864746,0.04117688909173012,0.7703442573547363,24.98744773864746,1.4112783750022118,1.4296181875010916
3598,occlusion,high,3,3,occlusion,occlusion,False,0.0677919015288353,0.5832176804542542,19.743539810180664,0.0677919015288353,0.5832176804542542,19.743539810180664,1.4112783750022118,1.4296181875010916
3599,occlusion,low,3,3,occlusion,occlusion,False,0.04329642653465271,0.8168208003044128,23.42597198486328,0.04329642653465271,0.8168208003044128,23.42597198486328,1.4112783750022118,1.4296181875010916
3600,salt_pepper,medium,1,1,salt_pepper,salt_pepper,False,0.04768054559826851,0.7491921782493591,23.75502586364746,0.04768054559826851,0.7491921782493591,23.75502586364746,1.4112783750022118,1.4296181875010916
3601,blur,low,2,2,blur,blur,False,0.03941255435347557,0.8253309726715088,25.5828857421875,0.03941255435347557,0.8253309726715088,25.5828857421875,1.4112783750022118,1.4296181875010916
3602,blur,low,2,2,blur,blur,False,0.0526215098798275,0.8236386179924011,22.69800567626953,0.0526215098798275,0.8236386179924011,22.69800567626953,1.4112783750022118,1.4296181875010916
3603,occlusion,low,3,3,occlusion,occlusion,False,0.03633454442024231,0.8131845593452454,25.476436614990234,0.03633454442024231,0.8131845593452454,25.476436614990234,1.4112783750022118,1.4296181875010916
3604,salt_pepper,low,1,1,salt_pepper,salt_pepper,False,0.040919963270425797,0.8164787888526917,24.923696517944336,0.040919963270425797,0.8164787888526917,24.923696517944336,1.4112783750022118,1.4296181875010916
3605,blur,medium,2,2,blur,blur,False,0.04397818446159363,0.7283151149749756,24.362476348876953,0.04397818446159363,0.7283151149749756,24.362476348876953,1.4112783750022118,1.4296181875010916
3606,salt_pepper,low,1,1,salt_pepper,salt_pepper,False,0.04864836856722832,0.7214505076408386,23.60231590270996,0.04864836856722832,0.7214505076408386,23.60231590270996,1.4112783750022118,1.4296181875010916
3607,salt_pepper,high,1,1,salt_pepper,salt_pepper,False,0.03962579742074013,0.7685143351554871,25.460281372070312,0.03962579742074013,0.7685143351554871,25.460281372070312,1.4112783750022118,1.4296181875010916
3608,salt_pepper,low,1,1,salt_pepper,salt_pepper,False,0.04351701959967613,0.769182026386261,24.72233009338379,0.04351701959967613,0.769182026386261,24.72233009338379,1.4112783750022118,1.4296181875010916
3609,blur,medium,2,2,blur,blur,False,0.04335309565067291,0.7461393475532532,24.814796447753906,0.04335309565067291,0.7461393475532532,24.814796447753906,1.4112783750022118,1.4296181875010916
3610,occlusion,low,3,3,occlusion,occlusion,False,0.04905910789966583,0.6895289421081543,23.446035385131836,0.04905910789966583,0.6895289421081543,23.446035385131836,1.4112783750022118,1.4296181875010916
3611,blur,low,2,2,blur,blur,False,0.048632074147462845,0.7862493991851807,23.43080711364746,0.048632074147462845,0.7862493991851807,23.43080711364746,1.4112783750022118,1.4296181875010916
3612,occlusion,medium,3,3,occlusion,occlusion,False,0.07179021090269089,0.5877443552017212,18.674640655517578,0.07179021090269089,0.5877443552017212,18.674640655517578,1.4112783750022118,1.4296181875010916
3613,clean,none,0,0,clean,clean,False,0.0,1.0,100.0,0.0,1.0,100.0,1.4112783750022118,1.4296181875010916
3614,clean,none,0,0,clean,clean,False,0.0,1.0,100.0,0.0,1.0,100.0,1.4112783750022118,1.4296181875010916
3615,occlusion,low,3,3,occlusion,occlusion,False,0.056710150092840195,0.724891185760498,21.530929565429688,0.056710150092840195,0.724891185760498,21.530929565429688,1.4112783750022118,1.4296181875010916
3616,occlusion,high,3,3,occlusion,occlusion,False,0.07902637869119644,0.45656153559684753,17.12809181213379,0.07902637869119644,0.45656153559684753,17.12809181213379,1.358737156266443,1.3699932812301086
3617,occlusion,medium,3,3,occlusion,occlusion,False,0.08847639709711075,0.6342280507087708,18.351367950439453,0.08847639709711075,0.6342280507087708,18.351367950439453,1.358737156266443,1.3699932812301086
3618,occlusion,medium,3,3,occlusion,occlusion,False,0.08566000312566757,0.622948944568634,17.599895477294922,0.08566000312566757,0.622948944568634,17.599895477294922,1.358737156266443,1.3699932812301086
3619,salt_pepper,low,1,1,salt_pepper,salt_pepper,False,0.06331824511289597,0.8071133494377136,21.545198440551758,0.06331824511289597,0.8071133494377136,21.545198440551758,1.358737156266443,1.3699932812301086
3620,salt_pepper,low,1,1,salt_pepper,salt_pepper,False,0.05632127448916435,0.7184296250343323,22.02004623413086,0.05632127448916435,0.7184296250343323,22.02004623413086,1.358737156266443,1.3699932812301086
3621,occlusion,high,3,3,occlusion,occlusion,False,0.09046683460474014,0.5706448554992676,17.24580955505371,0.09046683460474014,0.5706448554992676,17.24580955505371,1.358737156266443,1.3699932812301086
3622,salt_pepper,low,1,1,salt_pepper,salt_pepper,False,0.04236511513590813,0.8057214617729187,24.546005249023438,0.04236511513590813,0.8057214617729187,24.546005249023438,1.358737156266443,1.3699932812301086
3623,clean,none,0,0,clean,clean,False,0.0,1.0,100.0,0.0,1.0,100.0,1.358737156266443,1.3699932812301086
3624,occlusion,low,3,3,occlusion,occlusion,False,0.12184550613164902,0.44243475794792175,16.030500411987305,0.12184550613164902,0.44243475794792175,16.030500411987305,1.358737156266443,1.3699932812301086
3625,clean,none,0,0,clean,clean,False,0.0,1.0,100.0,0.0,1.0,100.0,1.358737156266443,1.3699932812301086
3626,blur,high,2,2,blur,blur,False,0.03387182950973511,0.7885968685150146,26.374357223510742,0.03387182950973511,0.7885968685150146,26.374357223510742,1.358737156266443,1.3699932812301086
3627,occlusion,high,3,3,occlusion,occlusion,False,0.05552497133612633,0.6536450386047363,20.221778869628906,0.05552497133612633,0.6536450386047363,20.221778869628906,1.358737156266443,1.3699932812301086
3628,blur,low,2,2,blur,blur,False,0.0387449748814106,0.8418635725975037,24.625621795654297,0.0387449748814106,0.8418635725975037,24.625621795654297,1.358737156266443,1.3699932812301086
3629,clean,none,0,0,clean,clean,False,0.0,1.0,100.0,0.0,1.0,100.0,1.358737156266443,1.3699932812301086
3630,occlusion,low,3,3,occlusion,occlusion,False,0.06896352022886276,0.6122393608093262,19.48613166809082,0.06896352022886276,0.6122393608093262,19.48613166809082,1.358737156266443,1.3699932812301086
3631,clean,none,0,0,clean,clean,False,0.0,1.0,100.0,0.0,1.0,100.0,1.358737156266443,1.3699932812301086
3632,clean,none,0,0,clean,clean,False,0.0,1.0,100.0,0.0,1.0,100.0,1.358737156266443,1.3699932812301086
3633,blur,high,2,2,blur,blur,False,0.04952620342373848,0.7347709536552429,22.823139190673828,0.04952620342373848,0.7347709536552429,22.823139190673828,1.358737156266443,1.3699932812301086
3634,blur,high,2,2,blur,blur,False,0.0351720005273819,0.7658233046531677,26.54461097717285,0.0351720005273819,0.7658233046531677,26.54461097717285,1.358737156266443,1.3699932812301086
3635,clean,none,0,0,clean,clean,False,0.0,1.0,100.0,0.0,1.0,100.0,1.358737156266443,1.3699932812301086
3636,occlusion,low,3,3,occlusion,occlusion,False,0.04817725718021393,0.7016522884368896,22.658632278442383,0.04817725718021393,0.7016522884368896,22.658632278442383,1.358737156266443,1.3699932812301086
3637,salt_pepper,low,1,1,salt_pepper,salt_pepper,False,0.05468393489718437,0.7820186614990234,21.552677154541016,0.05468393489718437,0.7820186614990234,21.552677154541016,1.358737156266443,1.3699932812301086
3638,blur,high,2,2,blur,blur,False,0.046325523406267166,0.7373197674751282,23.779926300048828,0.046325523406267166,0.7373197674751282,23.779926300048828,1.358737156266443,1.3699932812301086
3639,salt_pepper,high,1,1,salt_pepper,salt_pepper,False,0.0753549113869667,0.6695446968078613,19.88653564453125,0.0753549113869667,0.6695446968078613,19.88653564453125,1.358737156266443,1.3699932812301086
3640,blur,low,2,2,blur,blur,False,0.05679316818714142,0.8011937737464905,22.75460433959961,0.05679316818714142,0.8011937737464905,22.75460433959961,1.358737156266443,1.3699932812301086
3641,clean,none,0,0,clean,clean,False,0.0,1.0,100.0,0.0,1.0,100.0,1.358737156266443,1.3699932812301086
3642,occlusion,low,3,3,occlusion,occlusion,False,0.04568973556160927,0.7557501792907715,23.22071075439453,0.04568973556160927,0.7557501792907715,23.22071075439453,1.358737156266443,1.3699932812301086
3643,clean,none,0,0,clean,clean,False,0.0,1.0,100.0,0.0,1.0,100.0,1.358737156266443,1.3699932812301086
3644,salt_pepper,high,1,1,salt_pepper,salt_pepper,False,0.07176806777715683,0.738649845123291,20.784183502197266,0.07176806777715683,0.738649845123291,20.784183502197266,1.358737156266443,1.3699932812301086
3645,clean,none,0,0,clean,clean,False,0.0,1.0,100.0,0.0,1.0,100.0,1.358737156266443,1.3699932812301086
3646,occlusion,medium,3,3,occlusion,occlusion,False,0.07503927499055862,0.5527575612068176,20.501821517944336,0.07503927499055862,0.5527575612068176,20.501821517944336,1.358737156266443,1.3699932812301086
3647,blur,medium,2,2,blur,blur,False,0.05371406674385071,0.7614783644676208,21.590003967285156,0.05371406674385071,0.7614783644676208,21.590003967285156,1.358737156266443,1.3699932812301086
3648,occlusion,medium,3,3,occlusion,occlusion,False,0.06707330048084259,0.5808466076850891,20.660715103149414,0.06707330048084259,0.5808466076850891,20.660715103149414,1.3508294285721993,1.4320756190500106
3649,blur,high,2,2,blur,blur,False,0.037470050156116486,0.8500604629516602,23.977767944335938,0.037470050156116486,0.8500604629516602,23.977767944335938,1.3508294285721993,1.4320756190500106
3650,salt_pepper,low,1,1,salt_pepper,salt_pepper,False,0.040772292762994766,0.7784311175346375,24.839889526367188,0.040772292762994766,0.7784311175346375,24.839889526367188,1.3508294285721993,1.4320756190500106
3651,blur,high,2,2,blur,blur,False,0.062396060675382614,0.5678043961524963,21.749317169189453,0.062396060675382614,0.5678043961524963,21.749317169189453,1.3508294285721993,1.4320756190500106
3652,occlusion,high,3,3,occlusion,occlusion,False,0.08838764578104019,0.5463859438896179,17.790462493896484,0.08838764578104019,0.5463859438896179,17.790462493896484,1.3508294285721993,1.4320756190500106
3653,clean,none,0,0,clean,clean,False,0.0,1.0,100.0,0.0,1.0,100.0,1.3508294285721993,1.4320756190500106
3654,salt_pepper,low,1,1,salt_pepper,salt_pepper,False,0.03840718790888786,0.7520131468772888,25.329866409301758,0.03840718790888786,0.7520131468772888,25.329866409301758,1.3508294285721993,1.4320756190500106
3655,salt_pepper,low,1,1,salt_pepper,salt_pepper,False,0.02886577509343624,0.785219132900238,27.392690658569336,0.02886577509343624,0.785219132900238,27.392690658569336,1.3508294285721993,1.4320756190500106
3656,salt_pepper,high,1,1,salt_pepper,salt_pepper,False,0.061506081372499466,0.6826710104942322,21.686546325683594,0.061506081372499466,0.6826710104942322,21.686546325683594,1.3508294285721993,1.4320756190500106
3657,occlusion,medium,3,3,occlusion,occlusion,False,0.0901016816496849,0.5022479891777039,18.95694923400879,0.0901016816496849,0.5022479891777039,18.95694923400879,1.3508294285721993,1.4320756190500106
3658,blur,medium,2,2,blur,blur,False,0.059010159224271774,0.7440759539604187,22.3105525970459,0.059010159224271774,0.7440759539604187,22.3105525970459,1.3508294285721993,1.4320756190500106
3659,clean,none,0,0,clean,clean,False,0.0,1.0,100.0,0.0,1.0,100.0,1.3508294285721993,1.4320756190500106
3660,clean,none,0,0,clean,clean,False,0.0,1.0,100.0,0.0,1.0,100.0,1.3508294285721993,1.4320756190500106
3661,salt_pepper,high,1,1,salt_pepper,salt_pepper,False,0.08996973186731339,0.7080467343330383,18.923404693603516,0.08996973186731339,0.7080467343330383,18.923404693603516,1.3508294285721993,1.4320756190500106
3662,clean,none,0,0,clean,clean,False,0.0,1.0,100.0,0.0,1.0,100.0,1.3508294285721993,1.4320756190500106
3663,salt_pepper,high,1,1,salt_pepper,salt_pepper,False,0.043420109897851944,0.7841677665710449,23.703887939453125,0.043420109897851944,0.7841677665710449,23.703887939453125,1.3508294285721993,1.4320756190500106
3664,clean,none,0,0,clean,clean,False,0.0,1.0,100.0,0.0,1.0,100.0,1.3508294285721993,1.4320756190500106
3665,occlusion,medium,3,3,occlusion,occlusion,False,0.07848695665597916,0.5917757153511047,19.40289306640625,0.07848695665597916,0.5917757153511047,19.40289306640625,1.3508294285721993,1.4320756190500106
3666,clean,none,0,0,clean,clean,False,0.0,1.0,100.0,0.0,1.0,100.0,1.3508294285721993,1.4320756190500106
3667,occlusion,high,3,3,occlusion,occlusion,False,0.07843027263879776,0.6307797431945801,18.41326141357422,0.07843027263879776,0.6307797431945801,18.41326141357422,1.3508294285721993,1.4320756190500106
3668,occlusion,high,3,3,occlusion,occlusion,False,0.05866050720214844,0.6832531094551086,19.98521614074707,0.05866050720214844,0.6832531094551086,19.98521614074707,1.3508294285721993,1.4320756190500106
