idx,type,severity,true_label,pred_label,true_type,pred_type,misrouted,l1_pred,ssim_pred,psnr_pred,l1_oracle,ssim_oracle,psnr_oracle,time_ms_pred,time_ms_oracle
0,clean,none,0,0,clean,clean,False,0.0,1.0,100.0,0.0,1.0,100.0,3.591378812501489,1.7051768125213584
1,clean,none,0,0,clean,clean,False,0.0,1.0,100.0,0.0,1.0,100.0,3.591378812501489,1.7051768125213584
2,clean,none,0,0,clean,clean,False,0.0,1.0,100.0,0.0,1.0,100.0,3.591378812501489,1.7051768125213584
3,occlusion,low,3,3,occlusion,occlusion,False,0.05628593638539314,0.6530103087425232,22.220888137817383,0.05628593638539314,0.653010368347168,22.22088623046875,3.591378812501489,1.7051768125213584
4,salt_pepper,low,1,1,salt_pepper,salt_pepper,False,0.03041239082813263,0.8775639533996582,26.05194091796875,0.03041239082813263,0.8775639533996582,26.05194091796875,3.591378812501489,1.7051768125213584
5,salt_pepper,high,1,1,salt_pepper,salt_pepper,False,0.03777671605348587,0.8366121649742126,25.99872398376465,0.03777671605348587,0.8366121649742126,25.99872398376465,3.591378812501489,1.7051768125213584
6,salt_pepper,low,1,1,salt_pepper,salt_pepper,False,0.06820818036794662,0.8598805069923401,20.158103942871094,0.06820818036794662,0.8598805069923401,20.158103942871094,3.591378812501489,1.7051768125213584
7,clean,none,0,0,clean,clean,False,0.0,1.0,100.0,0.0,1.0,100.0,3.591378812501489,1.7051768125213584
8,salt_pepper,high,1,1,salt_pepper,salt_pepper,False,0.050327181816101074,0.8294010162353516,22.98977279663086,0.050327181816101074,0.8294010162353516,22.98977279663086,3.591378812501489,1.7051768125213584
9,blur,medium,2,2,blur,blur,False,0.06131918355822563,0.7747421264648438,21.405506134033203,0.06131918355822563,0.7747421264648438,21.405506134033203,3.591378812501489,1.7051768125213584
10,blur,low,2,2,blur,blur,False,0.05560345947742462,0.7771391272544861,22.20122528076172,0.05560345947742462,0.7771391272544861,22.20122528076172,3.591378812501489,1.7051768125213584
11,blur,low,2,2,blur,blur,False,0.045304298400878906,0.827646791934967,24.405559539794922,0.045304298400878906,0.827646791934967,24.405559539794922,3.591378812501489,1.7051768125213584
12,occlusion,medium,3,3,occlusion,occlusion,False,0.05599111691117287,0.7094367146492004,21.2069149017334,0.05599111691117287,0.7094367146492004,21.206912994384766,3.591378812501489,1.7051768125213584
13,occlusion,high,3,3,occlusion,occlusion,False,0.05041142925620079,0.7090794444084167,21.652198791503906,0.05041143298149109,0.7090794444084167,21.65219497680664,3.591378812501489,1.7051768125213584
14,clean,none,0,0,clean,clean,False,0.0,1.0,100.0,0.0,1.0,100.0,3.591378812501489,1.7051768125213584
15,blur,high,2,2,blur,blur,False,0.09158576279878616,0.7255315780639648,18.878368377685547,0.09158576279878616,0.7255315780639648,18.878368377685547,3.591378812501489,1.7051768125213584
16,clean,none,0,0,clean,clean,False,0.0,1.0,100.0,0.0,1.0,100.0,3.591378812501489,1.7051768125213584
17,occlusion,low,3,3,occlusion,occlusion,False,0.04101750627160072,0.8355308175086975,24.93865203857422,0.04101749137043953,0.8355309367179871,24.938655853271484,3.591378812501489,1.7051768125213584
18,clean,none,0,0,clean,clean,False,0.0,1.0,100.0,0.0,1.0,100.0,3.591378812501489,1.7051768125213584
19,salt_pepper,high,1,1,salt_pepper,salt_pepper,False,0.05604003742337227,0.8457966446876526,22.439653396606445,0.05604003742337227,0.8457966446876526,22.439653396606445,3.591378812501489,1.7051768125213584
20,blur,high,2,2,blur,blur,False,0.052430566400289536,0.8102652430534363,23.02935028076172,0.052430566400289536,0.8102652430534363,23.02935028076172,3.591378812501489,1.7051768125213584
21,clean,none,0,0,clean,clean,False,0.0,1.0,100.0,0.0,1.0,100.0,3.591378812501489,1.7051768125213584
22,occlusion,low,3,3,occlusion,occlusion,False,0.06457186490297318,0.6990016102790833,20.4254150390625,0.06457186490297318,0.6990015506744385,20.4254150390625,3.591378812501489,1.7051768125213584
23,occlusion,low,3,3,occlusion,occlusion,False,0.04018600285053253,0.7701596617698669,24.39150047302246,0.04018600657582283,0.7701597213745117,24.39150047302246,3.591378812501489,1.7051768125213584
24,occlusion,low,3,3,occlusion,occlusion,False,0.04729309305548668,0.7049052119255066,23.802570343017578,0.04729309305548668,0.7049052119255066,23.802570343017578,3.591378812501489,1.7051768125213584
25,salt_pepper,low,1,1,salt_pepper,salt_pepper,False,0.06825572997331619,0.9002507328987122,21.24129295349121,0.06825572997331619,0.9002507328987122,21.24129295349121,3.591378812501489,1.7051768125213584
26,clean,none,0,0,clean,clean,False,0.0,1.0,100.0,0.0,1.0,100.0,3.591378812501489,1.7051768125213584
27,clean,none,0,0,clean,clean,False,0.0,1.0,100.0,0.0,1.0,100.0,3.591378812501489,1.7051768125213584
28,salt_pepper,medium,1,1,salt_pepper,salt_pepper,False,0.053245335817337036,0.8378126621246338,23.448400497436523,0.053245335817337036,0.8378126621246338,23.448400497436523,3.591378812501489,1.7051768125213584
29,clean,none,0,0,clean,clean,False,0.0,1.0,100.0,0.0,1.0,100.0,3.591378812501489,1.7051768125213584
30,salt_pepper,low,1,1,salt_pepper,salt_pepper,False,0.03544985130429268,0.9206783175468445,26.835346221923828,0.03544985130429268,0.9206783175468445,26.835346221923828,3.591378812501489,1.7051768125213584
31,clean,none,0,3,clean,occlusion,True,0.024294426664710045,0.8680981993675232,27.521039962768555,0.0,1.0,100.0,3.591378812501489,1.7051768125213584
32,clean,none,0,0,clean,clean,False,0.0,1.0,100.0,0.0,1.0,100.0,2.118187531237936,1.6045490000067275
33,blur,medium,2,2,blur,blur,False,0.04939837381243706,0.8404086232185364,23.782194137573242,0.04939837381243706,0.8404086232185364,23.782194137573242,2.118187531237936,1.6045490000067275
34,occlusion,high,3,3,occlusion,occlusion,False,0.08993873745203018,0.6672918796539307,18.861072540283203,0.08993873745203018,0.6672918796539307,18.861072540283203,2.118187531237936,1.6045490000067275
35,salt_pepper,medium,1,1,salt_pepper,salt_pepper,False,0.060759544372558594,0.7786993384361267,21.78632354736328,0.060759544372558594,0.7786993384361267,21.78632354736328,2.118187531237936,1.6045490000067275
36,blur,high,2,2,blur,blur,False,0.10197041183710098,0.69523024559021,16.718955993652344,0.10197041183710098,0.69523024559021,16.718955993652344,2.118187531237936,1.6045490000067275
37,occlusion,medium,3,3,occlusion,occlusion,False,0.03274840489029884,0.8660850524902344,24.098594665527344,0.03274840489029884,0.8660850524902344,24.098594665527344,2.118187531237936,1.6045490000067275
38,occlusion,low,3,3,occlusion,occlusion,False,0.06293350458145142,0.7153183817863464,20.909420013427734,0.06293350458145142,0.7153183817863464,20.909420013427734,2.118187531237936,1.6045490000067275
39,blur,medium,2,2,blur,blur,False,0.039533376693725586,0.8530219197273254,25.02341079711914,0.039533376693725586,0.8530219197273254,25.02341079711914,2.118187531237936,1.6045490000067275
40,clean,none,0,0,clean,clean,False,0.0,1.0,100.0,0.0,1.0,100.0,2.118187531237936,1.6045490000067275
41,salt_pepper,high,1,1,salt_pepper,salt_pepper,False,0.06551475077867508,0.8696179986000061,22.066953659057617,0.06551475077867508,0.8696179986000061,22.066953659057617,2.118187531237936,1.6045490000067275
42,occlusion,high,3,3,occlusion,occlusion,False,0.027221277356147766,0.8343043923377991,25.236854553222656,0.027221277356147766,0.8343043923377991,25.236854553222656,2.118187531237936,1.6045490000067275
43,salt_pepper,low,1,1,salt_pepper,salt_pepper,False,0.0649523138999939,0.8392031788825989,21.917579650878906,0.0649523138999939,0.8392031788825989,21.917579650878906,2.118187531237936,1.6045490000067275
44,salt_pepper,high,1,1,salt_pepper,salt_pepper,False,0.04349686577916145,0.8777000308036804,23.59907341003418,0.04349686577916145,0.8777000308036804,23.59907341003418,2.118187531237936,1.6045490000067275
45,occlusion,medium,3,3,occlusion,occlusion,False,0.035132553428411484,0.777707576751709,23.570045471191406,0.035132553428411484,0.777707576751709,23.570045471191406,2.118187531237936,1.6045490000067275
46,occlusion,high,3,3,occlusion,occlusion,False,0.024898119270801544,0.7271472811698914,26.130048751831055,0.024898119270801544,0.7271472811698914,26.130048751831055,2.118187531237936,1.6045490000067275
47,clean,none,0,0,clean,clean,False,0.0,1.0,100.0,0.0,1.0,100.0,2.118187531237936,1.6045490000067275
48,clean,none,0,0,clean,clean,False,0.0,1.0,100.0,0.0,1.0,100.0,2.118187531237936,1.6045490000067275
49,salt_pepper,medium,1,1,salt_pepper,salt_pepper,False,0.054883334785699844,0.835540235042572,22.838403701782227,0.054883334785699844,0.835540235042572,22.838403701782227,2.118187531237936,1.6045490000067275
50,occlusion,medium,3,3,occlusion,occlusion,False,0.030724897980690002,0.8513358235359192,24.74768829345703,0.030724897980690002,0.8513358235359192,24.74768829345703,2.118187531237936,1.6045490000067275
51,clean,none,0,0,clean,clean,False,0.0,1.0,100.0,0.0,1.0,100.0,2.118187531237936,1.6045490000067275
52,occlusion,high,3,3,occlusion,occlusion,False,0.045193567872047424,0.8258760571479797,23.24785041809082,0.045193567872047424,0.8258760571479797,23.24785041809082,2.118187531237936,1.6045490000067275
53,salt_pepper,medium,1,1,salt_pepper,salt_pepper,False,0.05215243622660637,0.8343946933746338,22.642822265625,0.05215243622660637,0.8343946933746338,22.642822265625,2.118187531237936,1.6045490000067275
54,clean,none,0,0,clean,clean,False,0.0,1.0,100.0,0.0,1.0,100.0,2.118187531237936,1.6045490000067275
55,salt_pepper,high,1,1,salt_pepper,salt_pepper,False,0.054094258695840836,0.7430282235145569,22.65230941772461,0.054094258695840836,0.7430282235145569,22.65230941772461,2.118187531237936,1.6045490000067275
56,occlusion,high,3,3,occlusion,occlusion,False,0.03662971034646034,0.7283945679664612,23.935646057128906,0.03662971034646034,0.7283945679664612,23.935646057128906,2.118187531237936,1.6045490000067275
57,salt_pepper,medium,1,1,salt_pepper,salt_pepper,False,0.09252360463142395,0.6960474848747253,17.27541732788086,0.09252360463142395,0.6960474848747253,17.27541732788086,2.118187531237936,1.6045490000067275
58,blur,low,2,2,blur,blur,False,0.03277919068932533,0.8145841956138611,25.526016235351562,0.03277919068932533,0.8145841956138611,25.526016235351562,2.118187531237936,1.6045490000067275
59,clean,none,0,0,clean,clean,False,0.0,1.0,100.0,0.0,1.0,100.0,2.118187531237936,1.6045490000067275
60,clean,none,0,0,clean,clean,False,0.0,1.0,100.0,0.0,1.0,100.0,2.118187531237936,1.6045490000067275
61,salt_pepper,low,1,1,salt_pepper,salt_pepper,False,0.04321427270770073,0.904883861541748,22.875268936157227,0.04321427270770073,0.904883861541748,22.875268936157227,2.118187531237936,1.6045490000067275
62,blur,high,2,2,blur,blur,False,0.07498440891504288,0.7965734601020813,20.51823616027832,0.07498440891504288,0.7965734601020813,20.51823616027832,2.118187531237936,1.6045490000067275
63,blur,medium,2,2,blur,blur,False,0.04685479775071144,0.8346582055091858,24.700393676757812,0.04685479775071144,0.8346582055091858,24.700393676757812,2.118187531237936,1.6045490000067275
64,salt_pepper,medium,1,1,salt_pepper,salt_pepper,False,0.046278923749923706,0.8272685408592224,24.054546356201172,0.046278923749923706,0.8272685408592224,24.054546356201172,2.0958029062398964,1.7697665937532747
65,clean,none,0,0,clean,clean,False,0.0,1.0,100.0,0.0,1.0,100.0,2.0958029062398964,1.7697665937532747
66,blur,medium,2,2,blur,blur,False,0.09671440720558167,0.8452404141426086,18.351232528686523,0.09671440720558167,0.8452404141426086,18.351232528686523,2.0958029062398964,1.7697665937532747
67,clean,none,0,0,clean,clean,False,0.0,1.0,100.0,0.0,1.0,100.0,2.0958029062398964,1.7697665937532747
68,clean,none,0,0,clean,clean,False,0.0,1.0,100.0,0.0,1.0,100.0,2.0958029062398964,1.7697665937532747
69,clean,none,0,0,clean,clean,False,0.0,1.0,100.0,0.0,1.0,100.0,2.0958029062398964,1.7697665937532747
70,blur,medium,2,2,blur,blur,False,0.03761366382241249,0.8478406071662903,25.883596420288086,0.03761366382241249,0.8478406071662903,25.883596420288086,2.0958029062398964,1.7697665937532747
71,occlusion,low,3,3,occlusion,occlusion,False,0.059109192341566086,0.727541983127594,20.744169235229492,0.059109192341566086,0.727541983127594,20.744169235229492,2.0958029062398964,1.7697665937532747
72,blur,medium,2,2,blur,blur,False,0.04886801540851593,0.827578604221344,23.01874542236328,0.04886801540851593,0.827578604221344,23.01874542236328,2.0958029062398964,1.7697665937532747
73,occlusion,medium,3,3,occlusion,occlusion,False,0.08322867006063461,0.4752723276615143,18.672096252441406,0.08322867006063461,0.4752723276615143,18.672096252441406,2.0958029062398964,1.7697665937532747
74,salt_pepper,high,1,1,salt_pepper,salt_pepper,False,0.08644215017557144,0.8443789482116699,18.93894386291504,0.08644215017557144,0.8443789482116699,18.93894386291504,2.0958029062398964,1.7697665937532747
75,blur,low,2,2,blur,blur,False,0.06417667120695114,0.7483170628547668,20.32707977294922,0.06417667120695114,0.7483170628547668,20.32707977294922,2.0958029062398964,1.7697665937532747
76,occlusion,medium,3,3,occlusion,occlusion,False,0.05375328287482262,0.6873818039894104,21.609760284423828,0.05375328287482262,0.6873818039894104,21.609760284423828,2.0958029062398964,1.7697665937532747
77,salt_pepper,medium,1,1,salt_pepper,salt_pepper,False,0.06973389536142349,0.8951669335365295,21.136756896972656,0.06973389536142349,0.8951669335365295,21.136756896972656,2.0958029062398964,1.7697665937532747
78,salt_pepper,high,1,1,salt_pepper,salt_pepper,False,0.1097562238574028,0.7287829518318176,16.29046630859375,0.1097562238574028,0.7287829518318176,16.29046630859375,2.0958029062398964,1.7697665937532747
79,blur,high,2,2,blur,blur,False,0.07697094231843948,0.6220628619194031,19.05828285217285,0.07697094231843948,0.6220628619194031,19.05828285217285,2.0958029062398964,1.7697665937532747
80,salt_pepper,low,1,1,salt_pepper,salt_pepper,False,0.046514078974723816,0.8699910044670105,24.57796287536621,0.046514078974723816,0.8699910044670105,24.57796287536621,2.0958029062398964,1.7697665937532747
81,salt_pepper,medium,1,1,salt_pepper,salt_pepper,False,0.05925162136554718,0.8182938098907471,21.949230194091797,0.05925162136554718,0.8182938098907471,21.949230194091797,2.0958029062398964,1.7697665937532747
82,clean,none,0,0,clean,clean,False,0.0,1.0,100.0,0.0,1.0,100.0,2.0958029062398964,1.7697665937532747
83,occlusion,high,3,3,occlusion,occlusion,False,0.07820271700620651,0.4883619248867035,17.88545036315918,0.07820271700620651,0.4883619248867035,17.88545036315918,2.0958029062398964,1.7697665937532747
84,blur,medium,2,2,blur,blur,False,0.05859367176890373,0.646514892578125,22.071399688720703,0.05859367176890373,0.646514892578125,22.071399688720703,2.0958029062398964,1.7697665937532747
85,blur,high,2,2,blur,blur,False,0.056212108582258224,0.7706921100616455,22.169103622436523,0.056212108582258224,0.7706921100616455,22.169103622436523,2.0958029062398964,1.7697665937532747
86,salt_pepper,high,1,1,salt_pepper,salt_pepper,False,0.03464050590991974,0.8929182887077332,26.458847045898438,0.03464050590991974,0.8929182887077332,26.458847045898438,2.0958029062398964,1.7697665937532747
87,occlusion,medium,3,3,occlusion,occlusion,False,0.057644594460725784,0.6829622387886047,20.853233337402344,0.057644594460725784,0.6829622387886047,20.853233337402344,2.0958029062398964,1.7697665937532747
88,salt_pepper,medium,1,1,salt_pepper,salt_pepper,False,0.045295197516679764,0.8858566880226135,24.36199951171875,0.045295197516679764,0.8858566880226135,24.36199951171875,2.0958029062398964,1.7697665937532747
89,occlusion,medium,3,3,occlusion,occlusion,False,0.0567387156188488,0.6816207766532898,20.603588104248047,0.0567387156188488,0.6816207766532898,20.603588104248047,2.0958029062398964,1.7697665937532747
90,occlusion,high,3,3,occlusion,occlusion,False,0.06133386865258217,0.6045225262641907,21.24688148498535,0.06133386865258217,0.6045225262641907,21.24688148498535,2.0958029062398964,1.7697665937532747
91,salt_pepper,low,1,1,salt_pepper,salt_pepper,False,0.03737233206629753,0.8613956570625305,24.874977111816406,0.03737233206629753,0.8613956570625305,24.874977111816406,2.0958029062398964,1.7697665937532747
92,salt_pepper,medium,1,1,salt_pepper,salt_pepper,False,0.05901426449418068,0.8142216205596924,22.48073387145996,0.05901426449418068,0.8142216205596924,22.48073387145996,2.0958029062398964,1.7697665937532747
93,occlusion,medium,3,3,occlusion,occlusion,False,0.03721804916858673,0.756619930267334,23.779781341552734,0.03721804916858673,0.756619930267334,23.779781341552734,2.0958029062398964,1.7697665937532747
94,occlusion,high,3,3,occlusion,occlusion,False,0.0587632916867733,0.6578331589698792,21.506452560424805,0.0587632916867733,0.6578331589698792,21.506452560424805,2.0958029062398964,1.7697665937532747
95,occlusion,low,3,3,occlusion,occlusion,False,0.06086990237236023,0.6948767304420471,20.523263931274414,0.06086990237236023,0.6948767304420471,20.523263931274414,2.0958029062398964,1.7697665937532747
96,salt_pepper,medium,1,1,salt_pepper,salt_pepper,False,0.08274485915899277,0.7446315884590149,19.03898048400879,0.08274485915899277,0.7446315884590149,19.03898048400879,1.73626728127374,1.5473037499873499
97,blur,high,2,2,blur,blur,False,0.048461947590112686,0.888009250164032,24.118745803833008,0.048461947590112686,0.888009250164032,24.118745803833008,1.73626728127374,1.5473037499873499
98,clean,none,0,0,clean,clean,False,0.0,1.0,100.0,0.0,1.0,100.0,1.73626728127374,1.5473037499873499
99,occlusion,high,3,3,occlusion,occlusion,False,0.08991029858589172,0.5674216151237488,17.11347198486328,0.08991029858589172,0.5674216151237488,17.11347198486328,1.73626728127374,1.5473037499873499
100,salt_pepper,medium,1,1,salt_pepper,salt_pepper,False,0.03286374360322952,0.8843221068382263,26.974008560180664,0.03286374360322952,0.8843221068382263,26.974008560180664,1.73626728127374,1.5473037499873499
101,blur,low,2,2,blur,blur,False,0.06836991757154465,0.6470524668693542,21.090415954589844,0.06836991757154465,0.6470524668693542,21.090415954589844,1.73626728127374,1.5473037499873499
102,salt_pepper,low,1,1,salt_pepper,salt_pepper,False,0.03530025854706764,0.8527881503105164,26.044958114624023,0.03530025854706764,0.8527881503105164,26.044958114624023,1.73626728127374,1.5473037499873499
103,occlusion,low,3,3,occlusion,occlusion,False,0.05554046109318733,0.760878324508667,21.907197952270508,0.05554046109318733,0.760878324508667,21.907197952270508,1.73626728127374,1.5473037499873499
104,salt_pepper,high,1,1,salt_pepper,salt_pepper,False,0.03696456924080849,0.8869960904121399,24.610172271728516,0.03696456924080849,0.8869960904121399,24.610172271728516,1.73626728127374,1.5473037499873499
105,salt_pepper,low,1,1,salt_pepper,salt_pepper,False,0.03665376082062721,0.8668835759162903,26.307966232299805,0.03665376082062721,0.8668835759162903,26.307966232299805,1.73626728127374,1.5473037499873499
106,clean,none,0,0,clean,clean,False,0.0,1.0,100.0,0.0,1.0,100.0,1.73626728127374,1.5473037499873499
107,salt_pepper,high,1,1,salt_pepper,salt_pepper,False,0.035421308130025864,0.8813744187355042,25.76645851135254,0.035421308130025864,0.8813744187355042,25.76645851135254,1.73626728127374,1.5473037499873499
108,salt_pepper,high,1,1,salt_pepper,salt_pepper,False,0.04093139246106148,0.8393842577934265,24.244342803955078,0.04093139246106148,0.8393842577934265,24.244342803955078,1.73626728127374,1.5473037499873499
109,salt_pepper,low,1,1,salt_pepper,salt_pepper,False,0.03314600884914398,0.9091994166374207,27.00545310974121,0.03314600884914398,0.9091994166374207,27.00545310974121,1.73626728127374,1.5473037499873499
110,clean,none,0,0,clean,clean,False,0.0,1.0,100.0,0.0,1.0,100.0,1.73626728127374,1.5473037499873499
111,blur,medium,2,2,blur,blur,False,0.031311821192502975,0.9126139283180237,27.325626373291016,0.031311821192502975,0.9126139283180237,27.325626373291016,1.73626728127374,1.5473037499873499
112,clean,none,0,0,clean,clean,False,0.0,1.0,100.0,0.0,1.0,100.0,1.73626728127374,1.5473037499873499
113,salt_pepper,high,1,1,salt_pepper,salt_pepper,False,0.04187964275479317,0.8777595162391663,23.99282455444336,0.04187964275479317,0.8777595162391663,23.99282455444336,1.73626728127374,1.5473037499873499
114,blur,high,2,2,blur,blur,False,0.045037638396024704,0.7389969825744629,24.01445770263672,0.045037638396024704,0.7389969825744629,24.01445770263672,1.73626728127374,1.5473037499873499
115,salt_pepper,low,1,1,salt_pepper,salt_pepper,False,0.04165394604206085,0.9060221314430237,23.038789749145508,0.04165394604206085,0.9060221314430237,23.038789749145508,1.73626728127374,1.5473037499873499
116,blur,medium,2,2,blur,blur,False,0.03649597242474556,0.8905970454216003,25.62626838684082,0.03649597242474556,0.8905970454216003,25.62626838684082,1.73626728127374,1.5473037499873499
117,blur,medium,2,2,blur,blur,False,0.0382571704685688,0.8840957283973694,25.092573165893555,0.0382571704685688,0.8840957283973694,25.092573165893555,1.73626728127374,1.5473037499873499
118,occlusion,medium,3,3,occlusion,occlusion,False,0.047516778111457825,0.7786419987678528,23.17254638671875,0.047516778111457825,0.7786419987678528,23.17254638671875,1.73626728127374,1.5473037499873499
119,occlusion,low,3,3,occlusion,occlusion,False,0.05887557938694954,0.7521779537200928,21.47547149658203,0.05887557938694954,0.7521779537200928,21.47547149658203,1.73626728127374,1.5473037499873499
120,blur,medium,2,2,blur,blur,False,0.048688676208257675,0.757044792175293,23.66948699951172,0.048688676208257675,0.757044792175293,23.66948699951172,1.73626728127374,1.5473037499873499
121,salt_pepper,high,1,1,salt_pepper,salt_pepper,False,0.0666886642575264,0.6972493529319763,20.86559295654297,0.0666886642575264,0.6972493529319763,20.86559295654297,1.73626728127374,1.5473037499873499
122,salt_pepper,high,1,1,salt_pepper,salt_pepper,False,0.04020291939377785,0.8995023369789124,26.1068115234375,0.04020291939377785,0.8995023369789124,26.1068115234375,1.73626728127374,1.5473037499873499
123,blur,medium,2,2,blur,blur,False,0.054523322731256485,0.8452835083007812,22.731101989746094,0.054523322731256485,0.8452835083007812,22.731101989746094,1.73626728127374,1.5473037499873499
124,occlusion,medium,3,3,occlusion,occlusion,False,0.057525694370269775,0.7567121386528015,21.34271812438965,0.057525694370269775,0.7567121386528015,21.34271812438965,1.73626728127374,1.5473037499873499
125,salt_pepper,medium,1,1,salt_pepper,salt_pepper,False,0.04829983785748482,0.8878583908081055,24.059446334838867,0.04829983785748482,0.8878583908081055,24.059446334838867,1.73626728127374,1.5473037499873499
126,occlusion,medium,3,3,occlusion,occlusion,False,0.05954773724079132,0.6664479374885559,22.00089454650879,0.05954773724079132,0.6664479374885559,22.00089454650879,1.73626728127374,1.5473037499873499
127,clean,none,0,0,clean,clean,False,0.0,1.0,100.0,0.0,1.0,100.0,1.73626728127374,1.5473037499873499
128,occlusion,medium,3,3,occlusion,occlusion,False,0.07291494309902191,0.7219374775886536,18.441198348999023,0.07291494309902191,0.721937358379364,18.441198348999023,1.3520881250030925,1.4194877187492239
129,clean,none,0,0,clean,clean,False,0.0,1.0,100.0,0.0,1.0,100.0,1.3520881250030925,1.4194877187492239
130,salt_pepper,high,1,1,salt_pepper,salt_pepper,False,0.06432440876960754,0.8339038491249084,19.899442672729492,0.06432440876960754,0.8339038491249084,19.899442672729492,1.3520881250030925,1.4194877187492239
131,blur,high,2,2,blur,blur,False,0.050391629338264465,0.74129319190979,23.0838565826416,0.050391629338264465,0.74129319190979,23.0838565826416,1.3520881250030925,1.4194877187492239
132,occlusion,medium,3,3,occlusion,occlusion,False,0.05710339918732643,0.6796894073486328,21.54881477355957,0.05710339918732643,0.6796896457672119,21.54881477355957,1.3520881250030925,1.4194877187492239
133,blur,medium,2,2,blur,blur,False,0.06446337699890137,0.7607734799385071,18.923904418945312,0.06446337699890137,0.7607734799385071,18.923904418945312,1.3520881250030925,1.4194877187492239
134,salt_pepper,medium,1,1,salt_pepper,salt_pepper,False,0.05107633396983147,0.7536895871162415,22.75503158569336,0.05107633396983147,0.7536895871162415,22.75503158569336,1.3520881250030925,1.4194877187492239
135,clean,none,0,0,clean,clean,False,0.0,1.0,100.0,0.0,1.0,100.0,1.3520881250030925,1.4194877187492239
136,clean,none,0,0,clean,clean,False,0.0,1.0,100.0,0.0,1.0,100.0,1.3520881250030925,1.4194877187492239
137,salt_pepper,high,1,1,salt_pepper,salt_pepper,False,0.0566706508398056,0.732248842716217,22.496002197265625,0.0566706508398056,0.732248842716217,22.496002197265625,1.3520881250030925,1.4194877187492239
138,blur,medium,2,2,blur,blur,False,0.055991217494010925,0.8097507357597351,22.328632354736328,0.055991217494010925,0.8097507357597351,22.328632354736328,1.3520881250030925,1.4194877187492239
139,occlusion,high,3,3,occlusion,occlusion,False,0.06330538541078568,0.67169189453125,19.693248748779297,0.06330540031194687,0.6716918349266052,19.693248748779297,1.3520881250030925,1.4194877187492239
140,clean,none,0,0,clean,clean,False,0.0,1.0,100.0,0.0,1.0,100.0,1.3520881250030925,1.4194877187492239
141,salt_pepper,high,1,1,salt_pepper,salt_pepper,False,0.04589902237057686,0.8134996294975281,24.015092849731445,0.04589902237057686,0.8134996294975281,24.015092849731445,1.3520881250030925,1.4194877187492239
142,clean,none,0,0,clean,clean,False,0.0,1.0,100.0,0.0,1.0,100.0,1.3520881250030925,1.4194877187492239
143,blur,low,2,2,blur,blur,False,0.04471777752041817,0.8642874360084534,24.68368148803711,0.04471777752041817,0.8642874360084534,24.68368148803711,1.3520881250030925,1.4194877187492239
144,blur,medium,2,2,blur,blur,False,0.08361486345529556,0.796809732913971,19.115314483642578,0.08361486345529556,0.796809732913971,19.115314483642578,1.3520881250030925,1.4194877187492239
145,blur,medium,2,2,blur,blur,False,0.048816632479429245,0.7556118965148926,23.175899505615234,0.048816632479429245,0.7556118965148926,23.175899505615234,1.3520881250030925,1.4194877187492239
146,occlusion,medium,3,3,occlusion,occlusion,False,0.06008806452155113,0.6751119494438171,19.98792839050293,0.06008807197213173,0.6751119494438171,19.987926483154297,1.3520881250030925,1.4194877187492239
147,occlusion,medium,3,3,occlusion,occlusion,False,0.040528759360313416,0.8141500353813171,24.315296173095703,0.040528759360313416,0.8141500949859619,24.315298080444336,1.3520881250030925,1.4194877187492239
148,salt_pepper,medium,1,1,salt_pepper,salt_pepper,False,0.06030884385108948,0.7938356399536133,22.387435913085938,0.06030884385108948,0.7938356399536133,22.387435913085938,1.3520881250030925,1.4194877187492239
149,blur,low,2,2,blur,blur,False,0.05219659581780434,0.7725228667259216,22.268075942993164,0.05219659581780434,0.7725228667259216,22.268075942993164,1.3520881250030925,1.4194877187492239
150,blur,high,2,2,blur,blur,False,0.05956867337226868,0.7235991358757019,21.966171264648438,0.05956867337226868,0.7235991358757019,21.966171264648438,1.3520881250030925,1.4194877187492239
151,salt_pepper,high,1,1,salt_pepper,salt_pepper,False,0.04883015155792236,0.8887675404548645,23.130046844482422,0.04883015155792236,0.8887675404548645,23.130046844482422,1.3520881250030925,1.4194877187492239
152,occlusion,low,3,0,occlusion,clean,True,0.01730167306959629,0.8848116993904114,24.185888290405273,0.037945233285427094,0.8070559501647949,25.705780029296875,1.3520881250030925,1.4194877187492239
153,salt_pepper,low,1,1,salt_pepper,salt_pepper,False,0.05014856532216072,0.8395369648933411,23.815526962280273,0.05014856532216072,0.8395369648933411,23.815526962280273,1.3520881250030925,1.4194877187492239
154,blur,low,2,2,blur,blur,False,0.03989800810813904,0.7553786635398865,24.65634536743164,0.03989800810813904,0.7553786635398865,24.65634536743164,1.3520881250030925,1.4194877187492239
155,salt_pepper,high,1,1,salt_pepper,salt_pepper,False,0.0666263997554779,0.8186798691749573,20.578235626220703,0.0666263997554779,0.8186798691749573,20.578235626220703,1.3520881250030925,1.4194877187492239
156,occlusion,low,3,0,occlusion,clean,True,0.03184806928038597,0.8934283256530762,18.618148803710938,0.0707658976316452,0.5781922340393066,20.29669952392578,1.3520881250030925,1.4194877187492239
157,clean,none,0,0,clean,clean,False,0.0,1.0,100.0,0.0,1.0,100.0,1.3520881250030925,1.4194877187492239
158,occlusion,medium,3,3,occlusion,occlusion,False,0.056758683174848557,0.7139921188354492,20.32076072692871,0.05675869062542915,0.713992178440094,20.320758819580078,1.3520881250030925,1.4194877187492239
159,occlusion,low,3,3,occlusion,occlusion,False,0.0435229130089283,0.7844941020011902,23.110675811767578,0.043522909283638,0.7844942212104797,23.11067771911621,1.3520881250030925,1.4194877187492239
160,occlusion,low,3,3,occlusion,occlusion,False,0.05529420077800751,0.7194573879241943,21.429447174072266,0.05529420077800751,0.7194573879241943,21.429447174072266,2.6026585625231746,1.6878920937699604
161,salt_pepper,medium,1,1,salt_pepper,salt_pepper,False,0.05643067881464958,0.8714490532875061,21.70792579650879,0.05643067881464958,0.8714490532875061,21.70792579650879,2.6026585625231746,1.6878920937699604
162,clean,none,0,0,clean,clean,False,0.0,1.0,100.0,0.0,1.0,100.0,2.6026585625231746,1.6878920937699604
163,blur,medium,2,2,blur,blur,False,0.15328271687030792,0.5091220736503601,14.752130508422852,0.15328271687030792,0.5091220736503601,14.752130508422852,2.6026585625231746,1.6878920937699604
164,occlusion,medium,3,3,occlusion,occlusion,False,0.12430918216705322,0.5013911724090576,15.796863555908203,0.12430918216705322,0.5013911724090576,15.796863555908203,2.6026585625231746,1.6878920937699604
165,clean,none,0,0,clean,clean,False,0.0,1.0,100.0,0.0,1.0,100.0,2.6026585625231746,1.6878920937699604
166,blur,medium,2,2,blur,blur,False,0.055454984307289124,0.8536336421966553,23.06285858154297,0.055454984307289124,0.8536336421966553,23.06285858154297,2.6026585625231746,1.6878920937699604
167,clean,none,0,0,clean,clean,False,0.0,1.0,100.0,0.0,1.0,100.0,2.6026585625231746,1.6878920937699604
168,blur,low,2,2,blur,blur,False,0.06594256311655045,0.7199952006340027,21.52366828918457,0.06594256311655045,0.7199952006340027,21.52366828918457,2.6026585625231746,1.6878920937699604
169,salt_pepper,high,1,1,salt_pepper,salt_pepper,False,0.055981140583753586,0.7839570045471191,21.82126808166504,0.055981140583753586,0.7839570045471191,21.82126808166504,2.6026585625231746,1.6878920937699604
170,blur,medium,2,2,blur,blur,False,0.04789595678448677,0.8724921345710754,23.645000457763672,0.04789595678448677,0.8724921345710754,23.645000457763672,2.6026585625231746,1.6878920937699604
171,clean,none,0,0,clean,clean,False,0.0,1.0,100.0,0.0,1.0,100.0,2.6026585625231746,1.6878920937699604
172,blur,high,2,2,blur,blur,False,0.03687446936964989,0.8546279072761536,25.444778442382812,0.03687446936964989,0.8546279072761536,25.444778442382812,2.6026585625231746,1.6878920937699604
173,clean,none,0,0,clean,clean,False,0.0,1.0,100.0,0.0,1.0,100.0,2.6026585625231746,1.6878920937699604
174,occlusion,medium,3,3,occlusion,occlusion,False,0.058639440685510635,0.6409453749656677,19.7221736907959,0.058639440685510635,0.6409453749656677,19.7221736907959,2.6026585625231746,1.6878920937699604
175,blur,low,2,2,blur,blur,False,0.07137753814458847,0.6917139887809753,20.98283576965332,0.07137753814458847,0.6917139887809753,20.98283576965332,2.6026585625231746,1.6878920937699604
176,occlusion,high,3,3,occlusion,occlusion,False,0.07189803570508957,0.6798644065856934,19.45569610595703,0.07189803570508957,0.6798644065856934,19.45569610595703,2.6026585625231746,1.6878920937699604
177,clean,none,0,0,clean,clean,False,0.0,1.0,100.0,0.0,1.0,100.0,2.6026585625231746,1.6878920937699604
178,salt_pepper,low,1,1,salt_pepper,salt_pepper,False,0.058522384613752365,0.8407859206199646,21.76828384399414,0.058522384613752365,0.8407859206199646,21.76828384399414,2.6026585625231746,1.6878920937699604
179,salt_pepper,medium,1,1,salt_pepper,salt_pepper,False,0.059935037046670914,0.7918568253517151,21.90823745727539,0.059935037046670914,0.7918568253517151,21.90823745727539,2.6026585625231746,1.6878920937699604
180,salt_pepper,high,1,1,salt_pepper,salt_pepper,False,0.06883581727743149,0.7546527981758118,20.215513229370117,0.06883581727743149,0.7546527981758118,20.215513229370117,2.6026585625231746,1.6878920937699604
181,blur,medium,2,2,blur,blur,False,0.045283809304237366,0.8589648604393005,24.155580520629883,0.045283809304237366,0.8589648604393005,24.155580520629883,2.6026585625231746,1.6878920937699604
182,salt_pepper,low,1,1,salt_pepper,salt_pepper,False,0.051677171140909195,0.8245936036109924,22.051586151123047,0.051677171140909195,0.8245936036109924,22.051586151123047,2.6026585625231746,1.6878920937699604
183,blur,low,2,2,blur,blur,False,0.05604996159672737,0.7491344809532166,22.676965713500977,0.05604996159672737,0.7491344809532166,22.676965713500977,2.6026585625231746,1.6878920937699604
184,blur,high,2,2,blur,blur,False,0.04291422665119171,0.8336288928985596,24.687726974487305,0.04291422665119171,0.8336288928985596,24.687726974487305,2.6026585625231746,1.6878920937699604
185,salt_pepper,low,1,1,salt_pepper,salt_pepper,False,0.08270830661058426,0.6507749557495117,17.51470375061035,0.08270830661058426,0.6507749557495117,17.51470375061035,2.6026585625231746,1.6878920937699604
186,salt_pepper,high,1,1,salt_pepper,salt_pepper,False,0.11851828545331955,0.755580723285675,14.819560050964355,0.11851828545331955,0.755580723285675,14.819560050964355,2.6026585625231746,1.6878920937699604
187,clean,none,0,0,clean,clean,False,0.0,1.0,100.0,0.0,1.0,100.0,2.6026585625231746,1.6878920937699604
188,clean,none,0,0,clean,clean,False,0.0,1.0,100.0,0.0,1.0,100.0,2.6026585625231746,1.6878920937699604
189,clean,none,0,0,clean,clean,False,0.0,1.0,100.0,0.0,1.0,100.0,2.6026585625231746,1.6878920937699604
190,blur,medium,2,2,blur,blur,False,0.0580124668776989,0.8947983384132385,20.32008934020996,0.0580124668776989,0.8947983384132385,20.32008934020996,2.6026585625231746,1.6878920937699604
191,blur,high,2,2,blur,blur,False,0.05348699167370796,0.7647593021392822,22.726667404174805,0.05348699167370796,0.7647593021392822,22.726667404174805,2.6026585625231746,1.6878920937699604
192,blur,medium,2,2,blur,blur,False,0.04006996005773544,0.8620379567146301,25.136493682861328,0.04006996005773544,0.8620379567146301,25.136493682861328,1.5609862812482334,1.5619172812364468
193,blur,medium,2,2,blur,blur,False,0.09976204484701157,0.745607852935791,17.132137298583984,0.09976204484701157,0.745607852935791,17.132137298583984,1.5609862812482334,1.5619172812364468
194,blur,low,2,2,blur,blur,False,0.09000293165445328,0.7430593371391296,18.831298828125,0.09000293165445328,0.7430593371391296,18.831298828125,1.5609862812482334,1.5619172812364468
195,blur,high,2,2,blur,blur,False,0.05228989198803902,0.7517469525337219,23.35767936706543,0.05228989198803902,0.7517469525337219,23.35767936706543,1.5609862812482334,1.5619172812364468
196,occlusion,high,3,3,occlusion,occlusion,False,0.05342229828238487,0.7172037959098816,20.91716766357422,0.05342229828238487,0.7172037959098816,20.91716766357422,1.5609862812482334,1.5619172812364468
197,occlusion,high,3,3,occlusion,occlusion,False,0.05405817925930023,0.722475528717041,21.164142608642578,0.05405817925930023,0.722475528717041,21.164142608642578,1.5609862812482334,1.5619172812364468
198,salt_pepper,high,1,1,salt_pepper,salt_pepper,False,0.0520341657102108,0.7916048169136047,22.402379989624023,0.0520341657102108,0.7916048169136047,22.402379989624023,1.5609862812482334,1.5619172812364468
199,salt_pepper,high,1,1,salt_pepper,salt_pepper,False,0.03892156854271889,0.8782460689544678,25.646066665649414,0.03892156854271889,0.8782460689544678,25.646066665649414,1.5609862812482334,1.5619172812364468
200,occlusion,high,3,3,occlusion,occlusion,False,0.06844650954008102,0.6328371167182922,19.805871963500977,0.06844650954008102,0.6328371167182922,19.805871963500977,1.5609862812482334,1.5619172812364468
201,clean,none,0,0,clean,clean,False,0.0,1.0,100.0,0.0,1.0,100.0,1.5609862812482334,1.5619172812364468
202,blur,low,2,2,blur,blur,False,0.042487096041440964,0.9166082739830017,24.59378433227539,0.042487096041440964,0.9166082739830017,24.59378433227539,1.5609862812482334,1.5619172812364468
203,occlusion,low,3,3,occlusion,occlusion,False,0.05202711746096611,0.7521944642066956,22.671733856201172,0.05202711746096611,0.7521944642066956,22.671733856201172,1.5609862812482334,1.5619172812364468
204,salt_pepper,medium,1,1,salt_pepper,salt_pepper,False,0.053821880370378494,0.7194082140922546,23.106708526611328,0.053821880370378494,0.7194082140922546,23.106708526611328,1.5609862812482334,1.5619172812364468
205,salt_pepper,high,1,1,salt_pepper,salt_pepper,False,0.0613337866961956,0.6838557124137878,21.155977249145508,0.0613337866961956,0.6838557124137878,21.155977249145508,1.5609862812482334,1.5619172812364468
206,occlusion,high,3,3,occlusion,occlusion,False,0.05344401299953461,0.6226968169212341,21.208438873291016,0.05344401299953461,0.6226968169212341,21.208438873291016,1.5609862812482334,1.5619172812364468
207,salt_pepper,medium,1,1,salt_pepper,salt_pepper,False,0.05489961430430412,0.8157299160957336,22.886560440063477,0.05489961430430412,0.8157299160957336,22.886560440063477,1.5609862812482334,1.5619172812364468
208,salt_pepper,medium,1,1,salt_pepper,salt_pepper,False,0.03631915897130966,0.8097071647644043,25.43985366821289,0.03631915897130966,0.8097071647644043,25.43985366821289,1.5609862812482334,1.5619172812364468
209,salt_pepper,low,1,1,salt_pepper,salt_pepper,False,0.09414265304803848,0.7012084126472473,18.73291778564453,0.09414265304803848,0.7012084126472473,18.73291778564453,1.5609862812482334,1.5619172812364468
210,clean,none,0,0,clean,clean,False,0.0,1.0,100.0,0.0,1.0,100.0,1.5609862812482334,1.5619172812364468
211,blur,low,2,2,blur,blur,False,0.07159674912691116,0.6859526634216309,20.9964599609375,0.07159674912691116,0.6859526634216309,20.9964599609375,1.5609862812482334,1.5619172812364468
212,occlusion,high,3,3,occlusion,occlusion,False,0.05523035302758217,0.6091337203979492,20.99898338317871,0.05523035302758217,0.6091337203979492,20.99898338317871,1.5609862812482334,1.5619172812364468
213,occlusion,low,3,3,occlusion,occlusion,False,0.03797198086977005,0.7801396250724792,24.515472412109375,0.03797198086977005,0.7801396250724792,24.515472412109375,1.5609862812482334,1.5619172812364468
214,blur,medium,2,2,blur,blur,False,0.06452416628599167,0.7854102253913879,21.789325714111328,0.06452416628599167,0.7854102253913879,21.789325714111328,1.5609862812482334,1.5619172812364468
215,salt_pepper,high,1,1,salt_pepper,salt_pepper,False,0.09512358903884888,0.6482739448547363,18.129961013793945,0.09512358903884888,0.6482739448547363,18.129961013793945,1.5609862812482334,1.5619172812364468
216,clean,none,0,0,clean,clean,False,0.0,1.0,100.0,0.0,1.0,100.0,1.5609862812482334,1.5619172812364468
217,salt_pepper,low,1,1,salt_pepper,salt_pepper,False,0.0749860629439354,0.7360299229621887,19.279081344604492,0.0749860629439354,0.7360299229621887,19.279081344604492,1.5609862812482334,1.5619172812364468
218,salt_pepper,high,1,1,salt_pepper,salt_pepper,False,0.055391013622283936,0.6655586361885071,22.731199264526367,0.055391013622283936,0.6655586361885071,22.731199264526367,1.5609862812482334,1.5619172812364468
219,clean,none,0,0,clean,clean,False,0.0,1.0,100.0,0.0,1.0,100.0,1.5609862812482334,1.5619172812364468
220,occlusion,low,3,3,occlusion,occlusion,False,0.039040956646203995,0.8266586661338806,24.255062103271484,0.039040956646203995,0.8266586661338806,24.255062103271484,1.5609862812482334,1.5619172812364468
221,clean,none,0,0,clean,clean,False,0.0,1.0,100.0,0.0,1.0,100.0,1.5609862812482334,1.5619172812364468
222,blur,low,2,2,blur,blur,False,0.049705516546964645,0.8088788390159607,23.902742385864258,0.049705516546964645,0.8088788390159607,23.902742385864258,1.5609862812482334,1.5619172812364468
223,clean,none,0,0,clean,clean,False,0.0,1.0,100.0,0.0,1.0,100.0,1.5609862812482334,1.5619172812364468
224,occlusion,low,3,0,occlusion,clean,True,0.012303810566663742,0.8903820514678955,26.657011032104492,0.04437896981835365,0.7818231582641602,23.908443450927734,1.3846456874944124,1.4387138749896167
225,clean,none,0,0,clean,clean,False,0.0,1.0,100.0,0.0,1.0,100.0,1.3846456874944124,1.4387138749896167
226,occlusion,medium,3,3,occlusion,occlusion,False,0.03229125961661339,0.793057918548584,25.169963836669922,0.03229125961661339,0.793057918548584,25.169963836669922,1.3846456874944124,1.4387138749896167
227,salt_pepper,high,1,1,salt_pepper,salt_pepper,False,0.08726929873228073,0.6877978444099426,18.544248580932617,0.08726929873228073,0.6877978444099426,18.544248580932617,1.3846456874944124,1.4387138749896167
228,occlusion,medium,3,3,occlusion,occlusion,False,0.04298282042145729,0.7131104469299316,23.83220863342285,0.04298282042145729,0.7131104469299316,23.83220863342285,1.3846456874944124,1.4387138749896167
229,occlusion,low,3,3,occlusion,occlusion,False,0.064704529941082,0.6569090485572815,19.57185173034668,0.064704529941082,0.6569090485572815,19.57185173034668,1.3846456874944124,1.4387138749896167
230,clean,none,0,0,clean,clean,False,0.0,1.0,100.0,0.0,1.0,100.0,1.3846456874944124,1.4387138749896167
231,blur,high,2,2,blur,blur,False,0.10265370458364487,0.5203756093978882,17.960086822509766,0.10265370458364487,0.5203756093978882,17.960086822509766,1.3846456874944124,1.4387138749896167
232,salt_pepper,medium,1,1,salt_pepper,salt_pepper,False,0.0553937666118145,0.7507069110870361,21.920499801635742,0.0553937666118145,0.7507069110870361,21.920499801635742,1.3846456874944124,1.4387138749896167
233,salt_pepper,high,1,1,salt_pepper,salt_pepper,False,0.06178338825702667,0.8421748280525208,20.8602352142334,0.06178338825702667,0.8421748280525208,20.8602352142334,1.3846456874944124,1.4387138749896167
234,blur,high,2,2,blur,blur,False,0.0950450524687767,0.5883176922798157,17.775489807128906,0.0950450524687767,0.5883176922798157,17.775489807128906,1.3846456874944124,1.4387138749896167
235,blur,high,2,2,blur,blur,False,0.11603284627199173,0.5704513192176819,15.652588844299316,0.11603284627199173,0.5704513192176819,15.652588844299316,1.3846456874944124,1.4387138749896167
236,occlusion,low,3,3,occlusion,occlusion,False,0.030161814764142036,0.8284027576446533,26.98822784423828,0.030161814764142036,0.8284027576446533,26.98822784423828,1.3846456874944124,1.4387138749896167
237,blur,high,2,2,blur,blur,False,0.04686899110674858,0.8041915893554688,23.827526092529297,0.04686899110674858,0.8041915893554688,23.827526092529297,1.3846456874944124,1.4387138749896167
238,blur,high,2,2,blur,blur,False,0.07674796134233475,0.6355413794517517,20.314123153686523,0.07674796134233475,0.6355413794517517,20.314123153686523,1.3846456874944124,1.4387138749896167
239,clean,none,0,0,clean,clean,False,0.0,1.0,100.0,0.0,1.0,100.0,1.3846456874944124,1.4387138749896167
240,clean,none,0,0,clean,clean,False,0.0,1.0,100.0,0.0,1.0,100.0,1.3846456874944124,1.4387138749896167
241,blur,medium,2,2,blur,blur,False,0.06956461817026138,0.7621707916259766,20.986948013305664,0.06956461817026138,0.7621707916259766,20.986948013305664,1.3846456874944124,1.4387138749896167
242,occlusion,low,3,3,occlusion,occlusion,False,0.07823877036571503,0.6332610249519348,18.820213317871094,0.07823877036571503,0.6332610249519348,18.820213317871094,1.3846456874944124,1.4387138749896167
243,occlusion,medium,3,3,occlusion,occlusion,False,0.05898250639438629,0.6871296763420105,21.505002975463867,0.05898250639438629,0.6871296763420105,21.505002975463867,1.3846456874944124,1.4387138749896167
244,blur,low,2,2,blur,blur,False,0.08230599015951157,0.7486793994903564,19.8051700592041,0.08230599015951157,0.7486793994903564,19.8051700592041,1.3846456874944124,1.4387138749896167
245,salt_pepper,low,1,1,salt_pepper,salt_pepper,False,0.06930921226739883,0.82011479139328,20.2952938079834,0.06930921226739883,0.82011479139328,20.2952938079834,1.3846456874944124,1.4387138749896167
246,blur,medium,2,2,blur,blur,False,0.06803914904594421,0.6732887625694275,20.59646224975586,0.06803914904594421,0.6732887625694275,20.59646224975586,1.3846456874944124,1.4387138749896167
247,blur,low,2,2,blur,blur,False,0.09009414911270142,0.7024043202400208,18.299427032470703,0.09009414911270142,0.7024043202400208,18.299427032470703,1.3846456874944124,1.4387138749896167
248,salt_pepper,high,1,1,salt_pepper,salt_pepper,False,0.04838156700134277,0.8556411862373352,23.248554229736328,0.04838156700134277,0.8556411862373352,23.248554229736328,1.3846456874944124,1.4387138749896167
249,salt_pepper,low,1,1,salt_pepper,salt_pepper,False,0.06048082932829857,0.8156318664550781,21.35369110107422,0.06048082932829857,0.8156318664550781,21.35369110107422,1.3846456874944124,1.4387138749896167
250,salt_pepper,medium,1,1,salt_pepper,salt_pepper,False,0.06694737821817398,0.7591682076454163,21.751209259033203,0.06694737821817398,0.7591682076454163,21.751209259033203,1.3846456874944124,1.4387138749896167
251,occlusion,medium,3,3,occlusion,occlusion,False,0.06327449530363083,0.7601757049560547,20.3494815826416,0.06327449530363083,0.7601757049560547,20.3494815826416,1.3846456874944124,1.4387138749896167
252,occlusion,high,3,3,occlusion,occlusion,False,0.07760205119848251,0.579773485660553,18.679826736450195,0.07760205119848251,0.579773485660553,18.679826736450195,1.3846456874944124,1.4387138749896167
253,salt_pepper,high,1,1,salt_pepper,salt_pepper,False,0.07287552207708359,0.8100621700286865,20.731719970703125,0.07287552207708359,0.8100621700286865,20.731719970703125,1.3846456874944124,1.4387138749896167
254,salt_pepper,low,1,1,salt_pepper,salt_pepper,False,0.07718660682439804,0.6817483901977539,19.872087478637695,0.07718660682439804,0.6817483901977539,19.872087478637695,1.3846456874944124,1.4387138749896167
255,clean,none,0,0,clean,clean,False,0.0,1.0,100.0,0.0,1.0,100.0,1.3846456874944124,1.4387138749896167
256,salt_pepper,medium,1,1,salt_pepper,salt_pepper,False,0.04259364679455757,0.8206465840339661,24.43712043762207,0.04259364679455757,0.8206465840339661,24.43712043762207,1.2943470624975362,1.2800814999991417
257,clean,none,0,0,clean,clean,False,0.0,1.0,100.0,0.0,1.0,100.0,1.2943470624975362,1.2800814999991417
258,clean,none,0,0,clean,clean,False,0.0,1.0,100.0,0.0,1.0,100.0,1.2943470624975362,1.2800814999991417
259,salt_pepper,low,1,1,salt_pepper,salt_pepper,False,0.04371584579348564,0.7851870656013489,24.55173683166504,0.04371584579348564,0.7851870656013489,24.55173683166504,1.2943470624975362,1.2800814999991417
260,clean,none,0,0,clean,clean,False,0.0,1.0,100.0,0.0,1.0,100.0,1.2943470624975362,1.2800814999991417
261,salt_pepper,low,1,1,salt_pepper,salt_pepper,False,0.05866040289402008,0.6051438450813293,22.191390991210938,0.05866040289402008,0.6051438450813293,22.191390991210938,1.2943470624975362,1.2800814999991417
262,occlusion,low,3,3,occlusion,occlusion,False,0.061325084418058395,0.7573606371879578,21.29256248474121,0.061325084418058395,0.7573606371879578,21.29256248474121,1.2943470624975362,1.2800814999991417
263,clean,none,0,0,clean,clean,False,0.0,1.0,100.0,0.0,1.0,100.0,1.2943470624975362,1.2800814999991417
264,salt_pepper,low,1,1,salt_pepper,salt_pepper,False,0.11484257131814957,0.7221142649650574,15.864974021911621,0.11484257131814957,0.7221142649650574,15.864974021911621,1.2943470624975362,1.2800814999991417
265,clean,none,0,0,clean,clean,False,0.0,1.0,100.0,0.0,1.0,100.0,1.2943470624975362,1.2800814999991417
266,salt_pepper,low,1,1,salt_pepper,salt_pepper,False,0.027973562479019165,0.9595673084259033,28.760547637939453,0.027973562479019165,0.9595673084259033,28.760547637939453,1.2943470624975362,1.2800814999991417
267,clean,none,0,0,clean,clean,False,0.0,1.0,100.0,0.0,1.0,100.0,1.2943470624975362,1.2800814999991417
268,occlusion,medium,3,3,occlusion,occlusion,False,0.07086200267076492,0.5656643509864807,20.42470932006836,0.07086200267076492,0.5656643509864807,20.42470932006836,1.2943470624975362,1.2800814999991417
269,occlusion,high,3,3,occlusion,occlusion,False,0.0497220940887928,0.6157330870628357,21.097393035888672,0.0497220940887928,0.6157330870628357,21.097393035888672,1.2943470624975362,1.2800814999991417
270,blur,low,2,2,blur,blur,False,0.09966760873794556,0.6989585757255554,17.43622589111328,0.09966760873794556,0.6989585757255554,17.43622589111328,1.2943470624975362,1.2800814999991417
271,blur,low,2,2,blur,blur,False,0.07586164027452469,0.7679817080497742,19.754106521606445,0.07586164027452469,0.7679817080497742,19.754106521606445,1.2943470624975362,1.2800814999991417
272,blur,low,2,2,blur,blur,False,0.07811494916677475,0.7090933918952942,19.964176177978516,0.07811494916677475,0.7090933918952942,19.964176177978516,1.2943470624975362,1.2800814999991417
273,blur,high,2,2,blur,blur,False,0.0660976693034172,0.7002112865447998,20.930099487304688,0.0660976693034172,0.7002112865447998,20.930099487304688,1.2943470624975362,1.2800814999991417
274,blur,medium,2,2,blur,blur,False,0.0597202330827713,0.782448947429657,22.214481353759766,0.0597202330827713,0.782448947429657,22.214481353759766,1.2943470624975362,1.2800814999991417
275,occlusion,low,3,3,occlusion,occlusion,False,0.04156221076846123,0.7971135973930359,24.800453186035156,0.04156221076846123,0.7971135973930359,24.800453186035156,1.2943470624975362,1.2800814999991417
276,clean,none,0,0,clean,clean,False,0.0,1.0,100.0,0.0,1.0,100.0,1.2943470624975362,1.2800814999991417
277,salt_pepper,low,1,1,salt_pepper,salt_pepper,False,0.06381160020828247,0.7851572036743164,21.730743408203125,0.06381160020828247,0.7851572036743164,21.730743408203125,1.2943470624975362,1.2800814999991417
278,salt_pepper,high,1,1,salt_pepper,salt_pepper,False,0.03230314329266548,0.8277987837791443,26.666906356811523,0.03230314329266548,0.8277987837791443,26.666906356811523,1.2943470624975362,1.2800814999991417
279,salt_pepper,low,1,1,salt_pepper,salt_pepper,False,0.07296150177717209,0.7670859694480896,19.508804321289062,0.07296150177717209,0.7670859694480896,19.508804321289062,1.2943470624975362,1.2800814999991417
280,blur,high,2,2,blur,blur,False,0.06743127107620239,0.7723002433776855,19.707683563232422,0.06743127107620239,0.7723002433776855,19.707683563232422,1.2943470624975362,1.2800814999991417
281,salt_pepper,medium,1,1,salt_pepper,salt_pepper,False,0.05917437747120857,0.776857852935791,21.633255004882812,0.05917437747120857,0.776857852935791,21.633255004882812,1.2943470624975362,1.2800814999991417
282,clean,none,0,0,clean,clean,False,0.0,1.0,100.0,0.0,1.0,100.0,1.2943470624975362,1.2800814999991417
283,clean,none,0,0,clean,clean,False,0.0,1.0,100.0,0.0,1.0,100.0,1.2943470624975362,1.2800814999991417
284,occlusion,medium,3,3,occlusion,occlusion,False,0.04576703906059265,0.7765636444091797,21.63963508605957,0.04576703906059265,0.7765636444091797,21.63963508605957,1.2943470624975362,1.2800814999991417
285,clean,none,0,0,clean,clean,False,0.0,1.0,100.0,0.0,1.0,100.0,1.2943470624975362,1.2800814999991417
286,salt_pepper,medium,1,1,salt_pepper,salt_pepper,False,0.06484662741422653,0.7892652153968811,21.115699768066406,0.06484662741422653,0.7892652153968811,21.115699768066406,1.2943470624975362,1.2800814999991417
287,salt_pepper,low,1,1,salt_pepper,salt_pepper,False,0.051121801137924194,0.8213167190551758,19.477134704589844,0.051121801137924194,0.8213167190551758,19.477134704589844,1.2943470624975362,1.2800814999991417
288,blur,medium,2,2,blur,blur,False,0.038282692432403564,0.8269853591918945,26.13823699951172,0.038282692432403564,0.8269853591918945,26.13823699951172,1.4887904687554965,1.4341273125069165
289,occlusion,low,3,3,occlusion,occlusion,False,0.030563846230506897,0.8647513389587402,26.466272354125977,0.030563846230506897,0.8647513389587402,26.466272354125977,1.4887904687554965,1.4341273125069165
290,blur,medium,2,2,blur,blur,False,0.1284978985786438,0.6385850310325623,14.011734962463379,0.1284978985786438,0.6385850310325623,14.011734962463379,1.4887904687554965,1.4341273125069165
291,blur,low,2,2,blur,blur,False,0.06784255057573318,0.6997504234313965,20.66891860961914,0.06784255057573318,0.6997504234313965,20.66891860961914,1.4887904687554965,1.4341273125069165
292,occlusion,low,3,3,occlusion,occlusion,False,0.057764340192079544,0.7925687432289124,21.093835830688477,0.057764340192079544,0.7925687432289124,21.093835830688477,1.4887904687554965,1.4341273125069165
293,salt_pepper,low,1,1,salt_pepper,salt_pepper,False,0.05471806600689888,0.7370124459266663,22.16577911376953,0.05471806600689888,0.7370124459266663,22.16577911376953,1.4887904687554965,1.4341273125069165
294,blur,medium,2,2,blur,blur,False,0.11094334721565247,0.666797399520874,16.484214782714844,0.11094334721565247,0.666797399520874,16.484214782714844,1.4887904687554965,1.4341273125069165
295,occlusion,high,3,3,occlusion,occlusion,False,0.10113268345594406,0.4694145917892456,16.81125259399414,0.10113268345594406,0.4694145917892456,16.81125259399414,1.4887904687554965,1.4341273125069165
296,clean,none,0,0,clean,clean,False,0.0,1.0,100.0,0.0,1.0,100.0,1.4887904687554965,1.4341273125069165
297,clean,none,0,2,clean,blur,True,0.04903090000152588,0.8762328028678894,23.27629280090332,0.0,1.0,100.0,1.4887904687554965,1.4341273125069165
298,clean,none,0,0,clean,clean,False,0.0,1.0,100.0,0.0,1.0,100.0,1.4887904687554965,1.4341273125069165
299,salt_pepper,medium,1,1,salt_pepper,salt_pepper,False,0.05670512095093727,0.8187527060508728,22.752147674560547,0.05670512095093727,0.8187527060508728,22.752147674560547,1.4887904687554965,1.4341273125069165
300,clean,none,0,0,clean,clean,False,0.0,1.0,100.0,0.0,1.0,100.0,1.4887904687554965,1.4341273125069165
301,occlusion,medium,3,3,occlusion,occlusion,False,0.08230054378509521,0.7448806166648865,17.03586196899414,0.08230054378509521,0.7448806166648865,17.03586196899414,1.4887904687554965,1.4341273125069165
302,salt_pepper,low,1,1,salt_pepper,salt_pepper,False,0.09056595712900162,0.813596248626709,18.420394897460938,0.09056595712900162,0.813596248626709,18.420394897460938,1.4887904687554965,1.4341273125069165
303,blur,low,2,2,blur,blur,False,0.07796614617109299,0.6941001415252686,19.616069793701172,0.07796614617109299,0.6941001415252686,19.616069793701172,1.4887904687554965,1.4341273125069165
304,clean,none,0,0,clean,clean,False,0.0,1.0,100.0,0.0,1.0,100.0,1.4887904687554965,1.4341273125069165
305,clean,none,0,0,clean,clean,False,0.0,1.0,100.0,0.0,1.0,100.0,1.4887904687554965,1.4341273125069165
306,salt_pepper,high,1,1,salt_pepper,salt_pepper,False,0.03361884877085686,0.8630136847496033,25.98455238342285,0.03361884877085686,0.8630136847496033,25.98455238342285,1.4887904687554965,1.4341273125069165
307,salt_pepper,medium,1,1,salt_pepper,salt_pepper,False,0.08487766981124878,0.6797863841056824,18.20342254638672,0.08487766981124878,0.6797863841056824,18.20342254638672,1.4887904687554965,1.4341273125069165
308,salt_pepper,high,1,1,salt_pepper,salt_pepper,False,0.07286090403795242,0.6278242468833923,20.32038688659668,0.07286090403795242,0.6278242468833923,20.32038688659668,1.4887904687554965,1.4341273125069165
309,blur,medium,2,2,blur,blur,False,0.03748927637934685,0.906108558177948,25.147008895874023,0.03748927637934685,0.906108558177948,25.147008895874023,1.4887904687554965,1.4341273125069165
310,blur,low,2,2,blur,blur,False,0.04923610761761665,0.7671969532966614,22.386796951293945,0.04923610761761665,0.7671969532966614,22.386796951293945,1.4887904687554965,1.4341273125069165
311,salt_pepper,medium,1,1,salt_pepper,salt_pepper,False,0.0547332726418972,0.7834579348564148,22.095584869384766,0.0547332726418972,0.7834579348564148,22.095584869384766,1.4887904687554965,1.4341273125069165
312,salt_pepper,low,1,1,salt_pepper,salt_pepper,False,0.045675378292798996,0.8276066780090332,24.171964645385742,0.045675378292798996,0.8276066780090332,24.171964645385742,1.4887904687554965,1.4341273125069165
313,salt_pepper,low,1,1,salt_pepper,salt_pepper,False,0.041196223348379135,0.8715333342552185,24.42009925842285,0.041196223348379135,0.8715333342552185,24.42009925842285,1.4887904687554965,1.4341273125069165
314,clean,none,0,0,clean,clean,False,0.0,1.0,100.0,0.0,1.0,100.0,1.4887904687554965,1.4341273125069165
315,occlusion,high,3,3,occlusion,occlusion,False,0.07457198947668076,0.6877837777137756,16.83407974243164,0.07457198947668076,0.6877837777137756,16.83407974243164,1.4887904687554965,1.4341273125069165
316,blur,low,2,2,blur,blur,False,0.10506662726402283,0.7559369206428528,17.762401580810547,0.10506662726402283,0.7559369206428528,17.762401580810547,1.4887904687554965,1.4341273125069165
317,salt_pepper,high,1,1,salt_pepper,salt_pepper,False,0.05572390556335449,0.7506530284881592,23.039470672607422,0.05572390556335449,0.7506530284881592,23.039470672607422,1.4887904687554965,1.4341273125069165
318,salt_pepper,medium,1,1,salt_pepper,salt_pepper,False,0.0643637627363205,0.8566339612007141,18.297550201416016,0.0643637627363205,0.8566339612007141,18.297550201416016,1.4887904687554965,1.4341273125069165
319,occlusion,low,3,3,occlusion,occlusion,False,0.051337093114852905,0.7885772585868835,21.977306365966797,0.051337093114852905,0.7885772585868835,21.977306365966797,1.4887904687554965,1.4341273125069165
320,clean,none,0,0,clean,clean,False,0.0,1.0,100.0,0.0,1.0,100.0,1.2416505000203415,1.240871062492488
321,blur,high,2,2,blur,blur,False,0.05199224874377251,0.7707061767578125,22.709177017211914,0.05199224874377251,0.7707061767578125,22.709177017211914,1.2416505000203415,1.240871062492488
322,salt_pepper,high,1,1,salt_pepper,salt_pepper,False,0.059930428862571716,0.7197964787483215,21.378841400146484,0.059930428862571716,0.7197964787483215,21.378841400146484,1.2416505000203415,1.240871062492488
323,blur,medium,2,2,blur,blur,False,0.10956579446792603,0.5857002139091492,17.517868041992188,0.10956579446792603,0.5857002139091492,17.517868041992188,1.2416505000203415,1.240871062492488
324,salt_pepper,medium,1,1,salt_pepper,salt_pepper,False,0.058484997600317,0.7874252200126648,21.8201847076416,0.058484997600317,0.7874252200126648,21.8201847076416,1.2416505000203415,1.240871062492488
325,blur,low,2,2,blur,blur,False,0.061944227665662766,0.6861841082572937,21.546600341796875,0.061944227665662766,0.6861841082572937,21.546600341796875,1.2416505000203415,1.240871062492488
326,salt_pepper,low,1,1,salt_pepper,salt_pepper,False,0.0683308020234108,0.7552602887153625,21.07077407836914,0.0683308020234108,0.7552602887153625,21.07077407836914,1.2416505000203415,1.240871062492488
327,clean,none,0,0,clean,clean,False,0.0,1.0,100.0,0.0,1.0,100.0,1.2416505000203415,1.240871062492488
328,blur,high,2,2,blur,blur,False,0.04481084644794464,0.8154709339141846,24.20230484008789,0.04481084644794464,0.8154709339141846,24.20230484008789,1.2416505000203415,1.240871062492488
329,salt_pepper,medium,1,1,salt_pepper,salt_pepper,False,0.10237854719161987,0.6826240420341492,17.4212589263916,0.10237854719161987,0.6826240420341492,17.4212589263916,1.2416505000203415,1.240871062492488
330,clean,none,0,0,clean,clean,False,0.0,1.0,100.0,0.0,1.0,100.0,1.2416505000203415,1.240871062492488
331,clean,none,0,0,clean,clean,False,0.0,1.0,100.0,0.0,1.0,100.0,1.2416505000203415,1.240871062492488
332,salt_pepper,high,1,1,salt_pepper,salt_pepper,False,0.05402495339512825,0.8426850438117981,22.37796974182129,0.05402495339512825,0.8426850438117981,22.37796974182129,1.2416505000203415,1.240871062492488
333,clean,none,0,0,clean,clean,False,0.0,1.0,100.0,0.0,1.0,100.0,1.2416505000203415,1.240871062492488
334,occlusion,medium,3,3,occlusion,occlusion,False,0.0704549178481102,0.7075872421264648,19.3082218170166,0.0704549178481102,0.7075872421264648,19.3082218170166,1.2416505000203415,1.240871062492488
335,occlusion,high,3,3,occlusion,occlusion,False,0.08300576359033585,0.6569965481758118,16.082847595214844,0.08300576359033585,0.6569965481758118,16.082847595214844,1.2416505000203415,1.240871062492488
336,salt_pepper,medium,1,1,salt_pepper,salt_pepper,False,0.12565742433071136,0.5520018935203552,16.207618713378906,0.12565742433071136,0.5520018935203552,16.207618713378906,1.2416505000203415,1.240871062492488
337,blur,high,2,2,blur,blur,False,0.07132648676633835,0.7112972140312195,20.444669723510742,0.07132648676633835,0.7112972140312195,20.444669723510742,1.2416505000203415,1.240871062492488
338,occlusion,low,3,3,occlusion,occlusion,False,0.03769107908010483,0.6989399790763855,25.462839126586914,0.03769107908010483,0.6989399790763855,25.462839126586914,1.2416505000203415,1.240871062492488
339,blur,medium,2,2,blur,blur,False,0.0487467460334301,0.8033256530761719,23.805513381958008,0.0487467460334301,0.8033256530761719,23.805513381958008,1.2416505000203415,1.240871062492488
340,occlusion,medium,3,3,occlusion,occlusion,False,0.06428038328886032,0.6925036311149597,19.78013801574707,0.06428038328886032,0.6925036311149597,19.78013801574707,1.2416505000203415,1.240871062492488
341,salt_pepper,low,1,1,salt_pepper,salt_pepper,False,0.06713716685771942,0.7024300694465637,21.584239959716797,0.06713716685771942,0.7024300694465637,21.584239959716797,1.2416505000203415,1.240871062492488
342,salt_pepper,medium,1,1,salt_pepper,salt_pepper,False,0.029406413435935974,0.8468911647796631,26.168642044067383,0.029406413435935974,0.8468911647796631,26.168642044067383,1.2416505000203415,1.240871062492488
343,blur,high,2,2,blur,blur,False,0.05221818760037422,0.7677762508392334,22.909067153930664,0.05221818760037422,0.7677762508392334,22.909067153930664,1.2416505000203415,1.240871062492488
344,clean,none,0,0,clean,clean,False,0.0,1.0,100.0,0.0,1.0,100.0,1.2416505000203415,1.240871062492488
345,clean,none,0,0,clean,clean,False,0.0,1.0,100.0,0.0,1.0,100.0,1.2416505000203415,1.240871062492488
346,occlusion,high,3,3,occlusion,occlusion,False,0.07042565196752548,0.6463207602500916,19.0925235748291,0.07042565196752548,0.6463207602500916,19.0925235748291,1.2416505000203415,1.240871062492488
347,blur,low,2,2,blur,blur,False,0.07487072795629501,0.7376061081886292,19.274019241333008,0.07487072795629501,0.7376061081886292,19.274019241333008,1.2416505000203415,1.240871062492488
348,clean,none,0,0,clean,clean,False,0.0,1.0,100.0,0.0,1.0,100.0,1.2416505000203415,1.240871062492488
349,blur,medium,2,2,blur,blur,False,0.07459325343370438,0.7572486400604248,20.354459762573242,0.07459325343370438,0.7572486400604248,20.354459762573242,1.2416505000203415,1.240871062492488
350,clean,none,0,0,clean,clean,False,0.0,1.0,100.0,0.0,1.0,100.0,1.2416505000203415,1.240871062492488
351,occlusion,medium,3,3,occlusion,occlusion,False,0.06951761990785599,0.6691992878913879,18.918071746826172,0.06951761990785599,0.6691992878913879,18.918071746826172,1.2416505000203415,1.240871062492488
352,salt_pepper,medium,1,1,salt_pepper,salt_pepper,False,0.04558862745761871,0.8336860537528992,24.24526023864746,0.04558862745761871,0.8336860537528992,24.24526023864746,2.0335279374990023,1.795814593748446
353,salt_pepper,high,1,1,salt_pepper,salt_pepper,False,0.06168220564723015,0.7589794993400574,21.512874603271484,0.06168220564723015,0.7589794993400574,21.512874603271484,2.0335279374990023,1.795814593748446
354,blur,low,2,2,blur,blur,False,0.07160988450050354,0.7709750533103943,21.238710403442383,0.07160988450050354,0.7709750533103943,21.238710403442383,2.0335279374990023,1.795814593748446
355,clean,none,0,0,clean,clean,False,0.0,1.0,100.0,0.0,1.0,100.0,2.0335279374990023,1.795814593748446
356,clean,none,0,0,clean,clean,False,0.0,1.0,100.0,0.0,1.0,100.0,2.0335279374990023,1.795814593748446
357,occlusion,low,3,3,occlusion,occlusion,False,0.07259300351142883,0.6345803737640381,19.427400588989258,0.07259300351142883,0.6345803737640381,19.427400588989258,2.0335279374990023,1.795814593748446
358,clean,none,0,0,clean,clean,False,0.0,1.0,100.0,0.0,1.0,100.0,2.0335279374990023,1.795814593748446
359,blur,medium,2,2,blur,blur,False,0.09662053734064102,0.8118906617164612,17.30904769897461,0.09662053734064102,0.8118906617164612,17.30904769897461,2.0335279374990023,1.795814593748446
360,salt_pepper,medium,1,1,salt_pepper,salt_pepper,False,0.04027634859085083,0.8357141017913818,24.508934020996094,0.04027634859085083,0.8357141017913818,24.508934020996094,2.0335279374990023,1.795814593748446
361,blur,medium,2,2,blur,blur,False,0.07015722244977951,0.7349724173545837,20.388277053833008,0.07015722244977951,0.7349724173545837,20.388277053833008,2.0335279374990023,1.795814593748446
362,occlusion,low,3,3,occlusion,occlusion,False,0.04976193234324455,0.8807713389396667,21.03496551513672,0.04976193234324455,0.8807713389396667,21.03496551513672,2.0335279374990023,1.795814593748446
363,occlusion,low,3,3,occlusion,occlusion,False,0.06651753932237625,0.6079049706459045,20.15139389038086,0.06651753932237625,0.6079049706459045,20.15139389038086,2.0335279374990023,1.795814593748446
364,salt_pepper,high,1,1,salt_pepper,salt_pepper,False,0.03247314319014549,0.863746166229248,26.72815704345703,0.03247314319014549,0.863746166229248,26.72815704345703,2.0335279374990023,1.795814593748446
365,occlusion,low,3,3,occlusion,occlusion,False,0.07224983721971512,0.70390385389328,19.615402221679688,0.07224983721971512,0.70390385389328,19.615402221679688,2.0335279374990023,1.795814593748446
366,salt_pepper,high,1,1,salt_pepper,salt_pepper,False,0.11111325770616531,0.7435092329978943,16.345836639404297,0.11111325770616531,0.7435092329978943,16.345836639404297,2.0335279374990023,1.795814593748446
367,blur,medium,2,2,blur,blur,False,0.049848612397909164,0.817784309387207,23.38935661315918,0.049848612397909164,0.817784309387207,23.38935661315918,2.0335279374990023,1.795814593748446
368,occlusion,medium,3,3,occlusion,occlusion,False,0.040188707411289215,0.8094279766082764,23.30799102783203,0.040188707411289215,0.8094279766082764,23.30799102783203,2.0335279374990023,1.795814593748446
369,occlusion,high,3,3,occlusion,occlusion,False,0.11866148561239243,0.5123888850212097,16.611631393432617,0.11866148561239243,0.5123888850212097,16.611631393432617,2.0335279374990023,1.795814593748446
370,clean,none,0,0,clean,clean,False,0.0,1.0,100.0,0.0,1.0,100.0,2.0335279374990023,1.795814593748446
371,occlusion,low,3,3,occlusion,occlusion,False,0.1036476120352745,0.471002459526062,17.683443069458008,0.1036476120352745,0.471002459526062,17.683443069458008,2.0335279374990023,1.795814593748446
372,occlusion,low,3,3,occlusion,occlusion,False,0.0318145714700222,0.8719647526741028,25.15729522705078,0.0318145714700222,0.8719647526741028,25.15729522705078,2.0335279374990023,1.795814593748446
373,occlusion,high,3,3,occlusion,occlusion,False,0.08886576443910599,0.5723264813423157,16.726978302001953,0.08886576443910599,0.5723264813423157,16.726978302001953,2.0335279374990023,1.795814593748446
374,occlusion,low,3,3,occlusion,occlusion,False,0.07857069373130798,0.5896154046058655,19.742084503173828,0.07857069373130798,0.5896154046058655,19.742084503173828,2.0335279374990023,1.795814593748446
375,salt_pepper,high,1,1,salt_pepper,salt_pepper,False,0.038505252450704575,0.8268141150474548,24.790931701660156,0.038505252450704575,0.8268141150474548,24.790931701660156,2.0335279374990023,1.795814593748446
376,occlusion,low,3,3,occlusion,occlusion,False,0.07396846264600754,0.7737984657287598,19.381080627441406,0.07396846264600754,0.7737984657287598,19.381080627441406,2.0335279374990023,1.795814593748446
377,blur,high,2,2,blur,blur,False,0.062374699860811234,0.8241121172904968,21.140865325927734,0.062374699860811234,0.8241121172904968,21.140865325927734,2.0335279374990023,1.795814593748446
378,salt_pepper,high,1,1,salt_pepper,salt_pepper,False,0.059844229370355606,0.7917366027832031,21.85359764099121,0.059844229370355606,0.7917366027832031,21.85359764099121,2.0335279374990023,1.795814593748446
379,blur,low,2,2,blur,blur,False,0.035146333277225494,0.8784717917442322,25.858020782470703,0.035146333277225494,0.8784717917442322,25.858020782470703,2.0335279374990023,1.795814593748446
380,salt_pepper,medium,1,1,salt_pepper,salt_pepper,False,0.054832398891448975,0.8059945106506348,22.721485137939453,0.054832398891448975,0.8059945106506348,22.721485137939453,2.0335279374990023,1.795814593748446
381,salt_pepper,medium,1,1,salt_pepper,salt_pepper,False,0.04114779457449913,0.8011779189109802,25.17861557006836,0.04114779457449913,0.8011779189109802,25.17861557006836,2.0335279374990023,1.795814593748446
382,occlusion,low,3,3,occlusion,occlusion,False,0.04105088487267494,0.8335866928100586,24.003314971923828,0.04105088487267494,0.8335866928100586,24.003314971923828,2.0335279374990023,1.795814593748446
383,clean,none,0,0,clean,clean,False,0.0,1.0,100.0,0.0,1.0,100.0,2.0335279374990023,1.795814593748446
384,occlusion,low,3,3,occlusion,occlusion,False,0.029311394318938255,0.8949027061462402,25.28898048400879,0.029311396181583405,0.8949030041694641,25.288978576660156,1.2125660312278796,1.2388369374889407
385,occlusion,low,3,3,occlusion,occlusion,False,0.0623568557202816,0.7587130665779114,20.8700008392334,0.0623568557202816,0.7587130665779114,20.8700008392334,1.2125660312278796,1.2388369374889407
386,clean,none,0,0,clean,clean,False,0.0,1.0,100.0,0.0,1.0,100.0,1.2125660312278796,1.2388369374889407
387,clean,none,0,0,clean,clean,False,0.0,1.0,100.0,0.0,1.0,100.0,1.2125660312278796,1.2388369374889407
388,clean,none,0,0,clean,clean,False,0.0,1.0,100.0,0.0,1.0,100.0,1.2125660312278796,1.2388369374889407
389,blur,high,2,2,blur,blur,False,0.06517892330884933,0.6331527829170227,20.989091873168945,0.06517892330884933,0.6331527829170227,20.989091873168945,1.2125660312278796,1.2388369374889407
390,clean,none,0,0,clean,clean,False,0.0,1.0,100.0,0.0,1.0,100.0,1.2125660312278796,1.2388369374889407
391,blur,low,2,2,blur,blur,False,0.05282704532146454,0.6747780442237854,23.377216339111328,0.05282704532146454,0.6747780442237854,23.377216339111328,1.2125660312278796,1.2388369374889407
392,salt_pepper,high,1,1,salt_pepper,salt_pepper,False,0.05839943513274193,0.7281436324119568,22.269275665283203,0.05839943513274193,0.7281436324119568,22.269275665283203,1.2125660312278796,1.2388369374889407
393,clean,none,0,0,clean,clean,False,0.0,1.0,100.0,0.0,1.0,100.0,1.2125660312278796,1.2388369374889407
394,salt_pepper,high,1,1,salt_pepper,salt_pepper,False,0.04551955685019493,0.8741506934165955,24.443471908569336,0.04551955685019493,0.8741506934165955,24.443471908569336,1.2125660312278796,1.2388369374889407
395,occlusion,low,3,0,occlusion,clean,True,0.016319366171956062,0.8773067593574524,23.61458969116211,0.028913581743836403,0.8566141128540039,25.076831817626953,1.2125660312278796,1.2388369374889407
396,occlusion,medium,3,3,occlusion,occlusion,False,0.07495568692684174,0.6555380821228027,18.944164276123047,0.07495567947626114,0.6555381417274475,18.944164276123047,1.2125660312278796,1.2388369374889407
397,blur,high,2,2,blur,blur,False,0.0716932862997055,0.6707944273948669,20.733470916748047,0.0716932862997055,0.6707944273948669,20.733470916748047,1.2125660312278796,1.2388369374889407
398,occlusion,high,3,3,occlusion,occlusion,False,0.07317797839641571,0.6612401604652405,17.50704574584961,0.07317797839641571,0.6612401604652405,17.50704574584961,1.2125660312278796,1.2388369374889407
399,occlusion,medium,3,3,occlusion,occlusion,False,0.056455641984939575,0.7550845146179199,21.26431655883789,0.056455645710229874,0.7550845742225647,21.264314651489258,1.2125660312278796,1.2388369374889407
400,clean,none,0,0,clean,clean,False,0.0,1.0,100.0,0.0,1.0,100.0,1.2125660312278796,1.2388369374889407
401,blur,low,2,2,blur,blur,False,0.0654621571302414,0.7276420593261719,21.560306549072266,0.0654621571302414,0.7276420593261719,21.560306549072266,1.2125660312278796,1.2388369374889407
402,blur,medium,2,2,blur,blur,False,0.048119645565748215,0.8742277026176453,23.713380813598633,0.048119645565748215,0.8742277026176453,23.713380813598633,1.2125660312278796,1.2388369374889407
403,salt_pepper,high,1,1,salt_pepper,salt_pepper,False,0.038485441356897354,0.918637752532959,26.24658966064453,0.038485441356897354,0.918637752532959,26.24658966064453,1.2125660312278796,1.2388369374889407
404,salt_pepper,low,1,1,salt_pepper,salt_pepper,False,0.1232202872633934,0.8811752200126648,17.38520622253418,0.1232202872633934,0.8811752200126648,17.38520622253418,1.2125660312278796,1.2388369374889407
405,occlusion,medium,3,3,occlusion,occlusion,False,0.05000386759638786,0.7789772152900696,20.982929229736328,0.05000386759638786,0.7789772152900696,20.982929229736328,1.2125660312278796,1.2388369374889407
406,blur,high,2,2,blur,blur,False,0.06307991594076157,0.625976026058197,21.374351501464844,0.06307991594076157,0.625976026058197,21.374351501464844,1.2125660312278796,1.2388369374889407
407,blur,high,2,2,blur,blur,False,0.05821247771382332,0.7211911082267761,21.649396896362305,0.05821247771382332,0.7211911082267761,21.649396896362305,1.2125660312278796,1.2388369374889407
408,clean,none,0,0,clean,clean,False,0.0,1.0,100.0,0.0,1.0,100.0,1.2125660312278796,1.2388369374889407
409,blur,medium,2,2,blur,blur,False,0.03546975553035736,0.9076902866363525,26.158809661865234,0.03546975553035736,0.9076902866363525,26.158809661865234,1.2125660312278796,1.2388369374889407
410,blur,high,2,2,blur,blur,False,0.05343438684940338,0.8261005878448486,22.38141632080078,0.05343438684940338,0.8261005878448486,22.38141632080078,1.2125660312278796,1.2388369374889407
411,clean,none,0,0,clean,clean,False,0.0,1.0,100.0,0.0,1.0,100.0,1.2125660312278796,1.2388369374889407
412,occlusion,high,3,3,occlusion,occlusion,False,0.11478779464960098,0.6132864356040955,14.499717712402344,0.11478778719902039,0.6132863163948059,14.499717712402344,1.2125660312278796,1.2388369374889407
413,salt_pepper,medium,1,1,salt_pepper,salt_pepper,False,0.11399615556001663,0.7081844210624695,15.132806777954102,0.11399615556001663,0.7081844210624695,15.132806777954102,1.2125660312278796,1.2388369374889407
414,clean,none,0,0,clean,clean,False,0.0,1.0,100.0,0.0,1.0,100.0,1.2125660312278796,1.2388369374889407
415,clean,none,0,0,clean,clean,False,0.0,1.0,100.0,0.0,1.0,100.0,1.2125660312278796,1.2388369374889407
416,blur,low,2,2,blur,blur,False,0.03824483975768089,0.8914639949798584,25.859506607055664,0.03824484348297119,0.8914638161659241,25.859506607055664,1.5287205312688457,1.4485258749914465
417,blur,low,2,2,blur,blur,False,0.040220681577920914,0.8521297574043274,24.007469177246094,0.040220703929662704,0.8521297574043274,24.007463455200195,1.5287205312688457,1.4485258749914465
418,occlusion,medium,3,3,occlusion,occlusion,False,0.05611217021942139,0.7472851872444153,19.806072235107422,0.05611217021942139,0.7472851872444153,19.806072235107422,1.5287205312688457,1.4485258749914465
419,clean,none,0,0,clean,clean,False,0.0,1.0,100.0,0.0,1.0,100.0,1.5287205312688457,1.4485258749914465
420,salt_pepper,high,1,1,salt_pepper,salt_pepper,False,0.08224766701459885,0.7832715511322021,18.567251205444336,0.08224766701459885,0.7832715511322021,18.567251205444336,1.5287205312688457,1.4485258749914465
421,clean,none,0,0,clean,clean,False,0.0,1.0,100.0,0.0,1.0,100.0,1.5287205312688457,1.4485258749914465
422,salt_pepper,high,1,1,salt_pepper,salt_pepper,False,0.0971209779381752,0.6036560535430908,18.198549270629883,0.0971209779381752,0.6036560535430908,18.198549270629883,1.5287205312688457,1.4485258749914465
423,clean,none,0,2,clean,blur,True,0.04884257912635803,0.9079229235649109,24.226154327392578,0.0,1.0,100.0,1.5287205312688457,1.4485258749914465
424,clean,none,0,0,clean,clean,False,0.0,1.0,100.0,0.0,1.0,100.0,1.5287205312688457,1.4485258749914465
425,occlusion,medium,3,3,occlusion,occlusion,False,0.0488225556910038,0.7964339852333069,22.68051528930664,0.0488225556910038,0.7964339852333069,22.68051528930664,1.5287205312688457,1.4485258749914465
426,blur,medium,2,2,blur,blur,False,0.04067042097449303,0.8727114796638489,24.763729095458984,0.040670428425073624,0.8727114796638489,24.763729095458984,1.5287205312688457,1.4485258749914465
427,salt_pepper,low,1,1,salt_pepper,salt_pepper,False,0.12064612656831741,0.6617192625999451,14.935689926147461,0.12064612656831741,0.6617192625999451,14.935689926147461,1.5287205312688457,1.4485258749914465
428,salt_pepper,low,1,1,salt_pepper,salt_pepper,False,0.0601966418325901,0.7956728339195251,21.809560775756836,0.0601966418325901,0.7956728339195251,21.809560775756836,1.5287205312688457,1.4485258749914465
429,salt_pepper,high,1,1,salt_pepper,salt_pepper,False,0.051794324070215225,0.7729179263114929,22.615238189697266,0.051794324070215225,0.7729179263114929,22.615238189697266,1.5287205312688457,1.4485258749914465
430,blur,high,2,2,blur,blur,False,0.0892317071557045,0.7064107060432434,17.75869369506836,0.08923172205686569,0.706410825252533,17.758691787719727,1.5287205312688457,1.4485258749914465
431,occlusion,medium,3,3,occlusion,occlusion,False,0.08291781693696976,0.731323778629303,16.54460906982422,0.08291781693696976,0.731323778629303,16.54460906982422,1.5287205312688457,1.4485258749914465
432,blur,medium,2,2,blur,blur,False,0.03597910329699516,0.8416575789451599,25.599031448364258,0.03597910329699516,0.8416574597358704,25.59903335571289,1.5287205312688457,1.4485258749914465
433,salt_pepper,medium,1,1,salt_pepper,salt_pepper,False,0.059832315891981125,0.8746085166931152,22.025875091552734,0.059832315891981125,0.8746085166931152,22.025875091552734,1.5287205312688457,1.4485258749914465
434,salt_pepper,low,1,1,salt_pepper,salt_pepper,False,0.07164490222930908,0.6661408543586731,20.37781524658203,0.07164490222930908,0.6661408543586731,20.37781524658203,1.5287205312688457,1.4485258749914465
435,salt_pepper,medium,1,1,salt_pepper,salt_pepper,False,0.07315129786729813,0.7428188920021057,20.30495834350586,0.07315129786729813,0.7428188920021057,20.30495834350586,1.5287205312688457,1.4485258749914465
436,clean,none,0,0,clean,clean,False,0.0,1.0,100.0,0.0,1.0,100.0,1.5287205312688457,1.4485258749914465
437,salt_pepper,medium,1,1,salt_pepper,salt_pepper,False,0.11623280495405197,0.5784291625022888,16.753747940063477,0.11623280495405197,0.5784291625022888,16.753747940063477,1.5287205312688457,1.4485258749914465
438,occlusion,high,3,3,occlusion,occlusion,False,0.0717296227812767,0.7107782363891602,17.66292381286621,0.0717296227812767,0.7107782363891602,17.66292381286621,1.5287205312688457,1.4485258749914465
439,blur,low,2,2,blur,blur,False,0.05974157154560089,0.8271455764770508,21.486286163330078,0.05974157527089119,0.8271456360816956,21.486286163330078,1.5287205312688457,1.4485258749914465
440,occlusion,low,3,3,occlusion,occlusion,False,0.07325541973114014,0.6004504561424255,19.547130584716797,0.07325541973114014,0.6004504561424255,19.547130584716797,1.5287205312688457,1.4485258749914465
441,occlusion,low,3,3,occlusion,occlusion,False,0.04847753420472145,0.8250346779823303,20.278202056884766,0.04847753420472145,0.8250346779823303,20.278202056884766,1.5287205312688457,1.4485258749914465
442,blur,high,2,2,blur,blur,False,0.08973202109336853,0.7181925773620605,18.722110748291016,0.08973202109336853,0.7181922793388367,18.722108840942383,1.5287205312688457,1.4485258749914465
443,blur,low,2,2,blur,blur,False,0.050111476331949234,0.5744664669036865,22.857738494873047,0.050111476331949234,0.5744665265083313,22.857738494873047,1.5287205312688457,1.4485258749914465
444,blur,high,2,2,blur,blur,False,0.07863331586122513,0.7859795689582825,20.23321533203125,0.07863332331180573,0.7859795689582825,20.23321533203125,1.5287205312688457,1.4485258749914465
445,clean,none,0,0,clean,clean,False,0.0,1.0,100.0,0.0,1.0,100.0,1.5287205312688457,1.4485258749914465
446,salt_pepper,low,1,1,salt_pepper,salt_pepper,False,0.1156747043132782,0.46928870677948,17.630348205566406,0.1156747043132782,0.46928870677948,17.630348205566406,1.5287205312688457,1.4485258749914465
447,blur,low,2,2,blur,blur,False,0.051696937531232834,0.7066690921783447,23.32552719116211,0.051696937531232834,0.7066691517829895,23.325523376464844,1.5287205312688457,1.4485258749914465
448,clean,none,0,0,clean,clean,False,0.0,1.0,100.0,0.0,1.0,100.0,1.263755437491909,1.299009000007345
449,blur,low,2,2,blur,blur,False,0.03456497564911842,0.8590166568756104,26.37957000732422,0.03456497564911842,0.8590166568756104,26.37957000732422,1.263755437491909,1.299009000007345
450,clean,none,0,0,clean,clean,False,0.0,1.0,100.0,0.0,1.0,100.0,1.263755437491909,1.299009000007345
451,clean,none,0,0,clean,clean,False,0.0,1.0,100.0,0.0,1.0,100.0,1.263755437491909,1.299009000007345
452,clean,none,0,0,clean,clean,False,0.0,1.0,100.0,0.0,1.0,100.0,1.263755437491909,1.299009000007345
453,salt_pepper,low,1,1,salt_pepper,salt_pepper,False,0.15831159055233002,0.5410086512565613,13.948938369750977,0.15831159055233002,0.5410086512565613,13.948938369750977,1.263755437491909,1.299009000007345
454,clean,none,0,0,clean,clean,False,0.0,1.0,100.0,0.0,1.0,100.0,1.263755437491909,1.299009000007345
455,clean,none,0,0,clean,clean,False,0.0,1.0,100.0,0.0,1.0,100.0,1.263755437491909,1.299009000007345
456,clean,none,0,0,clean,clean,False,0.0,1.0,100.0,0.0,1.0,100.0,1.263755437491909,1.299009000007345
457,salt_pepper,high,1,1,salt_pepper,salt_pepper,False,0.09707075357437134,0.7587221264839172,17.95277214050293,0.09707075357437134,0.7587221264839172,17.95277214050293,1.263755437491909,1.299009000007345
458,blur,medium,2,2,blur,blur,False,0.047265127301216125,0.8578453660011292,23.157703399658203,0.047265127301216125,0.8578453660011292,23.157703399658203,1.263755437491909,1.299009000007345
459,blur,high,2,2,blur,blur,False,0.036846570670604706,0.8695147037506104,26.577526092529297,0.036846570670604706,0.8695147037506104,26.577526092529297,1.263755437491909,1.299009000007345
460,occlusion,high,3,3,occlusion,occlusion,False,0.07774262875318527,0.632705807685852,18.406906127929688,0.07774262875318527,0.632705807685852,18.406906127929688,1.263755437491909,1.299009000007345
461,salt_pepper,high,1,1,salt_pepper,salt_pepper,False,0.09303358197212219,0.6985962986946106,18.47457504272461,0.09303358197212219,0.6985962986946106,18.47457504272461,1.263755437491909,1.299009000007345
462,occlusion,low,3,3,occlusion,occlusion,False,0.04931845888495445,0.8033115267753601,21.6805362701416,0.04931845888495445,0.8033115267753601,21.6805362701416,1.263755437491909,1.299009000007345
463,blur,high,2,2,blur,blur,False,0.04589321091771126,0.8406052589416504,22.003047943115234,0.04589321091771126,0.8406052589416504,22.003047943115234,1.263755437491909,1.299009000007345
464,occlusion,high,3,3,occlusion,occlusion,False,0.11915040016174316,0.4082997739315033,16.87975311279297,0.11915040016174316,0.4082997739315033,16.87975311279297,1.263755437491909,1.299009000007345
465,occlusion,medium,3,3,occlusion,occlusion,False,0.06357558816671371,0.7509496808052063,19.042064666748047,0.06357558816671371,0.7509496808052063,19.042064666748047,1.263755437491909,1.299009000007345
466,clean,none,0,0,clean,clean,False,0.0,1.0,100.0,0.0,1.0,100.0,1.263755437491909,1.299009000007345
467,clean,none,0,0,clean,clean,False,0.0,1.0,100.0,0.0,1.0,100.0,1.263755437491909,1.299009000007345
468,occlusion,high,3,3,occlusion,occlusion,False,0.10197535902261734,0.5179926753044128,17.29722023010254,0.10197535902261734,0.5179926753044128,17.29722023010254,1.263755437491909,1.299009000007345
469,occlusion,medium,3,3,occlusion,occlusion,False,0.10621733218431473,0.5632680058479309,16.946773529052734,0.10621733218431473,0.5632680058479309,16.946773529052734,1.263755437491909,1.299009000007345
470,occlusion,medium,3,3,occlusion,occlusion,False,0.059613730758428574,0.805668294429779,18.990158081054688,0.059613730758428574,0.805668294429779,18.990158081054688,1.263755437491909,1.299009000007345
471,blur,medium,2,2,blur,blur,False,0.05784330144524574,0.8146071434020996,21.946128845214844,0.05784330144524574,0.8146071434020996,21.946128845214844,1.263755437491909,1.299009000007345
472,blur,low,2,2,blur,blur,False,0.046107497066259384,0.7338821291923523,23.52332878112793,0.046107497066259384,0.7338821291923523,23.52332878112793,1.263755437491909,1.299009000007345
473,salt_pepper,medium,1,1,salt_pepper,salt_pepper,False,0.043139323592185974,0.7610580921173096,24.288646697998047,0.043139323592185974,0.7610580921173096,24.288646697998047,1.263755437491909,1.299009000007345
474,blur,medium,2,2,blur,blur,False,0.06047249957919121,0.825037956237793,21.142532348632812,0.06047249957919121,0.825037956237793,21.142532348632812,1.263755437491909,1.299009000007345
475,occlusion,low,3,3,occlusion,occlusion,False,0.08282950520515442,0.6326760649681091,19.61838722229004,0.08282950520515442,0.6326760649681091,19.61838722229004,1.263755437491909,1.299009000007345
476,blur,high,2,2,blur,blur,False,0.04799790680408478,0.7760343551635742,23.884464263916016,0.04799790680408478,0.7760343551635742,23.884464263916016,1.263755437491909,1.299009000007345
477,occlusion,medium,3,3,occlusion,occlusion,False,0.047585949301719666,0.7676081657409668,20.891761779785156,0.047585949301719666,0.7676081657409668,20.891761779785156,1.263755437491909,1.299009000007345
478,blur,medium,2,2,blur,blur,False,0.03769949451088905,0.8723621368408203,25.889127731323242,0.03769949451088905,0.8723621368408203,25.889127731323242,1.263755437491909,1.299009000007345
479,occlusion,high,3,3,occlusion,occlusion,False,0.06599752604961395,0.6942127346992493,19.246288299560547,0.06599752604961395,0.6942127346992493,19.246288299560547,1.263755437491909,1.299009000007345
480,salt_pepper,high,1,1,salt_pepper,salt_pepper,False,0.05167113244533539,0.8480024337768555,22.62468147277832,0.05167113244533539,0.8480024337768555,22.62468147277832,1.1484835937380922,1.1464736249990892
481,occlusion,medium,3,3,occlusion,occlusion,False,0.05088268592953682,0.7912635803222656,23.0313777923584,0.05088268592953682,0.7912635803222656,23.0313777923584,1.1484835937380922,1.1464736249990892
482,occlusion,medium,3,3,occlusion,occlusion,False,0.04435030743479729,0.8017269968986511,23.557340621948242,0.04435030743479729,0.8017269968986511,23.557340621948242,1.1484835937380922,1.1464736249990892
483,clean,none,0,0,clean,clean,False,0.0,1.0,100.0,0.0,1.0,100.0,1.1484835937380922,1.1464736249990892
484,occlusion,medium,3,3,occlusion,occlusion,False,0.03514460101723671,0.8336818218231201,23.71736717224121,0.03514460101723671,0.8336818218231201,23.71736717224121,1.1484835937380922,1.1464736249990892
485,clean,none,0,0,clean,clean,False,0.0,1.0,100.0,0.0,1.0,100.0,1.1484835937380922,1.1464736249990892
486,salt_pepper,high,1,1,salt_pepper,salt_pepper,False,0.05415299907326698,0.8535003662109375,22.94645118713379,0.05415299907326698,0.8535003662109375,22.94645118713379,1.1484835937380922,1.1464736249990892
487,occlusion,low,3,3,occlusion,occlusion,False,0.04555335268378258,0.7955712676048279,23.14371109008789,0.04555335268378258,0.7955712676048279,23.14371109008789,1.1484835937380922,1.1464736249990892
488,salt_pepper,low,1,1,salt_pepper,salt_pepper,False,0.08347102999687195,0.586959719657898,19.503225326538086,0.08347102999687195,0.586959719657898,19.503225326538086,1.1484835937380922,1.1464736249990892
489,clean,none,0,0,clean,clean,False,0.0,1.0,100.0,0.0,1.0,100.0,1.1484835937380922,1.1464736249990892
490,clean,none,0,0,clean,clean,False,0.0,1.0,100.0,0.0,1.0,100.0,1.1484835937380922,1.1464736249990892
491,blur,medium,2,2,blur,blur,False,0.053164560347795486,0.7912471890449524,22.584646224975586,0.053164560347795486,0.7912471890449524,22.584646224975586,1.1484835937380922,1.1464736249990892
492,clean,none,0,0,clean,clean,False,0.0,1.0,100.0,0.0,1.0,100.0,1.1484835937380922,1.1464736249990892
493,clean,none,0,0,clean,clean,False,0.0,1.0,100.0,0.0,1.0,100.0,1.1484835937380922,1.1464736249990892
494,occlusion,medium,3,3,occlusion,occlusion,False,0.0626731589436531,0.7748603820800781,20.795909881591797,0.0626731589436531,0.7748603820800781,20.795909881591797,1.1484835937380922,1.1464736249990892
495,salt_pepper,high,1,1,salt_pepper,salt_pepper,False,0.0502941757440567,0.8116932511329651,23.577051162719727,0.0502941757440567,0.8116932511329651,23.577051162719727,1.1484835937380922,1.1464736249990892
496,occlusion,high,3,3,occlusion,occlusion,False,0.08682473748922348,0.4610479772090912,16.936874389648438,0.08682473748922348,0.4610479772090912,16.936874389648438,1.1484835937380922,1.1464736249990892
497,salt_pepper,medium,1,1,salt_pepper,salt_pepper,False,0.06555522233247757,0.8260398507118225,20.24507713317871,0.06555522233247757,0.8260398507118225,20.24507713317871,1.1484835937380922,1.1464736249990892
498,blur,low,2,2,blur,blur,False,0.06543507426977158,0.7645949721336365,21.026275634765625,0.06543507426977158,0.7645949721336365,21.026275634765625,1.1484835937380922,1.1464736249990892
499,salt_pepper,high,1,1,salt_pepper,salt_pepper,False,0.06499940156936646,0.7706942558288574,21.31918716430664,0.06499940156936646,0.7706942558288574,21.31918716430664,1.1484835937380922,1.1464736249990892
500,salt_pepper,high,1,1,salt_pepper,salt_pepper,False,0.07082995027303696,0.7689958214759827,20.358814239501953,0.07082995027303696,0.7689958214759827,20.358814239501953,1.1484835937380922,1.1464736249990892
501,occlusion,low,3,3,occlusion,occlusion,False,0.11620552092790604,0.5776528716087341,16.71710777282715,0.11620552092790604,0.5776528716087341,16.71710777282715,1.1484835937380922,1.1464736249990892
502,occlusion,low,3,3,occlusion,occlusion,False,0.05147607624530792,0.7180898785591125,22.48836898803711,0.05147607624530792,0.7180898785591125,22.48836898803711,1.1484835937380922,1.1464736249990892
503,clean,none,0,0,clean,clean,False,0.0,1.0,100.0,0.0,1.0,100.0,1.1484835937380922,1.1464736249990892
504,blur,high,2,2,blur,blur,False,0.03924970701336861,0.854060173034668,24.058143615722656,0.03924970701336861,0.854060173034668,24.058143615722656,1.1484835937380922,1.1464736249990892
505,clean,none,0,0,clean,clean,False,0.0,1.0,100.0,0.0,1.0,100.0,1.1484835937380922,1.1464736249990892
506,salt_pepper,medium,1,1,salt_pepper,salt_pepper,False,0.06524968147277832,0.730656623840332,19.822052001953125,0.06524968147277832,0.730656623840332,19.822052001953125,1.1484835937380922,1.1464736249990892
507,clean,none,0,0,clean,clean,False,0.0,1.0,100.0,0.0,1.0,100.0,1.1484835937380922,1.1464736249990892
508,clean,none,0,0,clean,clean,False,0.0,1.0,100.0,0.0,1.0,100.0,1.1484835937380922,1.1464736249990892
509,salt_pepper,high,1,1,salt_pepper,salt_pepper,False,0.11805980652570724,0.7081127166748047,17.147523880004883,0.11805980652570724,0.7081127166748047,17.147523880004883,1.1484835937380922,1.1464736249990892
510,blur,low,2,2,blur,blur,False,0.0390276275575161,0.9043044447898865,25.51405143737793,0.0390276275575161,0.9043044447898865,25.51405143737793,1.1484835937380922,1.1464736249990892
511,blur,high,2,2,blur,blur,False,0.042614370584487915,0.8009686470031738,23.598920822143555,0.042614370584487915,0.8009686470031738,23.598920822143555,1.1484835937380922,1.1464736249990892
512,salt_pepper,high,1,1,salt_pepper,salt_pepper,False,0.05870533362030983,0.6349875330924988,21.915571212768555,0.05870533362030983,0.6349875330924988,21.915571212768555,1.2982723437460209,1.3253851562353702
513,blur,high,2,2,blur,blur,False,0.1232113167643547,0.4921857416629791,15.960087776184082,0.1232113167643547,0.4921857416629791,15.960087776184082,1.2982723437460209,1.3253851562353702
514,salt_pepper,high,1,1,salt_pepper,salt_pepper,False,0.03724611550569534,0.760007917881012,26.05412483215332,0.03724611550569534,0.760007917881012,26.05412483215332,1.2982723437460209,1.3253851562353702
515,blur,medium,2,2,blur,blur,False,0.0537726990878582,0.7547047734260559,23.12471580505371,0.0537726990878582,0.7547047734260559,23.12471580505371,1.2982723437460209,1.3253851562353702
516,blur,medium,2,2,blur,blur,False,0.045603472739458084,0.8192338943481445,23.764266967773438,0.045603472739458084,0.8192338943481445,23.764266967773438,1.2982723437460209,1.3253851562353702
517,salt_pepper,high,1,1,salt_pepper,salt_pepper,False,0.08347167819738388,0.7690299153327942,18.56637954711914,0.08347167819738388,0.7690299153327942,18.56637954711914,1.2982723437460209,1.3253851562353702
518,occlusion,high,3,3,occlusion,occlusion,False,0.05036599934101105,0.656834602355957,20.856067657470703,0.05036599934101105,0.656834602355957,20.856067657470703,1.2982723437460209,1.3253851562353702
519,occlusion,medium,3,3,occlusion,occlusion,False,0.0633055791258812,0.6721932291984558,20.94713592529297,0.0633055791258812,0.6721932291984558,20.94713592529297,1.2982723437460209,1.3253851562353702
520,occlusion,medium,3,3,occlusion,occlusion,False,0.055027905851602554,0.6554172039031982,21.759424209594727,0.055027905851602554,0.6554172039031982,21.759424209594727,1.2982723437460209,1.3253851562353702
521,occlusion,low,3,0,occlusion,clean,True,0.02776988036930561,0.8847193717956543,19.89166259765625,0.07036960124969482,0.6756496429443359,19.946331024169922,1.2982723437460209,1.3253851562353702
522,blur,low,2,2,blur,blur,False,0.06648560613393784,0.8314907550811768,21.21173095703125,0.06648560613393784,0.8314907550811768,21.21173095703125,1.2982723437460209,1.3253851562353702
523,occlusion,high,3,3,occlusion,occlusion,False,0.05810095742344856,0.6588863730430603,20.12163543701172,0.05810095742344856,0.6588863730430603,20.12163543701172,1.2982723437460209,1.3253851562353702
524,blur,medium,2,2,blur,blur,False,0.07353272289037704,0.5713464617729187,20.506887435913086,0.07353272289037704,0.5713464617729187,20.506887435913086,1.2982723437460209,1.3253851562353702
525,clean,none,0,0,clean,clean,False,0.0,1.0,100.0,0.0,1.0,100.0,1.2982723437460209,1.3253851562353702
526,occlusion,low,3,3,occlusion,occlusion,False,0.07326880842447281,0.540978193283081,20.43936538696289,0.07326880842447281,0.540978193283081,20.43936538696289,1.2982723437460209,1.3253851562353702
527,occlusion,high,3,3,occlusion,occlusion,False,0.04021085798740387,0.6891732215881348,24.773027420043945,0.04021085798740387,0.6891732215881348,24.773027420043945,1.2982723437460209,1.3253851562353702
528,blur,medium,2,2,blur,blur,False,0.053619563579559326,0.7324926257133484,22.005691528320312,0.053619563579559326,0.7324926257133484,22.005691528320312,1.2982723437460209,1.3253851562353702
529,salt_pepper,high,1,1,salt_pepper,salt_pepper,False,0.07546309381723404,0.7291008830070496,19.857481002807617,0.07546309381723404,0.7291008830070496,19.857481002807617,1.2982723437460209,1.3253851562353702
530,clean,none,0,0,clean,clean,False,0.0,1.0,100.0,0.0,1.0,100.0,1.2982723437460209,1.3253851562353702
531,occlusion,high,3,3,occlusion,occlusion,False,0.0667571946978569,0.5777468681335449,20.178112030029297,0.0667571946978569,0.5777468681335449,20.178112030029297,1.2982723437460209,1.3253851562353702
532,occlusion,high,3,3,occlusion,occlusion,False,0.13086897134780884,0.5108218789100647,14.323014259338379,0.13086897134780884,0.5108218789100647,14.323014259338379,1.2982723437460209,1.3253851562353702
533,salt_pepper,medium,1,1,salt_pepper,salt_pepper,False,0.06481130421161652,0.8298837542533875,20.53407859802246,0.06481130421161652,0.8298837542533875,20.53407859802246,1.2982723437460209,1.3253851562353702
534,blur,low,2,2,blur,blur,False,0.0691215991973877,0.7323532700538635,20.772037506103516,0.0691215991973877,0.7323532700538635,20.772037506103516,1.2982723437460209,1.3253851562353702
535,salt_pepper,low,1,1,salt_pepper,salt_pepper,False,0.07743586599826813,0.7795243263244629,19.52558135986328,0.07743586599826813,0.7795243263244629,19.52558135986328,1.2982723437460209,1.3253851562353702
536,clean,none,0,0,clean,clean,False,0.0,1.0,100.0,0.0,1.0,100.0,1.2982723437460209,1.3253851562353702
537,salt_pepper,high,1,1,salt_pepper,salt_pepper,False,0.05717507377266884,0.7933042645454407,22.34832000732422,0.05717507377266884,0.7933042645454407,22.34832000732422,1.2982723437460209,1.3253851562353702
538,clean,none,0,0,clean,clean,False,0.0,1.0,100.0,0.0,1.0,100.0,1.2982723437460209,1.3253851562353702
539,clean,none,0,0,clean,clean,False,0.0,1.0,100.0,0.0,1.0,100.0,1.2982723437460209,1.3253851562353702
540,salt_pepper,high,1,1,salt_pepper,salt_pepper,False,0.09203597158193588,0.7523956894874573,18.580392837524414,0.09203597158193588,0.7523956894874573,18.580392837524414,1.2982723437460209,1.3253851562353702
541,occlusion,medium,3,3,occlusion,occlusion,False,0.06757000833749771,0.5548407435417175,20.21978759765625,0.06757000833749771,0.5548407435417175,20.21978759765625,1.2982723437460209,1.3253851562353702
542,salt_pepper,low,1,1,salt_pepper,salt_pepper,False,0.08864468336105347,0.5869194865226746,18.860515594482422,0.08864468336105347,0.5869194865226746,18.860515594482422,1.2982723437460209,1.3253851562353702
543,clean,none,0,0,clean,clean,False,0.0,1.0,100.0,0.0,1.0,100.0,1.2982723437460209,1.3253851562353702
544,blur,high,2,2,blur,blur,False,0.07432815432548523,0.7078291773796082,19.150897979736328,0.07432815432548523,0.7078291773796082,19.150897979736328,1.5241102812524332,1.5325900312461727
545,occlusion,medium,3,3,occlusion,occlusion,False,0.07382797449827194,0.6649245619773865,19.316574096679688,0.07382797449827194,0.6649245619773865,19.316574096679688,1.5241102812524332,1.5325900312461727
546,salt_pepper,high,1,1,salt_pepper,salt_pepper,False,0.06817152351140976,0.7630153298377991,20.349956512451172,0.06817152351140976,0.7630153298377991,20.349956512451172,1.5241102812524332,1.5325900312461727
547,salt_pepper,medium,1,1,salt_pepper,salt_pepper,False,0.060946639627218246,0.7753455638885498,21.551502227783203,0.060946639627218246,0.7753455638885498,21.551502227783203,1.5241102812524332,1.5325900312461727
548,occlusion,high,3,3,occlusion,occlusion,False,0.10251724720001221,0.4958072602748871,16.427955627441406,0.10251724720001221,0.4958072602748871,16.427955627441406,1.5241102812524332,1.5325900312461727
549,clean,none,0,0,clean,clean,False,0.0,1.0,100.0,0.0,1.0,100.0,1.5241102812524332,1.5325900312461727
550,blur,medium,2,2,blur,blur,False,0.040752049535512924,0.8001977801322937,25.00967788696289,0.040752049535512924,0.8001977801322937,25.00967788696289,1.5241102812524332,1.5325900312461727
551,blur,high,2,2,blur,blur,False,0.044728029519319534,0.8577585220336914,23.702648162841797,0.044728029519319534,0.8577585220336914,23.702648162841797,1.5241102812524332,1.5325900312461727
552,blur,medium,2,2,blur,blur,False,0.10776875168085098,0.7291831374168396,17.074329376220703,0.10776875168085098,0.7291831374168396,17.074329376220703,1.5241102812524332,1.5325900312461727
553,salt_pepper,high,1,1,salt_pepper,salt_pepper,False,0.05420980975031853,0.8040086627006531,23.309736251831055,0.05420980975031853,0.8040086627006531,23.309736251831055,1.5241102812524332,1.5325900312461727
554,occlusion,medium,3,3,occlusion,occlusion,False,0.04252459108829498,0.8343737721443176,23.309080123901367,0.04252459108829498,0.8343737721443176,23.309080123901367,1.5241102812524332,1.5325900312461727
555,blur,high,2,2,blur,blur,False,0.09468277543783188,0.6927521824836731,16.621503829956055,0.09468277543783188,0.6927521824836731,16.621503829956055,1.5241102812524332,1.5325900312461727
556,occlusion,medium,3,3,occlusion,occlusion,False,0.08314894884824753,0.5038956999778748,19.065942764282227,0.08314894884824753,0.5038956999778748,19.065942764282227,1.5241102812524332,1.5325900312461727
557,blur,medium,2,2,blur,blur,False,0.09069836884737015,0.8145940899848938,17.85863494873047,0.09069836884737015,0.8145940899848938,17.85863494873047,1.5241102812524332,1.5325900312461727
558,occlusion,low,3,3,occlusion,occlusion,False,0.04619439318776131,0.7797701358795166,22.724712371826172,0.04619439318776131,0.7797701358795166,22.724712371826172,1.5241102812524332,1.5325900312461727
559,occlusion,low,3,3,occlusion,occlusion,False,0.03288299962878227,0.7924407124519348,25.499155044555664,0.03288299962878227,0.7924407124519348,25.499155044555664,1.5241102812524332,1.5325900312461727
560,blur,high,2,2,blur,blur,False,0.04109193757176399,0.8300487399101257,24.97872543334961,0.04109193757176399,0.8300487399101257,24.97872543334961,1.5241102812524332,1.5325900312461727
561,clean,none,0,0,clean,clean,False,0.0,1.0,100.0,0.0,1.0,100.0,1.5241102812524332,1.5325900312461727
562,occlusion,medium,3,3,occlusion,occlusion,False,0.0783456489443779,0.8323240876197815,19.670143127441406,0.0783456489443779,0.8323240876197815,19.670143127441406,1.5241102812524332,1.5325900312461727
563,salt_pepper,medium,1,1,salt_pepper,salt_pepper,False,0.032128334045410156,0.8280482292175293,26.703603744506836,0.032128334045410156,0.8280482292175293,26.703603744506836,1.5241102812524332,1.5325900312461727
564,occlusion,high,3,3,occlusion,occlusion,False,0.09889429062604904,0.5408691763877869,16.55984115600586,0.09889429062604904,0.5408691763877869,16.55984115600586,1.5241102812524332,1.5325900312461727
565,clean,none,0,0,clean,clean,False,0.0,1.0,100.0,0.0,1.0,100.0,1.5241102812524332,1.5325900312461727
566,blur,low,2,2,blur,blur,False,0.044670045375823975,0.8397769927978516,23.804025650024414,0.044670045375823975,0.8397769927978516,23.804025650024414,1.5241102812524332,1.5325900312461727
567,blur,high,2,2,blur,blur,False,0.04321447014808655,0.8476893901824951,24.8702392578125,0.04321447014808655,0.8476893901824951,24.8702392578125,1.5241102812524332,1.5325900312461727
568,clean,none,0,0,clean,clean,False,0.0,1.0,100.0,0.0,1.0,100.0,1.5241102812524332,1.5325900312461727
569,blur,high,2,2,blur,blur,False,0.059268608689308167,0.6755703091621399,22.054458618164062,0.059268608689308167,0.6755703091621399,22.054458618164062,1.5241102812524332,1.5325900312461727
570,blur,high,2,2,blur,blur,False,0.034917425364255905,0.846470057964325,24.768505096435547,0.034917425364255905,0.846470057964325,24.768505096435547,1.5241102812524332,1.5325900312461727
571,clean,none,0,0,clean,clean,False,0.0,1.0,100.0,0.0,1.0,100.0,1.5241102812524332,1.5325900312461727
572,salt_pepper,medium,1,1,salt_pepper,salt_pepper,False,0.04608669877052307,0.6844754219055176,23.808399200439453,0.04608669877052307,0.6844754219055176,23.808399200439453,1.5241102812524332,1.5325900312461727
573,blur,low,2,2,blur,blur,False,0.0637793019413948,0.747094452381134,21.4656982421875,0.0637793019413948,0.747094452381134,21.4656982421875,1.5241102812524332,1.5325900312461727
574,blur,high,2,2,blur,blur,False,0.0689748153090477,0.7466347813606262,19.7586669921875,0.0689748153090477,0.7466347813606262,19.7586669921875,1.5241102812524332,1.5325900312461727
575,clean,none,0,0,clean,clean,False,0.0,1.0,100.0,0.0,1.0,100.0,1.5241102812524332,1.5325900312461727
576,salt_pepper,high,1,1,salt_pepper,salt_pepper,False,0.032118819653987885,0.8302194476127625,26.951702117919922,0.032118819653987885,0.8302194476127625,26.951702117919922,1.107481343751715,1.0632576562557006
577,clean,none,0,0,clean,clean,False,0.0,1.0,100.0,0.0,1.0,100.0,1.107481343751715,1.0632576562557006
578,clean,none,0,0,clean,clean,False,0.0,1.0,100.0,0.0,1.0,100.0,1.107481343751715,1.0632576562557006
579,blur,low,2,2,blur,blur,False,0.05804853513836861,0.8058211803436279,22.010013580322266,0.05804853513836861,0.8058211207389832,22.010013580322266,1.107481343751715,1.0632576562557006
580,blur,medium,2,2,blur,blur,False,0.050082892179489136,0.8638579845428467,23.229644775390625,0.05008288100361824,0.8638579249382019,23.229644775390625,1.107481343751715,1.0632576562557006
581,clean,none,0,0,clean,clean,False,0.0,1.0,100.0,0.0,1.0,100.0,1.107481343751715,1.0632576562557006
582,clean,none,0,0,clean,clean,False,0.0,1.0,100.0,0.0,1.0,100.0,1.107481343751715,1.0632576562557006
583,salt_pepper,medium,1,1,salt_pepper,salt_pepper,False,0.13912852108478546,0.6851320266723633,12.720943450927734,0.13912852108478546,0.6851320266723633,12.720943450927734,1.107481343751715,1.0632576562557006
584,blur,high,2,2,blur,blur,False,0.06361820548772812,0.7162851691246033,20.68292999267578,0.06361820548772812,0.7162850499153137,20.68292999267578,1.107481343751715,1.0632576562557006
585,occlusion,medium,3,3,occlusion,occlusion,False,0.05869165062904358,0.7363917827606201,21.403541564941406,0.05869165062904358,0.7363917827606201,21.403541564941406,1.107481343751715,1.0632576562557006
586,clean,none,0,0,clean,clean,False,0.0,1.0,100.0,0.0,1.0,100.0,1.107481343751715,1.0632576562557006
587,occlusion,medium,3,3,occlusion,occlusion,False,0.058970168232917786,0.7237924933433533,21.035192489624023,0.058970168232917786,0.7237924933433533,21.035192489624023,1.107481343751715,1.0632576562557006
588,occlusion,medium,3,3,occlusion,occlusion,False,0.06739106774330139,0.7150841355323792,19.32406234741211,0.06739106774330139,0.7150841355323792,19.32406234741211,1.107481343751715,1.0632576562557006
589,salt_pepper,low,1,1,salt_pepper,salt_pepper,False,0.06912682205438614,0.7346941828727722,20.69383430480957,0.06912682205438614,0.7346941828727722,20.69383430480957,1.107481343751715,1.0632576562557006
590,occlusion,medium,3,3,occlusion,occlusion,False,0.04658685252070427,0.6642069220542908,22.865501403808594,0.04658685252070427,0.6642069220542908,22.865501403808594,1.107481343751715,1.0632576562557006
591,blur,high,2,2,blur,blur,False,0.04257810115814209,0.8177251219749451,23.704944610595703,0.04257810115814209,0.8177250027656555,23.704944610595703,1.107481343751715,1.0632576562557006
592,occlusion,low,3,3,occlusion,occlusion,False,0.033148035407066345,0.8563456535339355,24.450881958007812,0.033148035407066345,0.8563456535339355,24.450881958007812,1.107481343751715,1.0632576562557006
593,salt_pepper,medium,1,1,salt_pepper,salt_pepper,False,0.0775533989071846,0.7292213439941406,19.82691192626953,0.0775533989071846,0.7292213439941406,19.82691192626953,1.107481343751715,1.0632576562557006
594,clean,none,0,0,clean,clean,False,0.0,1.0,100.0,0.0,1.0,100.0,1.107481343751715,1.0632576562557006
595,occlusion,low,3,3,occlusion,occlusion,False,0.05926312878727913,0.7096956372261047,21.40652084350586,0.05926312878727913,0.7096956372261047,21.40652084350586,1.107481343751715,1.0632576562557006
596,clean,none,0,0,clean,clean,False,0.0,1.0,100.0,0.0,1.0,100.0,1.107481343751715,1.0632576562557006
597,clean,none,0,0,clean,clean,False,0.0,1.0,100.0,0.0,1.0,100.0,1.107481343751715,1.0632576562557006
598,clean,none,0,0,clean,clean,False,0.0,1.0,100.0,0.0,1.0,100.0,1.107481343751715,1.0632576562557006
599,clean,none,0,0,clean,clean,False,0.0,1.0,100.0,0.0,1.0,100.0,1.107481343751715,1.0632576562557006
600,occlusion,low,3,3,occlusion,occlusion,False,0.028210407122969627,0.8625686764717102,25.773235321044922,0.028210407122969627,0.8625686764717102,25.773235321044922,1.107481343751715,1.0632576562557006
601,salt_pepper,high,1,1,salt_pepper,salt_pepper,False,0.056523095816373825,0.6847314238548279,22.929418563842773,0.056523095816373825,0.6847314238548279,22.929418563842773,1.107481343751715,1.0632576562557006
602,clean,none,0,2,clean,blur,True,0.04058527573943138,0.8585612773895264,24.78398895263672,0.0,1.0,100.0,1.107481343751715,1.0632576562557006
603,clean,none,0,0,clean,clean,False,0.0,1.0,100.0,0.0,1.0,100.0,1.107481343751715,1.0632576562557006
604,blur,high,2,2,blur,blur,False,0.048273731023073196,0.896869957447052,24.689924240112305,0.04827374219894409,0.8968704342842102,24.689922332763672,1.107481343751715,1.0632576562557006
605,clean,none,0,0,clean,clean,False,0.0,1.0,100.0,0.0,1.0,100.0,1.107481343751715,1.0632576562557006
606,occlusion,high,3,3,occlusion,occlusion,False,0.07432424277067184,0.6518378853797913,18.98318099975586,0.07432424277067184,0.6518378853797913,18.98318099975586,1.107481343751715,1.0632576562557006
607,salt_pepper,medium,1,1,salt_pepper,salt_pepper,False,0.0637572705745697,0.8731799125671387,20.706518173217773,0.0637572705745697,0.8731799125671387,20.706518173217773,1.107481343751715,1.0632576562557006
608,salt_pepper,medium,1,1,salt_pepper,salt_pepper,False,0.024764815345406532,0.9296724200248718,28.930910110473633,0.024764815345406532,0.9296724200248718,28.930910110473633,1.2284758749956382,1.132326624997404
609,clean,none,0,2,clean,blur,True,0.061839547008275986,0.8481950163841248,20.246356964111328,0.0,1.0,100.0,1.2284758749956382,1.132326624997404
610,blur,low,2,2,blur,blur,False,0.06124238297343254,0.831770658493042,21.264331817626953,0.061242397874593735,0.8317708969116211,21.264331817626953,1.2284758749956382,1.132326624997404
611,occlusion,medium,3,3,occlusion,occlusion,False,0.0823504850268364,0.7428321242332458,17.72022819519043,0.0823504850268364,0.7428321242332458,17.72022819519043,1.2284758749956382,1.132326624997404
612,clean,none,0,0,clean,clean,False,0.0,1.0,100.0,0.0,1.0,100.0,1.2284758749956382,1.132326624997404
613,occlusion,medium,3,3,occlusion,occlusion,False,0.07060939073562622,0.6680855751037598,20.395919799804688,0.07060939073562622,0.6680855751037598,20.395919799804688,1.2284758749956382,1.132326624997404
614,blur,low,2,2,blur,blur,False,0.10887375473976135,0.6736419796943665,16.19624900817871,0.10887375473976135,0.6736419796943665,16.19624900817871,1.2284758749956382,1.132326624997404
615,salt_pepper,low,1,1,salt_pepper,salt_pepper,False,0.038716938346624374,0.8775447010993958,25.38345718383789,0.038716938346624374,0.8775447010993958,25.38345718383789,1.2284758749956382,1.132326624997404
616,clean,none,0,0,clean,clean,False,0.0,1.0,100.0,0.0,1.0,100.0,1.2284758749956382,1.132326624997404
617,occlusion,low,3,3,occlusion,occlusion,False,0.02785634994506836,0.8199107646942139,27.200973510742188,0.02785634994506836,0.8199107646942139,27.200973510742188,1.2284758749956382,1.132326624997404
618,blur,low,2,2,blur,blur,False,0.04636872187256813,0.8139546513557434,22.66968536376953,0.04636872187256813,0.8139548897743225,22.66968536376953,1.2284758749956382,1.132326624997404
619,salt_pepper,medium,1,1,salt_pepper,salt_pepper,False,0.055359844118356705,0.8071878552436829,22.198829650878906,0.055359844118356705,0.8071878552436829,22.198829650878906,1.2284758749956382,1.132326624997404
620,blur,low,2,2,blur,blur,False,0.05756683647632599,0.8215346932411194,21.780723571777344,0.057566847652196884,0.8215344548225403,21.780723571777344,1.2284758749956382,1.132326624997404
621,clean,none,0,0,clean,clean,False,0.0,1.0,100.0,0.0,1.0,100.0,1.2284758749956382,1.132326624997404
622,blur,medium,2,2,blur,blur,False,0.03201974183320999,0.9272133708000183,26.91178321838379,0.03201975300908089,0.9272132515907288,26.911781311035156,1.2284758749956382,1.132326624997404
623,clean,none,0,0,clean,clean,False,0.0,1.0,100.0,0.0,1.0,100.0,1.2284758749956382,1.132326624997404
624,clean,none,0,0,clean,clean,False,0.0,1.0,100.0,0.0,1.0,100.0,1.2284758749956382,1.132326624997404
625,blur,low,2,2,blur,blur,False,0.09519173949956894,0.7700952887535095,16.168800354003906,0.09519173949956894,0.7700952887535095,16.16880226135254,1.2284758749956382,1.132326624997404
626,blur,medium,2,2,blur,blur,False,0.059160176664590836,0.8287039399147034,21.705162048339844,0.05916016176342964,0.8287038803100586,21.70516586303711,1.2284758749956382,1.132326624997404
627,salt_pepper,low,1,1,salt_pepper,salt_pepper,False,0.05656178668141365,0.865868091583252,22.55152702331543,0.05656178668141365,0.865868091583252,22.55152702331543,1.2284758749956382,1.132326624997404
628,salt_pepper,medium,1,1,salt_pepper,salt_pepper,False,0.039587583392858505,0.8852265477180481,26.112110137939453,0.039587583392858505,0.8852265477180481,26.112110137939453,1.2284758749956382,1.132326624997404
629,blur,low,2,2,blur,blur,False,0.031661052256822586,0.8729357719421387,27.410736083984375,0.031661055982112885,0.8729357719421387,27.410736083984375,1.2284758749956382,1.132326624997404
630,occlusion,medium,3,3,occlusion,occlusion,False,0.03626001253724098,0.8110788464546204,25.693782806396484,0.03626001253724098,0.8110788464546204,25.693782806396484,1.2284758749956382,1.132326624997404
631,clean,none,0,0,clean,clean,False,0.0,1.0,100.0,0.0,1.0,100.0,1.2284758749956382,1.132326624997404
632,clean,none,0,0,clean,clean,False,0.0,1.0,100.0,0.0,1.0,100.0,1.2284758749956382,1.132326624997404
633,clean,none,0,0,clean,clean,False,0.0,1.0,100.0,0.0,1.0,100.0,1.2284758749956382,1.132326624997404
634,blur,high,2,2,blur,blur,False,0.04405001178383827,0.8616090416908264,24.581844329833984,0.04405002295970917,0.8616088032722473,24.581844329833984,1.2284758749956382,1.132326624997404
635,clean,none,0,0,clean,clean,False,0.0,1.0,100.0,0.0,1.0,100.0,1.2284758749956382,1.132326624997404
636,occlusion,high,3,3,occlusion,occlusion,False,0.048801522701978683,0.7105679512023926,21.72217559814453,0.048801522701978683,0.7105679512023926,21.72217559814453,1.2284758749956382,1.132326624997404
637,clean,none,0,0,clean,clean,False,0.0,1.0,100.0,0.0,1.0,100.0,1.2284758749956382,1.132326624997404
638,blur,medium,2,2,blur,blur,False,0.024633614346385002,0.9121171832084656,29.196880340576172,0.0246336217969656,0.912117063999176,29.196876525878906,1.2284758749956382,1.132326624997404
639,occlusion,low,3,3,occlusion,occlusion,False,0.046873632818460464,0.8694550395011902,21.459300994873047,0.046873632818460464,0.8694550395011902,21.459300994873047,1.2284758749956382,1.132326624997404
640,blur,low,2,2,blur,blur,False,0.04459339380264282,0.8893447518348694,23.114593505859375,0.04459339380264282,0.8893447518348694,23.114593505859375,2.1549468437740416,1.810994843737035
641,clean,none,0,0,clean,clean,False,0.0,1.0,100.0,0.0,1.0,100.0,2.1549468437740416,1.810994843737035
642,occlusion,low,3,3,occlusion,occlusion,False,0.03747091814875603,0.8581616282463074,23.80512237548828,0.03747091814875603,0.8581616282463074,23.80512237548828,2.1549468437740416,1.810994843737035
643,occlusion,high,3,3,occlusion,occlusion,False,0.07811547070741653,0.7416625022888184,18.85538101196289,0.07811547070741653,0.7416625022888184,18.85538101196289,2.1549468437740416,1.810994843737035
644,occlusion,high,3,3,occlusion,occlusion,False,0.08567909151315689,0.6623330116271973,16.003999710083008,0.08567909151315689,0.6623330116271973,16.003999710083008,2.1549468437740416,1.810994843737035
645,occlusion,medium,3,3,occlusion,occlusion,False,0.05292264744639397,0.7357246279716492,21.029891967773438,0.05292264744639397,0.7357246279716492,21.029891967773438,2.1549468437740416,1.810994843737035
646,clean,none,0,0,clean,clean,False,0.0,1.0,100.0,0.0,1.0,100.0,2.1549468437740416,1.810994843737035
647,occlusion,low,3,3,occlusion,occlusion,False,0.036139775067567825,0.8332497477531433,25.973098754882812,0.036139775067567825,0.8332497477531433,25.973098754882812,2.1549468437740416,1.810994843737035
648,salt_pepper,medium,1,1,salt_pepper,salt_pepper,False,0.02753950096666813,0.9324304461479187,29.388713836669922,0.02753950096666813,0.9324304461479187,29.388713836669922,2.1549468437740416,1.810994843737035
649,salt_pepper,low,1,1,salt_pepper,salt_pepper,False,0.04576769098639488,0.8427394032478333,23.707273483276367,0.04576769098639488,0.8427394032478333,23.707273483276367,2.1549468437740416,1.810994843737035
650,occlusion,low,3,3,occlusion,occlusion,False,0.0557018518447876,0.7313874363899231,22.36687469482422,0.0557018518447876,0.7313874363899231,22.36687469482422,2.1549468437740416,1.810994843737035
651,occlusion,high,3,3,occlusion,occlusion,False,0.05005832388997078,0.7122222781181335,21.777664184570312,0.05005832388997078,0.7122222781181335,21.777664184570312,2.1549468437740416,1.810994843737035
652,clean,none,0,0,clean,clean,False,0.0,1.0,100.0,0.0,1.0,100.0,2.1549468437740416,1.810994843737035
653,blur,low,2,2,blur,blur,False,0.10746040940284729,0.7908236384391785,17.41895294189453,0.10746040940284729,0.7908236384391785,17.41895294189453,2.1549468437740416,1.810994843737035
654,occlusion,medium,3,3,occlusion,occlusion,False,0.024505749344825745,0.9117065072059631,28.233158111572266,0.024505749344825745,0.9117065072059631,28.233158111572266,2.1549468437740416,1.810994843737035
655,occlusion,medium,3,3,occlusion,occlusion,False,0.07422254234552383,0.7986178398132324,19.79891586303711,0.07422254234552383,0.7986178398132324,19.79891586303711,2.1549468437740416,1.810994843737035
656,occlusion,low,3,3,occlusion,occlusion,False,0.06931651383638382,0.5879241824150085,19.8891544342041,0.06931651383638382,0.5879241824150085,19.8891544342041,2.1549468437740416,1.810994843737035
657,blur,low,2,2,blur,blur,False,0.05788185074925423,0.8425279259681702,19.777027130126953,0.05788185074925423,0.8425279259681702,19.777027130126953,2.1549468437740416,1.810994843737035
658,clean,none,0,0,clean,clean,False,0.0,1.0,100.0,0.0,1.0,100.0,2.1549468437740416,1.810994843737035
659,blur,medium,2,2,blur,blur,False,0.13692547380924225,0.8025160431861877,14.502572059631348,0.13692547380924225,0.8025160431861877,14.502572059631348,2.1549468437740416,1.810994843737035
660,occlusion,low,3,3,occlusion,occlusion,False,0.042014554142951965,0.8163564801216125,23.143720626831055,0.042014554142951965,0.8163564801216125,23.143720626831055,2.1549468437740416,1.810994843737035
661,salt_pepper,high,1,1,salt_pepper,salt_pepper,False,0.049799900501966476,0.8471658825874329,23.48995590209961,0.049799900501966476,0.8471658825874329,23.48995590209961,2.1549468437740416,1.810994843737035
662,blur,low,2,2,blur,blur,False,0.02917066030204296,0.9121532440185547,27.81084442138672,0.02917066030204296,0.9121532440185547,27.81084442138672,2.1549468437740416,1.810994843737035
663,blur,high,2,2,blur,blur,False,0.030869921669363976,0.8996550440788269,26.896982192993164,0.030869921669363976,0.8996550440788269,26.896982192993164,2.1549468437740416,1.810994843737035
664,clean,none,0,0,clean,clean,False,0.0,1.0,100.0,0.0,1.0,100.0,2.1549468437740416,1.810994843737035
665,blur,low,2,2,blur,blur,False,0.04216187074780464,0.8365190625190735,24.940189361572266,0.04216187074780464,0.8365190625190735,24.940189361572266,2.1549468437740416,1.810994843737035
666,occlusion,low,3,3,occlusion,occlusion,False,0.029340455308556557,0.8351653218269348,27.067537307739258,0.029340455308556557,0.8351653218269348,27.067537307739258,2.1549468437740416,1.810994843737035
667,occlusion,medium,3,3,occlusion,occlusion,False,0.04749087616801262,0.7219786643981934,20.297996520996094,0.04749087616801262,0.7219786643981934,20.297996520996094,2.1549468437740416,1.810994843737035
668,blur,low,2,2,blur,blur,False,0.03948010504245758,0.8554449081420898,25.324953079223633,0.03948010504245758,0.8554449081420898,25.324953079223633,2.1549468437740416,1.810994843737035
669,blur,low,2,2,blur,blur,False,0.06228996813297272,0.8489547371864319,19.71994972229004,0.06228996813297272,0.8489547371864319,19.71994972229004,2.1549468437740416,1.810994843737035
670,blur,medium,2,2,blur,blur,False,0.0484149269759655,0.8688945174217224,23.5427188873291,0.0484149269759655,0.8688945174217224,23.5427188873291,2.1549468437740416,1.810994843737035
671,occlusion,medium,3,3,occlusion,occlusion,False,0.042038798332214355,0.8371654152870178,24.259876251220703,0.042038798332214355,0.8371654152870178,24.259876251220703,2.1549468437740416,1.810994843737035
672,occlusion,low,3,3,occlusion,occlusion,False,0.03944990411400795,0.8526018261909485,24.386137008666992,0.03944990411400795,0.8526018261909485,24.386137008666992,2.002663124983428,1.6343139687649
673,blur,low,2,2,blur,blur,False,0.05185796692967415,0.8694861531257629,22.672243118286133,0.05185796692967415,0.8694861531257629,22.672243118286133,2.002663124983428,1.6343139687649
674,salt_pepper,high,1,1,salt_pepper,salt_pepper,False,0.06424679607152939,0.7760245203971863,21.887451171875,0.06424679607152939,0.7760245203971863,21.887451171875,2.002663124983428,1.6343139687649
675,blur,medium,2,2,blur,blur,False,0.025497138500213623,0.9271083474159241,28.647748947143555,0.025497138500213623,0.9271083474159241,28.647748947143555,2.002663124983428,1.6343139687649
676,occlusion,low,3,3,occlusion,occlusion,False,0.12003478407859802,0.7201960682868958,15.766519546508789,0.12003478407859802,0.7201960682868958,15.766519546508789,2.002663124983428,1.6343139687649
677,blur,low,2,2,blur,blur,False,0.03968971595168114,0.8348076343536377,25.01354217529297,0.03968971595168114,0.8348076343536377,25.01354217529297,2.002663124983428,1.6343139687649
678,clean,none,0,0,clean,clean,False,0.0,1.0,100.0,0.0,1.0,100.0,2.002663124983428,1.6343139687649
679,clean,none,0,0,clean,clean,False,0.0,1.0,100.0,0.0,1.0,100.0,2.002663124983428,1.6343139687649
680,occlusion,high,3,3,occlusion,occlusion,False,0.07735756784677505,0.7601383328437805,18.522756576538086,0.07735756784677505,0.7601383328437805,18.522756576538086,2.002663124983428,1.6343139687649
681,blur,high,2,2,blur,blur,False,0.07973022013902664,0.7782840132713318,18.389636993408203,0.07973022013902664,0.7782840132713318,18.389636993408203,2.002663124983428,1.6343139687649
682,occlusion,medium,3,3,occlusion,occlusion,False,0.058384161442518234,0.710869312286377,20.05413055419922,0.058384161442518234,0.710869312286377,20.05413055419922,2.002663124983428,1.6343139687649
683,salt_pepper,medium,1,1,salt_pepper,salt_pepper,False,0.044785190373659134,0.8372605443000793,23.694377899169922,0.044785190373659134,0.8372605443000793,23.694377899169922,2.002663124983428,1.6343139687649
684,clean,none,0,0,clean,clean,False,0.0,1.0,100.0,0.0,1.0,100.0,2.002663124983428,1.6343139687649
685,blur,high,2,2,blur,blur,False,0.04867038130760193,0.7570009827613831,23.533775329589844,0.04867038130760193,0.7570009827613831,23.533775329589844,2.002663124983428,1.6343139687649
686,clean,none,0,0,clean,clean,False,0.0,1.0,100.0,0.0,1.0,100.0,2.002663124983428,1.6343139687649
687,occlusion,low,3,3,occlusion,occlusion,False,0.039906714111566544,0.8653542995452881,24.92328643798828,0.039906714111566544,0.8653542995452881,24.92328643798828,2.002663124983428,1.6343139687649
688,blur,high,2,2,blur,blur,False,0.06595536321401596,0.8430755734443665,19.968265533447266,0.06595536321401596,0.8430755734443665,19.968265533447266,2.002663124983428,1.6343139687649
689,blur,low,2,2,blur,blur,False,0.03972553461790085,0.767190158367157,25.918960571289062,0.03972553461790085,0.767190158367157,25.918960571289062,2.002663124983428,1.6343139687649
690,occlusion,low,3,3,occlusion,occlusion,False,0.06671347469091415,0.7152958512306213,19.384199142456055,0.06671347469091415,0.7152958512306213,19.384199142456055,2.002663124983428,1.6343139687649
691,blur,high,2,2,blur,blur,False,0.043396592140197754,0.8310198783874512,24.45449447631836,0.043396592140197754,0.8310198783874512,24.45449447631836,2.002663124983428,1.6343139687649
692,blur,high,2,2,blur,blur,False,0.06423864513635635,0.7269290089607239,22.047998428344727,0.06423864513635635,0.7269290089607239,22.047998428344727,2.002663124983428,1.6343139687649
693,clean,none,0,0,clean,clean,False,0.0,1.0,100.0,0.0,1.0,100.0,2.002663124983428,1.6343139687649
694,occlusion,high,3,3,occlusion,occlusion,False,0.04396558180451393,0.7993294596672058,20.06423568725586,0.04396558180451393,0.7993294596672058,20.06423568725586,2.002663124983428,1.6343139687649
695,clean,none,0,0,clean,clean,False,0.0,1.0,100.0,0.0,1.0,100.0,2.002663124983428,1.6343139687649
696,occlusion,high,3,3,occlusion,occlusion,False,0.037511687725782394,0.8384730815887451,21.06572914123535,0.037511687725782394,0.8384730815887451,21.06572914123535,2.002663124983428,1.6343139687649
697,clean,none,0,0,clean,clean,False,0.0,1.0,100.0,0.0,1.0,100.0,2.002663124983428,1.6343139687649
698,blur,medium,2,2,blur,blur,False,0.03000710718333721,0.9348855018615723,28.739835739135742,0.03000710718333721,0.9348855018615723,28.739835739135742,2.002663124983428,1.6343139687649
699,blur,medium,2,2,blur,blur,False,0.04757300391793251,0.8585776686668396,23.686769485473633,0.04757300391793251,0.8585776686668396,23.686769485473633,2.002663124983428,1.6343139687649
700,clean,none,0,0,clean,clean,False,0.0,1.0,100.0,0.0,1.0,100.0,2.002663124983428,1.6343139687649
701,blur,low,2,2,blur,blur,False,0.07066557556390762,0.8370383381843567,20.044538497924805,0.07066557556390762,0.8370383381843567,20.044538497924805,2.002663124983428,1.6343139687649
702,occlusion,medium,3,3,occlusion,occlusion,False,0.04019844904541969,0.7532908916473389,23.03415298461914,0.04019844904541969,0.7532908916473389,23.03415298461914,2.002663124983428,1.6343139687649
703,clean,none,0,0,clean,clean,False,0.0,1.0,100.0,0.0,1.0,100.0,2.002663124983428,1.6343139687649
704,occlusion,high,3,3,occlusion,occlusion,False,0.060624077916145325,0.7108096480369568,19.36240005493164,0.060624077916145325,0.7108096480369568,19.36240005493164,1.6729101249950418,1.4822355937553766
705,occlusion,high,3,3,occlusion,occlusion,False,0.08100281655788422,0.6349465250968933,17.150476455688477,0.08100281655788422,0.6349465250968933,17.150476455688477,1.6729101249950418,1.4822355937553766
706,occlusion,high,3,3,occlusion,occlusion,False,0.13608473539352417,0.6859453320503235,14.824503898620605,0.13608473539352417,0.6859453320503235,14.824503898620605,1.6729101249950418,1.4822355937553766
707,blur,low,2,2,blur,blur,False,0.0528588704764843,0.7450281977653503,22.53860855102539,0.0528588704764843,0.7450281977653503,22.53860855102539,1.6729101249950418,1.4822355937553766
708,blur,low,2,2,blur,blur,False,0.06061157211661339,0.8210833668708801,21.479690551757812,0.06061157211661339,0.8210833668708801,21.479690551757812,1.6729101249950418,1.4822355937553766
709,occlusion,high,3,3,occlusion,occlusion,False,0.05866415426135063,0.6698508262634277,19.647518157958984,0.05866415426135063,0.6698508262634277,19.647518157958984,1.6729101249950418,1.4822355937553766
710,blur,low,2,2,blur,blur,False,0.05713875591754913,0.7667346596717834,21.073413848876953,0.05713875591754913,0.7667346596717834,21.073413848876953,1.6729101249950418,1.4822355937553766
711,blur,medium,2,2,blur,blur,False,0.030013037845492363,0.9465864300727844,27.244384765625,0.030013037845492363,0.9465864300727844,27.244384765625,1.6729101249950418,1.4822355937553766
712,occlusion,high,3,3,occlusion,occlusion,False,0.060670752078294754,0.652005136013031,19.816444396972656,0.060670752078294754,0.652005136013031,19.816444396972656,1.6729101249950418,1.4822355937553766
713,occlusion,medium,3,3,occlusion,occlusion,False,0.04484036564826965,0.7434310913085938,20.156679153442383,0.04484036564826965,0.7434310913085938,20.156679153442383,1.6729101249950418,1.4822355937553766
714,occlusion,medium,3,3,occlusion,occlusion,False,0.03339579701423645,0.7695314288139343,25.32366180419922,0.03339579701423645,0.7695314288139343,25.32366180419922,1.6729101249950418,1.4822355937553766
715,occlusion,low,3,3,occlusion,occlusion,False,0.058354731649160385,0.708048403263092,20.703813552856445,0.058354731649160385,0.708048403263092,20.703813552856445,1.6729101249950418,1.4822355937553766
716,occlusion,high,3,3,occlusion,occlusion,False,0.030232029035687447,0.846106231212616,26.050045013427734,0.030232029035687447,0.846106231212616,26.050045013427734,1.6729101249950418,1.4822355937553766
717,clean,none,0,0,clean,clean,False,0.0,1.0,100.0,0.0,1.0,100.0,1.6729101249950418,1.4822355937553766
718,clean,none,0,0,clean,clean,False,0.0,1.0,100.0,0.0,1.0,100.0,1.6729101249950418,1.4822355937553766
719,salt_pepper,high,1,1,salt_pepper,salt_pepper,False,0.13759993016719818,0.6892165541648865,14.588214874267578,0.13759993016719818,0.6892165541648865,14.588214874267578,1.6729101249950418,1.4822355937553766
720,occlusion,medium,3,3,occlusion,occlusion,False,0.04412146285176277,0.8112664818763733,24.02446937561035,0.04412146285176277,0.8112664818763733,24.02446937561035,1.6729101249950418,1.4822355937553766
721,salt_pepper,medium,1,1,salt_pepper,salt_pepper,False,0.07734856009483337,0.710960328578949,18.842628479003906,0.07734856009483337,0.710960328578949,18.842628479003906,1.6729101249950418,1.4822355937553766
722,blur,low,2,2,blur,blur,False,0.05510440841317177,0.8539748787879944,22.02658462524414,0.05510440841317177,0.8539748787879944,22.02658462524414,1.6729101249950418,1.4822355937553766
723,occlusion,medium,3,3,occlusion,occlusion,False,0.05066291615366936,0.6937499642372131,23.020767211914062,0.05066291615366936,0.6937499642372131,23.020767211914062,1.6729101249950418,1.4822355937553766
724,occlusion,low,3,3,occlusion,occlusion,False,0.05004388093948364,0.7674131393432617,22.178741455078125,0.05004388093948364,0.7674131393432617,22.178741455078125,1.6729101249950418,1.4822355937553766
725,blur,high,2,2,blur,blur,False,0.03255102410912514,0.9180152416229248,25.591184616088867,0.03255102410912514,0.9180152416229248,25.591184616088867,1.6729101249950418,1.4822355937553766
726,blur,high,2,2,blur,blur,False,0.0574779249727726,0.7467781901359558,20.968294143676758,0.0574779249727726,0.7467781901359558,20.968294143676758,1.6729101249950418,1.4822355937553766
727,clean,none,0,0,clean,clean,False,0.0,1.0,100.0,0.0,1.0,100.0,1.6729101249950418,1.4822355937553766
728,occlusion,high,3,3,occlusion,occlusion,False,0.05352647230029106,0.7453243732452393,21.358226776123047,0.05352647230029106,0.7453243732452393,21.358226776123047,1.6729101249950418,1.4822355937553766
729,clean,none,0,0,clean,clean,False,0.0,1.0,100.0,0.0,1.0,100.0,1.6729101249950418,1.4822355937553766
730,blur,medium,2,2,blur,blur,False,0.05479614809155464,0.8189020752906799,23.014280319213867,0.05479614809155464,0.8189020752906799,23.014280319213867,1.6729101249950418,1.4822355937553766
731,clean,none,0,0,clean,clean,False,0.0,1.0,100.0,0.0,1.0,100.0,1.6729101249950418,1.4822355937553766
732,clean,none,0,0,clean,clean,False,0.0,1.0,100.0,0.0,1.0,100.0,1.6729101249950418,1.4822355937553766
733,occlusion,low,3,3,occlusion,occlusion,False,0.04467933997511864,0.8995010852813721,22.942068099975586,0.04467933997511864,0.8995010852813721,22.942068099975586,1.6729101249950418,1.4822355937553766
734,salt_pepper,medium,1,1,salt_pepper,salt_pepper,False,0.021614165976643562,0.8804492950439453,30.480453491210938,0.021614165976643562,0.8804492950439453,30.480453491210938,1.6729101249950418,1.4822355937553766
735,occlusion,medium,3,3,occlusion,occlusion,False,0.14704333245754242,0.7380233407020569,15.142351150512695,0.14704333245754242,0.7380233407020569,15.142351150512695,1.6729101249950418,1.4822355937553766
736,occlusion,low,3,3,occlusion,occlusion,False,0.037695225328207016,0.7943069338798523,24.437129974365234,0.037695225328207016,0.7943069338798523,24.437129974365234,1.4543074374842035,1.3897207187483218
737,clean,none,0,0,clean,clean,False,0.0,1.0,100.0,0.0,1.0,100.0,1.4543074374842035,1.3897207187483218
738,clean,none,0,0,clean,clean,False,0.0,1.0,100.0,0.0,1.0,100.0,1.4543074374842035,1.3897207187483218
739,salt_pepper,high,1,1,salt_pepper,salt_pepper,False,0.03769979253411293,0.8153626918792725,25.025875091552734,0.03769979253411293,0.8153626918792725,25.025875091552734,1.4543074374842035,1.3897207187483218
740,blur,low,2,2,blur,blur,False,0.06460817903280258,0.7765013575553894,21.116985321044922,0.06460817158222198,0.7765013575553894,21.116985321044922,1.4543074374842035,1.3897207187483218
741,salt_pepper,low,1,1,salt_pepper,salt_pepper,False,0.058962732553482056,0.7553735375404358,21.837976455688477,0.058962732553482056,0.7553735375404358,21.837976455688477,1.4543074374842035,1.3897207187483218
742,clean,none,0,0,clean,clean,False,0.0,1.0,100.0,0.0,1.0,100.0,1.4543074374842035,1.3897207187483218
743,occlusion,high,3,3,occlusion,occlusion,False,0.04310092329978943,0.6867128014564514,21.681392669677734,0.04310092329978943,0.6867128014564514,21.681392669677734,1.4543074374842035,1.3897207187483218
744,occlusion,low,3,3,occlusion,occlusion,False,0.04288787767291069,0.7180246710777283,23.003185272216797,0.04288787767291069,0.7180246710777283,23.003185272216797,1.4543074374842035,1.3897207187483218
745,salt_pepper,high,1,1,salt_pepper,salt_pepper,False,0.01696109026670456,0.9454122185707092,29.26681137084961,0.01696109026670456,0.9454122185707092,29.26681137084961,1.4543074374842035,1.3897207187483218
746,clean,none,0,0,clean,clean,False,0.0,1.0,100.0,0.0,1.0,100.0,1.4543074374842035,1.3897207187483218
747,occlusion,high,3,3,occlusion,occlusion,False,0.05691760778427124,0.6574032306671143,20.444477081298828,0.05691760778427124,0.6574032306671143,20.444477081298828,1.4543074374842035,1.3897207187483218
748,blur,high,2,2,blur,blur,False,0.06797900050878525,0.7997134327888489,20.32433319091797,0.06797900795936584,0.7997133731842041,20.32433319091797,1.4543074374842035,1.3897207187483218
749,salt_pepper,high,1,1,salt_pepper,salt_pepper,False,0.07223030179738998,0.8078539967536926,19.339324951171875,0.07223030179738998,0.8078539967536926,19.339324951171875,1.4543074374842035,1.3897207187483218
750,salt_pepper,medium,1,1,salt_pepper,salt_pepper,False,0.03822937607765198,0.8504882454872131,25.553455352783203,0.03822937607765198,0.8504882454872131,25.553455352783203,1.4543074374842035,1.3897207187483218
751,salt_pepper,medium,1,1,salt_pepper,salt_pepper,False,0.031916793435811996,0.9262354969978333,26.636354446411133,0.031916793435811996,0.9262354969978333,26.636354446411133,1.4543074374842035,1.3897207187483218
752,blur,low,2,2,blur,blur,False,0.08126579970121384,0.7461400032043457,18.7764835357666,0.08126580715179443,0.7461400628089905,18.7764835357666,1.4543074374842035,1.3897207187483218
753,salt_pepper,medium,1,1,salt_pepper,salt_pepper,False,0.04254695773124695,0.7697950005531311,24.887075424194336,0.04254695773124695,0.7697950005531311,24.887075424194336,1.4543074374842035,1.3897207187483218
754,salt_pepper,medium,1,1,salt_pepper,salt_pepper,False,0.04047514870762825,0.8607164025306702,24.649398803710938,0.04047514870762825,0.8607164025306702,24.649398803710938,1.4543074374842035,1.3897207187483218
755,salt_pepper,medium,1,1,salt_pepper,salt_pepper,False,0.07979290187358856,0.7541239261627197,19.69985580444336,0.07979290187358856,0.7541239261627197,19.69985580444336,1.4543074374842035,1.3897207187483218
756,occlusion,medium,3,3,occlusion,occlusion,False,0.048028361052274704,0.7547318339347839,21.812753677368164,0.048028361052274704,0.7547318339347839,21.812753677368164,1.4543074374842035,1.3897207187483218
757,blur,low,2,2,blur,blur,False,0.053710635751485825,0.8088939189910889,21.48270034790039,0.05371065065264702,0.8088940978050232,21.482698440551758,1.4543074374842035,1.3897207187483218
758,clean,none,0,0,clean,clean,False,0.0,1.0,100.0,0.0,1.0,100.0,1.4543074374842035,1.3897207187483218
759,occlusion,low,3,3,occlusion,occlusion,False,0.04175199940800667,0.8441228866577148,23.73406982421875,0.04175199940800667,0.8441228866577148,23.73406982421875,1.4543074374842035,1.3897207187483218
760,blur,medium,2,2,blur,blur,False,0.07780544459819794,0.7809707522392273,18.712793350219727,0.07780545204877853,0.7809707522392273,18.712793350219727,1.4543074374842035,1.3897207187483218
761,clean,none,0,2,clean,blur,True,0.03682999685406685,0.918950080871582,26.247196197509766,0.0,1.0,100.0,1.4543074374842035,1.3897207187483218
762,occlusion,medium,3,3,occlusion,occlusion,False,0.11707406491041183,0.4807790219783783,15.352182388305664,0.11707406491041183,0.4807790219783783,15.352182388305664,1.4543074374842035,1.3897207187483218
763,salt_pepper,medium,1,1,salt_pepper,salt_pepper,False,0.02629166655242443,0.930243730545044,29.273582458496094,0.02629166655242443,0.930243730545044,29.273582458496094,1.4543074374842035,1.3897207187483218
764,occlusion,low,3,3,occlusion,occlusion,False,0.05370179936289787,0.7252228260040283,22.777698516845703,0.05370179936289787,0.7252228260040283,22.777698516845703,1.4543074374842035,1.3897207187483218
765,blur,high,2,2,blur,blur,False,0.06758200377225876,0.8334646224975586,20.450801849365234,0.06758200377225876,0.8334646224975586,20.450801849365234,1.4543074374842035,1.3897207187483218
766,clean,none,0,0,clean,clean,False,0.0,1.0,100.0,0.0,1.0,100.0,1.4543074374842035,1.3897207187483218
767,occlusion,low,3,3,occlusion,occlusion,False,0.04879873991012573,0.8563516139984131,21.605823516845703,0.04879873991012573,0.8563516139984131,21.605823516845703,1.4543074374842035,1.3897207187483218
768,salt_pepper,high,1,1,salt_pepper,salt_pepper,False,0.04410259798169136,0.8169205188751221,24.000240325927734,0.04410259798169136,0.8169205188751221,24.000240325927734,1.3828806249875925,1.4258574062466778
769,occlusion,high,3,3,occlusion,occlusion,False,0.04432310536503792,0.6048279404640198,23.653745651245117,0.04432310536503792,0.6048280596733093,23.653745651245117,1.3828806249875925,1.4258574062466778
770,salt_pepper,medium,1,1,salt_pepper,salt_pepper,False,0.06262744218111038,0.7199181914329529,21.212772369384766,0.06262744218111038,0.7199181914329529,21.212772369384766,1.3828806249875925,1.4258574062466778
771,clean,none,0,0,clean,clean,False,0.0,1.0,100.0,0.0,1.0,100.0,1.3828806249875925,1.4258574062466778
772,clean,none,0,0,clean,clean,False,0.0,1.0,100.0,0.0,1.0,100.0,1.3828806249875925,1.4258574062466778
773,blur,low,2,2,blur,blur,False,0.0388757549226284,0.9257426857948303,26.56757164001465,0.0388757549226284,0.9257426857948303,26.56757164001465,1.3828806249875925,1.4258574062466778
774,salt_pepper,low,1,1,salt_pepper,salt_pepper,False,0.02295500971376896,0.8908796310424805,28.652751922607422,0.02295500971376896,0.8908796310424805,28.652751922607422,1.3828806249875925,1.4258574062466778
775,clean,none,0,0,clean,clean,False,0.0,1.0,100.0,0.0,1.0,100.0,1.3828806249875925,1.4258574062466778
776,blur,high,2,2,blur,blur,False,0.13882891833782196,0.6594390273094177,15.335926055908203,0.13882891833782196,0.6594390273094177,15.335926055908203,1.3828806249875925,1.4258574062466778
777,occlusion,medium,3,3,occlusion,occlusion,False,0.05487995222210884,0.7278072237968445,21.030540466308594,0.05487995222210884,0.727807343006134,21.030540466308594,1.3828806249875925,1.4258574062466778
778,salt_pepper,medium,1,1,salt_pepper,salt_pepper,False,0.02896941639482975,0.8977982997894287,27.45966911315918,0.02896941639482975,0.8977982997894287,27.45966911315918,1.3828806249875925,1.4258574062466778
779,salt_pepper,high,1,1,salt_pepper,salt_pepper,False,0.09977534413337708,0.6704626083374023,17.628013610839844,0.09977534413337708,0.6704626083374023,17.628013610839844,1.3828806249875925,1.4258574062466778
780,salt_pepper,high,1,1,salt_pepper,salt_pepper,False,0.038507889956235886,0.8742525577545166,23.80486488342285,0.038507889956235886,0.8742525577545166,23.80486488342285,1.3828806249875925,1.4258574062466778
781,clean,none,0,0,clean,clean,False,0.0,1.0,100.0,0.0,1.0,100.0,1.3828806249875925,1.4258574062466778
782,salt_pepper,low,1,1,salt_pepper,salt_pepper,False,0.09216788411140442,0.8422808647155762,17.39763069152832,0.09216788411140442,0.8422808647155762,17.39763069152832,1.3828806249875925,1.4258574062466778
783,blur,medium,2,2,blur,blur,False,0.06607917696237564,0.8727840781211853,20.62593650817871,0.06607917696237564,0.8727840781211853,20.62593650817871,1.3828806249875925,1.4258574062466778
784,blur,high,2,2,blur,blur,False,0.036699239164590836,0.812234103679657,26.21934700012207,0.036699239164590836,0.812234103679657,26.21934700012207,1.3828806249875925,1.4258574062466778
785,blur,high,2,2,blur,blur,False,0.03611352667212486,0.8452448844909668,24.807558059692383,0.03611352667212486,0.8452448844909668,24.807558059692383,1.3828806249875925,1.4258574062466778
786,occlusion,low,3,0,occlusion,clean,True,0.0405881442129612,0.8827304840087891,17.279647827148438,0.08065549284219742,0.5673022866249084,19.388450622558594,1.3828806249875925,1.4258574062466778
787,salt_pepper,high,1,1,salt_pepper,salt_pepper,False,0.05480285361409187,0.7190678715705872,22.50786590576172,0.05480285361409187,0.7190678715705872,22.50786590576172,1.3828806249875925,1.4258574062466778
788,blur,low,2,2,blur,blur,False,0.09589967876672745,0.6609237194061279,17.988418579101562,0.09589967876672745,0.6609237194061279,17.988418579101562,1.3828806249875925,1.4258574062466778
789,salt_pepper,low,1,1,salt_pepper,salt_pepper,False,0.035953231155872345,0.8206314444541931,25.62211799621582,0.035953231155872345,0.8206314444541931,25.62211799621582,1.3828806249875925,1.4258574062466778
790,clean,none,0,0,clean,clean,False,0.0,1.0,100.0,0.0,1.0,100.0,1.3828806249875925,1.4258574062466778
791,occlusion,medium,3,3,occlusion,occlusion,False,0.0855417475104332,0.588874101638794,18.21842384338379,0.0855417549610138,0.5888739824295044,18.21842384338379,1.3828806249875925,1.4258574062466778
792,blur,high,2,2,blur,blur,False,0.04854142665863037,0.7506982684135437,22.88933563232422,0.04854142665863037,0.7506982684135437,22.88933563232422,1.3828806249875925,1.4258574062466778
793,occlusion,medium,3,3,occlusion,occlusion,False,0.08858443051576614,0.6079725027084351,18.223726272583008,0.08858442306518555,0.6079724431037903,18.223724365234375,1.3828806249875925,1.4258574062466778
794,clean,none,0,0,clean,clean,False,0.0,1.0,100.0,0.0,1.0,100.0,1.3828806249875925,1.4258574062466778
795,salt_pepper,high,1,1,salt_pepper,salt_pepper,False,0.05423692241311073,0.7893187999725342,22.79595375061035,0.05423692241311073,0.7893187999725342,22.79595375061035,1.3828806249875925,1.4258574062466778
796,blur,high,2,2,blur,blur,False,0.04904903098940849,0.8458916544914246,23.450706481933594,0.04904903098940849,0.8458916544914246,23.450706481933594,1.3828806249875925,1.4258574062466778
797,salt_pepper,high,1,1,salt_pepper,salt_pepper,False,0.06026916205883026,0.8133144378662109,22.196537017822266,0.06026916205883026,0.8133144378662109,22.196537017822266,1.3828806249875925,1.4258574062466778
798,occlusion,high,3,3,occlusion,occlusion,False,0.10423561185598373,0.49221518635749817,15.72374153137207,0.10423561185598373,0.4922151565551758,15.72374153137207,1.3828806249875925,1.4258574062466778
799,clean,none,0,0,clean,clean,False,0.0,1.0,100.0,0.0,1.0,100.0,1.3828806249875925,1.4258574062466778
800,blur,medium,2,2,blur,blur,False,0.11388737708330154,0.7435824871063232,16.38973617553711,0.11388737708330154,0.7435824871063232,16.38973617553711,1.41622478125214,1.4105114687765763
801,salt_pepper,medium,1,1,salt_pepper,salt_pepper,False,0.04387001320719719,0.8671361804008484,24.806840896606445,0.04387001320719719,0.8671361804008484,24.806840896606445,1.41622478125214,1.4105114687765763
802,blur,medium,2,2,blur,blur,False,0.06501158326864243,0.7990226745605469,21.226028442382812,0.06501158326864243,0.7990226745605469,21.226028442382812,1.41622478125214,1.4105114687765763
803,blur,low,2,2,blur,blur,False,0.039018481969833374,0.8490508198738098,24.971153259277344,0.039018481969833374,0.8490508198738098,24.971153259277344,1.41622478125214,1.4105114687765763
804,blur,medium,2,2,blur,blur,False,0.06902430951595306,0.7835413813591003,21.029048919677734,0.06902430951595306,0.7835413813591003,21.029048919677734,1.41622478125214,1.4105114687765763
805,salt_pepper,medium,1,1,salt_pepper,salt_pepper,False,0.07078113406896591,0.8408463597297668,20.697328567504883,0.07078113406896591,0.8408463597297668,20.697328567504883,1.41622478125214,1.4105114687765763
806,blur,low,2,2,blur,blur,False,0.046291809529066086,0.876641571521759,24.302318572998047,0.046291809529066086,0.876641571521759,24.302318572998047,1.41622478125214,1.4105114687765763
807,clean,none,0,0,clean,clean,False,0.0,1.0,100.0,0.0,1.0,100.0,1.41622478125214,1.4105114687765763
808,clean,none,0,0,clean,clean,False,0.0,1.0,100.0,0.0,1.0,100.0,1.41622478125214,1.4105114687765763
809,occlusion,low,3,3,occlusion,occlusion,False,0.02812623418867588,0.8521862030029297,26.93002700805664,0.02812623418867588,0.8521862030029297,26.93002700805664,1.41622478125214,1.4105114687765763
810,clean,none,0,0,clean,clean,False,0.0,1.0,100.0,0.0,1.0,100.0,1.41622478125214,1.4105114687765763
811,blur,high,2,2,blur,blur,False,0.06227397918701172,0.8053770065307617,22.130508422851562,0.06227397918701172,0.8053770065307617,22.130508422851562,1.41622478125214,1.4105114687765763
812,clean,none,0,0,clean,clean,False,0.0,1.0,100.0,0.0,1.0,100.0,1.41622478125214,1.4105114687765763
813,clean,none,0,0,clean,clean,False,0.0,1.0,100.0,0.0,1.0,100.0,1.41622478125214,1.4105114687765763
814,salt_pepper,low,1,1,salt_pepper,salt_pepper,False,0.06395842134952545,0.7712919116020203,21.325096130371094,0.06395842134952545,0.7712919116020203,21.325096130371094,1.41622478125214,1.4105114687765763
815,salt_pepper,medium,1,1,salt_pepper,salt_pepper,False,0.059022147208452225,0.8194519877433777,22.067354202270508,0.059022147208452225,0.8194519877433777,22.067354202270508,1.41622478125214,1.4105114687765763
816,occlusion,medium,3,3,occlusion,occlusion,False,0.05549367144703865,0.7169408202171326,20.07879638671875,0.05549367144703865,0.7169408202171326,20.07879638671875,1.41622478125214,1.4105114687765763
817,blur,high,2,2,blur,blur,False,0.0666455626487732,0.8161564469337463,21.888072967529297,0.0666455626487732,0.8161564469337463,21.888072967529297,1.41622478125214,1.4105114687765763
818,clean,none,0,0,clean,clean,False,0.0,1.0,100.0,0.0,1.0,100.0,1.41622478125214,1.4105114687765763
819,salt_pepper,high,1,1,salt_pepper,salt_pepper,False,0.09390747547149658,0.6182603240013123,18.720552444458008,0.09390747547149658,0.6182603240013123,18.720552444458008,1.41622478125214,1.4105114687765763
820,salt_pepper,high,1,1,salt_pepper,salt_pepper,False,0.0612323097884655,0.855714738368988,22.103431701660156,0.0612323097884655,0.855714738368988,22.103431701660156,1.41622478125214,1.4105114687765763
821,salt_pepper,high,1,1,salt_pepper,salt_pepper,False,0.034360021352767944,0.9009024500846863,23.309057235717773,0.034360021352767944,0.9009024500846863,23.309057235717773,1.41622478125214,1.4105114687765763
822,occlusion,high,3,3,occlusion,occlusion,False,0.12327037006616592,0.40939033031463623,14.992708206176758,0.12327037006616592,0.40939033031463623,14.992708206176758,1.41622478125214,1.4105114687765763
823,occlusion,low,3,3,occlusion,occlusion,False,0.0567447803914547,0.6791396141052246,21.868671417236328,0.0567447803914547,0.6791396141052246,21.868671417236328,1.41622478125214,1.4105114687765763
824,occlusion,low,3,3,occlusion,occlusion,False,0.07076119631528854,0.7147422432899475,19.95790672302246,0.07076119631528854,0.7147422432899475,19.95790672302246,1.41622478125214,1.4105114687765763
825,occlusion,medium,3,3,occlusion,occlusion,False,0.07899370044469833,0.6281337141990662,18.494110107421875,0.07899370044469833,0.6281337141990662,18.494110107421875,1.41622478125214,1.4105114687765763
826,occlusion,high,3,3,occlusion,occlusion,False,0.06380917131900787,0.6462053656578064,20.872304916381836,0.06380917131900787,0.6462053656578064,20.872304916381836,1.41622478125214,1.4105114687765763
827,salt_pepper,medium,1,1,salt_pepper,salt_pepper,False,0.0462566576898098,0.8834490180015564,23.593795776367188,0.0462566576898098,0.8834490180015564,23.593795776367188,1.41622478125214,1.4105114687765763
828,salt_pepper,high,1,1,salt_pepper,salt_pepper,False,0.05161583051085472,0.8135406970977783,23.04861831665039,0.05161583051085472,0.8135406970977783,23.04861831665039,1.41622478125214,1.4105114687765763
829,blur,high,2,2,blur,blur,False,0.060792069882154465,0.7545881867408752,22.087234497070312,0.060792069882154465,0.7545881867408752,22.087234497070312,1.41622478125214,1.4105114687765763
830,blur,medium,2,2,blur,blur,False,0.06035395339131355,0.6829960942268372,22.171953201293945,0.06035395339131355,0.6829960942268372,22.171953201293945,1.41622478125214,1.4105114687765763
831,blur,high,2,2,blur,blur,False,0.05598519369959831,0.7697146534919739,22.24342155456543,0.05598519369959831,0.7697146534919739,22.24342155456543,1.41622478125214,1.4105114687765763
832,occlusion,high,3,3,occlusion,occlusion,False,0.07784099131822586,0.5970256924629211,18.059341430664062,0.07784099131822586,0.5970256924629211,18.059341430664062,1.274464593763014,1.3693598749853209
833,salt_pepper,medium,1,1,salt_pepper,salt_pepper,False,0.065541110932827,0.7181715965270996,20.786531448364258,0.065541110932827,0.7181715965270996,20.786531448364258,1.274464593763014,1.3693598749853209
834,occlusion,low,3,3,occlusion,occlusion,False,0.03636642545461655,0.8273877501487732,22.672855377197266,0.03636642545461655,0.8273877501487732,22.672855377197266,1.274464593763014,1.3693598749853209
835,occlusion,high,3,3,occlusion,occlusion,False,0.08886577934026718,0.6898906826972961,15.055917739868164,0.08886577934026718,0.6898906826972961,15.055917739868164,1.274464593763014,1.3693598749853209
836,clean,none,0,0,clean,clean,False,0.0,1.0,100.0,0.0,1.0,100.0,1.274464593763014,1.3693598749853209
837,occlusion,medium,3,3,occlusion,occlusion,False,0.05631358548998833,0.6243333220481873,22.182186126708984,0.05631358548998833,0.6243333220481873,22.182186126708984,1.274464593763014,1.3693598749853209
838,salt_pepper,low,1,1,salt_pepper,salt_pepper,False,0.043635666370391846,0.8441534042358398,24.611007690429688,0.043635666370391846,0.8441534042358398,24.611007690429688,1.274464593763014,1.3693598749853209
839,blur,high,2,2,blur,blur,False,0.05367589369416237,0.7341639399528503,22.61570167541504,0.05367589369416237,0.7341639399528503,22.61570167541504,1.274464593763014,1.3693598749853209
840,salt_pepper,high,1,1,salt_pepper,salt_pepper,False,0.054209157824516296,0.8535615801811218,22.530241012573242,0.054209157824516296,0.8535615801811218,22.530241012573242,1.274464593763014,1.3693598749853209
841,blur,low,2,2,blur,blur,False,0.053481679409742355,0.773392915725708,22.505281448364258,0.053481679409742355,0.773392915725708,22.505281448364258,1.274464593763014,1.3693598749853209
842,occlusion,medium,3,3,occlusion,occlusion,False,0.06366313248872757,0.6581646800041199,20.263351440429688,0.06366313248872757,0.6581646800041199,20.263351440429688,1.274464593763014,1.3693598749853209
843,clean,none,0,0,clean,clean,False,0.0,1.0,100.0,0.0,1.0,100.0,1.274464593763014,1.3693598749853209
844,salt_pepper,low,1,1,salt_pepper,salt_pepper,False,0.07590223848819733,0.7231571674346924,20.045549392700195,0.07590223848819733,0.7231571674346924,20.045549392700195,1.274464593763014,1.3693598749853209
845,occlusion,low,3,0,occlusion,clean,True,0.04073965176939964,0.8902463316917419,16.52426528930664,0.07647360116243362,0.6954647898674011,19.27178382873535,1.274464593763014,1.3693598749853209
846,blur,low,2,2,blur,blur,False,0.06033555790781975,0.7713453769683838,22.048131942749023,0.06033555790781975,0.7713453769683838,22.048131942749023,1.274464593763014,1.3693598749853209
847,salt_pepper,medium,1,1,salt_pepper,salt_pepper,False,0.0711282268166542,0.7597467303276062,21.023269653320312,0.0711282268166542,0.7597467303276062,21.023269653320312,1.274464593763014,1.3693598749853209
848,blur,low,2,2,blur,blur,False,0.10187483578920364,0.7142413258552551,15.729817390441895,0.10187483578920364,0.7142413258552551,15.729817390441895,1.274464593763014,1.3693598749853209
849,blur,low,2,2,blur,blur,False,0.05809889733791351,0.801837682723999,21.663970947265625,0.05809889733791351,0.801837682723999,21.663970947265625,1.274464593763014,1.3693598749853209
850,blur,high,2,2,blur,blur,False,0.08530756831169128,0.7996324896812439,19.55989646911621,0.08530756831169128,0.7996324896812439,19.55989646911621,1.274464593763014,1.3693598749853209
851,occlusion,medium,3,3,occlusion,occlusion,False,0.11205891519784927,0.638716995716095,15.523563385009766,0.11205891519784927,0.638716995716095,15.523563385009766,1.274464593763014,1.3693598749853209
852,clean,none,0,0,clean,clean,False,0.0,1.0,100.0,0.0,1.0,100.0,1.274464593763014,1.3693598749853209
853,clean,none,0,0,clean,clean,False,0.0,1.0,100.0,0.0,1.0,100.0,1.274464593763014,1.3693598749853209
854,occlusion,low,3,3,occlusion,occlusion,False,0.03848860785365105,0.8554094433784485,24.06231689453125,0.03848860785365105,0.8554094433784485,24.06231689453125,1.274464593763014,1.3693598749853209
855,salt_pepper,medium,1,1,salt_pepper,salt_pepper,False,0.08952071517705917,0.7223727107048035,16.851957321166992,0.08952071517705917,0.7223727107048035,16.851957321166992,1.274464593763014,1.3693598749853209
856,clean,none,0,0,clean,clean,False,0.0,1.0,100.0,0.0,1.0,100.0,1.274464593763014,1.3693598749853209
857,salt_pepper,medium,1,1,salt_pepper,salt_pepper,False,0.05773286521434784,0.8329966068267822,20.847387313842773,0.05773286521434784,0.8329966068267822,20.847387313842773,1.274464593763014,1.3693598749853209
858,occlusion,high,3,3,occlusion,occlusion,False,0.05540870502591133,0.5879843831062317,20.703407287597656,0.05540870502591133,0.5879843831062317,20.703407287597656,1.274464593763014,1.3693598749853209
859,clean,none,0,0,clean,clean,False,0.0,1.0,100.0,0.0,1.0,100.0,1.274464593763014,1.3693598749853209
860,salt_pepper,high,1,1,salt_pepper,salt_pepper,False,0.02855703793466091,0.9126216769218445,27.443998336791992,0.02855703793466091,0.9126216769218445,27.443998336791992,1.274464593763014,1.3693598749853209
861,blur,high,2,2,blur,blur,False,0.10375932604074478,0.7731611728668213,16.336376190185547,0.10375932604074478,0.7731611728668213,16.336376190185547,1.274464593763014,1.3693598749853209
862,blur,low,2,2,blur,blur,False,0.04198941960930824,0.7271779179573059,24.284393310546875,0.04198941960930824,0.7271779179573059,24.284393310546875,1.274464593763014,1.3693598749853209
863,clean,none,0,0,clean,clean,False,0.0,1.0,100.0,0.0,1.0,100.0,1.274464593763014,1.3693598749853209
864,blur,low,2,2,blur,blur,False,0.058521825820207596,0.8176102638244629,22.049545288085938,0.058521825820207596,0.8176102638244629,22.049545288085938,1.3546057187454608,1.3488460312487405
865,blur,medium,2,2,blur,blur,False,0.06933150440454483,0.6517239809036255,20.664989471435547,0.06933150440454483,0.6517239809036255,20.664989471435547,1.3546057187454608,1.3488460312487405
866,occlusion,high,3,3,occlusion,occlusion,False,0.06685394793748856,0.5763628482818604,20.725725173950195,0.06685394793748856,0.5763628482818604,20.725725173950195,1.3546057187454608,1.3488460312487405
867,blur,high,2,2,blur,blur,False,0.0708843544125557,0.7878639101982117,20.085695266723633,0.0708843544125557,0.7878639101982117,20.085695266723633,1.3546057187454608,1.3488460312487405
868,blur,low,2,2,blur,blur,False,0.045357268303632736,0.713236391544342,24.015499114990234,0.045357268303632736,0.713236391544342,24.015499114990234,1.3546057187454608,1.3488460312487405
869,blur,high,2,2,blur,blur,False,0.059766825288534164,0.7915512919425964,22.116222381591797,0.059766825288534164,0.7915512919425964,22.116222381591797,1.3546057187454608,1.3488460312487405
870,clean,none,0,0,clean,clean,False,0.0,1.0,100.0,0.0,1.0,100.0,1.3546057187454608,1.3488460312487405
871,salt_pepper,medium,1,1,salt_pepper,salt_pepper,False,0.05779203772544861,0.7421653866767883,22.19816017150879,0.05779203772544861,0.7421653866767883,22.19816017150879,1.3546057187454608,1.3488460312487405
872,clean,none,0,0,clean,clean,False,0.0,1.0,100.0,0.0,1.0,100.0,1.3546057187454608,1.3488460312487405
873,blur,medium,2,2,blur,blur,False,0.09847861528396606,0.7231030464172363,18.299461364746094,0.09847861528396606,0.7231030464172363,18.299461364746094,1.3546057187454608,1.3488460312487405
874,salt_pepper,low,1,1,salt_pepper,salt_pepper,False,0.0821576938033104,0.7660866379737854,18.58390235900879,0.0821576938033104,0.7660866379737854,18.58390235900879,1.3546057187454608,1.3488460312487405
875,clean,none,0,0,clean,clean,False,0.0,1.0,100.0,0.0,1.0,100.0,1.3546057187454608,1.3488460312487405
876,occlusion,medium,3,3,occlusion,occlusion,False,0.05991837754845619,0.7127189636230469,20.716339111328125,0.05991837754845619,0.7127189636230469,20.716339111328125,1.3546057187454608,1.3488460312487405
877,blur,high,2,2,blur,blur,False,0.053187236189842224,0.8113300204277039,22.706697463989258,0.053187236189842224,0.8113300204277039,22.706697463989258,1.3546057187454608,1.3488460312487405
878,clean,none,0,0,clean,clean,False,0.0,1.0,100.0,0.0,1.0,100.0,1.3546057187454608,1.3488460312487405
879,salt_pepper,high,1,1,salt_pepper,salt_pepper,False,0.06589991599321365,0.6947453618049622,21.338605880737305,0.06589991599321365,0.6947453618049622,21.338605880737305,1.3546057187454608,1.3488460312487405
880,clean,none,0,0,clean,clean,False,0.0,1.0,100.0,0.0,1.0,100.0,1.3546057187454608,1.3488460312487405
881,blur,high,2,2,blur,blur,False,0.04820950701832771,0.7841103076934814,23.6099796295166,0.04820950701832771,0.7841103076934814,23.6099796295166,1.3546057187454608,1.3488460312487405
882,occlusion,medium,3,3,occlusion,occlusion,False,0.056835804134607315,0.737170934677124,20.839908599853516,0.056835804134607315,0.737170934677124,20.839908599853516,1.3546057187454608,1.3488460312487405
883,occlusion,medium,3,3,occlusion,occlusion,False,0.06649231165647507,0.6637902855873108,19.305309295654297,0.06649231165647507,0.6637902855873108,19.305309295654297,1.3546057187454608,1.3488460312487405
884,salt_pepper,low,1,1,salt_pepper,salt_pepper,False,0.046515751630067825,0.8351945877075195,24.034297943115234,0.046515751630067825,0.8351945877075195,24.034297943115234,1.3546057187454608,1.3488460312487405
885,occlusion,high,3,3,occlusion,occlusion,False,0.03798314556479454,0.6840009689331055,24.050168991088867,0.03798314556479454,0.6840009689331055,24.050168991088867,1.3546057187454608,1.3488460312487405
886,clean,none,0,0,clean,clean,False,0.0,1.0,100.0,0.0,1.0,100.0,1.3546057187454608,1.3488460312487405
887,salt_pepper,high,1,1,salt_pepper,salt_pepper,False,0.02114366553723812,0.8827812671661377,30.355131149291992,0.02114366553723812,0.8827812671661377,30.355131149291992,1.3546057187454608,1.3488460312487405
888,clean,none,0,0,clean,clean,False,0.0,1.0,100.0,0.0,1.0,100.0,1.3546057187454608,1.3488460312487405
889,occlusion,medium,3,3,occlusion,occlusion,False,0.04600195214152336,0.7442811131477356,23.866464614868164,0.04600195214152336,0.7442811131477356,23.866464614868164,1.3546057187454608,1.3488460312487405
890,salt_pepper,low,1,1,salt_pepper,salt_pepper,False,0.04266844317317009,0.880693256855011,25.530521392822266,0.04266844317317009,0.880693256855011,25.530521392822266,1.3546057187454608,1.3488460312487405
891,blur,low,2,2,blur,blur,False,0.0715736374258995,0.8139069676399231,20.321510314941406,0.0715736374258995,0.8139069676399231,20.321510314941406,1.3546057187454608,1.3488460312487405
892,occlusion,medium,3,3,occlusion,occlusion,False,0.06301815062761307,0.5647264122962952,21.531566619873047,0.06301815062761307,0.5647264122962952,21.531566619873047,1.3546057187454608,1.3488460312487405
893,occlusion,high,3,3,occlusion,occlusion,False,0.08743695169687271,0.7258467078208923,17.336999893188477,0.08743695169687271,0.7258467078208923,17.336999893188477,1.3546057187454608,1.3488460312487405
894,occlusion,medium,3,3,occlusion,occlusion,False,0.08820790797472,0.6046793460845947,18.04953384399414,0.08820790797472,0.6046793460845947,18.04953384399414,1.3546057187454608,1.3488460312487405
895,occlusion,medium,3,3,occlusion,occlusion,False,0.05018099769949913,0.7856977581977844,20.875280380249023,0.05018099769949913,0.7856977581977844,20.875280380249023,1.3546057187454608,1.3488460312487405
896,clean,none,0,0,clean,clean,False,0.0,1.0,100.0,0.0,1.0,100.0,1.768576156251811,1.7202497187440713
897,blur,low,2,2,blur,blur,False,0.04274896904826164,0.8677820563316345,25.087242126464844,0.04274896904826164,0.8677820563316345,25.087242126464844,1.768576156251811,1.7202497187440713
898,clean,none,0,2,clean,blur,True,0.04423142597079277,0.8661904335021973,25.248699188232422,0.0,1.0,100.0,1.768576156251811,1.7202497187440713
899,clean,none,0,0,clean,clean,False,0.0,1.0,100.0,0.0,1.0,100.0,1.768576156251811,1.7202497187440713
900,salt_pepper,low,1,1,salt_pepper,salt_pepper,False,0.033264853060245514,0.8564581871032715,26.080299377441406,0.033264853060245514,0.8564581871032715,26.080299377441406,1.768576156251811,1.7202497187440713
901,occlusion,low,3,3,occlusion,occlusion,False,0.05542850121855736,0.7420434951782227,21.466798782348633,0.05542850121855736,0.7420434951782227,21.466798782348633,1.768576156251811,1.7202497187440713
902,occlusion,high,3,3,occlusion,occlusion,False,0.07721594721078873,0.7830111384391785,15.744457244873047,0.07721594721078873,0.7830111384391785,15.744457244873047,1.768576156251811,1.7202497187440713
903,clean,none,0,0,clean,clean,False,0.0,1.0,100.0,0.0,1.0,100.0,1.768576156251811,1.7202497187440713
904,occlusion,medium,3,3,occlusion,occlusion,False,0.043008092790842056,0.779935896396637,23.345230102539062,0.043008092790842056,0.779935896396637,23.345230102539062,1.768576156251811,1.7202497187440713
905,occlusion,medium,3,3,occlusion,occlusion,False,0.043684471398591995,0.8160887360572815,20.49456024169922,0.043684471398591995,0.8160887360572815,20.49456024169922,1.768576156251811,1.7202497187440713
906,salt_pepper,medium,1,1,salt_pepper,salt_pepper,False,0.06326255202293396,0.7133148312568665,21.187122344970703,0.06326255202293396,0.7133148312568665,21.187122344970703,1.768576156251811,1.7202497187440713
907,salt_pepper,low,1,1,salt_pepper,salt_pepper,False,0.023470431566238403,0.8572285175323486,28.166072845458984,0.023470431566238403,0.8572285175323486,28.166072845458984,1.768576156251811,1.7202497187440713
908,salt_pepper,high,1,1,salt_pepper,salt_pepper,False,0.029754750430583954,0.9046271443367004,23.0728816986084,0.029754750430583954,0.9046271443367004,23.0728816986084,1.768576156251811,1.7202497187440713
909,blur,high,2,2,blur,blur,False,0.04852937534451485,0.7082516551017761,23.934280395507812,0.04852937534451485,0.7082516551017761,23.934280395507812,1.768576156251811,1.7202497187440713
910,occlusion,medium,3,3,occlusion,occlusion,False,0.043938834220170975,0.7309620380401611,23.43024253845215,0.043938834220170975,0.7309620380401611,23.43024253845215,1.768576156251811,1.7202497187440713
911,blur,low,2,2,blur,blur,False,0.05410327389836311,0.8007981181144714,22.524486541748047,0.05410327389836311,0.8007981181144714,22.524486541748047,1.768576156251811,1.7202497187440713
912,blur,medium,2,2,blur,blur,False,0.049024004489183426,0.9127017855644226,23.93743133544922,0.049024004489183426,0.9127017855644226,23.93743133544922,1.768576156251811,1.7202497187440713
913,clean,none,0,0,clean,clean,False,0.0,1.0,100.0,0.0,1.0,100.0,1.768576156251811,1.7202497187440713
914,clean,none,0,0,clean,clean,False,0.0,1.0,100.0,0.0,1.0,100.0,1.768576156251811,1.7202497187440713
915,blur,low,2,2,blur,blur,False,0.019645459949970245,0.9239082336425781,30.049421310424805,0.019645459949970245,0.9239082336425781,30.049421310424805,1.768576156251811,1.7202497187440713
916,clean,none,0,0,clean,clean,False,0.0,1.0,100.0,0.0,1.0,100.0,1.768576156251811,1.7202497187440713
917,salt_pepper,high,1,1,salt_pepper,salt_pepper,False,0.05196857452392578,0.792015552520752,23.58310890197754,0.05196857452392578,0.792015552520752,23.58310890197754,1.768576156251811,1.7202497187440713
918,blur,low,2,2,blur,blur,False,0.07806191593408585,0.8462318778038025,19.082334518432617,0.07806191593408585,0.8462318778038025,19.082334518432617,1.768576156251811,1.7202497187440713
919,blur,low,2,2,blur,blur,False,0.0593390055000782,0.7628123760223389,21.709978103637695,0.0593390055000782,0.7628123760223389,21.709978103637695,1.768576156251811,1.7202497187440713
920,occlusion,medium,3,3,occlusion,occlusion,False,0.06621159613132477,0.6813262104988098,19.802661895751953,0.06621159613132477,0.6813262104988098,19.802661895751953,1.768576156251811,1.7202497187440713
921,clean,none,0,0,clean,clean,False,0.0,1.0,100.0,0.0,1.0,100.0,1.768576156251811,1.7202497187440713
922,blur,medium,2,2,blur,blur,False,0.03647178038954735,0.776301383972168,26.345394134521484,0.03647178038954735,0.776301383972168,26.345394134521484,1.768576156251811,1.7202497187440713
923,salt_pepper,medium,1,1,salt_pepper,salt_pepper,False,0.06007716432213783,0.7210429310798645,21.221683502197266,0.06007716432213783,0.7210429310798645,21.221683502197266,1.768576156251811,1.7202497187440713
924,occlusion,low,3,3,occlusion,occlusion,False,0.06959743797779083,0.7219437956809998,19.5650577545166,0.06959743797779083,0.7219437956809998,19.5650577545166,1.768576156251811,1.7202497187440713
925,blur,medium,2,2,blur,blur,False,0.05265270546078682,0.7680974006652832,23.388206481933594,0.05265270546078682,0.7680974006652832,23.388206481933594,1.768576156251811,1.7202497187440713
926,occlusion,low,3,3,occlusion,occlusion,False,0.044381484389305115,0.8489558100700378,24.66350555419922,0.044381484389305115,0.8489558100700378,24.66350555419922,1.768576156251811,1.7202497187440713
927,occlusion,medium,3,3,occlusion,occlusion,False,0.025309016928076744,0.883075475692749,28.359554290771484,0.025309016928076744,0.883075475692749,28.359554290771484,1.768576156251811,1.7202497187440713
928,blur,high,2,2,blur,blur,False,0.05800706148147583,0.6217288970947266,21.756824493408203,0.05800706148147583,0.6217288970947266,21.756824493408203,1.40723634373785,1.4163315937594234
929,blur,low,2,2,blur,blur,False,0.03179909661412239,0.8533344268798828,27.204265594482422,0.03179909661412239,0.8533344268798828,27.204265594482422,1.40723634373785,1.4163315937594234
930,occlusion,low,3,3,occlusion,occlusion,False,0.03468754515051842,0.7925898432731628,25.648143768310547,0.03468754515051842,0.7925898432731628,25.648143768310547,1.40723634373785,1.4163315937594234
931,clean,none,0,0,clean,clean,False,0.0,1.0,100.0,0.0,1.0,100.0,1.40723634373785,1.4163315937594234
932,occlusion,high,3,3,occlusion,occlusion,False,0.056883782148361206,0.6646907925605774,20.432952880859375,0.056883782148361206,0.6646907925605774,20.432952880859375,1.40723634373785,1.4163315937594234
933,salt_pepper,medium,1,1,salt_pepper,salt_pepper,False,0.03391793742775917,0.8394198417663574,26.617212295532227,0.03391793742775917,0.8394198417663574,26.617212295532227,1.40723634373785,1.4163315937594234
934,occlusion,low,3,3,occlusion,occlusion,False,0.027030104771256447,0.9024288058280945,24.169822692871094,0.027030104771256447,0.9024288058280945,24.169822692871094,1.40723634373785,1.4163315937594234
935,clean,none,0,0,clean,clean,False,0.0,1.0,100.0,0.0,1.0,100.0,1.40723634373785,1.4163315937594234
936,blur,medium,2,2,blur,blur,False,0.12797752022743225,0.8150569796562195,15.181832313537598,0.12797752022743225,0.8150569796562195,15.181832313537598,1.40723634373785,1.4163315937594234
937,clean,none,0,0,clean,clean,False,0.0,1.0,100.0,0.0,1.0,100.0,1.40723634373785,1.4163315937594234
938,salt_pepper,low,1,1,salt_pepper,salt_pepper,False,0.03288573399186134,0.8075352311134338,26.739669799804688,0.03288573399186134,0.8075352311134338,26.739669799804688,1.40723634373785,1.4163315937594234
939,occlusion,high,3,3,occlusion,occlusion,False,0.06789231300354004,0.674579918384552,18.72940444946289,0.06789231300354004,0.674579918384552,18.72940444946289,1.40723634373785,1.4163315937594234
940,occlusion,low,3,3,occlusion,occlusion,False,0.028639063239097595,0.8018082976341248,27.375276565551758,0.028639063239097595,0.8018082976341248,27.375276565551758,1.40723634373785,1.4163315937594234
941,salt_pepper,medium,1,1,salt_pepper,salt_pepper,False,0.03893241658806801,0.8925976157188416,26.580841064453125,0.03893241658806801,0.8925976157188416,26.580841064453125,1.40723634373785,1.4163315937594234
942,clean,none,0,0,clean,clean,False,0.0,1.0,100.0,0.0,1.0,100.0,1.40723634373785,1.4163315937594234
943,clean,none,0,0,clean,clean,False,0.0,1.0,100.0,0.0,1.0,100.0,1.40723634373785,1.4163315937594234
944,occlusion,medium,3,3,occlusion,occlusion,False,0.0415591336786747,0.7555456161499023,24.189403533935547,0.0415591336786747,0.7555456161499023,24.189403533935547,1.40723634373785,1.4163315937594234
945,blur,low,2,2,blur,blur,False,0.039153385907411575,0.8623253703117371,25.362150192260742,0.039153385907411575,0.8623253703117371,25.362150192260742,1.40723634373785,1.4163315937594234
946,occlusion,low,3,3,occlusion,occlusion,False,0.05021365359425545,0.8085575103759766,23.114423751831055,0.05021365359425545,0.8085575103759766,23.114423751831055,1.40723634373785,1.4163315937594234
947,blur,high,2,2,blur,blur,False,0.03823995590209961,0.7991189956665039,25.134449005126953,0.03823995590209961,0.7991189956665039,25.134449005126953,1.40723634373785,1.4163315937594234
948,occlusion,high,3,3,occlusion,occlusion,False,0.0412859283387661,0.7486112713813782,23.50193214416504,0.0412859283387661,0.7486112713813782,23.50193214416504,1.40723634373785,1.4163315937594234
949,salt_pepper,medium,1,1,salt_pepper,salt_pepper,False,0.04144417122006416,0.8419647812843323,25.06253433227539,0.04144417122006416,0.8419647812843323,25.06253433227539,1.40723634373785,1.4163315937594234
950,occlusion,medium,3,3,occlusion,occlusion,False,0.024060742929577827,0.876398503780365,25.964263916015625,0.024060742929577827,0.876398503780365,25.964263916015625,1.40723634373785,1.4163315937594234
951,clean,none,0,0,clean,clean,False,0.0,1.0,100.0,0.0,1.0,100.0,1.40723634373785,1.4163315937594234
952,salt_pepper,medium,1,1,salt_pepper,salt_pepper,False,0.05236014351248741,0.8420335650444031,22.907642364501953,0.05236014351248741,0.8420335650444031,22.907642364501953,1.40723634373785,1.4163315937594234
953,salt_pepper,medium,1,1,salt_pepper,salt_pepper,False,0.03296194598078728,0.8801279067993164,26.337568283081055,0.03296194598078728,0.8801279067993164,26.337568283081055,1.40723634373785,1.4163315937594234
954,occlusion,medium,3,3,occlusion,occlusion,False,0.03507570922374725,0.7638283371925354,25.011619567871094,0.03507570922374725,0.7638283371925354,25.011619567871094,1.40723634373785,1.4163315937594234
955,clean,none,0,0,clean,clean,False,0.0,1.0,100.0,0.0,1.0,100.0,1.40723634373785,1.4163315937594234
956,clean,none,0,0,clean,clean,False,0.0,1.0,100.0,0.0,1.0,100.0,1.40723634373785,1.4163315937594234
957,clean,none,0,0,clean,clean,False,0.0,1.0,100.0,0.0,1.0,100.0,1.40723634373785,1.4163315937594234
958,occlusion,low,3,3,occlusion,occlusion,False,0.02795901708304882,0.8641628623008728,27.70075798034668,0.02795901708304882,0.8641628623008728,27.70075798034668,1.40723634373785,1.4163315937594234
959,salt_pepper,medium,1,1,salt_pepper,salt_pepper,False,0.07636198401451111,0.8540627360343933,19.949405670166016,0.07636198401451111,0.8540627360343933,19.949405670166016,1.40723634373785,1.4163315937594234
960,salt_pepper,high,1,1,salt_pepper,salt_pepper,False,0.03947221860289574,0.8499608039855957,25.142824172973633,0.03947221860289574,0.8499608039855957,25.142824172973633,1.549916843742949,1.537463437500719
961,salt_pepper,high,1,1,salt_pepper,salt_pepper,False,0.05010702833533287,0.8162791728973389,23.435062408447266,0.05010702833533287,0.8162791728973389,23.435062408447266,1.549916843742949,1.537463437500719
962,blur,high,2,2,blur,blur,False,0.03796956315636635,0.7306458950042725,26.191551208496094,0.03796956315636635,0.7306458950042725,26.191551208496094,1.549916843742949,1.537463437500719
963,blur,high,2,2,blur,blur,False,0.04830960929393768,0.8093273043632507,24.016332626342773,0.04830960929393768,0.8093273043632507,24.016332626342773,1.549916843742949,1.537463437500719
964,salt_pepper,low,1,1,salt_pepper,salt_pepper,False,0.034446533769369125,0.873218834400177,26.263957977294922,0.034446533769369125,0.873218834400177,26.263957977294922,1.549916843742949,1.537463437500719
965,clean,none,0,0,clean,clean,False,0.0,1.0,100.0,0.0,1.0,100.0,1.549916843742949,1.537463437500719
966,salt_pepper,low,1,1,salt_pepper,salt_pepper,False,0.04461859166622162,0.8651192784309387,23.24814224243164,0.04461859166622162,0.8651192784309387,23.24814224243164,1.549916843742949,1.537463437500719
967,salt_pepper,high,1,1,salt_pepper,salt_pepper,False,0.07027170807123184,0.7537656426429749,20.275842666625977,0.07027170807123184,0.7537656426429749,20.275842666625977,1.549916843742949,1.537463437500719
968,salt_pepper,medium,1,1,salt_pepper,salt_pepper,False,0.04225847125053406,0.7986569404602051,25.33001708984375,0.04225847125053406,0.7986569404602051,25.33001708984375,1.549916843742949,1.537463437500719
969,blur,medium,2,2,blur,blur,False,0.030279137194156647,0.8613486289978027,27.309673309326172,0.030279137194156647,0.8613486289978027,27.309673309326172,1.549916843742949,1.537463437500719
970,occlusion,low,3,3,occlusion,occlusion,False,0.05094166472554207,0.8395206332206726,23.161663055419922,0.05094166472554207,0.8395206332206726,23.161663055419922,1.549916843742949,1.537463437500719
971,occlusion,medium,3,3,occlusion,occlusion,False,0.10152273625135422,0.537531316280365,17.705698013305664,0.10152273625135422,0.537531316280365,17.705698013305664,1.549916843742949,1.537463437500719
972,occlusion,high,3,3,occlusion,occlusion,False,0.05423654615879059,0.6738373637199402,21.18851661682129,0.05423654615879059,0.6738373637199402,21.18851661682129,1.549916843742949,1.537463437500719
973,clean,none,0,0,clean,clean,False,0.0,1.0,100.0,0.0,1.0,100.0,1.549916843742949,1.537463437500719
974,occlusion,low,3,3,occlusion,occlusion,False,0.05080871284008026,0.7299507260322571,22.769906997680664,0.05080871284008026,0.7299507260322571,22.769906997680664,1.549916843742949,1.537463437500719
975,salt_pepper,medium,1,1,salt_pepper,salt_pepper,False,0.041959941387176514,0.7588930726051331,25.028316497802734,0.041959941387176514,0.7588930726051331,25.028316497802734,1.549916843742949,1.537463437500719
976,salt_pepper,low,1,1,salt_pepper,salt_pepper,False,0.060791198164224625,0.8077197074890137,21.94483757019043,0.060791198164224625,0.8077197074890137,21.94483757019043,1.549916843742949,1.537463437500719
977,occlusion,medium,3,3,occlusion,occlusion,False,0.03488508239388466,0.798557460308075,25.732839584350586,0.03488508239388466,0.798557460308075,25.732839584350586,1.549916843742949,1.537463437500719
978,occlusion,medium,3,3,occlusion,occlusion,False,0.07652711868286133,0.622384786605835,19.62931251525879,0.07652711868286133,0.622384786605835,19.62931251525879,1.549916843742949,1.537463437500719
979,blur,low,2,2,blur,blur,False,0.04949457570910454,0.8297615647315979,22.17009735107422,0.04949457570910454,0.8297615647315979,22.17009735107422,1.549916843742949,1.537463437500719
980,salt_pepper,low,1,1,salt_pepper,salt_pepper,False,0.03892752528190613,0.8861413598060608,25.16165542602539,0.03892752528190613,0.8861413598060608,25.16165542602539,1.549916843742949,1.537463437500719
981,clean,none,0,0,clean,clean,False,0.0,1.0,100.0,0.0,1.0,100.0,1.549916843742949,1.537463437500719
982,clean,none,0,0,clean,clean,False,0.0,1.0,100.0,0.0,1.0,100.0,1.549916843742949,1.537463437500719
983,blur,high,2,2,blur,blur,False,0.07046172022819519,0.7908391356468201,20.531911849975586,0.07046172022819519,0.7908391356468201,20.531911849975586,1.549916843742949,1.537463437500719
984,salt_pepper,medium,1,1,salt_pepper,salt_pepper,False,0.14187876880168915,0.6865772604942322,13.775940895080566,0.14187876880168915,0.6865772604942322,13.775940895080566,1.549916843742949,1.537463437500719
985,salt_pepper,high,1,1,salt_pepper,salt_pepper,False,0.04812852665781975,0.8513479232788086,23.17072868347168,0.04812852665781975,0.8513479232788086,23.17072868347168,1.549916843742949,1.537463437500719
986,clean,none,0,0,clean,clean,False,0.0,1.0,100.0,0.0,1.0,100.0,1.549916843742949,1.537463437500719
987,salt_pepper,medium,1,1,salt_pepper,salt_pepper,False,0.08284274488687515,0.7880361676216125,19.95966148376465,0.08284274488687515,0.7880361676216125,19.95966148376465,1.549916843742949,1.537463437500719
988,occlusion,high,3,3,occlusion,occlusion,False,0.06703285127878189,0.6732313632965088,19.057432174682617,0.06703285127878189,0.6732313632965088,19.057432174682617,1.549916843742949,1.537463437500719
989,clean,none,0,0,clean,clean,False,0.0,1.0,100.0,0.0,1.0,100.0,1.549916843742949,1.537463437500719
990,occlusion,high,3,3,occlusion,occlusion,False,0.09437623620033264,0.5016058683395386,18.280384063720703,0.09437623620033264,0.5016058683395386,18.280384063720703,1.549916843742949,1.537463437500719
991,blur,low,2,2,blur,blur,False,0.0494108684360981,0.817467451095581,22.383678436279297,0.0494108684360981,0.817467451095581,22.383678436279297,1.549916843742949,1.537463437500719
992,occlusion,high,3,3,occlusion,occlusion,False,0.09973868727684021,0.6656849384307861,14.234153747558594,0.09973868727684021,0.6656849384307861,14.234153747558594,1.3771509687501293,1.3734455624785369
993,salt_pepper,medium,1,1,salt_pepper,salt_pepper,False,0.03879672288894653,0.8407909870147705,25.378713607788086,0.03879672288894653,0.8407909870147705,25.378713607788086,1.3771509687501293,1.3734455624785369
994,blur,high,2,2,blur,blur,False,0.04873865470290184,0.8507175445556641,22.601659774780273,0.04873865470290184,0.8507175445556641,22.601659774780273,1.3771509687501293,1.3734455624785369
995,blur,low,2,2,blur,blur,False,0.04037706181406975,0.8445768356323242,25.24641990661621,0.04037706181406975,0.8445768356323242,25.24641990661621,1.3771509687501293,1.3734455624785369
996,salt_pepper,medium,1,1,salt_pepper,salt_pepper,False,0.07035943120718002,0.7836778163909912,20.160808563232422,0.07035943120718002,0.7836778163909912,20.160808563232422,1.3771509687501293,1.3734455624785369
997,clean,none,0,0,clean,clean,False,0.0,1.0,100.0,0.0,1.0,100.0,1.3771509687501293,1.3734455624785369
998,salt_pepper,low,1,1,salt_pepper,salt_pepper,False,0.06840605288743973,0.7099204063415527,20.788076400756836,0.06840605288743973,0.7099204063415527,20.788076400756836,1.3771509687501293,1.3734455624785369
999,clean,none,0,0,clean,clean,False,0.0,1.0,100.0,0.0,1.0,100.0,1.3771509687501293,1.3734455624785369
1000,blur,medium,2,2,blur,blur,False,0.06835225969552994,0.773070752620697,20.92426109313965,0.06835225969552994,0.773070752620697,20.92426109313965,1.3771509687501293,1.3734455624785369
1001,salt_pepper,high,1,1,salt_pepper,salt_pepper,False,0.05082264170050621,0.7930485606193542,23.126859664916992,0.05082264170050621,0.7930485606193542,23.126859664916992,1.3771509687501293,1.3734455624785369
1002,clean,none,0,0,clean,clean,False,0.0,1.0,100.0,0.0,1.0,100.0,1.3771509687501293,1.3734455624785369
1003,clean,none,0,0,clean,clean,False,0.0,1.0,100.0,0.0,1.0,100.0,1.3771509687501293,1.3734455624785369
1004,occlusion,low,3,3,occlusion,occlusion,False,0.0670630931854248,0.7331799864768982,20.154409408569336,0.0670630931854248,0.7331799864768982,20.154409408569336,1.3771509687501293,1.3734455624785369
1005,blur,high,2,2,blur,blur,False,0.03707968816161156,0.8936915397644043,24.153766632080078,0.03707968816161156,0.8936915397644043,24.153766632080078,1.3771509687501293,1.3734455624785369
1006,salt_pepper,low,1,1,salt_pepper,salt_pepper,False,0.047685593366622925,0.834223747253418,23.543628692626953,0.047685593366622925,0.834223747253418,23.543628692626953,1.3771509687501293,1.3734455624785369
1007,clean,none,0,0,clean,clean,False,0.0,1.0,100.0,0.0,1.0,100.0,1.3771509687501293,1.3734455624785369
1008,blur,high,2,2,blur,blur,False,0.04462632164359093,0.8220388889312744,24.72092628479004,0.04462632164359093,0.8220388889312744,24.72092628479004,1.3771509687501293,1.3734455624785369
1009,salt_pepper,high,1,1,salt_pepper,salt_pepper,False,0.08198682963848114,0.7279050350189209,18.62717056274414,0.08198682963848114,0.7279050350189209,18.62717056274414,1.3771509687501293,1.3734455624785369
1010,occlusion,low,3,3,occlusion,occlusion,False,0.04189903661608696,0.8129779696464539,23.28103256225586,0.04189903661608696,0.8129779696464539,23.28103256225586,1.3771509687501293,1.3734455624785369
1011,blur,low,2,2,blur,blur,False,0.03959730640053749,0.8352522850036621,24.792678833007812,0.03959730640053749,0.8352522850036621,24.792678833007812,1.3771509687501293,1.3734455624785369
1012,occlusion,high,3,3,occlusion,occlusion,False,0.1504545360803604,0.406297892332077,13.376276016235352,0.1504545360803604,0.406297892332077,13.376276016235352,1.3771509687501293,1.3734455624785369
1013,blur,low,2,2,blur,blur,False,0.030300023034214973,0.9038872122764587,27.40289878845215,0.030300023034214973,0.9038872122764587,27.40289878845215,1.3771509687501293,1.3734455624785369
1014,salt_pepper,high,1,1,salt_pepper,salt_pepper,False,0.021009614691138268,0.920482873916626,28.76323699951172,0.021009614691138268,0.920482873916626,28.76323699951172,1.3771509687501293,1.3734455624785369
1015,occlusion,low,3,3,occlusion,occlusion,False,0.050502996891736984,0.7935805320739746,22.435243606567383,0.050502996891736984,0.7935805320739746,22.435243606567383,1.3771509687501293,1.3734455624785369
1016,blur,high,2,2,blur,blur,False,0.05907147750258446,0.854738712310791,22.06646728515625,0.05907147750258446,0.854738712310791,22.06646728515625,1.3771509687501293,1.3734455624785369
1017,salt_pepper,medium,1,1,salt_pepper,salt_pepper,False,0.07805348187685013,0.8452634811401367,20.36808967590332,0.07805348187685013,0.8452634811401367,20.36808967590332,1.3771509687501293,1.3734455624785369
1018,clean,none,0,0,clean,clean,False,0.0,1.0,100.0,0.0,1.0,100.0,1.3771509687501293,1.3734455624785369
1019,occlusion,medium,3,3,occlusion,occlusion,False,0.037534378468990326,0.8160260319709778,24.09726333618164,0.037534378468990326,0.8160260319709778,24.09726333618164,1.3771509687501293,1.3734455624785369
1020,clean,none,0,0,clean,clean,False,0.0,1.0,100.0,0.0,1.0,100.0,1.3771509687501293,1.3734455624785369
1021,clean,none,0,0,clean,clean,False,0.0,1.0,100.0,0.0,1.0,100.0,1.3771509687501293,1.3734455624785369
1022,clean,none,0,0,clean,clean,False,0.0,1.0,100.0,0.0,1.0,100.0,1.3771509687501293,1.3734455624785369
1023,blur,medium,2,2,blur,blur,False,0.09683258086442947,0.8440561294555664,17.573139190673828,0.09683258086442947,0.8440561294555664,17.573139190673828,1.3771509687501293,1.3734455624785369
1024,salt_pepper,high,1,1,salt_pepper,salt_pepper,False,0.08613085746765137,0.7746439576148987,18.64682388305664,0.08613085746765137,0.7746439576148987,18.64682388305664,1.6277530312436284,1.608708937510528
1025,blur,medium,2,2,blur,blur,False,0.09265750646591187,0.7336989045143127,17.0477294921875,0.09265750646591187,0.7336989045143127,17.0477294921875,1.6277530312436284,1.608708937510528
1026,clean,none,0,0,clean,clean,False,0.0,1.0,100.0,0.0,1.0,100.0,1.6277530312436284,1.608708937510528
1027,clean,none,0,0,clean,clean,False,0.0,1.0,100.0,0.0,1.0,100.0,1.6277530312436284,1.608708937510528
1028,clean,none,0,0,clean,clean,False,0.0,1.0,100.0,0.0,1.0,100.0,1.6277530312436284,1.608708937510528
1029,blur,medium,2,2,blur,blur,False,0.08853621035814285,0.6538651585578918,18.736356735229492,0.08853621035814285,0.6538651585578918,18.736356735229492,1.6277530312436284,1.608708937510528
1030,salt_pepper,medium,1,1,salt_pepper,salt_pepper,False,0.06125660240650177,0.7757964134216309,21.403175354003906,0.06125660240650177,0.7757964134216309,21.403175354003906,1.6277530312436284,1.608708937510528
1031,blur,medium,2,2,blur,blur,False,0.08682283014059067,0.7686722874641418,17.817461013793945,0.08682283014059067,0.7686722874641418,17.817461013793945,1.6277530312436284,1.608708937510528
1032,blur,low,2,2,blur,blur,False,0.035305388271808624,0.9101009368896484,26.776039123535156,0.035305388271808624,0.9101009368896484,26.776039123535156,1.6277530312436284,1.608708937510528
1033,clean,none,0,0,clean,clean,False,0.0,1.0,100.0,0.0,1.0,100.0,1.6277530312436284,1.608708937510528
1034,salt_pepper,high,1,1,salt_pepper,salt_pepper,False,0.05283690616488457,0.6527265906333923,23.433218002319336,0.05283690616488457,0.6527265906333923,23.433218002319336,1.6277530312436284,1.608708937510528
1035,clean,none,0,0,clean,clean,False,0.0,1.0,100.0,0.0,1.0,100.0,1.6277530312436284,1.608708937510528
1036,blur,low,2,2,blur,blur,False,0.0672721192240715,0.7920128703117371,21.104454040527344,0.0672721192240715,0.7920128703117371,21.104454040527344,1.6277530312436284,1.608708937510528
1037,occlusion,medium,3,3,occlusion,occlusion,False,0.07387221604585648,0.757326602935791,17.673933029174805,0.07387221604585648,0.757326602935791,17.673933029174805,1.6277530312436284,1.608708937510528
1038,blur,high,2,2,blur,blur,False,0.05487890541553497,0.7574530243873596,21.913930892944336,0.05487890541553497,0.7574530243873596,21.913930892944336,1.6277530312436284,1.608708937510528
1039,clean,none,0,0,clean,clean,False,0.0,1.0,100.0,0.0,1.0,100.0,1.6277530312436284,1.608708937510528
1040,salt_pepper,medium,1,1,salt_pepper,salt_pepper,False,0.07713164389133453,0.6957399249076843,19.725841522216797,0.07713164389133453,0.6957399249076843,19.725841522216797,1.6277530312436284,1.608708937510528
1041,blur,high,2,2,blur,blur,False,0.05989312008023262,0.6624712944030762,19.06308937072754,0.05989312008023262,0.6624712944030762,19.06308937072754,1.6277530312436284,1.608708937510528
1042,salt_pepper,low,1,1,salt_pepper,salt_pepper,False,0.043178800493478775,0.8881526589393616,22.9566593170166,0.043178800493478775,0.8881526589393616,22.9566593170166,1.6277530312436284,1.608708937510528
1043,clean,none,0,0,clean,clean,False,0.0,1.0,100.0,0.0,1.0,100.0,1.6277530312436284,1.608708937510528
1044,occlusion,high,3,3,occlusion,occlusion,False,0.059050559997558594,0.6748539805412292,20.767858505249023,0.059050559997558594,0.6748539805412292,20.767858505249023,1.6277530312436284,1.608708937510528
1045,blur,low,2,2,blur,blur,False,0.0464734248816967,0.8936946392059326,24.03568458557129,0.0464734248816967,0.8936946392059326,24.03568458557129,1.6277530312436284,1.608708937510528
1046,clean,none,0,0,clean,clean,False,0.0,1.0,100.0,0.0,1.0,100.0,1.6277530312436284,1.608708937510528
1047,salt_pepper,high,1,1,salt_pepper,salt_pepper,False,0.10329087823629379,0.6296165585517883,16.750099182128906,0.10329087823629379,0.6296165585517883,16.750099182128906,1.6277530312436284,1.608708937510528
1048,blur,medium,2,2,blur,blur,False,0.035801324993371964,0.9197909832000732,26.077838897705078,0.035801324993371964,0.9197909832000732,26.077838897705078,1.6277530312436284,1.608708937510528
1049,blur,low,2,2,blur,blur,False,0.04125426337122917,0.8347331881523132,24.85175895690918,0.04125426337122917,0.8347331881523132,24.85175895690918,1.6277530312436284,1.608708937510528
1050,salt_pepper,high,1,1,salt_pepper,salt_pepper,False,0.08527912944555283,0.7314121127128601,17.908689498901367,0.08527912944555283,0.7314121127128601,17.908689498901367,1.6277530312436284,1.608708937510528
1051,blur,medium,2,2,blur,blur,False,0.17882601916790009,0.5854271054267883,12.286028861999512,0.17882601916790009,0.5854271054267883,12.286028861999512,1.6277530312436284,1.608708937510528
1052,salt_pepper,high,1,1,salt_pepper,salt_pepper,False,0.07755962014198303,0.8911247253417969,20.919769287109375,0.07755962014198303,0.8911247253417969,20.919769287109375,1.6277530312436284,1.608708937510528
1053,clean,none,0,0,clean,clean,False,0.0,1.0,100.0,0.0,1.0,100.0,1.6277530312436284,1.608708937510528
1054,salt_pepper,high,1,1,salt_pepper,salt_pepper,False,0.048807647079229355,0.8884873390197754,22.31771469116211,0.048807647079229355,0.8884873390197754,22.31771469116211,1.6277530312436284,1.608708937510528
1055,occlusion,low,3,3,occlusion,occlusion,False,0.03589300066232681,0.8660125136375427,25.106639862060547,0.03589300066232681,0.8660125136375427,25.106639862060547,1.6277530312436284,1.608708937510528
1056,salt_pepper,medium,1,1,salt_pepper,salt_pepper,False,0.04055539146065712,0.8659630417823792,24.36794662475586,0.04055539146065712,0.8659630417823792,24.36794662475586,1.6594694062632698,1.6798570937623936
1057,occlusion,medium,3,3,occlusion,occlusion,False,0.04387236014008522,0.7843485474586487,23.139135360717773,0.04387236014008522,0.7843485474586487,23.139135360717773,1.6594694062632698,1.6798570937623936
1058,occlusion,high,3,3,occlusion,occlusion,False,0.08240317553281784,0.6386798620223999,16.810136795043945,0.08240317553281784,0.6386798620223999,16.810136795043945,1.6594694062632698,1.6798570937623936
1059,salt_pepper,low,1,1,salt_pepper,salt_pepper,False,0.10494101792573929,0.6994438171386719,14.300436973571777,0.10494101792573929,0.6994438171386719,14.300436973571777,1.6594694062632698,1.6798570937623936
1060,salt_pepper,low,1,1,salt_pepper,salt_pepper,False,0.026438316330313683,0.8757830262184143,27.616966247558594,0.026438316330313683,0.8757830262184143,27.616966247558594,1.6594694062632698,1.6798570937623936
1061,blur,high,2,2,blur,blur,False,0.06711746007204056,0.8249099850654602,20.648012161254883,0.06711746007204056,0.8249099850654602,20.648012161254883,1.6594694062632698,1.6798570937623936
1062,blur,high,2,2,blur,blur,False,0.03763025999069214,0.7626292705535889,24.844667434692383,0.03763025999069214,0.7626292705535889,24.844667434692383,1.6594694062632698,1.6798570937623936
1063,clean,none,0,0,clean,clean,False,0.0,1.0,100.0,0.0,1.0,100.0,1.6594694062632698,1.6798570937623936
1064,occlusion,low,3,3,occlusion,occlusion,False,0.05707043409347534,0.7790430188179016,21.292327880859375,0.05707043409347534,0.7790430188179016,21.292327880859375,1.6594694062632698,1.6798570937623936
1065,clean,none,0,0,clean,clean,False,0.0,1.0,100.0,0.0,1.0,100.0,1.6594694062632698,1.6798570937623936
1066,clean,none,0,0,clean,clean,False,0.0,1.0,100.0,0.0,1.0,100.0,1.6594694062632698,1.6798570937623936
1067,occlusion,high,3,3,occlusion,occlusion,False,0.12460792064666748,0.47326138615608215,13.08137321472168,0.12460792064666748,0.47326138615608215,13.08137321472168,1.6594694062632698,1.6798570937623936
1068,clean,none,0,0,clean,clean,False,0.0,1.0,100.0,0.0,1.0,100.0,1.6594694062632698,1.6798570937623936
1069,occlusion,high,3,3,occlusion,occlusion,False,0.03959781304001808,0.7308438420295715,22.9291934967041,0.03959781304001808,0.7308438420295715,22.9291934967041,1.6594694062632698,1.6798570937623936
1070,blur,medium,2,2,blur,blur,False,0.07929620146751404,0.7418275475502014,19.68813133239746,0.07929620146751404,0.7418275475502014,19.68813133239746,1.6594694062632698,1.6798570937623936
1071,blur,medium,2,2,blur,blur,False,0.0805247351527214,0.8493373394012451,19.69024658203125,0.0805247351527214,0.8493373394012451,19.69024658203125,1.6594694062632698,1.6798570937623936
1072,occlusion,medium,3,3,occlusion,occlusion,False,0.03694876655936241,0.7917421460151672,25.720714569091797,0.03694876655936241,0.7917421460151672,25.720714569091797,1.6594694062632698,1.6798570937623936
1073,salt_pepper,medium,1,1,salt_pepper,salt_pepper,False,0.05042119696736336,0.8373228907585144,23.94092559814453,0.05042119696736336,0.8373228907585144,23.94092559814453,1.6594694062632698,1.6798570937623936
1074,salt_pepper,high,1,1,salt_pepper,salt_pepper,False,0.07077401131391525,0.6357994675636292,21.39417266845703,0.07077401131391525,0.6357994675636292,21.39417266845703,1.6594694062632698,1.6798570937623936
1075,blur,low,2,2,blur,blur,False,0.1535153090953827,0.5316956639289856,13.977005004882812,0.1535153090953827,0.5316956639289856,13.977005004882812,1.6594694062632698,1.6798570937623936
1076,blur,high,2,2,blur,blur,False,0.0535552054643631,0.7478587031364441,22.847763061523438,0.0535552054643631,0.7478587031364441,22.847763061523438,1.6594694062632698,1.6798570937623936
1077,blur,low,2,2,blur,blur,False,0.03856571763753891,0.801445484161377,25.361173629760742,0.03856571763753891,0.801445484161377,25.361173629760742,1.6594694062632698,1.6798570937623936
1078,salt_pepper,low,1,1,salt_pepper,salt_pepper,False,0.048457395285367966,0.9005212783813477,22.656213760375977,0.048457395285367966,0.9005212783813477,22.656213760375977,1.6594694062632698,1.6798570937623936
1079,clean,none,0,0,clean,clean,False,0.0,1.0,100.0,0.0,1.0,100.0,1.6594694062632698,1.6798570937623936
1080,salt_pepper,high,1,1,salt_pepper,salt_pepper,False,0.05622953549027443,0.8033826351165771,21.81374740600586,0.05622953549027443,0.8033826351165771,21.81374740600586,1.6594694062632698,1.6798570937623936
1081,salt_pepper,low,1,1,salt_pepper,salt_pepper,False,0.03374040499329567,0.9275352358818054,26.78544044494629,0.03374040499329567,0.9275352358818054,26.78544044494629,1.6594694062632698,1.6798570937623936
1082,occlusion,high,3,3,occlusion,occlusion,False,0.1015549972653389,0.5176706910133362,15.141497611999512,0.1015549972653389,0.5176706910133362,15.141497611999512,1.6594694062632698,1.6798570937623936
1083,occlusion,low,3,3,occlusion,occlusion,False,0.06427616626024246,0.7788352966308594,21.2120361328125,0.06427616626024246,0.7788352966308594,21.2120361328125,1.6594694062632698,1.6798570937623936
1084,clean,none,0,0,clean,clean,False,0.0,1.0,100.0,0.0,1.0,100.0,1.6594694062632698,1.6798570937623936
1085,occlusion,medium,3,3,occlusion,occlusion,False,0.06702639907598495,0.6146619319915771,20.901344299316406,0.06702639907598495,0.6146619319915771,20.901344299316406,1.6594694062632698,1.6798570937623936
1086,blur,medium,2,2,blur,blur,False,0.0811685249209404,0.6623424291610718,19.632081985473633,0.0811685249209404,0.6623424291610718,19.632081985473633,1.6594694062632698,1.6798570937623936
1087,blur,high,2,2,blur,blur,False,0.09083697944879532,0.6294167637825012,18.12846565246582,0.09083697944879532,0.6294167637825012,18.12846565246582,1.6594694062632698,1.6798570937623936
1088,clean,none,0,0,clean,clean,False,0.0,1.0,100.0,0.0,1.0,100.0,1.2911942187656678,1.2780501562588142
1089,clean,none,0,0,clean,clean,False,0.0,1.0,100.0,0.0,1.0,100.0,1.2911942187656678,1.2780501562588142
1090,salt_pepper,low,1,1,salt_pepper,salt_pepper,False,0.04153931513428688,0.7914288640022278,24.642974853515625,0.04153931513428688,0.7914288640022278,24.642974853515625,1.2911942187656678,1.2780501562588142
1091,clean,none,0,0,clean,clean,False,0.0,1.0,100.0,0.0,1.0,100.0,1.2911942187656678,1.2780501562588142
1092,salt_pepper,low,1,1,salt_pepper,salt_pepper,False,0.03938768059015274,0.8804049491882324,25.456886291503906,0.03938768059015274,0.8804049491882324,25.456886291503906,1.2911942187656678,1.2780501562588142
1093,salt_pepper,low,1,1,salt_pepper,salt_pepper,False,0.06395673006772995,0.7934140563011169,21.78917121887207,0.06395673006772995,0.7934140563011169,21.78917121887207,1.2911942187656678,1.2780501562588142
1094,clean,none,0,0,clean,clean,False,0.0,1.0,100.0,0.0,1.0,100.0,1.2911942187656678,1.2780501562588142
1095,clean,none,0,0,clean,clean,False,0.0,1.0,100.0,0.0,1.0,100.0,1.2911942187656678,1.2780501562588142
1096,blur,medium,2,2,blur,blur,False,0.06767789274454117,0.6975548267364502,19.490703582763672,0.06767789274454117,0.6975548267364502,19.490703582763672,1.2911942187656678,1.2780501562588142
1097,clean,none,0,0,clean,clean,False,0.0,1.0,100.0,0.0,1.0,100.0,1.2911942187656678,1.2780501562588142
1098,blur,medium,2,2,blur,blur,False,0.06752141565084457,0.7849149703979492,19.546215057373047,0.06752141565084457,0.7849149703979492,19.546215057373047,1.2911942187656678,1.2780501562588142
1099,blur,low,2,2,blur,blur,False,0.050145503133535385,0.7268669009208679,23.37210464477539,0.050145503133535385,0.7268669009208679,23.37210464477539,1.2911942187656678,1.2780501562588142
1100,blur,low,2,2,blur,blur,False,0.06945531815290451,0.6608076691627502,20.515277862548828,0.06945531815290451,0.6608076691627502,20.515277862548828,1.2911942187656678,1.2780501562588142
1101,clean,none,0,0,clean,clean,False,0.0,1.0,100.0,0.0,1.0,100.0,1.2911942187656678,1.2780501562588142
1102,blur,low,2,2,blur,blur,False,0.04144228249788284,0.8029857277870178,25.579252243041992,0.04144228249788284,0.8029857277870178,25.579252243041992,1.2911942187656678,1.2780501562588142
1103,clean,none,0,0,clean,clean,False,0.0,1.0,100.0,0.0,1.0,100.0,1.2911942187656678,1.2780501562588142
1104,salt_pepper,high,1,1,salt_pepper,salt_pepper,False,0.06276149302721024,0.8351824879646301,22.003507614135742,0.06276149302721024,0.8351824879646301,22.003507614135742,1.2911942187656678,1.2780501562588142
1105,occlusion,medium,3,3,occlusion,occlusion,False,0.07530736178159714,0.687125027179718,18.800823211669922,0.07530736178159714,0.687125027179718,18.800823211669922,1.2911942187656678,1.2780501562588142
1106,salt_pepper,medium,1,1,salt_pepper,salt_pepper,False,0.10049691796302795,0.6227707862854004,17.47584342956543,0.10049691796302795,0.6227707862854004,17.47584342956543,1.2911942187656678,1.2780501562588142
1107,clean,none,0,0,clean,clean,False,0.0,1.0,100.0,0.0,1.0,100.0,1.2911942187656678,1.2780501562588142
1108,salt_pepper,low,1,1,salt_pepper,salt_pepper,False,0.04317350685596466,0.7876470685005188,23.95913314819336,0.04317350685596466,0.7876470685005188,23.95913314819336,1.2911942187656678,1.2780501562588142
1109,blur,low,2,2,blur,blur,False,0.05115478113293648,0.7998916506767273,23.359384536743164,0.05115478113293648,0.7998916506767273,23.359384536743164,1.2911942187656678,1.2780501562588142
1110,occlusion,low,3,3,occlusion,occlusion,False,0.07735834270715714,0.6331605911254883,18.58440589904785,0.07735834270715714,0.6331605911254883,18.58440589904785,1.2911942187656678,1.2780501562588142
1111,occlusion,high,3,3,occlusion,occlusion,False,0.06171867251396179,0.6500208973884583,20.008756637573242,0.06171867251396179,0.6500208973884583,20.008756637573242,1.2911942187656678,1.2780501562588142
1112,occlusion,low,3,3,occlusion,occlusion,False,0.03455953299999237,0.8159535527229309,26.338275909423828,0.03455953299999237,0.8159535527229309,26.338275909423828,1.2911942187656678,1.2780501562588142
1113,occlusion,high,3,3,occlusion,occlusion,False,0.07171078771352768,0.5400762557983398,19.466434478759766,0.07171078771352768,0.5400762557983398,19.466434478759766,1.2911942187656678,1.2780501562588142
1114,clean,none,0,0,clean,clean,False,0.0,1.0,100.0,0.0,1.0,100.0,1.2911942187656678,1.2780501562588142
1115,occlusion,medium,3,3,occlusion,occlusion,False,0.04346741735935211,0.766655683517456,24.696327209472656,0.04346741735935211,0.766655683517456,24.696327209472656,1.2911942187656678,1.2780501562588142
1116,salt_pepper,medium,1,1,salt_pepper,salt_pepper,False,0.046575527638196945,0.710041344165802,23.496768951416016,0.046575527638196945,0.710041344165802,23.496768951416016,1.2911942187656678,1.2780501562588142
1117,blur,medium,2,2,blur,blur,False,0.11919793486595154,0.7528144717216492,16.117855072021484,0.11919793486595154,0.7528144717216492,16.117855072021484,1.2911942187656678,1.2780501562588142
1118,occlusion,high,3,3,occlusion,occlusion,False,0.05683140084147453,0.6291882991790771,21.540658950805664,0.05683140084147453,0.6291882991790771,21.540658950805664,1.2911942187656678,1.2780501562588142
1119,blur,medium,2,2,blur,blur,False,0.06638694554567337,0.7322184443473816,21.63532257080078,0.06638694554567337,0.7322184443473816,21.63532257080078,1.2911942187656678,1.2780501562588142
1120,occlusion,medium,3,3,occlusion,occlusion,False,0.0864492654800415,0.702772855758667,19.043214797973633,0.0864492654800415,0.702772855758667,19.043214797973633,1.603821781230863,1.6021426874885947
1121,clean,none,0,0,clean,clean,False,0.0,1.0,100.0,0.0,1.0,100.0,1.603821781230863,1.6021426874885947
1122,occlusion,medium,3,3,occlusion,occlusion,False,0.08961830288171768,0.651181161403656,18.150371551513672,0.08961830288171768,0.651181161403656,18.150371551513672,1.603821781230863,1.6021426874885947
1123,blur,medium,2,2,blur,blur,False,0.047313105314970016,0.8294098973274231,24.233753204345703,0.047313105314970016,0.8294098973274231,24.233753204345703,1.603821781230863,1.6021426874885947
1124,blur,medium,2,2,blur,blur,False,0.062073737382888794,0.6710248589515686,21.530975341796875,0.062073737382888794,0.6710248589515686,21.530975341796875,1.603821781230863,1.6021426874885947
1125,occlusion,high,3,3,occlusion,occlusion,False,0.05903177335858345,0.6085619330406189,21.31597137451172,0.05903177335858345,0.6085619330406189,21.31597137451172,1.603821781230863,1.6021426874885947
1126,salt_pepper,medium,1,1,salt_pepper,salt_pepper,False,0.07307109981775284,0.5737621188163757,20.418628692626953,0.07307109981775284,0.5737621188163757,20.418628692626953,1.603821781230863,1.6021426874885947
1127,blur,low,2,2,blur,blur,False,0.026708928868174553,0.942756712436676,27.92879867553711,0.026708928868174553,0.942756712436676,27.92879867553711,1.603821781230863,1.6021426874885947
1128,salt_pepper,medium,1,1,salt_pepper,salt_pepper,False,0.13909785449504852,0.601214587688446,15.095603942871094,0.13909785449504852,0.601214587688446,15.095603942871094,1.603821781230863,1.6021426874885947
1129,salt_pepper,low,1,1,salt_pepper,salt_pepper,False,0.06274568289518356,0.836802065372467,22.112180709838867,0.06274568289518356,0.836802065372467,22.112180709838867,1.603821781230863,1.6021426874885947
1130,blur,medium,2,2,blur,blur,False,0.05049026012420654,0.7446281313896179,23.731460571289062,0.05049026012420654,0.7446281313896179,23.731460571289062,1.603821781230863,1.6021426874885947
1131,occlusion,high,3,3,occlusion,occlusion,False,0.07917005568742752,0.6273173093795776,18.34836196899414,0.07917005568742752,0.6273173093795776,18.34836196899414,1.603821781230863,1.6021426874885947
1132,blur,low,2,2,blur,blur,False,0.12771403789520264,0.6092081069946289,15.480852127075195,0.12771403789520264,0.6092081069946289,15.480852127075195,1.603821781230863,1.6021426874885947
1133,occlusion,high,3,3,occlusion,occlusion,False,0.05502757802605629,0.6679627299308777,21.285194396972656,0.05502757802605629,0.6679627299308777,21.285194396972656,1.603821781230863,1.6021426874885947
1134,salt_pepper,high,1,1,salt_pepper,salt_pepper,False,0.040876541286706924,0.8697496056556702,24.621849060058594,0.040876541286706924,0.8697496056556702,24.621849060058594,1.603821781230863,1.6021426874885947
1135,occlusion,low,3,3,occlusion,occlusion,False,0.022376826032996178,0.8927302360534668,29.280548095703125,0.022376826032996178,0.8927302360534668,29.280548095703125,1.603821781230863,1.6021426874885947
1136,clean,none,0,0,clean,clean,False,0.0,1.0,100.0,0.0,1.0,100.0,1.603821781230863,1.6021426874885947
1137,occlusion,high,3,3,occlusion,occlusion,False,0.13357287645339966,0.5652147531509399,14.081710815429688,0.13357287645339966,0.5652147531509399,14.081710815429688,1.603821781230863,1.6021426874885947
1138,blur,high,2,2,blur,blur,False,0.03983714058995247,0.7947649359703064,24.931175231933594,0.03983714058995247,0.7947649359703064,24.931175231933594,1.603821781230863,1.6021426874885947
1139,occlusion,high,3,3,occlusion,occlusion,False,0.08934728056192398,0.5496881604194641,17.66393280029297,0.08934728056192398,0.5496881604194641,17.66393280029297,1.603821781230863,1.6021426874885947
1140,clean,none,0,0,clean,clean,False,0.0,1.0,100.0,0.0,1.0,100.0,1.603821781230863,1.6021426874885947
1141,clean,none,0,0,clean,clean,False,0.0,1.0,100.0,0.0,1.0,100.0,1.603821781230863,1.6021426874885947
1142,blur,medium,2,2,blur,blur,False,0.053870055824518204,0.7718138098716736,23.617990493774414,0.053870055824518204,0.7718138098716736,23.617990493774414,1.603821781230863,1.6021426874885947
1143,blur,medium,2,2,blur,blur,False,0.038449715822935104,0.8504837155342102,20.39435577392578,0.038449715822935104,0.8504837155342102,20.39435577392578,1.603821781230863,1.6021426874885947
1144,blur,low,2,2,blur,blur,False,0.06547944992780685,0.7306394577026367,21.574005126953125,0.06547944992780685,0.7306394577026367,21.574005126953125,1.603821781230863,1.6021426874885947
1145,occlusion,low,3,3,occlusion,occlusion,False,0.04414938762784004,0.6675466895103455,23.984851837158203,0.04414938762784004,0.6675466895103455,23.984851837158203,1.603821781230863,1.6021426874885947
1146,salt_pepper,high,1,1,salt_pepper,salt_pepper,False,0.04023388773202896,0.8640561103820801,22.525671005249023,0.04023388773202896,0.8640561103820801,22.525671005249023,1.603821781230863,1.6021426874885947
1147,salt_pepper,high,1,1,salt_pepper,salt_pepper,False,0.042099665850400925,0.8921990990638733,24.917987823486328,0.042099665850400925,0.8921990990638733,24.917987823486328,1.603821781230863,1.6021426874885947
1148,blur,low,2,2,blur,blur,False,0.05992431938648224,0.812792956829071,21.837989807128906,0.05992431938648224,0.812792956829071,21.837989807128906,1.603821781230863,1.6021426874885947
1149,occlusion,low,3,3,occlusion,occlusion,False,0.05538906529545784,0.7525613307952881,20.49300765991211,0.05538906529545784,0.7525613307952881,20.49300765991211,1.603821781230863,1.6021426874885947
1150,blur,high,2,2,blur,blur,False,0.2375403642654419,0.5139976143836975,10.173644065856934,0.2375403642654419,0.5139976143836975,10.173644065856934,1.603821781230863,1.6021426874885947
1151,occlusion,medium,3,3,occlusion,occlusion,False,0.08124226331710815,0.6739485859870911,17.07891845703125,0.08124226331710815,0.6739485859870911,17.07891845703125,1.603821781230863,1.6021426874885947
1152,occlusion,high,3,3,occlusion,occlusion,False,0.060132015496492386,0.7348137497901917,19.013322830200195,0.060132015496492386,0.7348137497901917,19.013322830200195,1.4437913437461702,1.4436073437593677
1153,salt_pepper,low,1,1,salt_pepper,salt_pepper,False,0.045301586389541626,0.8736700415611267,24.260347366333008,0.045301586389541626,0.8736700415611267,24.260347366333008,1.4437913437461702,1.4436073437593677
1154,salt_pepper,low,1,1,salt_pepper,salt_pepper,False,0.03761596232652664,0.7447516918182373,25.947294235229492,0.03761596232652664,0.7447516918182373,25.947294235229492,1.4437913437461702,1.4436073437593677
1155,salt_pepper,medium,1,1,salt_pepper,salt_pepper,False,0.04210329428315163,0.8586936593055725,24.266525268554688,0.04210329428315163,0.8586936593055725,24.266525268554688,1.4437913437461702,1.4436073437593677
1156,occlusion,low,3,3,occlusion,occlusion,False,0.06637457013130188,0.7516840100288391,20.17831039428711,0.06637457013130188,0.7516840100288391,20.17831039428711,1.4437913437461702,1.4436073437593677
1157,salt_pepper,high,1,1,salt_pepper,salt_pepper,False,0.036172568798065186,0.8072156310081482,24.41303062438965,0.036172568798065186,0.8072156310081482,24.41303062438965,1.4437913437461702,1.4436073437593677
1158,clean,none,0,0,clean,clean,False,0.0,1.0,100.0,0.0,1.0,100.0,1.4437913437461702,1.4436073437593677
1159,occlusion,low,3,3,occlusion,occlusion,False,0.03944070637226105,0.8033891320228577,22.028690338134766,0.03944070637226105,0.8033891320228577,22.028690338134766,1.4437913437461702,1.4436073437593677
1160,blur,medium,2,2,blur,blur,False,0.036799777299165726,0.8238241076469421,26.377058029174805,0.036799777299165726,0.8238241076469421,26.377058029174805,1.4437913437461702,1.4436073437593677
1161,clean,none,0,0,clean,clean,False,0.0,1.0,100.0,0.0,1.0,100.0,1.4437913437461702,1.4436073437593677
1162,clean,none,0,0,clean,clean,False,0.0,1.0,100.0,0.0,1.0,100.0,1.4437913437461702,1.4436073437593677
1163,occlusion,medium,3,3,occlusion,occlusion,False,0.050406623631715775,0.7600514888763428,21.720359802246094,0.050406623631715775,0.7600514888763428,21.720359802246094,1.4437913437461702,1.4436073437593677
1164,blur,high,2,2,blur,blur,False,0.03944144397974014,0.7918071746826172,25.033674240112305,0.03944144397974014,0.7918071746826172,25.033674240112305,1.4437913437461702,1.4436073437593677
1165,salt_pepper,medium,1,1,salt_pepper,salt_pepper,False,0.06910180300474167,0.6927776336669922,20.586265563964844,0.06910180300474167,0.6927776336669922,20.586265563964844,1.4437913437461702,1.4436073437593677
1166,occlusion,medium,3,3,occlusion,occlusion,False,0.04528476670384407,0.6772918701171875,23.519868850708008,0.04528476670384407,0.6772918701171875,23.519868850708008,1.4437913437461702,1.4436073437593677
1167,salt_pepper,low,1,1,salt_pepper,salt_pepper,False,0.1296064406633377,0.594373881816864,15.971709251403809,0.1296064406633377,0.594373881816864,15.971709251403809,1.4437913437461702,1.4436073437593677
1168,occlusion,low,3,3,occlusion,occlusion,False,0.03537098690867424,0.843526303768158,25.870159149169922,0.03537098690867424,0.843526303768158,25.870159149169922,1.4437913437461702,1.4436073437593677
1169,occlusion,medium,3,3,occlusion,occlusion,False,0.04477855935692787,0.7760342955589294,22.5382022857666,0.04477855935692787,0.7760342955589294,22.5382022857666,1.4437913437461702,1.4436073437593677
1170,occlusion,low,3,3,occlusion,occlusion,False,0.054979149252176285,0.8101969361305237,22.297399520874023,0.054979149252176285,0.8101969361305237,22.297399520874023,1.4437913437461702,1.4436073437593677
1171,occlusion,high,3,3,occlusion,occlusion,False,0.0764072835445404,0.6328084468841553,18.49248695373535,0.0764072835445404,0.6328084468841553,18.49248695373535,1.4437913437461702,1.4436073437593677
1172,blur,high,2,2,blur,blur,False,0.13924232125282288,0.5601732730865479,14.367504119873047,0.13924232125282288,0.5601732730865479,14.367504119873047,1.4437913437461702,1.4436073437593677
1173,blur,low,2,2,blur,blur,False,0.07009067386388779,0.6250019073486328,20.525062561035156,0.07009067386388779,0.6250019073486328,20.525062561035156,1.4437913437461702,1.4436073437593677
1174,clean,none,0,0,clean,clean,False,0.0,1.0,100.0,0.0,1.0,100.0,1.4437913437461702,1.4436073437593677
1175,blur,low,2,2,blur,blur,False,0.034541480243206024,0.8670076727867126,26.118621826171875,0.034541480243206024,0.8670076727867126,26.118621826171875,1.4437913437461702,1.4436073437593677
1176,salt_pepper,low,1,1,salt_pepper,salt_pepper,False,0.03526833653450012,0.8932554721832275,25.264347076416016,0.03526833653450012,0.8932554721832275,25.264347076416016,1.4437913437461702,1.4436073437593677
1177,blur,high,2,2,blur,blur,False,0.03106219507753849,0.859766960144043,25.91860008239746,0.03106219507753849,0.859766960144043,25.91860008239746,1.4437913437461702,1.4436073437593677
1178,salt_pepper,medium,1,1,salt_pepper,salt_pepper,False,0.03509941324591637,0.8420529365539551,23.52043914794922,0.03509941324591637,0.8420529365539551,23.52043914794922,1.4437913437461702,1.4436073437593677
1179,salt_pepper,low,1,1,salt_pepper,salt_pepper,False,0.05838078632950783,0.7769576907157898,18.395721435546875,0.05838078632950783,0.7769576907157898,18.395721435546875,1.4437913437461702,1.4436073437593677
1180,occlusion,low,3,3,occlusion,occlusion,False,0.021239327266812325,0.9463214874267578,28.456600189208984,0.021239327266812325,0.9463214874267578,28.456600189208984,1.4437913437461702,1.4436073437593677
1181,salt_pepper,high,1,1,salt_pepper,salt_pepper,False,0.09598806500434875,0.6638357639312744,18.374753952026367,0.09598806500434875,0.6638357639312744,18.374753952026367,1.4437913437461702,1.4436073437593677
1182,salt_pepper,medium,1,1,salt_pepper,salt_pepper,False,0.11800653487443924,0.7210466265678406,16.122703552246094,0.11800653487443924,0.7210466265678406,16.122703552246094,1.4437913437461702,1.4436073437593677
1183,salt_pepper,medium,1,1,salt_pepper,salt_pepper,False,0.05994437262415886,0.7127062678337097,21.99836540222168,0.05994437262415886,0.7127062678337097,21.99836540222168,1.4437913437461702,1.4436073437593677
1184,clean,none,0,0,clean,clean,False,0.0,1.0,100.0,0.0,1.0,100.0,1.1699526874906496,1.1146513749906717
1185,occlusion,medium,3,3,occlusion,occlusion,False,0.06471635401248932,0.6260557770729065,20.315311431884766,0.06471635401248932,0.6260557770729065,20.315311431884766,1.1699526874906496,1.1146513749906717
1186,clean,none,0,0,clean,clean,False,0.0,1.0,100.0,0.0,1.0,100.0,1.1699526874906496,1.1146513749906717
1187,blur,high,2,2,blur,blur,False,0.04512367770075798,0.7174156308174133,24.43754005432129,0.04512367770075798,0.7174155712127686,24.43754005432129,1.1699526874906496,1.1146513749906717
1188,salt_pepper,medium,1,1,salt_pepper,salt_pepper,False,0.06868261098861694,0.7342461943626404,20.57868194580078,0.06868261098861694,0.7342461943626404,20.57868194580078,1.1699526874906496,1.1146513749906717
1189,clean,none,0,0,clean,clean,False,0.0,1.0,100.0,0.0,1.0,100.0,1.1699526874906496,1.1146513749906717
1190,clean,none,0,0,clean,clean,False,0.0,1.0,100.0,0.0,1.0,100.0,1.1699526874906496,1.1146513749906717
1191,occlusion,high,3,3,occlusion,occlusion,False,0.11255601793527603,0.5075117945671082,15.948837280273438,0.11255601793527603,0.5075117945671082,15.948837280273438,1.1699526874906496,1.1146513749906717
1192,occlusion,medium,3,3,occlusion,occlusion,False,0.06079253554344177,0.6147093772888184,21.324251174926758,0.06079253554344177,0.6147093772888184,21.324251174926758,1.1699526874906496,1.1146513749906717
1193,blur,high,2,2,blur,blur,False,0.10926058143377304,0.6364691853523254,16.388059616088867,0.10926058143377304,0.6364691257476807,16.388059616088867,1.1699526874906496,1.1146513749906717
1194,salt_pepper,high,1,1,salt_pepper,salt_pepper,False,0.04661811515688896,0.7443034052848816,23.5390682220459,0.04661811515688896,0.7443034052848816,23.5390682220459,1.1699526874906496,1.1146513749906717
1195,clean,none,0,0,clean,clean,False,0.0,1.0,100.0,0.0,1.0,100.0,1.1699526874906496,1.1146513749906717
1196,clean,none,0,0,clean,clean,False,0.0,1.0,100.0,0.0,1.0,100.0,1.1699526874906496,1.1146513749906717
1197,occlusion,low,3,3,occlusion,occlusion,False,0.048834238201379776,0.7490337491035461,22.921457290649414,0.048834238201379776,0.7490337491035461,22.921457290649414,1.1699526874906496,1.1146513749906717
1198,occlusion,high,3,3,occlusion,occlusion,False,0.06186531484127045,0.6937756538391113,19.636829376220703,0.06186531484127045,0.6937756538391113,19.636829376220703,1.1699526874906496,1.1146513749906717
1199,salt_pepper,low,1,1,salt_pepper,salt_pepper,False,0.06734378635883331,0.7640556693077087,20.950382232666016,0.06734378635883331,0.7640556693077087,20.950382232666016,1.1699526874906496,1.1146513749906717
1200,occlusion,high,3,3,occlusion,occlusion,False,0.07600986212491989,0.6228789687156677,19.23698616027832,0.07600986212491989,0.6228789687156677,19.23698616027832,1.1699526874906496,1.1146513749906717
1201,clean,none,0,0,clean,clean,False,0.0,1.0,100.0,0.0,1.0,100.0,1.1699526874906496,1.1146513749906717
1202,clean,none,0,0,clean,clean,False,0.0,1.0,100.0,0.0,1.0,100.0,1.1699526874906496,1.1146513749906717
1203,clean,none,0,0,clean,clean,False,0.0,1.0,100.0,0.0,1.0,100.0,1.1699526874906496,1.1146513749906717
1204,blur,low,2,2,blur,blur,False,0.04931269586086273,0.8126886487007141,22.849262237548828,0.04931269586086273,0.8126886487007141,22.849262237548828,1.1699526874906496,1.1146513749906717
1205,occlusion,low,3,3,occlusion,occlusion,False,0.034114036709070206,0.8407177925109863,25.841022491455078,0.034114036709070206,0.8407177925109863,25.841022491455078,1.1699526874906496,1.1146513749906717
1206,blur,medium,2,2,blur,blur,False,0.06947805732488632,0.7040610313415527,20.86634063720703,0.06947804987430573,0.7040610313415527,20.86634063720703,1.1699526874906496,1.1146513749906717
1207,occlusion,high,3,3,occlusion,occlusion,False,0.09082039445638657,0.6706621050834656,17.33791732788086,0.09082039445638657,0.6706621050834656,17.33791732788086,1.1699526874906496,1.1146513749906717
1208,salt_pepper,low,1,1,salt_pepper,salt_pepper,False,0.08608860522508621,0.8246030807495117,18.656784057617188,0.08608860522508621,0.8246030807495117,18.656784057617188,1.1699526874906496,1.1146513749906717
1209,clean,none,0,0,clean,clean,False,0.0,1.0,100.0,0.0,1.0,100.0,1.1699526874906496,1.1146513749906717
1210,salt_pepper,high,1,1,salt_pepper,salt_pepper,False,0.052393894642591476,0.8124440312385559,22.335376739501953,0.052393894642591476,0.8124440312385559,22.335376739501953,1.1699526874906496,1.1146513749906717
1211,blur,medium,2,2,blur,blur,False,0.08489830046892166,0.6880226731300354,18.69169044494629,0.08489830046892166,0.6880226731300354,18.69169044494629,1.1699526874906496,1.1146513749906717
1212,clean,none,0,2,clean,blur,True,0.09115780144929886,0.8627985119819641,19.000558853149414,0.0,1.0,100.0,1.1699526874906496,1.1146513749906717
1213,salt_pepper,low,1,1,salt_pepper,salt_pepper,False,0.11726988106966019,0.564615786075592,16.082294464111328,0.11726988106966019,0.564615786075592,16.082294464111328,1.1699526874906496,1.1146513749906717
1214,occlusion,high,3,3,occlusion,occlusion,False,0.08037639409303665,0.4961850643157959,19.571094512939453,0.08037639409303665,0.4961850643157959,19.571094512939453,1.1699526874906496,1.1146513749906717
1215,salt_pepper,high,1,1,salt_pepper,salt_pepper,False,0.06455623358488083,0.6485478281974792,21.654586791992188,0.06455623358488083,0.6485478281974792,21.654586791992188,1.1699526874906496,1.1146513749906717
1216,occlusion,medium,3,3,occlusion,occlusion,False,0.08568370342254639,0.5190306305885315,18.90622329711914,0.08568370342254639,0.5190306305885315,18.90622329711914,1.2780534374883246,1.2629270312629615
1217,blur,low,2,2,blur,blur,False,0.0788501426577568,0.7228503227233887,18.9669246673584,0.0788501426577568,0.7228503227233887,18.9669246673584,1.2780534374883246,1.2629270312629615
1218,blur,medium,2,2,blur,blur,False,0.10447230190038681,0.6540417075157166,16.43240737915039,0.10447230190038681,0.6540417075157166,16.43240737915039,1.2780534374883246,1.2629270312629615
1219,salt_pepper,low,1,1,salt_pepper,salt_pepper,False,0.06113472953438759,0.8046998977661133,20.846649169921875,0.06113472953438759,0.8046998977661133,20.846649169921875,1.2780534374883246,1.2629270312629615
1220,clean,none,0,0,clean,clean,False,0.0,1.0,100.0,0.0,1.0,100.0,1.2780534374883246,1.2629270312629615
1221,blur,high,2,2,blur,blur,False,0.10272253304719925,0.6211472749710083,16.69232940673828,0.10272253304719925,0.6211472749710083,16.69232940673828,1.2780534374883246,1.2629270312629615
1222,clean,none,0,0,clean,clean,False,0.0,1.0,100.0,0.0,1.0,100.0,1.2780534374883246,1.2629270312629615
1223,blur,low,2,2,blur,blur,False,0.08818608522415161,0.6793973445892334,19.01372718811035,0.08818608522415161,0.6793973445892334,19.01372718811035,1.2780534374883246,1.2629270312629615
1224,salt_pepper,medium,1,1,salt_pepper,salt_pepper,False,0.07396985590457916,0.6629157662391663,20.12092399597168,0.07396985590457916,0.6629157662391663,20.12092399597168,1.2780534374883246,1.2629270312629615
1225,clean,none,0,0,clean,clean,False,0.0,1.0,100.0,0.0,1.0,100.0,1.2780534374883246,1.2629270312629615
1226,blur,medium,2,2,blur,blur,False,0.04566405341029167,0.8382007479667664,24.94281578063965,0.04566405341029167,0.8382007479667664,24.94281578063965,1.2780534374883246,1.2629270312629615
1227,salt_pepper,low,1,1,salt_pepper,salt_pepper,False,0.08417278528213501,0.8065374493598938,17.937721252441406,0.08417278528213501,0.8065374493598938,17.937721252441406,1.2780534374883246,1.2629270312629615
1228,salt_pepper,medium,1,1,salt_pepper,salt_pepper,False,0.08108740299940109,0.7735435962677002,20.129194259643555,0.08108740299940109,0.7735435962677002,20.129194259643555,1.2780534374883246,1.2629270312629615
1229,salt_pepper,low,1,1,salt_pepper,salt_pepper,False,0.04291541501879692,0.8387670516967773,23.816930770874023,0.04291541501879692,0.8387670516967773,23.816930770874023,1.2780534374883246,1.2629270312629615
1230,salt_pepper,high,1,1,salt_pepper,salt_pepper,False,0.07816515117883682,0.7371993064880371,17.443639755249023,0.07816515117883682,0.7371993064880371,17.443639755249023,1.2780534374883246,1.2629270312629615
1231,salt_pepper,low,1,1,salt_pepper,salt_pepper,False,0.05858096480369568,0.8117938041687012,21.072345733642578,0.05858096480369568,0.8117938041687012,21.072345733642578,1.2780534374883246,1.2629270312629615
1232,blur,medium,2,2,blur,blur,False,0.06274744123220444,0.804180920124054,21.596473693847656,0.06274744123220444,0.804180920124054,21.596473693847656,1.2780534374883246,1.2629270312629615
1233,clean,none,0,0,clean,clean,False,0.0,1.0,100.0,0.0,1.0,100.0,1.2780534374883246,1.2629270312629615
1234,clean,none,0,0,clean,clean,False,0.0,1.0,100.0,0.0,1.0,100.0,1.2780534374883246,1.2629270312629615
1235,blur,medium,2,2,blur,blur,False,0.06626348942518234,0.6807367205619812,20.754682540893555,0.06626348942518234,0.6807367205619812,20.754682540893555,1.2780534374883246,1.2629270312629615
1236,blur,high,2,2,blur,blur,False,0.09260815382003784,0.5198581218719482,18.539583206176758,0.09260815382003784,0.5198581218719482,18.539583206176758,1.2780534374883246,1.2629270312629615
1237,clean,none,0,0,clean,clean,False,0.0,1.0,100.0,0.0,1.0,100.0,1.2780534374883246,1.2629270312629615
1238,salt_pepper,medium,1,1,salt_pepper,salt_pepper,False,0.038953084498643875,0.8065961003303528,24.7337703704834,0.038953084498643875,0.8065961003303528,24.7337703704834,1.2780534374883246,1.2629270312629615
1239,salt_pepper,medium,1,1,salt_pepper,salt_pepper,False,0.0403021015226841,0.8360764384269714,24.11395263671875,0.0403021015226841,0.8360764384269714,24.11395263671875,1.2780534374883246,1.2629270312629615
1240,clean,none,0,0,clean,clean,False,0.0,1.0,100.0,0.0,1.0,100.0,1.2780534374883246,1.2629270312629615
1241,salt_pepper,medium,1,1,salt_pepper,salt_pepper,False,0.048400938510894775,0.8058232665061951,23.7647705078125,0.048400938510894775,0.8058232665061951,23.7647705078125,1.2780534374883246,1.2629270312629615
1242,clean,none,0,0,clean,clean,False,0.0,1.0,100.0,0.0,1.0,100.0,1.2780534374883246,1.2629270312629615
1243,occlusion,medium,3,3,occlusion,occlusion,False,0.046156760305166245,0.7038213610649109,24.039752960205078,0.046156760305166245,0.7038213610649109,24.039752960205078,1.2780534374883246,1.2629270312629615
1244,blur,low,2,2,blur,blur,False,0.10181194543838501,0.8064510822296143,17.423561096191406,0.10181194543838501,0.8064510822296143,17.423561096191406,1.2780534374883246,1.2629270312629615
1245,blur,low,2,2,blur,blur,False,0.05492169037461281,0.7841708064079285,23.556406021118164,0.05492169037461281,0.7841708064079285,23.556406021118164,1.2780534374883246,1.2629270312629615
1246,blur,low,2,2,blur,blur,False,0.10685554146766663,0.7795171737670898,16.55054473876953,0.10685554146766663,0.7795171737670898,16.55054473876953,1.2780534374883246,1.2629270312629615
1247,occlusion,medium,3,3,occlusion,occlusion,False,0.04681113362312317,0.7488572597503662,22.630859375,0.04681113362312317,0.7488572597503662,22.630859375,1.2780534374883246,1.2629270312629615
1248,blur,medium,2,2,blur,blur,False,0.0699656680226326,0.7832357287406921,21.028881072998047,0.0699656680226326,0.7832357287406921,21.028881072998047,1.5334601874883447,1.5697808437380445
1249,occlusion,medium,3,3,occlusion,occlusion,False,0.09779011458158493,0.49945294857025146,17.778608322143555,0.09779011458158493,0.49945294857025146,17.778608322143555,1.5334601874883447,1.5697808437380445
1250,salt_pepper,high,1,1,salt_pepper,salt_pepper,False,0.04702546074986458,0.8024788498878479,23.469478607177734,0.04702546074986458,0.8024788498878479,23.469478607177734,1.5334601874883447,1.5697808437380445
1251,occlusion,low,3,3,occlusion,occlusion,False,0.07040899991989136,0.5998093485832214,20.092992782592773,0.07040899991989136,0.5998093485832214,20.092992782592773,1.5334601874883447,1.5697808437380445
1252,clean,none,0,0,clean,clean,False,0.0,1.0,100.0,0.0,1.0,100.0,1.5334601874883447,1.5697808437380445
1253,salt_pepper,medium,1,1,salt_pepper,salt_pepper,False,0.05744745209813118,0.7718667387962341,22.526634216308594,0.05744745209813118,0.7718667387962341,22.526634216308594,1.5334601874883447,1.5697808437380445
1254,salt_pepper,medium,1,1,salt_pepper,salt_pepper,False,0.0682901069521904,0.6706389784812927,20.950191497802734,0.0682901069521904,0.6706389784812927,20.950191497802734,1.5334601874883447,1.5697808437380445
1255,salt_pepper,high,1,1,salt_pepper,salt_pepper,False,0.02937423437833786,0.8529711365699768,26.780126571655273,0.02937423437833786,0.8529711365699768,26.780126571655273,1.5334601874883447,1.5697808437380445
1256,salt_pepper,medium,1,1,salt_pepper,salt_pepper,False,0.08798223733901978,0.6667375564575195,18.701831817626953,0.08798223733901978,0.6667375564575195,18.701831817626953,1.5334601874883447,1.5697808437380445
1257,blur,high,2,2,blur,blur,False,0.09129270166158676,0.5681243538856506,18.81230926513672,0.09129270166158676,0.5681243538856506,18.81230926513672,1.5334601874883447,1.5697808437380445
1258,salt_pepper,high,1,1,salt_pepper,salt_pepper,False,0.08799300342798233,0.7655551433563232,18.63130760192871,0.08799300342798233,0.7655551433563232,18.63130760192871,1.5334601874883447,1.5697808437380445
1259,clean,none,0,0,clean,clean,False,0.0,1.0,100.0,0.0,1.0,100.0,1.5334601874883447,1.5697808437380445
1260,occlusion,low,3,3,occlusion,occlusion,False,0.07227393239736557,0.6923273205757141,19.447978973388672,0.07227393239736557,0.6923273205757141,19.447978973388672,1.5334601874883447,1.5697808437380445
1261,clean,none,0,0,clean,clean,False,0.0,1.0,100.0,0.0,1.0,100.0,1.5334601874883447,1.5697808437380445
1262,occlusion,low,3,3,occlusion,occlusion,False,0.05130237340927124,0.7228206992149353,22.34256362915039,0.05130237340927124,0.7228206992149353,22.34256362915039,1.5334601874883447,1.5697808437380445
1263,occlusion,medium,3,3,occlusion,occlusion,False,0.028790665790438652,0.8507390022277832,25.847225189208984,0.028790665790438652,0.8507390022277832,25.847225189208984,1.5334601874883447,1.5697808437380445
1264,salt_pepper,high,1,1,salt_pepper,salt_pepper,False,0.05910302326083183,0.7968604564666748,22.192928314208984,0.05910302326083183,0.7968604564666748,22.192928314208984,1.5334601874883447,1.5697808437380445
1265,blur,low,2,2,blur,blur,False,0.0636264905333519,0.7554779052734375,21.68708610534668,0.0636264905333519,0.7554779052734375,21.68708610534668,1.5334601874883447,1.5697808437380445
1266,blur,high,2,2,blur,blur,False,0.046210240572690964,0.855806827545166,23.543987274169922,0.046210240572690964,0.855806827545166,23.543987274169922,1.5334601874883447,1.5697808437380445
1267,occlusion,high,3,3,occlusion,occlusion,False,0.07323514670133591,0.6485767364501953,19.365678787231445,0.07323514670133591,0.6485767364501953,19.365678787231445,1.5334601874883447,1.5697808437380445
1268,clean,none,0,0,clean,clean,False,0.0,1.0,100.0,0.0,1.0,100.0,1.5334601874883447,1.5697808437380445
1269,salt_pepper,medium,1,1,salt_pepper,salt_pepper,False,0.11254165321588516,0.727900505065918,16.660900115966797,0.11254165321588516,0.727900505065918,16.660900115966797,1.5334601874883447,1.5697808437380445
1270,blur,low,2,2,blur,blur,False,0.05069486424326897,0.8539352416992188,23.01262664794922,0.05069486424326897,0.8539352416992188,23.01262664794922,1.5334601874883447,1.5697808437380445
1271,occlusion,high,3,3,occlusion,occlusion,False,0.07449246197938919,0.4466763436794281,19.6904296875,0.07449246197938919,0.4466763436794281,19.6904296875,1.5334601874883447,1.5697808437380445
1272,clean,none,0,0,clean,clean,False,0.0,1.0,100.0,0.0,1.0,100.0,1.5334601874883447,1.5697808437380445
1273,blur,low,2,2,blur,blur,False,0.04494573175907135,0.7530797123908997,24.93096351623535,0.04494573175907135,0.7530797123908997,24.93096351623535,1.5334601874883447,1.5697808437380445
1274,occlusion,medium,3,3,occlusion,occlusion,False,0.04252636060118675,0.7638495564460754,24.364994049072266,0.04252636060118675,0.7638495564460754,24.364994049072266,1.5334601874883447,1.5697808437380445
1275,occlusion,low,3,3,occlusion,occlusion,False,0.055769871920347214,0.6981506943702698,22.050079345703125,0.055769871920347214,0.6981506943702698,22.050079345703125,1.5334601874883447,1.5697808437380445
1276,occlusion,low,3,0,occlusion,clean,True,0.009733232669532299,0.878808319568634,27.949310302734375,0.0376032255589962,0.774960994720459,25.42729377746582,1.5334601874883447,1.5697808437380445
1277,salt_pepper,medium,1,1,salt_pepper,salt_pepper,False,0.05984239652752876,0.7381114363670349,22.033153533935547,0.05984239652752876,0.7381114363670349,22.033153533935547,1.5334601874883447,1.5697808437380445
1278,salt_pepper,high,1,1,salt_pepper,salt_pepper,False,0.09700608998537064,0.6452061533927917,17.834360122680664,0.09700608998537064,0.6452061533927917,17.834360122680664,1.5334601874883447,1.5697808437380445
1279,clean,none,0,0,clean,clean,False,0.0,1.0,100.0,0.0,1.0,100.0,1.5334601874883447,1.5697808437380445
1280,clean,none,0,0,clean,clean,False,0.0,1.0,100.0,0.0,1.0,100.0,1.4080558750038108,1.4054574687634158
1281,occlusion,high,3,3,occlusion,occlusion,False,0.06396187841892242,0.6216442584991455,19.978187561035156,0.06396187841892242,0.6216442584991455,19.978187561035156,1.4080558750038108,1.4054574687634158
1282,occlusion,low,3,3,occlusion,occlusion,False,0.126991406083107,0.5429415106773376,14.875410079956055,0.126991406083107,0.5429415106773376,14.875410079956055,1.4080558750038108,1.4054574687634158
1283,blur,medium,2,2,blur,blur,False,0.06209811568260193,0.8567044734954834,22.269086837768555,0.06209811568260193,0.8567044734954834,22.269086837768555,1.4080558750038108,1.4054574687634158
1284,salt_pepper,low,1,1,salt_pepper,salt_pepper,False,0.07132444530725479,0.6406925320625305,20.429536819458008,0.07132444530725479,0.6406925320625305,20.429536819458008,1.4080558750038108,1.4054574687634158
1285,blur,medium,2,2,blur,blur,False,0.04945799708366394,0.8038297295570374,22.868240356445312,0.04945799708366394,0.8038297295570374,22.868240356445312,1.4080558750038108,1.4054574687634158
1286,salt_pepper,high,1,1,salt_pepper,salt_pepper,False,0.07126406580209732,0.6983904838562012,20.566669464111328,0.07126406580209732,0.6983904838562012,20.566669464111328,1.4080558750038108,1.4054574687634158
1287,blur,high,2,2,blur,blur,False,0.05043157935142517,0.8032495379447937,23.864870071411133,0.05043157935142517,0.8032495379447937,23.864870071411133,1.4080558750038108,1.4054574687634158
1288,blur,high,2,2,blur,blur,False,0.053425971418619156,0.7205042243003845,22.92121696472168,0.053425971418619156,0.7205042243003845,22.92121696472168,1.4080558750038108,1.4054574687634158
1289,salt_pepper,medium,1,1,salt_pepper,salt_pepper,False,0.04366395249962807,0.8556692004203796,25.163997650146484,0.04366395249962807,0.8556692004203796,25.163997650146484,1.4080558750038108,1.4054574687634158
1290,blur,high,2,2,blur,blur,False,0.05228996276855469,0.7446734309196472,22.170541763305664,0.05228996276855469,0.7446734309196472,22.170541763305664,1.4080558750038108,1.4054574687634158
1291,salt_pepper,medium,1,1,salt_pepper,salt_pepper,False,0.050631165504455566,0.7790495753288269,22.387292861938477,0.050631165504455566,0.7790495753288269,22.387292861938477,1.4080558750038108,1.4054574687634158
1292,blur,low,2,2,blur,blur,False,0.09437326341867447,0.7076331973075867,17.9289608001709,0.09437326341867447,0.7076331973075867,17.9289608001709,1.4080558750038108,1.4054574687634158
1293,blur,low,2,2,blur,blur,False,0.044132281094789505,0.7815084457397461,24.721057891845703,0.044132281094789505,0.7815084457397461,24.721057891845703,1.4080558750038108,1.4054574687634158
1294,clean,none,0,0,clean,clean,False,0.0,1.0,100.0,0.0,1.0,100.0,1.4080558750038108,1.4054574687634158
1295,occlusion,low,3,3,occlusion,occlusion,False,0.0659170001745224,0.6130825877189636,21.12747573852539,0.0659170001745224,0.6130825877189636,21.12747573852539,1.4080558750038108,1.4054574687634158
1296,clean,none,0,0,clean,clean,False,0.0,1.0,100.0,0.0,1.0,100.0,1.4080558750038108,1.4054574687634158
1297,blur,low,2,2,blur,blur,False,0.05649523437023163,0.8173792958259583,22.811779022216797,0.05649523437023163,0.8173792958259583,22.811779022216797,1.4080558750038108,1.4054574687634158
1298,salt_pepper,medium,1,1,salt_pepper,salt_pepper,False,0.07012490183115005,0.7089998126029968,21.232666015625,0.07012490183115005,0.7089998126029968,21.232666015625,1.4080558750038108,1.4054574687634158
1299,clean,none,0,0,clean,clean,False,0.0,1.0,100.0,0.0,1.0,100.0,1.4080558750038108,1.4054574687634158
1300,blur,medium,2,2,blur,blur,False,0.05728955939412117,0.7934040427207947,22.661991119384766,0.05728955939412117,0.7934040427207947,22.661991119384766,1.4080558750038108,1.4054574687634158
1301,occlusion,high,3,3,occlusion,occlusion,False,0.0725376233458519,0.6830346584320068,18.6995906829834,0.0725376233458519,0.6830346584320068,18.6995906829834,1.4080558750038108,1.4054574687634158
1302,salt_pepper,medium,1,1,salt_pepper,salt_pepper,False,0.04277453199028969,0.8330478072166443,24.81808853149414,0.04277453199028969,0.8330478072166443,24.81808853149414,1.4080558750038108,1.4054574687634158
1303,occlusion,medium,3,3,occlusion,occlusion,False,0.06582695990800858,0.6893002986907959,19.539934158325195,0.06582695990800858,0.6893002986907959,19.539934158325195,1.4080558750038108,1.4054574687634158
1304,blur,low,2,2,blur,blur,False,0.06607980281114578,0.8180100321769714,21.385190963745117,0.06607980281114578,0.8180100321769714,21.385190963745117,1.4080558750038108,1.4054574687634158
1305,salt_pepper,low,1,1,salt_pepper,salt_pepper,False,0.054998818784952164,0.7530896067619324,22.309871673583984,0.054998818784952164,0.7530896067619324,22.309871673583984,1.4080558750038108,1.4054574687634158
1306,clean,none,0,0,clean,clean,False,0.0,1.0,100.0,0.0,1.0,100.0,1.4080558750038108,1.4054574687634158
1307,blur,medium,2,2,blur,blur,False,0.04373222589492798,0.8650753498077393,24.142303466796875,0.04373222589492798,0.8650753498077393,24.142303466796875,1.4080558750038108,1.4054574687634158
1308,clean,none,0,0,clean,clean,False,0.0,1.0,100.0,0.0,1.0,100.0,1.4080558750038108,1.4054574687634158
1309,clean,none,0,0,clean,clean,False,0.0,1.0,100.0,0.0,1.0,100.0,1.4080558750038108,1.4054574687634158
1310,clean,none,0,0,clean,clean,False,0.0,1.0,100.0,0.0,1.0,100.0,1.4080558750038108,1.4054574687634158
1311,blur,high,2,2,blur,blur,False,0.05947626009583473,0.6568659543991089,21.96999740600586,0.05947626009583473,0.6568659543991089,21.96999740600586,1.4080558750038108,1.4054574687634158
1312,occlusion,high,3,3,occlusion,occlusion,False,0.0860152468085289,0.5332768559455872,18.08197784423828,0.0860152468085289,0.5332768559455872,18.08197784423828,1.4204063437261993,1.4171451250035716
1313,blur,medium,2,2,blur,blur,False,0.05926040932536125,0.6303992867469788,22.433462142944336,0.05926040932536125,0.6303992867469788,22.433462142944336,1.4204063437261993,1.4171451250035716
1314,clean,none,0,0,clean,clean,False,0.0,1.0,100.0,0.0,1.0,100.0,1.4204063437261993,1.4171451250035716
1315,clean,none,0,0,clean,clean,False,0.0,1.0,100.0,0.0,1.0,100.0,1.4204063437261993,1.4171451250035716
1316,salt_pepper,low,1,1,salt_pepper,salt_pepper,False,0.060843974351882935,0.7479913234710693,21.689165115356445,0.060843974351882935,0.7479913234710693,21.689165115356445,1.4204063437261993,1.4171451250035716
1317,occlusion,high,3,3,occlusion,occlusion,False,0.09132059663534164,0.5510537028312683,15.877957344055176,0.09132059663534164,0.5510537028312683,15.877957344055176,1.4204063437261993,1.4171451250035716
1318,blur,high,2,2,blur,blur,False,0.04457080364227295,0.7485883235931396,24.286081314086914,0.04457080364227295,0.7485883235931396,24.286081314086914,1.4204063437261993,1.4171451250035716
1319,clean,none,0,0,clean,clean,False,0.0,1.0,100.0,0.0,1.0,100.0,1.4204063437261993,1.4171451250035716
1320,salt_pepper,medium,1,1,salt_pepper,salt_pepper,False,0.06112027168273926,0.6682181358337402,21.98923110961914,0.06112027168273926,0.6682181358337402,21.98923110961914,1.4204063437261993,1.4171451250035716
1321,salt_pepper,low,1,1,salt_pepper,salt_pepper,False,0.04754798486828804,0.8390459418296814,23.117691040039062,0.04754798486828804,0.8390459418296814,23.117691040039062,1.4204063437261993,1.4171451250035716
1322,salt_pepper,low,1,1,salt_pepper,salt_pepper,False,0.0695633813738823,0.7960138320922852,20.676166534423828,0.0695633813738823,0.7960138320922852,20.676166534423828,1.4204063437261993,1.4171451250035716
1323,clean,none,0,0,clean,clean,False,0.0,1.0,100.0,0.0,1.0,100.0,1.4204063437261993,1.4171451250035716
1324,blur,high,2,2,blur,blur,False,0.09670544415712357,0.5594313144683838,18.48566246032715,0.09670544415712357,0.5594313144683838,18.48566246032715,1.4204063437261993,1.4171451250035716
1325,blur,medium,2,2,blur,blur,False,0.05208416283130646,0.780308723449707,23.507526397705078,0.05208416283130646,0.780308723449707,23.507526397705078,1.4204063437261993,1.4171451250035716
1326,clean,none,0,0,clean,clean,False,0.0,1.0,100.0,0.0,1.0,100.0,1.4204063437261993,1.4171451250035716
1327,blur,high,2,2,blur,blur,False,0.10201940685510635,0.5338677763938904,17.654226303100586,0.10201940685510635,0.5338677763938904,17.654226303100586,1.4204063437261993,1.4171451250035716
1328,occlusion,low,3,3,occlusion,occlusion,False,0.04332694411277771,0.8079598546028137,20.78554916381836,0.04332694411277771,0.8079598546028137,20.78554916381836,1.4204063437261993,1.4171451250035716
1329,blur,high,2,2,blur,blur,False,0.06127621605992317,0.6276412606239319,21.49557113647461,0.06127621605992317,0.6276412606239319,21.49557113647461,1.4204063437261993,1.4171451250035716
1330,salt_pepper,high,1,1,salt_pepper,salt_pepper,False,0.05691906809806824,0.7136067748069763,22.54827880859375,0.05691906809806824,0.7136067748069763,22.54827880859375,1.4204063437261993,1.4171451250035716
1331,salt_pepper,medium,1,1,salt_pepper,salt_pepper,False,0.060857370495796204,0.7759245038032532,22.000818252563477,0.060857370495796204,0.7759245038032532,22.000818252563477,1.4204063437261993,1.4171451250035716
1332,blur,low,2,2,blur,blur,False,0.0851580873131752,0.8002517819404602,19.673330307006836,0.0851580873131752,0.8002517819404602,19.673330307006836,1.4204063437261993,1.4171451250035716
1333,blur,low,2,2,blur,blur,False,0.06302399933338165,0.7570767402648926,21.330707550048828,0.06302399933338165,0.7570767402648926,21.330707550048828,1.4204063437261993,1.4171451250035716
1334,salt_pepper,medium,1,1,salt_pepper,salt_pepper,False,0.07030761986970901,0.6693195700645447,20.877962112426758,0.07030761986970901,0.6693195700645447,20.877962112426758,1.4204063437261993,1.4171451250035716
1335,clean,none,0,0,clean,clean,False,0.0,1.0,100.0,0.0,1.0,100.0,1.4204063437261993,1.4171451250035716
1336,occlusion,low,3,3,occlusion,occlusion,False,0.04946299269795418,0.7195021510124207,22.775615692138672,0.04946299269795418,0.7195021510124207,22.775615692138672,1.4204063437261993,1.4171451250035716
1337,occlusion,medium,3,3,occlusion,occlusion,False,0.057951245456933975,0.6627375483512878,20.8951416015625,0.057951245456933975,0.6627375483512878,20.8951416015625,1.4204063437261993,1.4171451250035716
1338,occlusion,medium,3,3,occlusion,occlusion,False,0.05592511594295502,0.6598484516143799,21.535606384277344,0.05592511594295502,0.6598484516143799,21.535606384277344,1.4204063437261993,1.4171451250035716
1339,blur,high,2,2,blur,blur,False,0.1016647219657898,0.5014367699623108,17.57754135131836,0.1016647219657898,0.5014367699623108,17.57754135131836,1.4204063437261993,1.4171451250035716
1340,occlusion,high,3,3,occlusion,occlusion,False,0.0797208771109581,0.5390434265136719,18.54937171936035,0.0797208771109581,0.5390434265136719,18.54937171936035,1.4204063437261993,1.4171451250035716
1341,clean,none,0,0,clean,clean,False,0.0,1.0,100.0,0.0,1.0,100.0,1.4204063437261993,1.4171451250035716
1342,blur,medium,2,2,blur,blur,False,0.09497598558664322,0.5552283525466919,18.24179458618164,0.09497598558664322,0.5552283525466919,18.24179458618164,1.4204063437261993,1.4171451250035716
1343,occlusion,high,3,3,occlusion,occlusion,False,0.10639124363660812,0.5628625750541687,15.226757049560547,0.10639124363660812,0.5628625750541687,15.226757049560547,1.4204063437261993,1.4171451250035716
1344,blur,medium,2,2,blur,blur,False,0.035403549671173096,0.8672459721565247,24.523372650146484,0.035403549671173096,0.8672459721565247,24.523372650146484,1.4891041562634655,1.8138873124939892
1345,occlusion,low,3,3,occlusion,occlusion,False,0.036115262657403946,0.787489116191864,25.630172729492188,0.036115262657403946,0.787489116191864,25.630172729492188,1.4891041562634655,1.8138873124939892
1346,occlusion,low,3,3,occlusion,occlusion,False,0.07250296324491501,0.6137199997901917,20.777313232421875,0.07250296324491501,0.6137199997901917,20.777313232421875,1.4891041562634655,1.8138873124939892
1347,blur,high,2,2,blur,blur,False,0.06954801082611084,0.6745033860206604,20.526256561279297,0.06954801082611084,0.6745033860206604,20.526256561279297,1.4891041562634655,1.8138873124939892
1348,salt_pepper,high,1,1,salt_pepper,salt_pepper,False,0.04515784606337547,0.7929069995880127,24.696250915527344,0.04515784606337547,0.7929069995880127,24.696250915527344,1.4891041562634655,1.8138873124939892
1349,salt_pepper,low,1,1,salt_pepper,salt_pepper,False,0.13228873908519745,0.6753856539726257,15.762086868286133,0.13228873908519745,0.6753856539726257,15.762086868286133,1.4891041562634655,1.8138873124939892
1350,blur,medium,2,2,blur,blur,False,0.054866719990968704,0.8275319933891296,21.703346252441406,0.054866719990968704,0.8275319933891296,21.703346252441406,1.4891041562634655,1.8138873124939892
1351,salt_pepper,high,1,1,salt_pepper,salt_pepper,False,0.038752857595682144,0.8780505061149597,24.601058959960938,0.038752857595682144,0.8780505061149597,24.601058959960938,1.4891041562634655,1.8138873124939892
1352,clean,none,0,0,clean,clean,False,0.0,1.0,100.0,0.0,1.0,100.0,1.4891041562634655,1.8138873124939892
1353,blur,medium,2,2,blur,blur,False,0.08020035177469254,0.6099374890327454,20.23482322692871,0.08020035177469254,0.6099374890327454,20.23482322692871,1.4891041562634655,1.8138873124939892
1354,blur,high,2,2,blur,blur,False,0.04855465888977051,0.6353252530097961,23.644580841064453,0.04855465888977051,0.6353252530097961,23.644580841064453,1.4891041562634655,1.8138873124939892
1355,clean,none,0,0,clean,clean,False,0.0,1.0,100.0,0.0,1.0,100.0,1.4891041562634655,1.8138873124939892
1356,salt_pepper,low,1,1,salt_pepper,salt_pepper,False,0.03677799180150032,0.859340250492096,25.12455940246582,0.03677799180150032,0.859340250492096,25.12455940246582,1.4891041562634655,1.8138873124939892
1357,occlusion,low,3,3,occlusion,occlusion,False,0.075624980032444,0.5903688073158264,20.099971771240234,0.075624980032444,0.5903688073158264,20.099971771240234,1.4891041562634655,1.8138873124939892
1358,salt_pepper,low,1,1,salt_pepper,salt_pepper,False,0.03683694824576378,0.8491635322570801,26.007604598999023,0.03683694824576378,0.8491635322570801,26.007604598999023,1.4891041562634655,1.8138873124939892
1359,clean,none,0,0,clean,clean,False,0.0,1.0,100.0,0.0,1.0,100.0,1.4891041562634655,1.8138873124939892
1360,clean,none,0,0,clean,clean,False,0.0,1.0,100.0,0.0,1.0,100.0,1.4891041562634655,1.8138873124939892
1361,blur,low,2,2,blur,blur,False,0.10019221156835556,0.5933124423027039,18.25310707092285,0.10019221156835556,0.5933124423027039,18.25310707092285,1.4891041562634655,1.8138873124939892
1362,salt_pepper,high,1,1,salt_pepper,salt_pepper,False,0.08495733886957169,0.6235456466674805,19.551631927490234,0.08495733886957169,0.6235456466674805,19.551631927490234,1.4891041562634655,1.8138873124939892
1363,salt_pepper,high,1,1,salt_pepper,salt_pepper,False,0.059587832540273666,0.7675461173057556,21.64679527282715,0.059587832540273666,0.7675461173057556,21.64679527282715,1.4891041562634655,1.8138873124939892
1364,blur,medium,2,2,blur,blur,False,0.07537758350372314,0.7315773963928223,20.302967071533203,0.07537758350372314,0.7315773963928223,20.302967071533203,1.4891041562634655,1.8138873124939892
1365,salt_pepper,medium,1,1,salt_pepper,salt_pepper,False,0.0760820284485817,0.6414065361022949,20.40134620666504,0.0760820284485817,0.6414065361022949,20.40134620666504,1.4891041562634655,1.8138873124939892
1366,blur,high,2,2,blur,blur,False,0.03960946947336197,0.7189969420433044,24.577468872070312,0.03960946947336197,0.7189969420433044,24.577468872070312,1.4891041562634655,1.8138873124939892
1367,salt_pepper,medium,1,1,salt_pepper,salt_pepper,False,0.049419108778238297,0.6921830773353577,23.736404418945312,0.049419108778238297,0.6921830773353577,23.736404418945312,1.4891041562634655,1.8138873124939892
1368,clean,none,0,0,clean,clean,False,0.0,1.0,100.0,0.0,1.0,100.0,1.4891041562634655,1.8138873124939892
1369,occlusion,high,3,3,occlusion,occlusion,False,0.0919438973069191,0.43708929419517517,18.037181854248047,0.0919438973069191,0.43708929419517517,18.037181854248047,1.4891041562634655,1.8138873124939892
1370,occlusion,medium,3,3,occlusion,occlusion,False,0.05037359893321991,0.7468438148498535,20.998489379882812,0.05037359893321991,0.7468438148498535,20.998489379882812,1.4891041562634655,1.8138873124939892
1371,clean,none,0,0,clean,clean,False,0.0,1.0,100.0,0.0,1.0,100.0,1.4891041562634655,1.8138873124939892
1372,occlusion,high,3,3,occlusion,occlusion,False,0.07286775857210159,0.5717899203300476,19.25463104248047,0.07286775857210159,0.5717899203300476,19.25463104248047,1.4891041562634655,1.8138873124939892
1373,blur,high,2,2,blur,blur,False,0.05949368700385094,0.7640250325202942,21.922637939453125,0.05949368700385094,0.7640250325202942,21.922637939453125,1.4891041562634655,1.8138873124939892
1374,blur,low,2,2,blur,blur,False,0.08431082963943481,0.6800074577331543,18.655139923095703,0.08431082963943481,0.6800074577331543,18.655139923095703,1.4891041562634655,1.8138873124939892
1375,salt_pepper,medium,1,1,salt_pepper,salt_pepper,False,0.056804463267326355,0.8193960189819336,22.51214599609375,0.056804463267326355,0.8193960189819336,22.51214599609375,1.4891041562634655,1.8138873124939892
1376,occlusion,high,3,3,occlusion,occlusion,False,0.09529280662536621,0.6026358604431152,14.449477195739746,0.09529280662536621,0.6026358604431152,14.449477195739746,1.721479031260742,1.7220339062475887
1377,blur,low,2,2,blur,blur,False,0.03987080976366997,0.9185042381286621,22.724454879760742,0.03987080976366997,0.9185042381286621,22.724454879760742,1.721479031260742,1.7220339062475887
1378,blur,high,2,2,blur,blur,False,0.05878465250134468,0.6899123787879944,21.832599639892578,0.05878465250134468,0.6899123787879944,21.832599639892578,1.721479031260742,1.7220339062475887
1379,blur,high,2,2,blur,blur,False,0.05779421702027321,0.7514339089393616,22.418622970581055,0.05779421702027321,0.7514339089393616,22.418622970581055,1.721479031260742,1.7220339062475887
1380,occlusion,medium,3,3,occlusion,occlusion,False,0.08085852116346359,0.7137386798858643,19.268686294555664,0.08085852116346359,0.7137386798858643,19.268686294555664,1.721479031260742,1.7220339062475887
1381,blur,high,2,2,blur,blur,False,0.08237793296575546,0.7251954674720764,18.910253524780273,0.08237793296575546,0.7251954674720764,18.910253524780273,1.721479031260742,1.7220339062475887
1382,clean,none,0,0,clean,clean,False,0.0,1.0,100.0,0.0,1.0,100.0,1.721479031260742,1.7220339062475887
1383,occlusion,high,3,3,occlusion,occlusion,False,0.07181289792060852,0.5653173327445984,18.834796905517578,0.07181289792060852,0.5653173327445984,18.834796905517578,1.721479031260742,1.7220339062475887
1384,occlusion,low,3,3,occlusion,occlusion,False,0.056113991886377335,0.6917340159416199,22.005802154541016,0.056113991886377335,0.6917340159416199,22.005802154541016,1.721479031260742,1.7220339062475887
1385,occlusion,low,3,3,occlusion,occlusion,False,0.055294375866651535,0.8324288725852966,21.081016540527344,0.055294375866651535,0.8324288725852966,21.081016540527344,1.721479031260742,1.7220339062475887
1386,occlusion,high,3,3,occlusion,occlusion,False,0.09089221805334091,0.6147961616516113,17.19449234008789,0.09089221805334091,0.6147961616516113,17.19449234008789,1.721479031260742,1.7220339062475887
1387,salt_pepper,medium,1,1,salt_pepper,salt_pepper,False,0.0602087527513504,0.7976112365722656,20.943866729736328,0.0602087527513504,0.7976112365722656,20.943866729736328,1.721479031260742,1.7220339062475887
1388,occlusion,low,3,3,occlusion,occlusion,False,0.0642005205154419,0.632462203502655,20.681257247924805,0.0642005205154419,0.632462203502655,20.681257247924805,1.721479031260742,1.7220339062475887
1389,blur,high,2,2,blur,blur,False,0.06924452632665634,0.7346479296684265,20.54071617126465,0.06924452632665634,0.7346479296684265,20.54071617126465,1.721479031260742,1.7220339062475887
1390,clean,none,0,0,clean,clean,False,0.0,1.0,100.0,0.0,1.0,100.0,1.721479031260742,1.7220339062475887
1391,occlusion,high,3,3,occlusion,occlusion,False,0.1261698305606842,0.514857292175293,13.891578674316406,0.1261698305606842,0.514857292175293,13.891578674316406,1.721479031260742,1.7220339062475887
1392,clean,none,0,0,clean,clean,False,0.0,1.0,100.0,0.0,1.0,100.0,1.721479031260742,1.7220339062475887
1393,clean,none,0,0,clean,clean,False,0.0,1.0,100.0,0.0,1.0,100.0,1.721479031260742,1.7220339062475887
1394,occlusion,medium,3,3,occlusion,occlusion,False,0.11048754304647446,0.5347978472709656,16.29386329650879,0.11048754304647446,0.5347978472709656,16.29386329650879,1.721479031260742,1.7220339062475887
1395,clean,none,0,0,clean,clean,False,0.0,1.0,100.0,0.0,1.0,100.0,1.721479031260742,1.7220339062475887
1396,salt_pepper,medium,1,1,salt_pepper,salt_pepper,False,0.0683860331773758,0.7367691397666931,21.053604125976562,0.0683860331773758,0.7367691397666931,21.053604125976562,1.721479031260742,1.7220339062475887
1397,clean,none,0,0,clean,clean,False,0.0,1.0,100.0,0.0,1.0,100.0,1.721479031260742,1.7220339062475887
1398,clean,none,0,0,clean,clean,False,0.0,1.0,100.0,0.0,1.0,100.0,1.721479031260742,1.7220339062475887
1399,salt_pepper,low,1,1,salt_pepper,salt_pepper,False,0.06863497942686081,0.7548962235450745,20.774356842041016,0.06863497942686081,0.7548962235450745,20.774356842041016,1.721479031260742,1.7220339062475887
1400,occlusion,low,3,3,occlusion,occlusion,False,0.07239687442779541,0.6660684943199158,20.303241729736328,0.07239687442779541,0.6660684943199158,20.303241729736328,1.721479031260742,1.7220339062475887
1401,salt_pepper,medium,1,1,salt_pepper,salt_pepper,False,0.05076901242136955,0.7945132255554199,22.39431381225586,0.05076901242136955,0.7945132255554199,22.39431381225586,1.721479031260742,1.7220339062475887
1402,salt_pepper,high,1,1,salt_pepper,salt_pepper,False,0.04738086834549904,0.7271120548248291,24.063814163208008,0.04738086834549904,0.7271120548248291,24.063814163208008,1.721479031260742,1.7220339062475887
1403,salt_pepper,medium,1,1,salt_pepper,salt_pepper,False,0.0600399374961853,0.6616290807723999,22.507061004638672,0.0600399374961853,0.6616290807723999,22.507061004638672,1.721479031260742,1.7220339062475887
1404,salt_pepper,medium,1,1,salt_pepper,salt_pepper,False,0.039235301315784454,0.812047004699707,24.99232292175293,0.039235301315784454,0.812047004699707,24.99232292175293,1.721479031260742,1.7220339062475887
1405,clean,none,0,0,clean,clean,False,0.0,1.0,100.0,0.0,1.0,100.0,1.721479031260742,1.7220339062475887
1406,salt_pepper,high,1,1,salt_pepper,salt_pepper,False,0.06333470344543457,0.6653210520744324,21.668960571289062,0.06333470344543457,0.6653210520744324,21.668960571289062,1.721479031260742,1.7220339062475887
1407,blur,low,2,2,blur,blur,False,0.045726388692855835,0.803793728351593,23.5526123046875,0.045726388692855835,0.803793728351593,23.5526123046875,1.721479031260742,1.7220339062475887
1408,blur,medium,2,2,blur,blur,False,0.06236825883388519,0.8148694038391113,21.619781494140625,0.06236825883388519,0.8148694038391113,21.619781494140625,1.8040245937527288,1.7974242812499597
1409,salt_pepper,low,1,1,salt_pepper,salt_pepper,False,0.04691151902079582,0.7771148681640625,23.259292602539062,0.04691151902079582,0.7771148681640625,23.259292602539062,1.8040245937527288,1.7974242812499597
1410,blur,medium,2,2,blur,blur,False,0.0723043903708458,0.7559738159179688,20.25041961669922,0.0723043903708458,0.7559738159179688,20.25041961669922,1.8040245937527288,1.7974242812499597
1411,occlusion,low,3,3,occlusion,occlusion,False,0.06032514572143555,0.664423942565918,21.281391143798828,0.06032514572143555,0.664423942565918,21.281391143798828,1.8040245937527288,1.7974242812499597
1412,clean,none,0,0,clean,clean,False,0.0,1.0,100.0,0.0,1.0,100.0,1.8040245937527288,1.7974242812499597
1413,blur,high,2,2,blur,blur,False,0.05983337387442589,0.6494593024253845,21.971649169921875,0.05983337387442589,0.6494593024253845,21.971649169921875,1.8040245937527288,1.7974242812499597
1414,clean,none,0,0,clean,clean,False,0.0,1.0,100.0,0.0,1.0,100.0,1.8040245937527288,1.7974242812499597
1415,occlusion,medium,3,3,occlusion,occlusion,False,0.0688188448548317,0.6427125334739685,21.086790084838867,0.0688188448548317,0.6427125334739685,21.086790084838867,1.8040245937527288,1.7974242812499597
1416,salt_pepper,high,1,1,salt_pepper,salt_pepper,False,0.0562797375023365,0.6757070422172546,22.643081665039062,0.0562797375023365,0.6757070422172546,22.643081665039062,1.8040245937527288,1.7974242812499597
1417,blur,high,2,2,blur,blur,False,0.06357639282941818,0.7929539084434509,20.639684677124023,0.06357639282941818,0.7929539084434509,20.639684677124023,1.8040245937527288,1.7974242812499597
1418,occlusion,medium,3,3,occlusion,occlusion,False,0.046312395483255386,0.7627412676811218,21.765430450439453,0.046312395483255386,0.7627412676811218,21.765430450439453,1.8040245937527288,1.7974242812499597
1419,occlusion,low,3,3,occlusion,occlusion,False,0.040106821805238724,0.8059576153755188,23.75924301147461,0.040106821805238724,0.8059576153755188,23.75924301147461,1.8040245937527288,1.7974242812499597
1420,salt_pepper,high,1,1,salt_pepper,salt_pepper,False,0.059615280479192734,0.7449116110801697,21.68390464782715,0.059615280479192734,0.7449116110801697,21.68390464782715,1.8040245937527288,1.7974242812499597
1421,blur,low,2,2,blur,blur,False,0.04544833302497864,0.700322151184082,23.526081085205078,0.04544833302497864,0.700322151184082,23.526081085205078,1.8040245937527288,1.7974242812499597
1422,occlusion,medium,3,3,occlusion,occlusion,False,0.1015666052699089,0.5394700169563293,16.714622497558594,0.1015666052699089,0.5394700169563293,16.714622497558594,1.8040245937527288,1.7974242812499597
1423,clean,none,0,0,clean,clean,False,0.0,1.0,100.0,0.0,1.0,100.0,1.8040245937527288,1.7974242812499597
1424,salt_pepper,high,1,1,salt_pepper,salt_pepper,False,0.13239257037639618,0.7027330994606018,16.33121109008789,0.13239257037639618,0.7027330994606018,16.33121109008789,1.8040245937527288,1.7974242812499597
1425,salt_pepper,high,1,1,salt_pepper,salt_pepper,False,0.05566347762942314,0.7492184638977051,22.304914474487305,0.05566347762942314,0.7492184638977051,22.304914474487305,1.8040245937527288,1.7974242812499597
1426,occlusion,high,3,3,occlusion,occlusion,False,0.09047868102788925,0.49313458800315857,18.327701568603516,0.09047868102788925,0.49313458800315857,18.327701568603516,1.8040245937527288,1.7974242812499597
1427,clean,none,0,0,clean,clean,False,0.0,1.0,100.0,0.0,1.0,100.0,1.8040245937527288,1.7974242812499597
1428,occlusion,medium,3,3,occlusion,occlusion,False,0.06075267866253853,0.592292845249176,20.559341430664062,0.06075267866253853,0.592292845249176,20.559341430664062,1.8040245937527288,1.7974242812499597
1429,salt_pepper,high,1,1,salt_pepper,salt_pepper,False,0.06131594255566597,0.6860398650169373,21.9052734375,0.06131594255566597,0.6860398650169373,21.9052734375,1.8040245937527288,1.7974242812499597
1430,occlusion,medium,3,3,occlusion,occlusion,False,0.07279471307992935,0.5823941230773926,20.027538299560547,0.07279471307992935,0.5823941230773926,20.027538299560547,1.8040245937527288,1.7974242812499597
1431,blur,low,2,2,blur,blur,False,0.08648139983415604,0.6447933316230774,19.66656494140625,0.08648139983415604,0.6447933316230774,19.66656494140625,1.8040245937527288,1.7974242812499597
1432,clean,none,0,0,clean,clean,False,0.0,1.0,100.0,0.0,1.0,100.0,1.8040245937527288,1.7974242812499597
1433,clean,none,0,0,clean,clean,False,0.0,1.0,100.0,0.0,1.0,100.0,1.8040245937527288,1.7974242812499597
1434,blur,medium,2,2,blur,blur,False,0.06917264312505722,0.6321126222610474,21.21546745300293,0.06917264312505722,0.6321126222610474,21.21546745300293,1.8040245937527288,1.7974242812499597
1435,clean,none,0,0,clean,clean,False,0.0,1.0,100.0,0.0,1.0,100.0,1.8040245937527288,1.7974242812499597
1436,salt_pepper,low,1,1,salt_pepper,salt_pepper,False,0.14743296802043915,0.6397770047187805,15.16936206817627,0.14743296802043915,0.6397770047187805,15.16936206817627,1.8040245937527288,1.7974242812499597
1437,salt_pepper,high,1,1,salt_pepper,salt_pepper,False,0.10217854380607605,0.690464973449707,17.370582580566406,0.10217854380607605,0.690464973449707,17.370582580566406,1.8040245937527288,1.7974242812499597
1438,salt_pepper,medium,1,1,salt_pepper,salt_pepper,False,0.06802686303853989,0.7424880862236023,21.903440475463867,0.06802686303853989,0.7424880862236023,21.903440475463867,1.8040245937527288,1.7974242812499597
1439,occlusion,high,3,3,occlusion,occlusion,False,0.08439340442419052,0.5602236390113831,19.899917602539062,0.08439340442419052,0.5602236390113831,19.899917602539062,1.8040245937527288,1.7974242812499597
1440,blur,high,2,2,blur,blur,False,0.04960232973098755,0.790276050567627,22.834606170654297,0.04960232973098755,0.790276050567627,22.834606170654297,1.560158500012676,1.539368875000946
1441,clean,none,0,0,clean,clean,False,0.0,1.0,100.0,0.0,1.0,100.0,1.560158500012676,1.539368875000946
1442,occlusion,low,3,3,occlusion,occlusion,False,0.06694652885198593,0.6986093521118164,19.896263122558594,0.06694652885198593,0.6986093521118164,19.896263122558594,1.560158500012676,1.539368875000946
1443,salt_pepper,low,1,1,salt_pepper,salt_pepper,False,0.05547187849879265,0.7664195895195007,22.57790756225586,0.05547187849879265,0.7664195895195007,22.57790756225586,1.560158500012676,1.539368875000946
1444,salt_pepper,low,1,1,salt_pepper,salt_pepper,False,0.05366760492324829,0.8741791844367981,20.277671813964844,0.05366760492324829,0.8741791844367981,20.277671813964844,1.560158500012676,1.539368875000946
1445,salt_pepper,medium,1,1,salt_pepper,salt_pepper,False,0.08910267800092697,0.6831895709037781,19.177824020385742,0.08910267800092697,0.6831895709037781,19.177824020385742,1.560158500012676,1.539368875000946
1446,blur,low,2,2,blur,blur,False,0.06917450577020645,0.7009097933769226,20.8687744140625,0.06917450577020645,0.7009097933769226,20.8687744140625,1.560158500012676,1.539368875000946
1447,salt_pepper,medium,1,1,salt_pepper,salt_pepper,False,0.07451008260250092,0.7637001872062683,19.767934799194336,0.07451008260250092,0.7637001872062683,19.767934799194336,1.560158500012676,1.539368875000946
1448,blur,low,2,2,blur,blur,False,0.09158093482255936,0.678764820098877,18.204769134521484,0.09158093482255936,0.678764820098877,18.204769134521484,1.560158500012676,1.539368875000946
1449,salt_pepper,high,1,1,salt_pepper,salt_pepper,False,0.04017392173409462,0.8263022303581238,24.459484100341797,0.04017392173409462,0.8263022303581238,24.459484100341797,1.560158500012676,1.539368875000946
1450,salt_pepper,low,1,1,salt_pepper,salt_pepper,False,0.09522134065628052,0.8203982710838318,17.80204963684082,0.09522134065628052,0.8203982710838318,17.80204963684082,1.560158500012676,1.539368875000946
1451,clean,none,0,0,clean,clean,False,0.0,1.0,100.0,0.0,1.0,100.0,1.560158500012676,1.539368875000946
1452,blur,medium,2,2,blur,blur,False,0.12183088064193726,0.4322105944156647,16.198551177978516,0.12183088064193726,0.4322105944156647,16.198551177978516,1.560158500012676,1.539368875000946
1453,occlusion,medium,3,3,occlusion,occlusion,False,0.1177850142121315,0.45094096660614014,16.385591506958008,0.1177850142121315,0.45094096660614014,16.385591506958008,1.560158500012676,1.539368875000946
1454,occlusion,medium,3,3,occlusion,occlusion,False,0.08858731389045715,0.5805371999740601,18.189476013183594,0.08858731389045715,0.5805371999740601,18.189476013183594,1.560158500012676,1.539368875000946
1455,occlusion,high,3,3,occlusion,occlusion,False,0.08380118757486343,0.5482421517372131,17.476505279541016,0.08380118757486343,0.5482421517372131,17.476505279541016,1.560158500012676,1.539368875000946
1456,occlusion,low,3,3,occlusion,occlusion,False,0.036789167672395706,0.7999768853187561,25.2552490234375,0.036789167672395706,0.7999768853187561,25.2552490234375,1.560158500012676,1.539368875000946
1457,blur,high,2,2,blur,blur,False,0.10035661607980728,0.6112330555915833,17.763141632080078,0.10035661607980728,0.6112330555915833,17.763141632080078,1.560158500012676,1.539368875000946
1458,blur,high,2,2,blur,blur,False,0.07399918884038925,0.6484537124633789,21.089200973510742,0.07399918884038925,0.6484537124633789,21.089200973510742,1.560158500012676,1.539368875000946
1459,clean,none,0,0,clean,clean,False,0.0,1.0,100.0,0.0,1.0,100.0,1.560158500012676,1.539368875000946
1460,clean,none,0,0,clean,clean,False,0.0,1.0,100.0,0.0,1.0,100.0,1.560158500012676,1.539368875000946
1461,salt_pepper,high,1,1,salt_pepper,salt_pepper,False,0.05921955406665802,0.7696532607078552,21.73172378540039,0.05921955406665802,0.7696532607078552,21.73172378540039,1.560158500012676,1.539368875000946
1462,salt_pepper,high,1,1,salt_pepper,salt_pepper,False,0.04885295033454895,0.7698850631713867,22.153106689453125,0.04885295033454895,0.7698850631713867,22.153106689453125,1.560158500012676,1.539368875000946
1463,salt_pepper,high,1,1,salt_pepper,salt_pepper,False,0.05542755126953125,0.7974379062652588,21.506195068359375,0.05542755126953125,0.7974379062652588,21.506195068359375,1.560158500012676,1.539368875000946
1464,occlusion,low,3,3,occlusion,occlusion,False,0.06713026016950607,0.6352454423904419,20.670263290405273,0.06713026016950607,0.6352454423904419,20.670263290405273,1.560158500012676,1.539368875000946
1465,blur,high,2,2,blur,blur,False,0.09611192345619202,0.5784199237823486,18.52349853515625,0.09611192345619202,0.5784199237823486,18.52349853515625,1.560158500012676,1.539368875000946
1466,occlusion,medium,3,3,occlusion,occlusion,False,0.0789252519607544,0.5887768864631653,18.779741287231445,0.0789252519607544,0.5887768864631653,18.779741287231445,1.560158500012676,1.539368875000946
1467,blur,low,2,2,blur,blur,False,0.06908383220434189,0.7991044521331787,20.397661209106445,0.06908383220434189,0.7991044521331787,20.397661209106445,1.560158500012676,1.539368875000946
1468,blur,high,2,2,blur,blur,False,0.06855005025863647,0.5656371116638184,20.91019630432129,0.06855005025863647,0.5656371116638184,20.91019630432129,1.560158500012676,1.539368875000946
1469,clean,none,0,0,clean,clean,False,0.0,1.0,100.0,0.0,1.0,100.0,1.560158500012676,1.539368875000946
1470,blur,low,2,2,blur,blur,False,0.08417922258377075,0.8026304244995117,18.873905181884766,0.08417922258377075,0.8026304244995117,18.873905181884766,1.560158500012676,1.539368875000946
1471,salt_pepper,medium,1,1,salt_pepper,salt_pepper,False,0.06832116097211838,0.7165367603302002,20.894187927246094,0.06832116097211838,0.7165367603302002,20.894187927246094,1.560158500012676,1.539368875000946
1472,blur,low,2,2,blur,blur,False,0.0695381686091423,0.7059268355369568,20.780908584594727,0.0695381686091423,0.7059268355369568,20.780908584594727,1.2194999687551444,1.2207468437281932
1473,blur,high,2,2,blur,blur,False,0.05205139145255089,0.7186951041221619,22.817201614379883,0.05205139145255089,0.7186951041221619,22.817201614379883,1.2194999687551444,1.2207468437281932
1474,clean,none,0,0,clean,clean,False,0.0,1.0,100.0,0.0,1.0,100.0,1.2194999687551444,1.2207468437281932
1475,clean,none,0,0,clean,clean,False,0.0,1.0,100.0,0.0,1.0,100.0,1.2194999687551444,1.2207468437281932
1476,salt_pepper,low,1,1,salt_pepper,salt_pepper,False,0.05950729921460152,0.698468029499054,21.608196258544922,0.05950729921460152,0.698468029499054,21.608196258544922,1.2194999687551444,1.2207468437281932
1477,salt_pepper,high,1,1,salt_pepper,salt_pepper,False,0.06590521335601807,0.7479403018951416,20.102859497070312,0.06590521335601807,0.7479403018951416,20.102859497070312,1.2194999687551444,1.2207468437281932
1478,clean,none,0,0,clean,clean,False,0.0,1.0,100.0,0.0,1.0,100.0,1.2194999687551444,1.2207468437281932
1479,blur,low,2,2,blur,blur,False,0.06668874621391296,0.793891191482544,20.83612632751465,0.06668874621391296,0.793891191482544,20.83612632751465,1.2194999687551444,1.2207468437281932
1480,clean,none,0,0,clean,clean,False,0.0,1.0,100.0,0.0,1.0,100.0,1.2194999687551444,1.2207468437281932
1481,clean,none,0,0,clean,clean,False,0.0,1.0,100.0,0.0,1.0,100.0,1.2194999687551444,1.2207468437281932
1482,salt_pepper,low,1,1,salt_pepper,salt_pepper,False,0.04612773284316063,0.7707849144935608,24.454883575439453,0.04612773284316063,0.7707849144935608,24.454883575439453,1.2194999687551444,1.2207468437281932
1483,clean,none,0,0,clean,clean,False,0.0,1.0,100.0,0.0,1.0,100.0,1.2194999687551444,1.2207468437281932
1484,occlusion,low,3,3,occlusion,occlusion,False,0.0558355450630188,0.7537711262702942,21.089099884033203,0.0558355450630188,0.7537711262702942,21.089099884033203,1.2194999687551444,1.2207468437281932
1485,clean,none,0,0,clean,clean,False,0.0,1.0,100.0,0.0,1.0,100.0,1.2194999687551444,1.2207468437281932
1486,occlusion,high,3,3,occlusion,occlusion,False,0.06597050279378891,0.6829366683959961,20.14120101928711,0.06597050279378891,0.6829366683959961,20.14120101928711,1.2194999687551444,1.2207468437281932
1487,blur,medium,2,2,blur,blur,False,0.060345232486724854,0.7063614726066589,21.99646759033203,0.060345232486724854,0.7063614726066589,21.99646759033203,1.2194999687551444,1.2207468437281932
1488,salt_pepper,low,1,1,salt_pepper,salt_pepper,False,0.03552594780921936,0.8100461959838867,26.447275161743164,0.03552594780921936,0.8100461959838867,26.447275161743164,1.2194999687551444,1.2207468437281932
1489,blur,low,2,2,blur,blur,False,0.039299678057432175,0.7340882420539856,25.616960525512695,0.039299678057432175,0.7340882420539856,25.616960525512695,1.2194999687551444,1.2207468437281932
1490,blur,low,2,2,blur,blur,False,0.031525421887636185,0.9409525990486145,27.844236373901367,0.031525421887636185,0.9409525990486145,27.844236373901367,1.2194999687551444,1.2207468437281932
1491,blur,high,2,2,blur,blur,False,0.025156624615192413,0.8455983996391296,28.79763412475586,0.025156624615192413,0.8455983996391296,28.79763412475586,1.2194999687551444,1.2207468437281932
1492,salt_pepper,low,1,1,salt_pepper,salt_pepper,False,0.047137606889009476,0.7803183197975159,23.338930130004883,0.047137606889009476,0.7803183197975159,23.338930130004883,1.2194999687551444,1.2207468437281932
1493,occlusion,low,3,3,occlusion,occlusion,False,0.02670595794916153,0.8603863716125488,26.787717819213867,0.02670595794916153,0.8603863716125488,26.787717819213867,1.2194999687551444,1.2207468437281932
1494,salt_pepper,medium,1,1,salt_pepper,salt_pepper,False,0.04046405479311943,0.6958557963371277,25.137649536132812,0.04046405479311943,0.6958557963371277,25.137649536132812,1.2194999687551444,1.2207468437281932
1495,salt_pepper,low,1,1,salt_pepper,salt_pepper,False,0.03256726637482643,0.7507004141807556,27.235877990722656,0.03256726637482643,0.7507004141807556,27.235877990722656,1.2194999687551444,1.2207468437281932
1496,blur,low,2,2,blur,blur,False,0.0522521547973156,0.8195653557777405,22.205801010131836,0.0522521547973156,0.8195653557777405,22.205801010131836,1.2194999687551444,1.2207468437281932
1497,clean,none,0,0,clean,clean,False,0.0,1.0,100.0,0.0,1.0,100.0,1.2194999687551444,1.2207468437281932
1498,salt_pepper,high,1,1,salt_pepper,salt_pepper,False,0.06484769284725189,0.7293099761009216,21.978046417236328,0.06484769284725189,0.7293099761009216,21.978046417236328,1.2194999687551444,1.2207468437281932
1499,clean,none,0,0,clean,clean,False,0.0,1.0,100.0,0.0,1.0,100.0,1.2194999687551444,1.2207468437281932
1500,blur,high,2,2,blur,blur,False,0.0399087555706501,0.8115937113761902,24.773462295532227,0.0399087555706501,0.8115937113761902,24.773462295532227,1.2194999687551444,1.2207468437281932
1501,occlusion,high,3,3,occlusion,occlusion,False,0.05908946692943573,0.6873674392700195,21.384307861328125,0.05908946692943573,0.6873674392700195,21.384307861328125,1.2194999687551444,1.2207468437281932
1502,clean,none,0,0,clean,clean,False,0.0,1.0,100.0,0.0,1.0,100.0,1.2194999687551444,1.2207468437281932
1503,blur,high,2,2,blur,blur,False,0.04632306098937988,0.8104066252708435,23.40855598449707,0.04632306098937988,0.8104066252708435,23.40855598449707,1.2194999687551444,1.2207468437281932
1504,blur,high,2,2,blur,blur,False,0.048488255590200424,0.7849733233451843,23.38220977783203,0.048488255590200424,0.7849733233451843,23.38220977783203,1.4042751874967507,1.402206468753775
1505,blur,low,2,2,blur,blur,False,0.0410824678838253,0.8641259074211121,25.149934768676758,0.0410824678838253,0.8641259074211121,25.149934768676758,1.4042751874967507,1.402206468753775
1506,salt_pepper,high,1,1,salt_pepper,salt_pepper,False,0.03476203233003616,0.8234017491340637,26.780014038085938,0.03476203233003616,0.8234017491340637,26.780014038085938,1.4042751874967507,1.402206468753775
1507,occlusion,low,3,3,occlusion,occlusion,False,0.05075591430068016,0.7753886580467224,20.01020622253418,0.05075591430068016,0.7753886580467224,20.01020622253418,1.4042751874967507,1.402206468753775
1508,occlusion,low,3,3,occlusion,occlusion,False,0.04697543382644653,0.7812647819519043,22.53171157836914,0.04697543382644653,0.7812647819519043,22.53171157836914,1.4042751874967507,1.402206468753775
1509,blur,low,2,2,blur,blur,False,0.03317154571413994,0.76755690574646,26.504411697387695,0.03317154571413994,0.76755690574646,26.504411697387695,1.4042751874967507,1.402206468753775
1510,salt_pepper,low,1,1,salt_pepper,salt_pepper,False,0.031864624470472336,0.8429945111274719,26.52968978881836,0.031864624470472336,0.8429945111274719,26.52968978881836,1.4042751874967507,1.402206468753775
1511,occlusion,low,3,3,occlusion,occlusion,False,0.06094491109251976,0.7362070679664612,20.54962158203125,0.06094491109251976,0.7362070679664612,20.54962158203125,1.4042751874967507,1.402206468753775
1512,salt_pepper,medium,1,1,salt_pepper,salt_pepper,False,0.07962574064731598,0.8079020977020264,20.428936004638672,0.07962574064731598,0.8079020977020264,20.428936004638672,1.4042751874967507,1.402206468753775
1513,blur,low,2,2,blur,blur,False,0.05377616360783577,0.7726888656616211,23.2698917388916,0.05377616360783577,0.7726888656616211,23.2698917388916,1.4042751874967507,1.402206468753775
1514,occlusion,high,3,3,occlusion,occlusion,False,0.050552770495414734,0.7282378673553467,21.483304977416992,0.050552770495414734,0.7282378673553467,21.483304977416992,1.4042751874967507,1.402206468753775
1515,clean,none,0,0,clean,clean,False,0.0,1.0,100.0,0.0,1.0,100.0,1.4042751874967507,1.402206468753775
1516,clean,none,0,0,clean,clean,False,0.0,1.0,100.0,0.0,1.0,100.0,1.4042751874967507,1.402206468753775
1517,blur,medium,2,2,blur,blur,False,0.047427963465452194,0.7894241213798523,23.96160316467285,0.047427963465452194,0.7894241213798523,23.96160316467285,1.4042751874967507,1.402206468753775
1518,occlusion,high,3,3,occlusion,occlusion,False,0.04967474564909935,0.6924247741699219,21.518590927124023,0.04967474564909935,0.6924247741699219,21.518590927124023,1.4042751874967507,1.402206468753775
1519,clean,none,0,0,clean,clean,False,0.0,1.0,100.0,0.0,1.0,100.0,1.4042751874967507,1.402206468753775
1520,clean,none,0,0,clean,clean,False,0.0,1.0,100.0,0.0,1.0,100.0,1.4042751874967507,1.402206468753775
1521,clean,none,0,0,clean,clean,False,0.0,1.0,100.0,0.0,1.0,100.0,1.4042751874967507,1.402206468753775
1522,salt_pepper,low,1,1,salt_pepper,salt_pepper,False,0.039798520505428314,0.9144110083580017,25.55788803100586,0.039798520505428314,0.9144110083580017,25.55788803100586,1.4042751874967507,1.402206468753775
1523,blur,low,2,2,blur,blur,False,0.03880734369158745,0.9162372946739197,24.742948532104492,0.03880734369158745,0.9162372946739197,24.742948532104492,1.4042751874967507,1.402206468753775
1524,occlusion,high,3,3,occlusion,occlusion,False,0.07362049072980881,0.6462010741233826,19.285491943359375,0.07362049072980881,0.6462010741233826,19.285491943359375,1.4042751874967507,1.402206468753775
1525,occlusion,high,3,3,occlusion,occlusion,False,0.07426955550909042,0.6578728556632996,18.642826080322266,0.07426955550909042,0.6578728556632996,18.642826080322266,1.4042751874967507,1.402206468753775
1526,salt_pepper,low,1,1,salt_pepper,salt_pepper,False,0.07369386404752731,0.7744072079658508,18.684757232666016,0.07369386404752731,0.7744072079658508,18.684757232666016,1.4042751874967507,1.402206468753775
1527,blur,low,2,2,blur,blur,False,0.04242626205086708,0.8753624558448792,24.61298370361328,0.04242626205086708,0.8753624558448792,24.61298370361328,1.4042751874967507,1.402206468753775
1528,occlusion,high,3,3,occlusion,occlusion,False,0.048941414803266525,0.7126855254173279,21.278778076171875,0.048941414803266525,0.7126855254173279,21.278778076171875,1.4042751874967507,1.402206468753775
1529,clean,none,0,0,clean,clean,False,0.0,1.0,100.0,0.0,1.0,100.0,1.4042751874967507,1.402206468753775
1530,salt_pepper,low,1,1,salt_pepper,salt_pepper,False,0.03920154273509979,0.8539535999298096,25.137428283691406,0.03920154273509979,0.8539535999298096,25.137428283691406,1.4042751874967507,1.402206468753775
1531,occlusion,low,3,3,occlusion,occlusion,False,0.04868466779589653,0.7446606159210205,23.217525482177734,0.04868466779589653,0.7446606159210205,23.217525482177734,1.4042751874967507,1.402206468753775
1532,salt_pepper,medium,1,1,salt_pepper,salt_pepper,False,0.06329409033060074,0.8779818415641785,22.15782356262207,0.06329409033060074,0.8779818415641785,22.15782356262207,1.4042751874967507,1.402206468753775
1533,salt_pepper,low,1,1,salt_pepper,salt_pepper,False,0.03679737448692322,0.8812799453735352,25.50680923461914,0.03679737448692322,0.8812799453735352,25.50680923461914,1.4042751874967507,1.402206468753775
1534,blur,medium,2,2,blur,blur,False,0.07490173727273941,0.7984427809715271,18.755290985107422,0.07490173727273941,0.7984427809715271,18.755290985107422,1.4042751874967507,1.402206468753775
1535,salt_pepper,high,1,1,salt_pepper,salt_pepper,False,0.027035033330321312,0.9212958216667175,28.729530334472656,0.027035033330321312,0.9212958216667175,28.729530334472656,1.4042751874967507,1.402206468753775
1536,occlusion,high,3,3,occlusion,occlusion,False,0.07702832669019699,0.6277697682380676,17.533111572265625,0.07702832669019699,0.6277697682380676,17.533111572265625,1.3074839687590156,1.401900500013653
1537,clean,none,0,0,clean,clean,False,0.0,1.0,100.0,0.0,1.0,100.0,1.3074839687590156,1.401900500013653
1538,salt_pepper,low,1,1,salt_pepper,salt_pepper,False,0.05116061866283417,0.7019190192222595,23.444299697875977,0.05116061866283417,0.7019190192222595,23.444299697875977,1.3074839687590156,1.401900500013653
1539,salt_pepper,high,1,1,salt_pepper,salt_pepper,False,0.037369802594184875,0.8202679753303528,26.212020874023438,0.037369802594184875,0.8202679753303528,26.212020874023438,1.3074839687590156,1.401900500013653
1540,clean,none,0,0,clean,clean,False,0.0,1.0,100.0,0.0,1.0,100.0,1.3074839687590156,1.401900500013653
1541,salt_pepper,medium,1,1,salt_pepper,salt_pepper,False,0.03018990345299244,0.8914349675178528,27.197818756103516,0.03018990345299244,0.8914349675178528,27.197818756103516,1.3074839687590156,1.401900500013653
1542,blur,high,2,2,blur,blur,False,0.02366168610751629,0.8925419449806213,29.573482513427734,0.02366168610751629,0.8925419449806213,29.573482513427734,1.3074839687590156,1.401900500013653
1543,clean,none,0,2,clean,blur,True,0.02909570373594761,0.9199624061584473,28.27811050415039,0.0,1.0,100.0,1.3074839687590156,1.401900500013653
1544,clean,none,0,0,clean,clean,False,0.0,1.0,100.0,0.0,1.0,100.0,1.3074839687590156,1.401900500013653
1545,salt_pepper,medium,1,1,salt_pepper,salt_pepper,False,0.033111121505498886,0.8967697620391846,26.932279586791992,0.033111121505498886,0.8967697620391846,26.932279586791992,1.3074839687590156,1.401900500013653
1546,salt_pepper,low,1,1,salt_pepper,salt_pepper,False,0.03469602391123772,0.876284122467041,27.27056312561035,0.03469602391123772,0.876284122467041,27.27056312561035,1.3074839687590156,1.401900500013653
1547,occlusion,high,3,3,occlusion,occlusion,False,0.051699478179216385,0.6691859364509583,21.023670196533203,0.051699478179216385,0.6691859364509583,21.023670196533203,1.3074839687590156,1.401900500013653
1548,clean,none,0,0,clean,clean,False,0.0,1.0,100.0,0.0,1.0,100.0,1.3074839687590156,1.401900500013653
1549,salt_pepper,low,1,1,salt_pepper,salt_pepper,False,0.04190324619412422,0.7203317284584045,25.149229049682617,0.04190324619412422,0.7203317284584045,25.149229049682617,1.3074839687590156,1.401900500013653
1550,salt_pepper,low,1,1,salt_pepper,salt_pepper,False,0.04115359112620354,0.7232964038848877,25.271888732910156,0.04115359112620354,0.7232964038848877,25.271888732910156,1.3074839687590156,1.401900500013653
1551,clean,none,0,0,clean,clean,False,0.0,1.0,100.0,0.0,1.0,100.0,1.3074839687590156,1.401900500013653
1552,salt_pepper,medium,1,1,salt_pepper,salt_pepper,False,0.06788327544927597,0.7738682627677917,20.70767593383789,0.06788327544927597,0.7738682627677917,20.70767593383789,1.3074839687590156,1.401900500013653
1553,salt_pepper,low,1,1,salt_pepper,salt_pepper,False,0.053795576095581055,0.762204647064209,23.064516067504883,0.053795576095581055,0.762204647064209,23.064516067504883,1.3074839687590156,1.401900500013653
1554,clean,none,0,0,clean,clean,False,0.0,1.0,100.0,0.0,1.0,100.0,1.3074839687590156,1.401900500013653
1555,occlusion,medium,3,3,occlusion,occlusion,False,0.04033397510647774,0.7524541020393372,23.718273162841797,0.04033397510647774,0.7524541020393372,23.718273162841797,1.3074839687590156,1.401900500013653
1556,blur,low,2,2,blur,blur,False,0.04274256154894829,0.7441967129707336,24.95041275024414,0.04274256154894829,0.7441967129707336,24.95041275024414,1.3074839687590156,1.401900500013653
1557,occlusion,high,3,3,occlusion,occlusion,False,0.0678112581372261,0.7326292991638184,19.55996322631836,0.0678112581372261,0.7326292991638184,19.55996322631836,1.3074839687590156,1.401900500013653
1558,occlusion,medium,3,3,occlusion,occlusion,False,0.042189523577690125,0.8059279918670654,23.091655731201172,0.042189523577690125,0.8059279918670654,23.091655731201172,1.3074839687590156,1.401900500013653
1559,occlusion,low,3,3,occlusion,occlusion,False,0.06143197417259216,0.7638400197029114,19.922903060913086,0.06143197417259216,0.7638400197029114,19.922903060913086,1.3074839687590156,1.401900500013653
1560,clean,none,0,0,clean,clean,False,0.0,1.0,100.0,0.0,1.0,100.0,1.3074839687590156,1.401900500013653
1561,blur,high,2,2,blur,blur,False,0.037953391671180725,0.8820281028747559,26.46570587158203,0.037953391671180725,0.8820281028747559,26.46570587158203,1.3074839687590156,1.401900500013653
1562,blur,high,2,2,blur,blur,False,0.08217000216245651,0.5723401308059692,19.392431259155273,0.08217000216245651,0.5723401308059692,19.392431259155273,1.3074839687590156,1.401900500013653
1563,salt_pepper,low,1,1,salt_pepper,salt_pepper,False,0.07085561007261276,0.7888800501823425,19.891983032226562,0.07085561007261276,0.7888800501823425,19.891983032226562,1.3074839687590156,1.401900500013653
1564,salt_pepper,low,1,1,salt_pepper,salt_pepper,False,0.05574458837509155,0.8781595230102539,21.650026321411133,0.05574458837509155,0.8781595230102539,21.650026321411133,1.3074839687590156,1.401900500013653
1565,clean,none,0,0,clean,clean,False,0.0,1.0,100.0,0.0,1.0,100.0,1.3074839687590156,1.401900500013653
1566,clean,none,0,0,clean,clean,False,0.0,1.0,100.0,0.0,1.0,100.0,1.3074839687590156,1.401900500013653
1567,occlusion,medium,3,3,occlusion,occlusion,False,0.053448934108018875,0.7388217449188232,22.5782470703125,0.053448934108018875,0.7388217449188232,22.5782470703125,1.3074839687590156,1.401900500013653
1568,salt_pepper,medium,1,1,salt_pepper,salt_pepper,False,0.03873259574174881,0.883601725101471,24.00494384765625,0.03873259574174881,0.883601725101471,24.00494384765625,1.8903520000037588,1.8999244062456455
1569,blur,low,2,2,blur,blur,False,0.06231239438056946,0.6977962851524353,21.91643524169922,0.06231239438056946,0.6977962851524353,21.91643524169922,1.8903520000037588,1.8999244062456455
1570,occlusion,high,3,3,occlusion,occlusion,False,0.08039059489965439,0.49985530972480774,17.6793212890625,0.08039059489965439,0.49985530972480774,17.6793212890625,1.8903520000037588,1.8999244062456455
1571,occlusion,high,3,3,occlusion,occlusion,False,0.0660163089632988,0.6300912499427795,19.653732299804688,0.0660163089632988,0.6300912499427795,19.653732299804688,1.8903520000037588,1.8999244062456455
1572,occlusion,high,3,3,occlusion,occlusion,False,0.04908039793372154,0.6590328812599182,23.13331413269043,0.04908039793372154,0.6590328812599182,23.13331413269043,1.8903520000037588,1.8999244062456455
1573,salt_pepper,medium,1,1,salt_pepper,salt_pepper,False,0.050564948469400406,0.88657546043396,22.051212310791016,0.050564948469400406,0.88657546043396,22.051212310791016,1.8903520000037588,1.8999244062456455
1574,blur,medium,2,2,blur,blur,False,0.0809849202632904,0.7745857238769531,19.797100067138672,0.0809849202632904,0.7745857238769531,19.797100067138672,1.8903520000037588,1.8999244062456455
1575,salt_pepper,low,1,1,salt_pepper,salt_pepper,False,0.038638416677713394,0.7926567196846008,25.556293487548828,0.038638416677713394,0.7926567196846008,25.556293487548828,1.8903520000037588,1.8999244062456455
1576,salt_pepper,medium,1,1,salt_pepper,salt_pepper,False,0.04289807379245758,0.8527557849884033,25.37450408935547,0.04289807379245758,0.8527557849884033,25.37450408935547,1.8903520000037588,1.8999244062456455
1577,blur,high,2,2,blur,blur,False,0.06685123592615128,0.6404354572296143,21.62298011779785,0.06685123592615128,0.6404354572296143,21.62298011779785,1.8903520000037588,1.8999244062456455
1578,blur,low,2,2,blur,blur,False,0.05047376826405525,0.7932682037353516,23.05719566345215,0.05047376826405525,0.7932682037353516,23.05719566345215,1.8903520000037588,1.8999244062456455
1579,clean,none,0,0,clean,clean,False,0.0,1.0,100.0,0.0,1.0,100.0,1.8903520000037588,1.8999244062456455
1580,occlusion,high,3,3,occlusion,occlusion,False,0.07084698230028152,0.5565229058265686,18.937917709350586,0.07084698230028152,0.5565229058265686,18.937917709350586,1.8903520000037588,1.8999244062456455
1581,salt_pepper,high,1,1,salt_pepper,salt_pepper,False,0.04642793536186218,0.71933913230896,24.066598892211914,0.04642793536186218,0.71933913230896,24.066598892211914,1.8903520000037588,1.8999244062456455
1582,occlusion,high,3,3,occlusion,occlusion,False,0.03732648119330406,0.7228012084960938,23.493194580078125,0.03732648119330406,0.7228012084960938,23.493194580078125,1.8903520000037588,1.8999244062456455
1583,clean,none,0,0,clean,clean,False,0.0,1.0,100.0,0.0,1.0,100.0,1.8903520000037588,1.8999244062456455
1584,blur,high,2,2,blur,blur,False,0.03446681424975395,0.7244217991828918,26.602794647216797,0.03446681424975395,0.7244217991828918,26.602794647216797,1.8903520000037588,1.8999244062456455
1585,clean,none,0,0,clean,clean,False,0.0,1.0,100.0,0.0,1.0,100.0,1.8903520000037588,1.8999244062456455
1586,blur,medium,2,2,blur,blur,False,0.04255050793290138,0.7408270835876465,25.124542236328125,0.04255050793290138,0.7408270835876465,25.124542236328125,1.8903520000037588,1.8999244062456455
1587,salt_pepper,high,1,1,salt_pepper,salt_pepper,False,0.06131680682301521,0.6946761012077332,21.951797485351562,0.06131680682301521,0.6946761012077332,21.951797485351562,1.8903520000037588,1.8999244062456455
1588,blur,medium,2,2,blur,blur,False,0.03708687424659729,0.8340816497802734,26.170862197875977,0.03708687424659729,0.8340816497802734,26.170862197875977,1.8903520000037588,1.8999244062456455
1589,blur,high,2,2,blur,blur,False,0.07920625805854797,0.5909052491188049,19.985246658325195,0.07920625805854797,0.5909052491188049,19.985246658325195,1.8903520000037588,1.8999244062456455
1590,occlusion,high,3,3,occlusion,occlusion,False,0.08410093933343887,0.5492517948150635,17.92041015625,0.08410093933343887,0.5492517948150635,17.92041015625,1.8903520000037588,1.8999244062456455
1591,blur,high,2,2,blur,blur,False,0.04491546377539635,0.8102564215660095,24.325180053710938,0.04491546377539635,0.8102564215660095,24.325180053710938,1.8903520000037588,1.8999244062456455
1592,blur,low,2,2,blur,blur,False,0.05937046930193901,0.7669265270233154,22.52373695373535,0.05937046930193901,0.7669265270233154,22.52373695373535,1.8903520000037588,1.8999244062456455
1593,clean,none,0,0,clean,clean,False,0.0,1.0,100.0,0.0,1.0,100.0,1.8903520000037588,1.8999244062456455
1594,clean,none,0,0,clean,clean,False,0.0,1.0,100.0,0.0,1.0,100.0,1.8903520000037588,1.8999244062456455
1595,occlusion,low,3,3,occlusion,occlusion,False,0.06454811245203018,0.7129977345466614,20.65376091003418,0.06454811245203018,0.7129977345466614,20.65376091003418,1.8903520000037588,1.8999244062456455
1596,salt_pepper,medium,1,1,salt_pepper,salt_pepper,False,0.04218907281756401,0.7355056405067444,25.12887954711914,0.04218907281756401,0.7355056405067444,25.12887954711914,1.8903520000037588,1.8999244062456455
1597,occlusion,high,3,3,occlusion,occlusion,False,0.09460587054491043,0.5275734663009644,15.412473678588867,0.09460587054491043,0.5275734663009644,15.412473678588867,1.8903520000037588,1.8999244062456455
1598,blur,medium,2,2,blur,blur,False,0.03372516110539436,0.7961688041687012,27.210205078125,0.03372516110539436,0.7961688041687012,27.210205078125,1.8903520000037588,1.8999244062456455
1599,salt_pepper,medium,1,1,salt_pepper,salt_pepper,False,0.043015897274017334,0.8155755400657654,25.06089210510254,0.043015897274017334,0.8155755400657654,25.06089210510254,1.8903520000037588,1.8999244062456455
1600,clean,none,0,0,clean,clean,False,0.0,1.0,100.0,0.0,1.0,100.0,1.7485065312712322,1.752693093749258
1601,blur,low,2,2,blur,blur,False,0.044316794723272324,0.7970976829528809,24.459850311279297,0.044316794723272324,0.7970976829528809,24.459850311279297,1.7485065312712322,1.752693093749258
1602,salt_pepper,medium,1,1,salt_pepper,salt_pepper,False,0.06130499020218849,0.7525763511657715,22.201416015625,0.06130499020218849,0.7525763511657715,22.201416015625,1.7485065312712322,1.752693093749258
1603,clean,none,0,0,clean,clean,False,0.0,1.0,100.0,0.0,1.0,100.0,1.7485065312712322,1.752693093749258
1604,occlusion,low,3,3,occlusion,occlusion,False,0.04561006650328636,0.6453156471252441,24.35451889038086,0.04561006650328636,0.6453156471252441,24.35451889038086,1.7485065312712322,1.752693093749258
1605,occlusion,high,3,3,occlusion,occlusion,False,0.10034328699111938,0.5792086124420166,16.6695499420166,0.10034328699111938,0.5792086124420166,16.6695499420166,1.7485065312712322,1.752693093749258
1606,occlusion,low,3,3,occlusion,occlusion,False,0.04532700777053833,0.8126319050788879,23.784549713134766,0.04532700777053833,0.8126319050788879,23.784549713134766,1.7485065312712322,1.752693093749258
1607,salt_pepper,low,1,1,salt_pepper,salt_pepper,False,0.05182145535945892,0.7760801911354065,23.408945083618164,0.05182145535945892,0.7760801911354065,23.408945083618164,1.7485065312712322,1.752693093749258
1608,occlusion,high,3,3,occlusion,occlusion,False,0.08670244365930557,0.4529319703578949,17.65726661682129,0.08670244365930557,0.4529319703578949,17.65726661682129,1.7485065312712322,1.752693093749258
1609,clean,none,0,0,clean,clean,False,0.0,1.0,100.0,0.0,1.0,100.0,1.7485065312712322,1.752693093749258
1610,salt_pepper,high,1,1,salt_pepper,salt_pepper,False,0.042903486639261246,0.8099638819694519,24.9301815032959,0.042903486639261246,0.8099638819694519,24.9301815032959,1.7485065312712322,1.752693093749258
1611,occlusion,medium,3,3,occlusion,occlusion,False,0.05722585693001747,0.7168874740600586,20.689382553100586,0.05722585693001747,0.7168874740600586,20.689382553100586,1.7485065312712322,1.752693093749258
1612,blur,medium,2,2,blur,blur,False,0.04837839677929878,0.7439808249473572,24.013195037841797,0.04837839677929878,0.7439808249473572,24.013195037841797,1.7485065312712322,1.752693093749258
1613,salt_pepper,low,1,1,salt_pepper,salt_pepper,False,0.05450572073459625,0.6824681162834167,23.034048080444336,0.05450572073459625,0.6824681162834167,23.034048080444336,1.7485065312712322,1.752693093749258
1614,blur,low,2,2,blur,blur,False,0.042599111795425415,0.8047882914543152,25.123167037963867,0.042599111795425415,0.8047882914543152,25.123167037963867,1.7485065312712322,1.752693093749258
1615,salt_pepper,low,1,1,salt_pepper,salt_pepper,False,0.05041276291012764,0.7757468223571777,23.332326889038086,0.05041276291012764,0.7757468223571777,23.332326889038086,1.7485065312712322,1.752693093749258
1616,blur,high,2,2,blur,blur,False,0.07033882290124893,0.6914919018745422,20.856618881225586,0.07033882290124893,0.6914919018745422,20.856618881225586,1.7485065312712322,1.752693093749258
1617,occlusion,low,3,3,occlusion,occlusion,False,0.04901069030165672,0.7348990440368652,22.579200744628906,0.04901069030165672,0.7348990440368652,22.579200744628906,1.7485065312712322,1.752693093749258
1618,blur,high,2,2,blur,blur,False,0.0913316011428833,0.6888270378112793,18.629858016967773,0.0913316011428833,0.6888270378112793,18.629858016967773,1.7485065312712322,1.752693093749258
1619,blur,medium,2,2,blur,blur,False,0.06651180237531662,0.7739840149879456,20.821456909179688,0.06651180237531662,0.7739840149879456,20.821456909179688,1.7485065312712322,1.752693093749258
1620,blur,high,2,2,blur,blur,False,0.03799157589673996,0.7621033191680908,25.330276489257812,0.03799157589673996,0.7621033191680908,25.330276489257812,1.7485065312712322,1.752693093749258
1621,salt_pepper,medium,1,1,salt_pepper,salt_pepper,False,0.06301446259021759,0.7972701191902161,22.20294189453125,0.06301446259021759,0.7972701191902161,22.20294189453125,1.7485065312712322,1.752693093749258
1622,clean,none,0,0,clean,clean,False,0.0,1.0,100.0,0.0,1.0,100.0,1.7485065312712322,1.752693093749258
1623,blur,low,2,2,blur,blur,False,0.02830878086388111,0.8496649861335754,28.451242446899414,0.02830878086388111,0.8496649861335754,28.451242446899414,1.7485065312712322,1.752693093749258
1624,clean,none,0,0,clean,clean,False,0.0,1.0,100.0,0.0,1.0,100.0,1.7485065312712322,1.752693093749258
1625,salt_pepper,high,1,1,salt_pepper,salt_pepper,False,0.0318937785923481,0.8631251454353333,24.481727600097656,0.0318937785923481,0.8631251454353333,24.481727600097656,1.7485065312712322,1.752693093749258
1626,occlusion,high,3,3,occlusion,occlusion,False,0.06906329840421677,0.5387373566627502,19.76485824584961,0.06906329840421677,0.5387373566627502,19.76485824584961,1.7485065312712322,1.752693093749258
1627,clean,none,0,0,clean,clean,False,0.0,1.0,100.0,0.0,1.0,100.0,1.7485065312712322,1.752693093749258
1628,clean,none,0,0,clean,clean,False,0.0,1.0,100.0,0.0,1.0,100.0,1.7485065312712322,1.752693093749258
1629,occlusion,medium,3,3,occlusion,occlusion,False,0.040370434522628784,0.7742922306060791,24.0943603515625,0.040370434522628784,0.7742922306060791,24.0943603515625,1.7485065312712322,1.752693093749258
1630,clean,none,0,0,clean,clean,False,0.0,1.0,100.0,0.0,1.0,100.0,1.7485065312712322,1.752693093749258
1631,salt_pepper,low,1,1,salt_pepper,salt_pepper,False,0.04674890264868736,0.8037247061729431,22.66343116760254,0.04674890264868736,0.8037247061729431,22.66343116760254,1.7485065312712322,1.752693093749258
1632,occlusion,medium,3,3,occlusion,occlusion,False,0.03982489928603172,0.7410064339637756,24.96485710144043,0.03982489928603172,0.7410064339637756,24.96485710144043,1.4810736875006114,1.4899857812338269
1633,salt_pepper,high,1,1,salt_pepper,salt_pepper,False,0.06365139037370682,0.6814268231391907,21.44136619567871,0.06365139037370682,0.6814268231391907,21.44136619567871,1.4810736875006114,1.4899857812338269
1634,blur,medium,2,2,blur,blur,False,0.08849629759788513,0.6121125221252441,18.66908073425293,0.08849629759788513,0.6121125221252441,18.66908073425293,1.4810736875006114,1.4899857812338269
1635,occlusion,low,3,3,occlusion,occlusion,False,0.06430646032094955,0.7147316932678223,20.15125274658203,0.06430646032094955,0.7147316932678223,20.15125274658203,1.4810736875006114,1.4899857812338269
1636,blur,medium,2,2,blur,blur,False,0.0329919196665287,0.8840811848640442,27.102794647216797,0.0329919196665287,0.8840811848640442,27.102794647216797,1.4810736875006114,1.4899857812338269
1637,blur,high,2,2,blur,blur,False,0.04111965745687485,0.7502918243408203,25.458314895629883,0.04111965745687485,0.7502918243408203,25.458314895629883,1.4810736875006114,1.4899857812338269
1638,clean,none,0,0,clean,clean,False,0.0,1.0,100.0,0.0,1.0,100.0,1.4810736875006114,1.4899857812338269
1639,clean,none,0,0,clean,clean,False,0.0,1.0,100.0,0.0,1.0,100.0,1.4810736875006114,1.4899857812338269
1640,clean,none,0,0,clean,clean,False,0.0,1.0,100.0,0.0,1.0,100.0,1.4810736875006114,1.4899857812338269
1641,salt_pepper,high,1,1,salt_pepper,salt_pepper,False,0.041566550731658936,0.8359647393226624,24.662105560302734,0.041566550731658936,0.8359647393226624,24.662105560302734,1.4810736875006114,1.4899857812338269
1642,salt_pepper,low,1,1,salt_pepper,salt_pepper,False,0.06488832086324692,0.7836390137672424,20.47894287109375,0.06488832086324692,0.7836390137672424,20.47894287109375,1.4810736875006114,1.4899857812338269
1643,blur,medium,2,2,blur,blur,False,0.04037920758128166,0.8225172162055969,25.247774124145508,0.04037920758128166,0.8225172162055969,25.247774124145508,1.4810736875006114,1.4899857812338269
1644,salt_pepper,medium,1,1,salt_pepper,salt_pepper,False,0.03158380091190338,0.8651872277259827,26.686193466186523,0.03158380091190338,0.8651872277259827,26.686193466186523,1.4810736875006114,1.4899857812338269
1645,occlusion,medium,3,3,occlusion,occlusion,False,0.034549567848443985,0.7500486969947815,25.253822326660156,0.034549567848443985,0.7500486969947815,25.253822326660156,1.4810736875006114,1.4899857812338269
1646,clean,none,0,0,clean,clean,False,0.0,1.0,100.0,0.0,1.0,100.0,1.4810736875006114,1.4899857812338269
1647,salt_pepper,low,1,1,salt_pepper,salt_pepper,False,0.0693594440817833,0.7308139801025391,19.949033737182617,0.0693594440817833,0.7308139801025391,19.949033737182617,1.4810736875006114,1.4899857812338269
1648,salt_pepper,low,1,1,salt_pepper,salt_pepper,False,0.040627967566251755,0.778505802154541,25.511133193969727,0.040627967566251755,0.778505802154541,25.511133193969727,1.4810736875006114,1.4899857812338269
1649,clean,none,0,0,clean,clean,False,0.0,1.0,100.0,0.0,1.0,100.0,1.4810736875006114,1.4899857812338269
1650,occlusion,medium,3,3,occlusion,occlusion,False,0.03750308230519295,0.7769599556922913,22.98383903503418,0.03750308230519295,0.7769599556922913,22.98383903503418,1.4810736875006114,1.4899857812338269
1651,occlusion,high,3,3,occlusion,occlusion,False,0.0385749526321888,0.7559816241264343,23.99090576171875,0.0385749526321888,0.7559816241264343,23.99090576171875,1.4810736875006114,1.4899857812338269
1652,occlusion,high,3,3,occlusion,occlusion,False,0.10209062695503235,0.45994627475738525,16.45318031311035,0.10209062695503235,0.45994627475738525,16.45318031311035,1.4810736875006114,1.4899857812338269
1653,occlusion,low,3,3,occlusion,occlusion,False,0.056103408336639404,0.7681029438972473,21.697179794311523,0.056103408336639404,0.7681029438972473,21.697179794311523,1.4810736875006114,1.4899857812338269
1654,occlusion,high,3,3,occlusion,occlusion,False,0.07207237929105759,0.43998226523399353,20.43450355529785,0.07207237929105759,0.43998226523399353,20.43450355529785,1.4810736875006114,1.4899857812338269
1655,clean,none,0,0,clean,clean,False,0.0,1.0,100.0,0.0,1.0,100.0,1.4810736875006114,1.4899857812338269
1656,occlusion,high,3,3,occlusion,occlusion,False,0.10889413952827454,0.46945711970329285,16.86698341369629,0.10889413952827454,0.46945711970329285,16.86698341369629,1.4810736875006114,1.4899857812338269
1657,salt_pepper,medium,1,1,salt_pepper,salt_pepper,False,0.03597721830010414,0.8018147349357605,26.1467342376709,0.03597721830010414,0.8018147349357605,26.1467342376709,1.4810736875006114,1.4899857812338269
1658,clean,none,0,0,clean,clean,False,0.0,1.0,100.0,0.0,1.0,100.0,1.4810736875006114,1.4899857812338269
1659,clean,none,0,0,clean,clean,False,0.0,1.0,100.0,0.0,1.0,100.0,1.4810736875006114,1.4899857812338269
1660,occlusion,low,3,3,occlusion,occlusion,False,0.05777732655405998,0.747281551361084,20.2973575592041,0.05777732655405998,0.747281551361084,20.2973575592041,1.4810736875006114,1.4899857812338269
1661,occlusion,medium,3,3,occlusion,occlusion,False,0.049799736589193344,0.7931223511695862,22.336929321289062,0.049799736589193344,0.7931223511695862,22.336929321289062,1.4810736875006114,1.4899857812338269
1662,blur,medium,2,2,blur,blur,False,0.04465670511126518,0.9137975573539734,24.58013916015625,0.04465670511126518,0.9137975573539734,24.58013916015625,1.4810736875006114,1.4899857812338269
1663,blur,medium,2,2,blur,blur,False,0.07712482661008835,0.7582036852836609,17.621191024780273,0.07712482661008835,0.7582036852836609,17.621191024780273,1.4810736875006114,1.4899857812338269
1664,salt_pepper,low,1,1,salt_pepper,salt_pepper,False,0.03707052394747734,0.8694136738777161,23.344743728637695,0.03707052394747734,0.8694136738777161,23.344743728637695,1.5037678749934003,1.5411482187346337
1665,blur,high,2,2,blur,blur,False,0.12786811590194702,0.5740312933921814,15.489315032958984,0.12786811590194702,0.5740312933921814,15.489315032958984,1.5037678749934003,1.5411482187346337
1666,salt_pepper,high,1,1,salt_pepper,salt_pepper,False,0.029392696917057037,0.8680000901222229,27.20435905456543,0.029392696917057037,0.8680000901222229,27.20435905456543,1.5037678749934003,1.5411482187346337
1667,occlusion,medium,3,3,occlusion,occlusion,False,0.06548762321472168,0.6858204007148743,18.943613052368164,0.06548762321472168,0.6858204007148743,18.943613052368164,1.5037678749934003,1.5411482187346337
1668,clean,none,0,0,clean,clean,False,0.0,1.0,100.0,0.0,1.0,100.0,1.5037678749934003,1.5411482187346337
1669,salt_pepper,high,1,1,salt_pepper,salt_pepper,False,0.06185837462544441,0.7245185971260071,21.84746742248535,0.06185837462544441,0.7245185971260071,21.84746742248535,1.5037678749934003,1.5411482187346337
1670,clean,none,0,0,clean,clean,False,0.0,1.0,100.0,0.0,1.0,100.0,1.5037678749934003,1.5411482187346337
1671,occlusion,high,3,3,occlusion,occlusion,False,0.09595895558595657,0.4726616442203522,16.967119216918945,0.09595895558595657,0.4726616442203522,16.967119216918945,1.5037678749934003,1.5411482187346337
1672,occlusion,medium,3,3,occlusion,occlusion,False,0.04558689519762993,0.8153057098388672,23.045673370361328,0.04558689519762993,0.8153057098388672,23.045673370361328,1.5037678749934003,1.5411482187346337
1673,blur,low,2,2,blur,blur,False,0.04373889043927193,0.7720720767974854,23.8577823638916,0.04373889043927193,0.7720720767974854,23.8577823638916,1.5037678749934003,1.5411482187346337
1674,salt_pepper,medium,1,1,salt_pepper,salt_pepper,False,0.06101611629128456,0.6995918154716492,22.389402389526367,0.06101611629128456,0.6995918154716492,22.389402389526367,1.5037678749934003,1.5411482187346337
1675,occlusion,low,3,3,occlusion,occlusion,False,0.08153153210878372,0.5795366168022156,18.575838088989258,0.08153153210878372,0.5795366168022156,18.575838088989258,1.5037678749934003,1.5411482187346337
1676,occlusion,low,3,3,occlusion,occlusion,False,0.07488160580396652,0.7191892266273499,19.7185001373291,0.07488160580396652,0.7191892266273499,19.7185001373291,1.5037678749934003,1.5411482187346337
1677,blur,low,2,2,blur,blur,False,0.054545480757951736,0.6628827452659607,23.192644119262695,0.054545480757951736,0.6628827452659607,23.192644119262695,1.5037678749934003,1.5411482187346337
1678,occlusion,medium,3,3,occlusion,occlusion,False,0.06055247783660889,0.7747593522071838,21.93570327758789,0.06055247783660889,0.7747593522071838,21.93570327758789,1.5037678749934003,1.5411482187346337
1679,clean,none,0,0,clean,clean,False,0.0,1.0,100.0,0.0,1.0,100.0,1.5037678749934003,1.5411482187346337
1680,salt_pepper,high,1,1,salt_pepper,salt_pepper,False,0.04549629986286163,0.815399169921875,24.121400833129883,0.04549629986286163,0.815399169921875,24.121400833129883,1.5037678749934003,1.5411482187346337
1681,blur,low,2,2,blur,blur,False,0.0442139096558094,0.8138023018836975,24.662193298339844,0.0442139096558094,0.8138023018836975,24.662193298339844,1.5037678749934003,1.5411482187346337
1682,occlusion,medium,3,3,occlusion,occlusion,False,0.049462854862213135,0.8157305717468262,20.00027847290039,0.049462854862213135,0.8157305717468262,20.00027847290039,1.5037678749934003,1.5411482187346337
1683,clean,none,0,0,clean,clean,False,0.0,1.0,100.0,0.0,1.0,100.0,1.5037678749934003,1.5411482187346337
1684,occlusion,high,3,3,occlusion,occlusion,False,0.04284736514091492,0.7608898282051086,23.136470794677734,0.04284736514091492,0.7608898282051086,23.136470794677734,1.5037678749934003,1.5411482187346337
1685,blur,medium,2,2,blur,blur,False,0.07343604415655136,0.7913041114807129,19.957246780395508,0.07343604415655136,0.7913041114807129,19.957246780395508,1.5037678749934003,1.5411482187346337
1686,salt_pepper,low,1,1,salt_pepper,salt_pepper,False,0.03902220353484154,0.8723469376564026,25.37369728088379,0.03902220353484154,0.8723469376564026,25.37369728088379,1.5037678749934003,1.5411482187346337
1687,clean,none,0,0,clean,clean,False,0.0,1.0,100.0,0.0,1.0,100.0,1.5037678749934003,1.5411482187346337
1688,salt_pepper,low,1,1,salt_pepper,salt_pepper,False,0.05505143478512764,0.8106698989868164,21.946144104003906,0.05505143478512764,0.8106698989868164,21.946144104003906,1.5037678749934003,1.5411482187346337
1689,salt_pepper,high,1,1,salt_pepper,salt_pepper,False,0.03924761340022087,0.8569857478141785,25.595762252807617,0.03924761340022087,0.8569857478141785,25.595762252807617,1.5037678749934003,1.5411482187346337
1690,occlusion,low,3,3,occlusion,occlusion,False,0.03400539234280586,0.8085343241691589,25.419261932373047,0.03400539234280586,0.8085343241691589,25.419261932373047,1.5037678749934003,1.5411482187346337
1691,salt_pepper,high,1,1,salt_pepper,salt_pepper,False,0.041053541004657745,0.8389647603034973,23.64238929748535,0.041053541004657745,0.8389647603034973,23.64238929748535,1.5037678749934003,1.5411482187346337
1692,clean,none,0,0,clean,clean,False,0.0,1.0,100.0,0.0,1.0,100.0,1.5037678749934003,1.5411482187346337
1693,salt_pepper,high,1,1,salt_pepper,salt_pepper,False,0.041419561952352524,0.8216727375984192,24.93164825439453,0.041419561952352524,0.8216727375984192,24.93164825439453,1.5037678749934003,1.5411482187346337
1694,salt_pepper,high,1,1,salt_pepper,salt_pepper,False,0.040470268577337265,0.798285961151123,25.430938720703125,0.040470268577337265,0.798285961151123,25.430938720703125,1.5037678749934003,1.5411482187346337
1695,salt_pepper,medium,1,1,salt_pepper,salt_pepper,False,0.029505973681807518,0.919022262096405,27.253517150878906,0.029505973681807518,0.919022262096405,27.253517150878906,1.5037678749934003,1.5411482187346337
1696,salt_pepper,low,1,1,salt_pepper,salt_pepper,False,0.04543864727020264,0.8688849806785583,24.44618034362793,0.04543864727020264,0.8688849806785583,24.44618034362793,1.4816191562658787,1.4822194062560357
1697,clean,none,0,0,clean,clean,False,0.0,1.0,100.0,0.0,1.0,100.0,1.4816191562658787,1.4822194062560357
1698,occlusion,medium,3,3,occlusion,occlusion,False,0.05244835093617439,0.7347095608711243,21.619070053100586,0.05244835093617439,0.7347095608711243,21.619070053100586,1.4816191562658787,1.4822194062560357
1699,clean,none,0,0,clean,clean,False,0.0,1.0,100.0,0.0,1.0,100.0,1.4816191562658787,1.4822194062560357
1700,salt_pepper,low,1,1,salt_pepper,salt_pepper,False,0.03791976720094681,0.903644323348999,25.85727882385254,0.03791976720094681,0.903644323348999,25.85727882385254,1.4816191562658787,1.4822194062560357
1701,blur,high,2,2,blur,blur,False,0.1359841525554657,0.736622154712677,14.535776138305664,0.1359841525554657,0.736622154712677,14.535776138305664,1.4816191562658787,1.4822194062560357
1702,blur,high,2,2,blur,blur,False,0.03330559656023979,0.8839035630226135,27.227027893066406,0.03330559656023979,0.8839035630226135,27.227027893066406,1.4816191562658787,1.4822194062560357
1703,blur,high,2,2,blur,blur,False,0.045113205909729004,0.6382308006286621,24.865192413330078,0.045113205909729004,0.6382308006286621,24.865192413330078,1.4816191562658787,1.4822194062560357
1704,clean,none,0,0,clean,clean,False,0.0,1.0,100.0,0.0,1.0,100.0,1.4816191562658787,1.4822194062560357
1705,blur,high,2,2,blur,blur,False,0.049466561526060104,0.7853015065193176,22.963876724243164,0.049466561526060104,0.7853015065193176,22.963876724243164,1.4816191562658787,1.4822194062560357
1706,blur,medium,2,2,blur,blur,False,0.04904801771044731,0.851353645324707,23.621904373168945,0.04904801771044731,0.851353645324707,23.621904373168945,1.4816191562658787,1.4822194062560357
1707,occlusion,high,3,3,occlusion,occlusion,False,0.0660797655582428,0.6571191549301147,18.06247329711914,0.0660797655582428,0.6571191549301147,18.06247329711914,1.4816191562658787,1.4822194062560357
1708,salt_pepper,medium,1,1,salt_pepper,salt_pepper,False,0.04974642023444176,0.7384082674980164,23.0887393951416,0.04974642023444176,0.7384082674980164,23.0887393951416,1.4816191562658787,1.4822194062560357
1709,occlusion,medium,3,3,occlusion,occlusion,False,0.048158857971429825,0.7762073874473572,21.478084564208984,0.048158857971429825,0.7762073874473572,21.478084564208984,1.4816191562658787,1.4822194062560357
1710,occlusion,medium,3,3,occlusion,occlusion,False,0.06298496574163437,0.6479141116142273,17.852619171142578,0.06298496574163437,0.6479141116142273,17.852619171142578,1.4816191562658787,1.4822194062560357
1711,occlusion,low,3,3,occlusion,occlusion,False,0.030004309490323067,0.8557870388031006,27.082088470458984,0.030004309490323067,0.8557870388031006,27.082088470458984,1.4816191562658787,1.4822194062560357
1712,occlusion,low,3,3,occlusion,occlusion,False,0.03863446041941643,0.7688567042350769,24.331668853759766,0.03863446041941643,0.7688567042350769,24.331668853759766,1.4816191562658787,1.4822194062560357
1713,blur,medium,2,2,blur,blur,False,0.0380021333694458,0.90321284532547,25.910202026367188,0.0380021333694458,0.90321284532547,25.910202026367188,1.4816191562658787,1.4822194062560357
1714,salt_pepper,low,1,1,salt_pepper,salt_pepper,False,0.04585358500480652,0.8763042092323303,24.512897491455078,0.04585358500480652,0.8763042092323303,24.512897491455078,1.4816191562658787,1.4822194062560357
1715,clean,none,0,0,clean,clean,False,0.0,1.0,100.0,0.0,1.0,100.0,1.4816191562658787,1.4822194062560357
1716,occlusion,low,3,3,occlusion,occlusion,False,0.030841315165162086,0.7825941443443298,27.530052185058594,0.030841315165162086,0.7825941443443298,27.530052185058594,1.4816191562658787,1.4822194062560357
1717,clean,none,0,0,clean,clean,False,0.0,1.0,100.0,0.0,1.0,100.0,1.4816191562658787,1.4822194062560357
1718,salt_pepper,low,1,1,salt_pepper,salt_pepper,False,0.050735801458358765,0.8901505470275879,23.442996978759766,0.050735801458358765,0.8901505470275879,23.442996978759766,1.4816191562658787,1.4822194062560357
1719,occlusion,high,3,3,occlusion,occlusion,False,0.13396593928337097,0.3904903829097748,15.157304763793945,0.13396593928337097,0.3904903829097748,15.157304763793945,1.4816191562658787,1.4822194062560357
1720,blur,low,2,2,blur,blur,False,0.0614808090031147,0.7598745226860046,22.69813346862793,0.0614808090031147,0.7598745226860046,22.69813346862793,1.4816191562658787,1.4822194062560357
1721,salt_pepper,medium,1,1,salt_pepper,salt_pepper,False,0.07017398625612259,0.6302424073219299,20.978897094726562,0.07017398625612259,0.6302424073219299,20.978897094726562,1.4816191562658787,1.4822194062560357
1722,occlusion,medium,3,3,occlusion,occlusion,False,0.05141487345099449,0.7507851719856262,19.056856155395508,0.05141487345099449,0.7507851719856262,19.056856155395508,1.4816191562658787,1.4822194062560357
1723,blur,low,2,2,blur,blur,False,0.03610506281256676,0.8701069951057434,26.32198143005371,0.03610506281256676,0.8701069951057434,26.32198143005371,1.4816191562658787,1.4822194062560357
1724,salt_pepper,medium,1,1,salt_pepper,salt_pepper,False,0.04729389771819115,0.7551817297935486,24.103225708007812,0.04729389771819115,0.7551817297935486,24.103225708007812,1.4816191562658787,1.4822194062560357
1725,occlusion,medium,3,3,occlusion,occlusion,False,0.07226487994194031,0.6533243656158447,18.162220001220703,0.07226487994194031,0.6533243656158447,18.162220001220703,1.4816191562658787,1.4822194062560357
1726,blur,medium,2,2,blur,blur,False,0.08998734503984451,0.6207432150840759,18.773670196533203,0.08998734503984451,0.6207432150840759,18.773670196533203,1.4816191562658787,1.4822194062560357
1727,blur,high,2,2,blur,blur,False,0.07176778465509415,0.637691855430603,20.93259048461914,0.07176778465509415,0.637691855430603,20.93259048461914,1.4816191562658787,1.4822194062560357
1728,occlusion,medium,3,3,occlusion,occlusion,False,0.0696592852473259,0.6969611048698425,19.404985427856445,0.0696592852473259,0.6969611048698425,19.404985427856445,1.208291312508436,1.2102276874941253
1729,clean,none,0,0,clean,clean,False,0.0,1.0,100.0,0.0,1.0,100.0,1.208291312508436,1.2102276874941253
1730,occlusion,high,3,3,occlusion,occlusion,False,0.06688348203897476,0.7283868789672852,18.425586700439453,0.06688348203897476,0.7283868789672852,18.425586700439453,1.208291312508436,1.2102276874941253
1731,salt_pepper,low,1,1,salt_pepper,salt_pepper,False,0.061230991035699844,0.8141741752624512,21.08608627319336,0.061230991035699844,0.8141741752624512,21.08608627319336,1.208291312508436,1.2102276874941253
1732,blur,high,2,2,blur,blur,False,0.05278785154223442,0.8262473940849304,20.653404235839844,0.05278785154223442,0.8262473940849304,20.653404235839844,1.208291312508436,1.2102276874941253
1733,occlusion,low,3,3,occlusion,occlusion,False,0.04309947416186333,0.8455848693847656,24.221332550048828,0.04309947416186333,0.8455848693847656,24.221332550048828,1.208291312508436,1.2102276874941253
1734,blur,low,2,2,blur,blur,False,0.049930017441511154,0.8237481713294983,23.01403045654297,0.049930017441511154,0.8237481713294983,23.01403045654297,1.208291312508436,1.2102276874941253
1735,blur,high,2,2,blur,blur,False,0.07349448651075363,0.7552357316017151,19.69952392578125,0.07349448651075363,0.7552357316017151,19.69952392578125,1.208291312508436,1.2102276874941253
1736,occlusion,high,3,3,occlusion,occlusion,False,0.04778704419732094,0.7512642741203308,21.18207550048828,0.04778704419732094,0.7512642741203308,21.18207550048828,1.208291312508436,1.2102276874941253
1737,clean,none,0,0,clean,clean,False,0.0,1.0,100.0,0.0,1.0,100.0,1.208291312508436,1.2102276874941253
1738,clean,none,0,0,clean,clean,False,0.0,1.0,100.0,0.0,1.0,100.0,1.208291312508436,1.2102276874941253
1739,blur,low,2,2,blur,blur,False,0.042263686656951904,0.8267576694488525,25.40851402282715,0.042263686656951904,0.8267576694488525,25.40851402282715,1.208291312508436,1.2102276874941253
1740,clean,none,0,0,clean,clean,False,0.0,1.0,100.0,0.0,1.0,100.0,1.208291312508436,1.2102276874941253
1741,occlusion,low,3,3,occlusion,occlusion,False,0.027553977444767952,0.8363955616950989,26.272144317626953,0.027553977444767952,0.8363955616950989,26.272144317626953,1.208291312508436,1.2102276874941253
1742,blur,medium,2,2,blur,blur,False,0.04371573403477669,0.8432024121284485,24.366310119628906,0.04371573403477669,0.8432024121284485,24.366310119628906,1.208291312508436,1.2102276874941253
1743,clean,none,0,0,clean,clean,False,0.0,1.0,100.0,0.0,1.0,100.0,1.208291312508436,1.2102276874941253
1744,blur,high,2,2,blur,blur,False,0.04623045399785042,0.8068551421165466,23.42500877380371,0.04623045399785042,0.8068551421165466,23.42500877380371,1.208291312508436,1.2102276874941253
1745,clean,none,0,0,clean,clean,False,0.0,1.0,100.0,0.0,1.0,100.0,1.208291312508436,1.2102276874941253
1746,blur,high,2,2,blur,blur,False,0.05493995174765587,0.7310221791267395,21.86603355407715,0.05493995174765587,0.7310221791267395,21.86603355407715,1.208291312508436,1.2102276874941253
1747,clean,none,0,0,clean,clean,False,0.0,1.0,100.0,0.0,1.0,100.0,1.208291312508436,1.2102276874941253
1748,clean,none,0,0,clean,clean,False,0.0,1.0,100.0,0.0,1.0,100.0,1.208291312508436,1.2102276874941253
1749,blur,high,2,2,blur,blur,False,0.03764215111732483,0.816689670085907,25.02735137939453,0.03764215111732483,0.816689670085907,25.02735137939453,1.208291312508436,1.2102276874941253
1750,blur,medium,2,2,blur,blur,False,0.06403867155313492,0.7793760299682617,20.575916290283203,0.06403867155313492,0.7793760299682617,20.575916290283203,1.208291312508436,1.2102276874941253
1751,occlusion,medium,3,3,occlusion,occlusion,False,0.043489307165145874,0.8209371566772461,21.62710189819336,0.043489307165145874,0.8209371566772461,21.62710189819336,1.208291312508436,1.2102276874941253
1752,occlusion,medium,3,3,occlusion,occlusion,False,0.07466726750135422,0.5902305245399475,19.63622283935547,0.07466726750135422,0.5902305245399475,19.63622283935547,1.208291312508436,1.2102276874941253
1753,blur,high,2,2,blur,blur,False,0.07341282814741135,0.7390637993812561,19.852516174316406,0.07341282814741135,0.7390637993812561,19.852516174316406,1.208291312508436,1.2102276874941253
1754,occlusion,high,3,3,occlusion,occlusion,False,0.03910030424594879,0.7608268857002258,22.764766693115234,0.03910030424594879,0.7608268857002258,22.764766693115234,1.208291312508436,1.2102276874941253
1755,clean,none,0,0,clean,clean,False,0.0,1.0,100.0,0.0,1.0,100.0,1.208291312508436,1.2102276874941253
1756,clean,none,0,0,clean,clean,False,0.0,1.0,100.0,0.0,1.0,100.0,1.208291312508436,1.2102276874941253
1757,clean,none,0,0,clean,clean,False,0.0,1.0,100.0,0.0,1.0,100.0,1.208291312508436,1.2102276874941253
1758,occlusion,high,3,3,occlusion,occlusion,False,0.08094862103462219,0.621913731098175,17.925731658935547,0.08094862103462219,0.621913731098175,17.925731658935547,1.208291312508436,1.2102276874941253
1759,salt_pepper,low,1,1,salt_pepper,salt_pepper,False,0.05931474268436432,0.8630823493003845,21.73975372314453,0.05931474268436432,0.8630823493003845,21.73975372314453,1.208291312508436,1.2102276874941253
1760,blur,medium,2,2,blur,blur,False,0.04822063446044922,0.8331141471862793,22.59688377380371,0.04822063446044922,0.8331141471862793,22.59688377380371,1.437624468735521,1.4333088124942606
1761,salt_pepper,low,1,1,salt_pepper,salt_pepper,False,0.049046117812395096,0.7773539423942566,23.2308349609375,0.049046117812395096,0.7773539423942566,23.2308349609375,1.437624468735521,1.4333088124942606
1762,salt_pepper,medium,1,1,salt_pepper,salt_pepper,False,0.08426117897033691,0.8823817372322083,19.201868057250977,0.08426117897033691,0.8823817372322083,19.201868057250977,1.437624468735521,1.4333088124942606
1763,salt_pepper,medium,1,1,salt_pepper,salt_pepper,False,0.0326981246471405,0.854608952999115,26.569965362548828,0.0326981246471405,0.854608952999115,26.569965362548828,1.437624468735521,1.4333088124942606
1764,salt_pepper,medium,1,1,salt_pepper,salt_pepper,False,0.03480071201920509,0.8385617136955261,26.129732131958008,0.03480071201920509,0.8385617136955261,26.129732131958008,1.437624468735521,1.4333088124942606
1765,blur,low,2,2,blur,blur,False,0.06839447468519211,0.6257969737052917,21.3994197845459,0.06839447468519211,0.6257969737052917,21.3994197845459,1.437624468735521,1.4333088124942606
1766,clean,none,0,0,clean,clean,False,0.0,1.0,100.0,0.0,1.0,100.0,1.437624468735521,1.4333088124942606
1767,occlusion,low,3,3,occlusion,occlusion,False,0.042465388774871826,0.8066255450248718,23.899261474609375,0.042465388774871826,0.8066255450248718,23.899261474609375,1.437624468735521,1.4333088124942606
1768,clean,none,0,0,clean,clean,False,0.0,1.0,100.0,0.0,1.0,100.0,1.437624468735521,1.4333088124942606
1769,occlusion,high,3,3,occlusion,occlusion,False,0.0657346099615097,0.591933012008667,19.673419952392578,0.0657346099615097,0.591933012008667,19.673419952392578,1.437624468735521,1.4333088124942606
1770,occlusion,medium,3,3,occlusion,occlusion,False,0.060658037662506104,0.6669238209724426,21.005630493164062,0.060658037662506104,0.6669238209724426,21.005630493164062,1.437624468735521,1.4333088124942606
1771,blur,high,2,2,blur,blur,False,0.035524576902389526,0.8592907786369324,25.97063446044922,0.035524576902389526,0.8592907786369324,25.97063446044922,1.437624468735521,1.4333088124942606
1772,clean,none,0,0,clean,clean,False,0.0,1.0,100.0,0.0,1.0,100.0,1.437624468735521,1.4333088124942606
1773,clean,none,0,0,clean,clean,False,0.0,1.0,100.0,0.0,1.0,100.0,1.437624468735521,1.4333088124942606
1774,occlusion,high,3,3,occlusion,occlusion,False,0.045928288251161575,0.7229226231575012,22.063791275024414,0.045928288251161575,0.7229226231575012,22.063791275024414,1.437624468735521,1.4333088124942606
1775,clean,none,0,0,clean,clean,False,0.0,1.0,100.0,0.0,1.0,100.0,1.437624468735521,1.4333088124942606
1776,blur,low,2,2,blur,blur,False,0.046394675970077515,0.8430793285369873,23.541154861450195,0.046394675970077515,0.8430793285369873,23.541154861450195,1.437624468735521,1.4333088124942606
1777,occlusion,high,3,3,occlusion,occlusion,False,0.0842253565788269,0.4812045395374298,18.055147171020508,0.0842253565788269,0.4812045395374298,18.055147171020508,1.437624468735521,1.4333088124942606
1778,blur,high,2,2,blur,blur,False,0.07026336342096329,0.7482306957244873,19.306396484375,0.07026336342096329,0.7482306957244873,19.306396484375,1.437624468735521,1.4333088124942606
1779,blur,low,2,2,blur,blur,False,0.05276532471179962,0.812497615814209,23.088720321655273,0.05276532471179962,0.812497615814209,23.088720321655273,1.437624468735521,1.4333088124942606
1780,clean,none,0,0,clean,clean,False,0.0,1.0,100.0,0.0,1.0,100.0,1.437624468735521,1.4333088124942606
1781,occlusion,medium,3,3,occlusion,occlusion,False,0.03753744810819626,0.8122677803039551,24.365604400634766,0.03753744810819626,0.8122677803039551,24.365604400634766,1.437624468735521,1.4333088124942606
1782,blur,medium,2,2,blur,blur,False,0.05896485969424248,0.7434226870536804,21.944046020507812,0.05896485969424248,0.7434226870536804,21.944046020507812,1.437624468735521,1.4333088124942606
1783,salt_pepper,high,1,1,salt_pepper,salt_pepper,False,0.06655286997556686,0.7276346683502197,21.433809280395508,0.06655286997556686,0.7276346683502197,21.433809280395508,1.437624468735521,1.4333088124942606
1784,occlusion,high,3,3,occlusion,occlusion,False,0.0680982768535614,0.6564537286758423,19.980846405029297,0.0680982768535614,0.6564537286758423,19.980846405029297,1.437624468735521,1.4333088124942606
1785,salt_pepper,low,1,1,salt_pepper,salt_pepper,False,0.04403315857052803,0.8284918665885925,24.291217803955078,0.04403315857052803,0.8284918665885925,24.291217803955078,1.437624468735521,1.4333088124942606
1786,salt_pepper,medium,1,1,salt_pepper,salt_pepper,False,0.04964885115623474,0.8914677500724792,24.259145736694336,0.04964885115623474,0.8914677500724792,24.259145736694336,1.437624468735521,1.4333088124942606
1787,blur,low,2,2,blur,blur,False,0.05123657360672951,0.7683675289154053,23.437206268310547,0.05123657360672951,0.7683675289154053,23.437206268310547,1.437624468735521,1.4333088124942606
1788,blur,low,2,2,blur,blur,False,0.05183671414852142,0.8233514428138733,22.58183479309082,0.05183671414852142,0.8233514428138733,22.58183479309082,1.437624468735521,1.4333088124942606
1789,salt_pepper,medium,1,1,salt_pepper,salt_pepper,False,0.06634712964296341,0.7275335192680359,20.758514404296875,0.06634712964296341,0.7275335192680359,20.758514404296875,1.437624468735521,1.4333088124942606
1790,occlusion,high,3,3,occlusion,occlusion,False,0.058245375752449036,0.7369429469108582,20.6761531829834,0.058245375752449036,0.7369429469108582,20.6761531829834,1.437624468735521,1.4333088124942606
1791,blur,medium,2,2,blur,blur,False,0.06602781265974045,0.6367863416671753,20.703027725219727,0.06602781265974045,0.6367863416671753,20.703027725219727,1.437624468735521,1.4333088124942606
1792,clean,none,0,0,clean,clean,False,0.0,1.0,100.0,0.0,1.0,100.0,1.1527853437485192,1.1545076249888098
1793,clean,none,0,0,clean,clean,False,0.0,1.0,100.0,0.0,1.0,100.0,1.1527853437485192,1.1545076249888098
1794,clean,none,0,0,clean,clean,False,0.0,1.0,100.0,0.0,1.0,100.0,1.1527853437485192,1.1545076249888098
1795,clean,none,0,0,clean,clean,False,0.0,1.0,100.0,0.0,1.0,100.0,1.1527853437485192,1.1545076249888098
1796,occlusion,high,3,3,occlusion,occlusion,False,0.08883727341890335,0.5585476160049438,18.108808517456055,0.08883727341890335,0.5585476160049438,18.108808517456055,1.1527853437485192,1.1545076249888098
1797,salt_pepper,high,1,1,salt_pepper,salt_pepper,False,0.05198508873581886,0.791168212890625,23.46958351135254,0.05198508873581886,0.791168212890625,23.46958351135254,1.1527853437485192,1.1545076249888098
1798,clean,none,0,0,clean,clean,False,0.0,1.0,100.0,0.0,1.0,100.0,1.1527853437485192,1.1545076249888098
1799,salt_pepper,high,1,1,salt_pepper,salt_pepper,False,0.06777537614107132,0.6698518395423889,21.499568939208984,0.06777537614107132,0.6698518395423889,21.499568939208984,1.1527853437485192,1.1545076249888098
1800,occlusion,medium,3,3,occlusion,occlusion,False,0.08488065004348755,0.5386221408843994,18.968528747558594,0.08488065004348755,0.5386221408843994,18.968528747558594,1.1527853437485192,1.1545076249888098
1801,clean,none,0,0,clean,clean,False,0.0,1.0,100.0,0.0,1.0,100.0,1.1527853437485192,1.1545076249888098
1802,occlusion,medium,3,3,occlusion,occlusion,False,0.05821551755070686,0.691760778427124,21.548736572265625,0.05821551755070686,0.691760778427124,21.548736572265625,1.1527853437485192,1.1545076249888098
1803,salt_pepper,high,1,1,salt_pepper,salt_pepper,False,0.027582136914134026,0.8604100346565247,28.401226043701172,0.027582136914134026,0.8604100346565247,28.401226043701172,1.1527853437485192,1.1545076249888098
1804,blur,high,2,2,blur,blur,False,0.044902876019477844,0.7824719548225403,24.590547561645508,0.044902876019477844,0.7824719548225403,24.590547561645508,1.1527853437485192,1.1545076249888098
1805,occlusion,medium,3,3,occlusion,occlusion,False,0.055629681795835495,0.6059660315513611,21.75271987915039,0.055629681795835495,0.6059660315513611,21.75271987915039,1.1527853437485192,1.1545076249888098
1806,blur,low,2,2,blur,blur,False,0.06749797612428665,0.6636908650398254,20.56992530822754,0.06749797612428665,0.6636908650398254,20.56992530822754,1.1527853437485192,1.1545076249888098
1807,clean,none,0,0,clean,clean,False,0.0,1.0,100.0,0.0,1.0,100.0,1.1527853437485192,1.1545076249888098
1808,occlusion,low,3,3,occlusion,occlusion,False,0.06663333624601364,0.6412363648414612,21.245166778564453,0.06663333624601364,0.6412363648414612,21.245166778564453,1.1527853437485192,1.1545076249888098
1809,salt_pepper,high,1,1,salt_pepper,salt_pepper,False,0.051569875329732895,0.7455072402954102,23.33797836303711,0.051569875329732895,0.7455072402954102,23.33797836303711,1.1527853437485192,1.1545076249888098
1810,clean,none,0,0,clean,clean,False,0.0,1.0,100.0,0.0,1.0,100.0,1.1527853437485192,1.1545076249888098
1811,blur,high,2,2,blur,blur,False,0.05488831177353859,0.714813232421875,22.89130401611328,0.05488831177353859,0.714813232421875,22.89130401611328,1.1527853437485192,1.1545076249888098
1812,blur,high,2,2,blur,blur,False,0.04058882221579552,0.8453713059425354,25.39523696899414,0.04058882221579552,0.8453713059425354,25.39523696899414,1.1527853437485192,1.1545076249888098
1813,blur,high,2,2,blur,blur,False,0.06813544780015945,0.5926353335380554,21.092836380004883,0.06813544780015945,0.5926353335380554,21.092836380004883,1.1527853437485192,1.1545076249888098
1814,clean,none,0,0,clean,clean,False,0.0,1.0,100.0,0.0,1.0,100.0,1.1527853437485192,1.1545076249888098
1815,salt_pepper,low,1,1,salt_pepper,salt_pepper,False,0.037191908806562424,0.8679161071777344,26.066509246826172,0.037191908806562424,0.8679161071777344,26.066509246826172,1.1527853437485192,1.1545076249888098
1816,blur,high,2,2,blur,blur,False,0.046002477407455444,0.8294818997383118,24.621639251708984,0.046002477407455444,0.8294818997383118,24.621639251708984,1.1527853437485192,1.1545076249888098
1817,clean,none,0,0,clean,clean,False,0.0,1.0,100.0,0.0,1.0,100.0,1.1527853437485192,1.1545076249888098
1818,blur,low,2,2,blur,blur,False,0.08967321366071701,0.5594468712806702,19.09964370727539,0.08967321366071701,0.5594468712806702,19.09964370727539,1.1527853437485192,1.1545076249888098
1819,salt_pepper,high,1,1,salt_pepper,salt_pepper,False,0.0906139686703682,0.6298983693122864,18.5316162109375,0.0906139686703682,0.6298983693122864,18.5316162109375,1.1527853437485192,1.1545076249888098
1820,clean,none,0,0,clean,clean,False,0.0,1.0,100.0,0.0,1.0,100.0,1.1527853437485192,1.1545076249888098
1821,clean,none,0,0,clean,clean,False,0.0,1.0,100.0,0.0,1.0,100.0,1.1527853437485192,1.1545076249888098
1822,occlusion,high,3,3,occlusion,occlusion,False,0.08055389672517776,0.6826909184455872,17.17828941345215,0.08055389672517776,0.6826909184455872,17.17828941345215,1.1527853437485192,1.1545076249888098
1823,occlusion,medium,3,3,occlusion,occlusion,False,0.06192758306860924,0.670418918132782,21.375804901123047,0.06192758306860924,0.670418918132782,21.375804901123047,1.1527853437485192,1.1545076249888098
1824,clean,none,0,0,clean,clean,False,0.0,1.0,100.0,0.0,1.0,100.0,1.3734792187563016,1.3643112812360414
1825,salt_pepper,low,1,1,salt_pepper,salt_pepper,False,0.040503885596990585,0.7281979918479919,25.10021209716797,0.040503885596990585,0.7281979918479919,25.10021209716797,1.3734792187563016,1.3643112812360414
1826,clean,none,0,0,clean,clean,False,0.0,1.0,100.0,0.0,1.0,100.0,1.3734792187563016,1.3643112812360414
1827,occlusion,medium,3,3,occlusion,occlusion,False,0.047748174518346786,0.7194789052009583,23.162784576416016,0.047748174518346786,0.7194789052009583,23.162784576416016,1.3734792187563016,1.3643112812360414
1828,salt_pepper,high,1,1,salt_pepper,salt_pepper,False,0.058211248368024826,0.7134411931037903,22.463624954223633,0.058211248368024826,0.7134411931037903,22.463624954223633,1.3734792187563016,1.3643112812360414
1829,occlusion,medium,3,3,occlusion,occlusion,False,0.05345224216580391,0.6836485266685486,21.83255958557129,0.05345224216580391,0.6836485266685486,21.83255958557129,1.3734792187563016,1.3643112812360414
1830,clean,none,0,0,clean,clean,False,0.0,1.0,100.0,0.0,1.0,100.0,1.3734792187563016,1.3643112812360414
1831,blur,high,2,2,blur,blur,False,0.07061354070901871,0.5885671973228455,21.10660171508789,0.07061354070901871,0.5885671973228455,21.10660171508789,1.3734792187563016,1.3643112812360414
1832,occlusion,medium,3,3,occlusion,occlusion,False,0.0534922294318676,0.6471989750862122,22.94782257080078,0.0534922294318676,0.6471989750862122,22.94782257080078,1.3734792187563016,1.3643112812360414
1833,clean,none,0,0,clean,clean,False,0.0,1.0,100.0,0.0,1.0,100.0,1.3734792187563016,1.3643112812360414
1834,salt_pepper,low,1,1,salt_pepper,salt_pepper,False,0.0404844731092453,0.7816588878631592,25.26987075805664,0.0404844731092453,0.7816588878631592,25.26987075805664,1.3734792187563016,1.3643112812360414
1835,salt_pepper,low,1,1,salt_pepper,salt_pepper,False,0.033271804451942444,0.863720715045929,26.378074645996094,0.033271804451942444,0.863720715045929,26.378074645996094,1.3734792187563016,1.3643112812360414
1836,occlusion,high,3,3,occlusion,occlusion,False,0.0823231041431427,0.6005850434303284,18.219730377197266,0.0823231041431427,0.6005850434303284,18.219730377197266,1.3734792187563016,1.3643112812360414
1837,salt_pepper,medium,1,1,salt_pepper,salt_pepper,False,0.04206683114171028,0.9163796901702881,25.69174575805664,0.04206683114171028,0.9163796901702881,25.69174575805664,1.3734792187563016,1.3643112812360414
1838,occlusion,medium,3,3,occlusion,occlusion,False,0.08229034394025803,0.535675585269928,18.809812545776367,0.08229034394025803,0.535675585269928,18.809812545776367,1.3734792187563016,1.3643112812360414
1839,salt_pepper,low,1,1,salt_pepper,salt_pepper,False,0.03126531466841698,0.846743106842041,27.489633560180664,0.03126531466841698,0.846743106842041,27.489633560180664,1.3734792187563016,1.3643112812360414
1840,blur,high,2,2,blur,blur,False,0.04159316048026085,0.7625709176063538,24.722320556640625,0.04159316048026085,0.7625709176063538,24.722320556640625,1.3734792187563016,1.3643112812360414
1841,blur,medium,2,2,blur,blur,False,0.04270702600479126,0.8306416869163513,24.851612091064453,0.04270702600479126,0.8306416869163513,24.851612091064453,1.3734792187563016,1.3643112812360414
1842,clean,none,0,0,clean,clean,False,0.0,1.0,100.0,0.0,1.0,100.0,1.3734792187563016,1.3643112812360414
1843,occlusion,high,3,3,occlusion,occlusion,False,0.0902218297123909,0.45267605781555176,18.470556259155273,0.0902218297123909,0.45267605781555176,18.470556259155273,1.3734792187563016,1.3643112812360414
1844,occlusion,medium,3,3,occlusion,occlusion,False,0.06627047806978226,0.6703647971153259,19.991418838500977,0.06627047806978226,0.6703647971153259,19.991418838500977,1.3734792187563016,1.3643112812360414
1845,clean,none,0,0,clean,clean,False,0.0,1.0,100.0,0.0,1.0,100.0,1.3734792187563016,1.3643112812360414
1846,salt_pepper,medium,1,1,salt_pepper,salt_pepper,False,0.04470603168010712,0.8085686564445496,24.462804794311523,0.04470603168010712,0.8085686564445496,24.462804794311523,1.3734792187563016,1.3643112812360414
1847,salt_pepper,high,1,1,salt_pepper,salt_pepper,False,0.04102174565196037,0.8703439831733704,25.306089401245117,0.04102174565196037,0.8703439831733704,25.306089401245117,1.3734792187563016,1.3643112812360414
1848,salt_pepper,low,1,1,salt_pepper,salt_pepper,False,0.03850425407290459,0.8667199015617371,25.641250610351562,0.03850425407290459,0.8667199015617371,25.641250610351562,1.3734792187563016,1.3643112812360414
1849,clean,none,0,0,clean,clean,False,0.0,1.0,100.0,0.0,1.0,100.0,1.3734792187563016,1.3643112812360414
1850,blur,high,2,2,blur,blur,False,0.07550688832998276,0.715016782283783,19.567291259765625,0.07550688832998276,0.715016782283783,19.567291259765625,1.3734792187563016,1.3643112812360414
1851,blur,low,2,2,blur,blur,False,0.042697012424468994,0.8579233288764954,24.3091983795166,0.042697012424468994,0.8579233288764954,24.3091983795166,1.3734792187563016,1.3643112812360414
1852,occlusion,medium,3,3,occlusion,occlusion,False,0.05459688603878021,0.7107095718383789,21.621095657348633,0.05459688603878021,0.7107095718383789,21.621095657348633,1.3734792187563016,1.3643112812360414
1853,blur,low,2,2,blur,blur,False,0.0488179512321949,0.749121367931366,23.8616943359375,0.0488179512321949,0.749121367931366,23.8616943359375,1.3734792187563016,1.3643112812360414
1854,salt_pepper,low,1,1,salt_pepper,salt_pepper,False,0.05007141828536987,0.8427435755729675,23.538894653320312,0.05007141828536987,0.8427435755729675,23.538894653320312,1.3734792187563016,1.3643112812360414
1855,blur,high,2,2,blur,blur,False,0.0423857681453228,0.831274688243866,24.692256927490234,0.0423857681453228,0.831274688243866,24.692256927490234,1.3734792187563016,1.3643112812360414
1856,occlusion,medium,3,3,occlusion,occlusion,False,0.042048949748277664,0.8070335388183594,23.64325714111328,0.042048949748277664,0.8070335388183594,23.64325714111328,1.1714309062540451,1.077808156253468
1857,clean,none,0,0,clean,clean,False,0.0,1.0,100.0,0.0,1.0,100.0,1.1714309062540451,1.077808156253468
1858,occlusion,low,3,3,occlusion,occlusion,False,0.03642977401614189,0.8030495643615723,25.079259872436523,0.03642977401614189,0.8030495643615723,25.079259872436523,1.1714309062540451,1.077808156253468
1859,occlusion,high,3,3,occlusion,occlusion,False,0.12298469990491867,0.47583484649658203,15.62912368774414,0.12298469990491867,0.47583484649658203,15.62912368774414,1.1714309062540451,1.077808156253468
1860,salt_pepper,medium,1,1,salt_pepper,salt_pepper,False,0.030259348452091217,0.8947804570198059,27.177734375,0.030259348452091217,0.8947804570198059,27.177734375,1.1714309062540451,1.077808156253468
1861,salt_pepper,high,1,1,salt_pepper,salt_pepper,False,0.03416987136006355,0.8421910405158997,26.44770050048828,0.03416987136006355,0.8421910405158997,26.44770050048828,1.1714309062540451,1.077808156253468
1862,clean,none,0,0,clean,clean,False,0.0,1.0,100.0,0.0,1.0,100.0,1.1714309062540451,1.077808156253468
1863,clean,none,0,0,clean,clean,False,0.0,1.0,100.0,0.0,1.0,100.0,1.1714309062540451,1.077808156253468
1864,clean,none,0,0,clean,clean,False,0.0,1.0,100.0,0.0,1.0,100.0,1.1714309062540451,1.077808156253468
1865,clean,none,0,0,clean,clean,False,0.0,1.0,100.0,0.0,1.0,100.0,1.1714309062540451,1.077808156253468
1866,occlusion,low,3,3,occlusion,occlusion,False,0.04138549044728279,0.7760159969329834,24.32912826538086,0.04138549044728279,0.7760159969329834,24.32912826538086,1.1714309062540451,1.077808156253468
1867,salt_pepper,low,1,1,salt_pepper,salt_pepper,False,0.07310747355222702,0.761086642742157,20.31560516357422,0.07310747355222702,0.761086642742157,20.31560516357422,1.1714309062540451,1.077808156253468
1868,blur,medium,2,2,blur,blur,False,0.0343993715941906,0.8905951976776123,26.366910934448242,0.0343993715941906,0.8905951380729675,26.366910934448242,1.1714309062540451,1.077808156253468
1869,blur,medium,2,2,blur,blur,False,0.054640982300043106,0.8223724365234375,22.239065170288086,0.0546409897506237,0.8223724365234375,22.239065170288086,1.1714309062540451,1.077808156253468
1870,clean,none,0,0,clean,clean,False,0.0,1.0,100.0,0.0,1.0,100.0,1.1714309062540451,1.077808156253468
1871,occlusion,medium,3,3,occlusion,occlusion,False,0.04684467241168022,0.7676743865013123,23.137056350708008,0.04684467241168022,0.7676743865013123,23.137056350708008,1.1714309062540451,1.077808156253468
1872,blur,medium,2,2,blur,blur,False,0.0364086851477623,0.9118608832359314,25.097103118896484,0.036408681422472,0.9118611216545105,25.097103118896484,1.1714309062540451,1.077808156253468
1873,clean,none,0,0,clean,clean,False,0.0,1.0,100.0,0.0,1.0,100.0,1.1714309062540451,1.077808156253468
1874,occlusion,high,3,3,occlusion,occlusion,False,0.05723288655281067,0.6173548698425293,20.899240493774414,0.05723288655281067,0.6173548698425293,20.899240493774414,1.1714309062540451,1.077808156253468
1875,blur,low,2,2,blur,blur,False,0.04734048247337341,0.6542496681213379,24.36813735961914,0.04734048247337341,0.6542496085166931,24.36813735961914,1.1714309062540451,1.077808156253468
1876,salt_pepper,high,1,1,salt_pepper,salt_pepper,False,0.06247279420495033,0.8575003743171692,21.284961700439453,0.06247279420495033,0.8575003743171692,21.284961700439453,1.1714309062540451,1.077808156253468
1877,occlusion,medium,3,3,occlusion,occlusion,False,0.05344255268573761,0.7350878715515137,21.25791358947754,0.05344255268573761,0.7350878715515137,21.25791358947754,1.1714309062540451,1.077808156253468
1878,clean,none,0,0,clean,clean,False,0.0,1.0,100.0,0.0,1.0,100.0,1.1714309062540451,1.077808156253468
1879,occlusion,high,3,3,occlusion,occlusion,False,0.04887715354561806,0.6922125816345215,22.142000198364258,0.04887715354561806,0.6922125816345215,22.142000198364258,1.1714309062540451,1.077808156253468
1880,clean,none,0,0,clean,clean,False,0.0,1.0,100.0,0.0,1.0,100.0,1.1714309062540451,1.077808156253468
1881,clean,none,0,2,clean,blur,True,0.04437960684299469,0.8052096366882324,24.656057357788086,0.0,1.0,100.0,1.1714309062540451,1.077808156253468
1882,occlusion,high,3,3,occlusion,occlusion,False,0.059034314006567,0.6028818488121033,20.894779205322266,0.059034314006567,0.6028818488121033,20.894779205322266,1.1714309062540451,1.077808156253468
1883,clean,none,0,0,clean,clean,False,0.0,1.0,100.0,0.0,1.0,100.0,1.1714309062540451,1.077808156253468
1884,blur,medium,2,2,blur,blur,False,0.03658279776573181,0.819485604763031,26.080921173095703,0.03658280149102211,0.8194854259490967,26.080921173095703,1.1714309062540451,1.077808156253468
1885,clean,none,0,0,clean,clean,False,0.0,1.0,100.0,0.0,1.0,100.0,1.1714309062540451,1.077808156253468
1886,clean,none,0,0,clean,clean,False,0.0,1.0,100.0,0.0,1.0,100.0,1.1714309062540451,1.077808156253468
1887,occlusion,low,3,3,occlusion,occlusion,False,0.10105773061513901,0.5653544664382935,17.65088653564453,0.10105773061513901,0.5653544664382935,17.65088653564453,1.1714309062540451,1.077808156253468
1888,blur,medium,2,2,blur,blur,False,0.06136186420917511,0.7136713862419128,21.98686408996582,0.06136186420917511,0.7136713862419128,21.98686408996582,1.7720159687542036,1.7612977499936733
1889,salt_pepper,low,1,1,salt_pepper,salt_pepper,False,0.040172550827264786,0.8476129174232483,24.25447654724121,0.040172550827264786,0.8476129174232483,24.25447654724121,1.7720159687542036,1.7612977499936733
1890,clean,none,0,0,clean,clean,False,0.0,1.0,100.0,0.0,1.0,100.0,1.7720159687542036,1.7612977499936733
1891,blur,high,2,2,blur,blur,False,0.0649038553237915,0.7326104044914246,21.537473678588867,0.0649038553237915,0.7326104044914246,21.537473678588867,1.7720159687542036,1.7612977499936733
1892,blur,low,2,2,blur,blur,False,0.044019173830747604,0.6841986775398254,24.6951961517334,0.044019173830747604,0.6841986775398254,24.6951961517334,1.7720159687542036,1.7612977499936733
1893,clean,none,0,0,clean,clean,False,0.0,1.0,100.0,0.0,1.0,100.0,1.7720159687542036,1.7612977499936733
1894,occlusion,high,3,3,occlusion,occlusion,False,0.08395972102880478,0.4968230724334717,17.263540267944336,0.08395972102880478,0.4968230724334717,17.263540267944336,1.7720159687542036,1.7612977499936733
1895,blur,low,2,2,blur,blur,False,0.06034738942980766,0.7574250102043152,21.711669921875,0.06034738942980766,0.7574250102043152,21.711669921875,1.7720159687542036,1.7612977499936733
1896,occlusion,high,3,3,occlusion,occlusion,False,0.057305365800857544,0.7297167181968689,20.68856430053711,0.057305365800857544,0.7297167181968689,20.68856430053711,1.7720159687542036,1.7612977499936733
1897,salt_pepper,high,1,1,salt_pepper,salt_pepper,False,0.062413591891527176,0.802666962146759,22.108171463012695,0.062413591891527176,0.802666962146759,22.108171463012695,1.7720159687542036,1.7612977499936733
1898,occlusion,low,3,3,occlusion,occlusion,False,0.05401678755879402,0.7772828936576843,21.925472259521484,0.05401678755879402,0.7772828936576843,21.925472259521484,1.7720159687542036,1.7612977499936733
1899,clean,none,0,0,clean,clean,False,0.0,1.0,100.0,0.0,1.0,100.0,1.7720159687542036,1.7612977499936733
1900,occlusion,medium,3,3,occlusion,occlusion,False,0.06465254724025726,0.7661132216453552,21.327112197875977,0.06465254724025726,0.7661132216453552,21.327112197875977,1.7720159687542036,1.7612977499936733
1901,clean,none,0,0,clean,clean,False,0.0,1.0,100.0,0.0,1.0,100.0,1.7720159687542036,1.7612977499936733
1902,salt_pepper,low,1,1,salt_pepper,salt_pepper,False,0.0669543668627739,0.7837080955505371,20.95403289794922,0.0669543668627739,0.7837080955505371,20.95403289794922,1.7720159687542036,1.7612977499936733
1903,blur,high,2,2,blur,blur,False,0.04972124099731445,0.8789928555488586,22.25583839416504,0.04972124099731445,0.8789928555488586,22.25583839416504,1.7720159687542036,1.7612977499936733
1904,occlusion,medium,3,3,occlusion,occlusion,False,0.0685853511095047,0.5805297493934631,20.817508697509766,0.0685853511095047,0.5805297493934631,20.817508697509766,1.7720159687542036,1.7612977499936733
1905,salt_pepper,medium,1,1,salt_pepper,salt_pepper,False,0.052451085299253464,0.7981798648834229,22.969532012939453,0.052451085299253464,0.7981798648834229,22.969532012939453,1.7720159687542036,1.7612977499936733
1906,salt_pepper,medium,1,1,salt_pepper,salt_pepper,False,0.06656347960233688,0.7524815201759338,20.96609115600586,0.06656347960233688,0.7524815201759338,20.96609115600586,1.7720159687542036,1.7612977499936733
1907,salt_pepper,high,1,1,salt_pepper,salt_pepper,False,0.06382792443037033,0.7799836993217468,20.134674072265625,0.06382792443037033,0.7799836993217468,20.134674072265625,1.7720159687542036,1.7612977499936733
1908,salt_pepper,medium,1,1,salt_pepper,salt_pepper,False,0.07960748672485352,0.8347716927528381,19.422199249267578,0.07960748672485352,0.8347716927528381,19.422199249267578,1.7720159687542036,1.7612977499936733
1909,clean,none,0,0,clean,clean,False,0.0,1.0,100.0,0.0,1.0,100.0,1.7720159687542036,1.7612977499936733
1910,occlusion,low,3,3,occlusion,occlusion,False,0.044113222509622574,0.7200892567634583,24.339313507080078,0.044113222509622574,0.7200892567634583,24.339313507080078,1.7720159687542036,1.7612977499936733
1911,blur,medium,2,2,blur,blur,False,0.06151014566421509,0.767368495464325,21.318950653076172,0.06151014566421509,0.767368495464325,21.318950653076172,1.7720159687542036,1.7612977499936733
1912,salt_pepper,high,1,1,salt_pepper,salt_pepper,False,0.07676462084054947,0.6253544092178345,20.15723419189453,0.07676462084054947,0.6253544092178345,20.15723419189453,1.7720159687542036,1.7612977499936733
1913,clean,none,0,0,clean,clean,False,0.0,1.0,100.0,0.0,1.0,100.0,1.7720159687542036,1.7612977499936733
1914,salt_pepper,medium,1,1,salt_pepper,salt_pepper,False,0.03890981152653694,0.9187896847724915,23.98573112487793,0.03890981152653694,0.9187896847724915,23.98573112487793,1.7720159687542036,1.7612977499936733
1915,occlusion,medium,3,3,occlusion,occlusion,False,0.05106593295931816,0.7420291900634766,22.631900787353516,0.05106593295931816,0.7420291900634766,22.631900787353516,1.7720159687542036,1.7612977499936733
1916,blur,medium,2,2,blur,blur,False,0.04988296702504158,0.8000118136405945,23.694849014282227,0.04988296702504158,0.8000118136405945,23.694849014282227,1.7720159687542036,1.7612977499936733
1917,occlusion,low,3,3,occlusion,occlusion,False,0.07407498359680176,0.6444172263145447,19.89263343811035,0.07407498359680176,0.6444172263145447,19.89263343811035,1.7720159687542036,1.7612977499936733
1918,clean,none,0,0,clean,clean,False,0.0,1.0,100.0,0.0,1.0,100.0,1.7720159687542036,1.7612977499936733
1919,salt_pepper,high,1,1,salt_pepper,salt_pepper,False,0.08283989876508713,0.7273656725883484,19.183263778686523,0.08283989876508713,0.7273656725883484,19.183263778686523,1.7720159687542036,1.7612977499936733
1920,salt_pepper,medium,1,1,salt_pepper,salt_pepper,False,0.046796366572380066,0.8092103004455566,23.621017456054688,0.046796366572380066,0.8092103004455566,23.621017456054688,1.2176074999956654,1.2085224375084636
1921,clean,none,0,0,clean,clean,False,0.0,1.0,100.0,0.0,1.0,100.0,1.2176074999956654,1.2085224375084636
1922,salt_pepper,high,1,1,salt_pepper,salt_pepper,False,0.08753889054059982,0.628635585308075,19.092065811157227,0.08753889054059982,0.628635585308075,19.092065811157227,1.2176074999956654,1.2085224375084636
1923,salt_pepper,medium,1,1,salt_pepper,salt_pepper,False,0.06088415905833244,0.7213406562805176,21.504615783691406,0.06088415905833244,0.7213406562805176,21.504615783691406,1.2176074999956654,1.2085224375084636
1924,occlusion,medium,3,3,occlusion,occlusion,False,0.06055310368537903,0.7055158615112305,21.780832290649414,0.06055310368537903,0.7055158615112305,21.780832290649414,1.2176074999956654,1.2085224375084636
1925,blur,medium,2,2,blur,blur,False,0.06015628203749657,0.7215009331703186,21.86083221435547,0.06015628203749657,0.7215009331703186,21.86083221435547,1.2176074999956654,1.2085224375084636
1926,occlusion,low,3,3,occlusion,occlusion,False,0.03605582192540169,0.854311466217041,25.60694694519043,0.03605582192540169,0.854311466217041,25.60694694519043,1.2176074999956654,1.2085224375084636
1927,blur,medium,2,2,blur,blur,False,0.03765833005309105,0.8044093251228333,25.76947021484375,0.03765833005309105,0.8044093251228333,25.76947021484375,1.2176074999956654,1.2085224375084636
1928,clean,none,0,0,clean,clean,False,0.0,1.0,100.0,0.0,1.0,100.0,1.2176074999956654,1.2085224375084636
1929,occlusion,low,3,3,occlusion,occlusion,False,0.057200174778699875,0.6940047144889832,22.046905517578125,0.057200174778699875,0.6940047144889832,22.046905517578125,1.2176074999956654,1.2085224375084636
1930,clean,none,0,0,clean,clean,False,0.0,1.0,100.0,0.0,1.0,100.0,1.2176074999956654,1.2085224375084636
1931,clean,none,0,0,clean,clean,False,0.0,1.0,100.0,0.0,1.0,100.0,1.2176074999956654,1.2085224375084636
1932,clean,none,0,0,clean,clean,False,0.0,1.0,100.0,0.0,1.0,100.0,1.2176074999956654,1.2085224375084636
1933,salt_pepper,medium,1,1,salt_pepper,salt_pepper,False,0.049616992473602295,0.7487236857414246,23.90558624267578,0.049616992473602295,0.7487236857414246,23.90558624267578,1.2176074999956654,1.2085224375084636
1934,clean,none,0,0,clean,clean,False,0.0,1.0,100.0,0.0,1.0,100.0,1.2176074999956654,1.2085224375084636
1935,blur,low,2,2,blur,blur,False,0.0690055787563324,0.7182657122612,19.689128875732422,0.0690055787563324,0.7182657122612,19.689128875732422,1.2176074999956654,1.2085224375084636
1936,occlusion,high,3,3,occlusion,occlusion,False,0.058968350291252136,0.682588517665863,19.378097534179688,0.058968350291252136,0.682588517665863,19.378097534179688,1.2176074999956654,1.2085224375084636
1937,clean,none,0,0,clean,clean,False,0.0,1.0,100.0,0.0,1.0,100.0,1.2176074999956654,1.2085224375084636
1938,blur,medium,2,2,blur,blur,False,0.07276584953069687,0.6561333537101746,20.770061492919922,0.07276584953069687,0.6561333537101746,20.770061492919922,1.2176074999956654,1.2085224375084636
1939,salt_pepper,medium,1,1,salt_pepper,salt_pepper,False,0.06412288546562195,0.7027630805969238,21.61308479309082,0.06412288546562195,0.7027630805969238,21.61308479309082,1.2176074999956654,1.2085224375084636
1940,clean,none,0,0,clean,clean,False,0.0,1.0,100.0,0.0,1.0,100.0,1.2176074999956654,1.2085224375084636
1941,clean,none,0,0,clean,clean,False,0.0,1.0,100.0,0.0,1.0,100.0,1.2176074999956654,1.2085224375084636
1942,occlusion,medium,3,3,occlusion,occlusion,False,0.04115698114037514,0.7828813195228577,23.718107223510742,0.04115698114037514,0.7828813195228577,23.718107223510742,1.2176074999956654,1.2085224375084636
1943,blur,low,2,2,blur,blur,False,0.07295995205640793,0.7744461894035339,20.216341018676758,0.07295995205640793,0.7744461894035339,20.216341018676758,1.2176074999956654,1.2085224375084636
1944,clean,none,0,0,clean,clean,False,0.0,1.0,100.0,0.0,1.0,100.0,1.2176074999956654,1.2085224375084636
1945,clean,none,0,0,clean,clean,False,0.0,1.0,100.0,0.0,1.0,100.0,1.2176074999956654,1.2085224375084636
1946,salt_pepper,low,1,1,salt_pepper,salt_pepper,False,0.07626866549253464,0.6706623435020447,20.183923721313477,0.07626866549253464,0.6706623435020447,20.183923721313477,1.2176074999956654,1.2085224375084636
1947,salt_pepper,medium,1,1,salt_pepper,salt_pepper,False,0.07153082638978958,0.7871266007423401,19.865516662597656,0.07153082638978958,0.7871266007423401,19.865516662597656,1.2176074999956654,1.2085224375084636
1948,clean,none,0,0,clean,clean,False,0.0,1.0,100.0,0.0,1.0,100.0,1.2176074999956654,1.2085224375084636
1949,blur,medium,2,2,blur,blur,False,0.07648307830095291,0.8350875973701477,20.387348175048828,0.07648307830095291,0.8350875973701477,20.387348175048828,1.2176074999956654,1.2085224375084636
1950,blur,high,2,2,blur,blur,False,0.04305865988135338,0.8175972104072571,24.449565887451172,0.04305865988135338,0.8175972104072571,24.449565887451172,1.2176074999956654,1.2085224375084636
1951,salt_pepper,medium,1,1,salt_pepper,salt_pepper,False,0.09643542766571045,0.6477529406547546,18.523639678955078,0.09643542766571045,0.6477529406547546,18.523639678955078,1.2176074999956654,1.2085224375084636
1952,clean,none,0,0,clean,clean,False,0.0,1.0,100.0,0.0,1.0,100.0,1.5416146249833673,1.5332800624889842
1953,salt_pepper,low,1,1,salt_pepper,salt_pepper,False,0.06066277623176575,0.8463299870491028,21.672189712524414,0.06066277623176575,0.8463299870491028,21.672189712524414,1.5416146249833673,1.5332800624889842
1954,blur,medium,2,2,blur,blur,False,0.04842519760131836,0.8500981330871582,23.59271240234375,0.04842519760131836,0.8500981330871582,23.59271240234375,1.5416146249833673,1.5332800624889842
1955,blur,medium,2,2,blur,blur,False,0.06662946194410324,0.8083269000053406,20.68907928466797,0.06662946194410324,0.8083269000053406,20.68907928466797,1.5416146249833673,1.5332800624889842
1956,blur,high,2,2,blur,blur,False,0.06159014627337456,0.7310267090797424,21.868989944458008,0.06159014627337456,0.7310267090797424,21.868989944458008,1.5416146249833673,1.5332800624889842
1957,occlusion,high,3,3,occlusion,occlusion,False,0.061699461191892624,0.6120282411575317,20.261028289794922,0.061699461191892624,0.6120282411575317,20.261028289794922,1.5416146249833673,1.5332800624889842
1958,salt_pepper,low,1,1,salt_pepper,salt_pepper,False,0.053790319710969925,0.7546536326408386,22.847549438476562,0.053790319710969925,0.7546536326408386,22.847549438476562,1.5416146249833673,1.5332800624889842
1959,occlusion,low,3,3,occlusion,occlusion,False,0.03508448973298073,0.7539713382720947,25.5237979888916,0.03508448973298073,0.7539713382720947,25.5237979888916,1.5416146249833673,1.5332800624889842
1960,occlusion,medium,3,3,occlusion,occlusion,False,0.061478305608034134,0.6512548923492432,21.01031494140625,0.061478305608034134,0.6512548923492432,21.01031494140625,1.5416146249833673,1.5332800624889842
1961,occlusion,medium,3,3,occlusion,occlusion,False,0.07029134780168533,0.6740145683288574,19.573665618896484,0.07029134780168533,0.6740145683288574,19.573665618896484,1.5416146249833673,1.5332800624889842
1962,blur,low,2,2,blur,blur,False,0.07718297094106674,0.6845876574516296,19.929983139038086,0.07718297094106674,0.6845876574516296,19.929983139038086,1.5416146249833673,1.5332800624889842
1963,occlusion,medium,3,3,occlusion,occlusion,False,0.05039206147193909,0.7453651428222656,21.98666000366211,0.05039206147193909,0.7453651428222656,21.98666000366211,1.5416146249833673,1.5332800624889842
1964,clean,none,0,0,clean,clean,False,0.0,1.0,100.0,0.0,1.0,100.0,1.5416146249833673,1.5332800624889842
1965,clean,none,0,0,clean,clean,False,0.0,1.0,100.0,0.0,1.0,100.0,1.5416146249833673,1.5332800624889842
1966,blur,medium,2,2,blur,blur,False,0.09058449417352676,0.8200414776802063,19.07264518737793,0.09058449417352676,0.8200414776802063,19.07264518737793,1.5416146249833673,1.5332800624889842
1967,salt_pepper,high,1,1,salt_pepper,salt_pepper,False,0.06545758992433548,0.724794864654541,21.089759826660156,0.06545758992433548,0.724794864654541,21.089759826660156,1.5416146249833673,1.5332800624889842
1968,salt_pepper,medium,1,1,salt_pepper,salt_pepper,False,0.04448412358760834,0.7931039929389954,24.347898483276367,0.04448412358760834,0.7931039929389954,24.347898483276367,1.5416146249833673,1.5332800624889842
1969,salt_pepper,medium,1,1,salt_pepper,salt_pepper,False,0.05204949155449867,0.7988953590393066,22.935659408569336,0.05204949155449867,0.7988953590393066,22.935659408569336,1.5416146249833673,1.5332800624889842
1970,clean,none,0,0,clean,clean,False,0.0,1.0,100.0,0.0,1.0,100.0,1.5416146249833673,1.5332800624889842
1971,blur,medium,2,2,blur,blur,False,0.0639648288488388,0.8326916098594666,20.567855834960938,0.0639648288488388,0.8326916098594666,20.567855834960938,1.5416146249833673,1.5332800624889842
1972,blur,high,2,2,blur,blur,False,0.049105364829301834,0.7721131443977356,23.85664939880371,0.049105364829301834,0.7721131443977356,23.85664939880371,1.5416146249833673,1.5332800624889842
1973,salt_pepper,high,1,1,salt_pepper,salt_pepper,False,0.09704190492630005,0.6750977635383606,18.52356719970703,0.09704190492630005,0.6750977635383606,18.52356719970703,1.5416146249833673,1.5332800624889842
1974,salt_pepper,low,1,1,salt_pepper,salt_pepper,False,0.05200233682990074,0.7526093125343323,23.186511993408203,0.05200233682990074,0.7526093125343323,23.186511993408203,1.5416146249833673,1.5332800624889842
1975,occlusion,low,3,3,occlusion,occlusion,False,0.05203146114945412,0.7235822081565857,21.715375900268555,0.05203146114945412,0.7235822081565857,21.715375900268555,1.5416146249833673,1.5332800624889842
1976,occlusion,low,3,3,occlusion,occlusion,False,0.0694962814450264,0.6001457571983337,20.121475219726562,0.0694962814450264,0.6001457571983337,20.121475219726562,1.5416146249833673,1.5332800624889842
1977,clean,none,0,0,clean,clean,False,0.0,1.0,100.0,0.0,1.0,100.0,1.5416146249833673,1.5332800624889842
1978,salt_pepper,high,1,1,salt_pepper,salt_pepper,False,0.05879442021250725,0.7671002745628357,21.1494140625,0.05879442021250725,0.7671002745628357,21.1494140625,1.5416146249833673,1.5332800624889842
1979,blur,low,2,2,blur,blur,False,0.058609191328287125,0.7827031016349792,21.36819839477539,0.058609191328287125,0.7827031016349792,21.36819839477539,1.5416146249833673,1.5332800624889842
1980,blur,high,2,2,blur,blur,False,0.05225279554724693,0.5834978222846985,23.59422492980957,0.05225279554724693,0.5834978222846985,23.59422492980957,1.5416146249833673,1.5332800624889842
1981,occlusion,low,3,3,occlusion,occlusion,False,0.04917563498020172,0.7621594071388245,22.5778865814209,0.04917563498020172,0.7621594071388245,22.5778865814209,1.5416146249833673,1.5332800624889842
1982,salt_pepper,low,1,1,salt_pepper,salt_pepper,False,0.05460904911160469,0.7976104617118835,23.373910903930664,0.05460904911160469,0.7976104617118835,23.373910903930664,1.5416146249833673,1.5332800624889842
1983,occlusion,medium,3,3,occlusion,occlusion,False,0.04552377387881279,0.7164639830589294,22.596153259277344,0.04552377387881279,0.7164639830589294,22.596153259277344,1.5416146249833673,1.5332800624889842
1984,blur,medium,2,2,blur,blur,False,0.036782994866371155,0.8625045418739319,27.017288208007812,0.036782994866371155,0.8625045418739319,27.017288208007812,1.1921607500084974,1.2661398437501248
1985,clean,none,0,0,clean,clean,False,0.0,1.0,100.0,0.0,1.0,100.0,1.1921607500084974,1.2661398437501248
1986,clean,none,0,0,clean,clean,False,0.0,1.0,100.0,0.0,1.0,100.0,1.1921607500084974,1.2661398437501248
1987,salt_pepper,high,1,1,salt_pepper,salt_pepper,False,0.07774270325899124,0.7867097854614258,20.289077758789062,0.07774270325899124,0.7867097854614258,20.289077758789062,1.1921607500084974,1.2661398437501248
1988,occlusion,high,3,3,occlusion,occlusion,False,0.06642923504114151,0.6305330395698547,18.5030574798584,0.06642922013998032,0.6305329203605652,18.503061294555664,1.1921607500084974,1.2661398437501248
1989,clean,none,0,0,clean,clean,False,0.0,1.0,100.0,0.0,1.0,100.0,1.1921607500084974,1.2661398437501248
1990,clean,none,0,0,clean,clean,False,0.0,1.0,100.0,0.0,1.0,100.0,1.1921607500084974,1.2661398437501248
1991,salt_pepper,medium,1,1,salt_pepper,salt_pepper,False,0.05027336999773979,0.836686909198761,21.760854721069336,0.05027336999773979,0.836686909198761,21.760854721069336,1.1921607500084974,1.2661398437501248
1992,occlusion,high,3,3,occlusion,occlusion,False,0.08653038740158081,0.5004168152809143,17.767580032348633,0.08653038740158081,0.5004166960716248,17.767580032348633,1.1921607500084974,1.2661398437501248
1993,blur,medium,2,2,blur,blur,False,0.03721780702471733,0.8592715859413147,25.871810913085938,0.03721780702471733,0.8592715859413147,25.871810913085938,1.1921607500084974,1.2661398437501248
1994,clean,none,0,0,clean,clean,False,0.0,1.0,100.0,0.0,1.0,100.0,1.1921607500084974,1.2661398437501248
1995,occlusion,low,3,3,occlusion,occlusion,False,0.051120907068252563,0.7360222339630127,22.634389877319336,0.05112089589238167,0.7360222935676575,22.63439178466797,1.1921607500084974,1.2661398437501248
1996,salt_pepper,medium,1,1,salt_pepper,salt_pepper,False,0.044952649623155594,0.8250957131385803,24.194095611572266,0.044952649623155594,0.8250957131385803,24.194095611572266,1.1921607500084974,1.2661398437501248
1997,occlusion,low,3,3,occlusion,occlusion,False,0.04039767012000084,0.8199162483215332,24.476259231567383,0.04039767012000084,0.819916307926178,24.476261138916016,1.1921607500084974,1.2661398437501248
1998,clean,none,0,0,clean,clean,False,0.0,1.0,100.0,0.0,1.0,100.0,1.1921607500084974,1.2661398437501248
1999,clean,none,0,0,clean,clean,False,0.0,1.0,100.0,0.0,1.0,100.0,1.1921607500084974,1.2661398437501248
2000,occlusion,medium,3,3,occlusion,occlusion,False,0.05032581090927124,0.769338846206665,20.288101196289062,0.05032578110694885,0.7693389058113098,20.288105010986328,1.1921607500084974,1.2661398437501248
2001,occlusion,medium,3,3,occlusion,occlusion,False,0.14535921812057495,0.6060672998428345,14.350614547729492,0.14535920321941376,0.6060675978660583,14.350614547729492,1.1921607500084974,1.2661398437501248
2002,occlusion,low,3,0,occlusion,clean,True,0.043813273310661316,0.8889806866645813,16.6336612701416,0.04899217188358307,0.7322010397911072,22.401771545410156,1.1921607500084974,1.2661398437501248
2003,occlusion,low,3,3,occlusion,occlusion,False,0.04943675175309181,0.7095072865486145,21.575927734375,0.04943675175309181,0.709507405757904,21.575927734375,1.1921607500084974,1.2661398437501248
2004,occlusion,medium,3,3,occlusion,occlusion,False,0.03476463630795479,0.8477847576141357,22.409229278564453,0.034764647483825684,0.8477847576141357,22.409221649169922,1.1921607500084974,1.2661398437501248
2005,blur,medium,2,2,blur,blur,False,0.031403686851263046,0.851858913898468,27.0889949798584,0.031403686851263046,0.851858913898468,27.0889949798584,1.1921607500084974,1.2661398437501248
2006,clean,none,0,0,clean,clean,False,0.0,1.0,100.0,0.0,1.0,100.0,1.1921607500084974,1.2661398437501248
2007,salt_pepper,low,1,1,salt_pepper,salt_pepper,False,0.03732498735189438,0.8154971599578857,26.047666549682617,0.03732498735189438,0.8154971599578857,26.047666549682617,1.1921607500084974,1.2661398437501248
2008,clean,none,0,0,clean,clean,False,0.0,1.0,100.0,0.0,1.0,100.0,1.1921607500084974,1.2661398437501248
2009,salt_pepper,low,1,1,salt_pepper,salt_pepper,False,0.050648387521505356,0.8547654747962952,22.021902084350586,0.050648387521505356,0.8547654747962952,22.021902084350586,1.1921607500084974,1.2661398437501248
2010,blur,high,2,2,blur,blur,False,0.03601809963583946,0.8109385967254639,25.819046020507812,0.03601809963583946,0.8109385967254639,25.819046020507812,1.1921607500084974,1.2661398437501248
2011,clean,none,0,0,clean,clean,False,0.0,1.0,100.0,0.0,1.0,100.0,1.1921607500084974,1.2661398437501248
2012,occlusion,high,3,3,occlusion,occlusion,False,0.09030415862798691,0.5479217171669006,17.442319869995117,0.0903041660785675,0.5479220747947693,17.442319869995117,1.1921607500084974,1.2661398437501248
2013,occlusion,low,3,3,occlusion,occlusion,False,0.038955122232437134,0.8125726580619812,24.196739196777344,0.03895512595772743,0.8125722408294678,24.19673728942871,1.1921607500084974,1.2661398437501248
2014,clean,none,0,0,clean,clean,False,0.0,1.0,100.0,0.0,1.0,100.0,1.1921607500084974,1.2661398437501248
2015,blur,high,2,2,blur,blur,False,0.029870182275772095,0.8804687857627869,27.319334030151367,0.029870182275772095,0.8804687857627869,27.319334030151367,1.1921607500084974,1.2661398437501248
2016,blur,low,2,2,blur,blur,False,0.04109435901045799,0.8248820304870605,25.358470916748047,0.04109435901045799,0.8248820304870605,25.358470916748047,1.8292604687530911,1.7948015937747641
2017,blur,medium,2,2,blur,blur,False,0.06303742527961731,0.6336659789085388,21.259521484375,0.06303742527961731,0.6336659789085388,21.259521484375,1.8292604687530911,1.7948015937747641
2018,clean,none,0,0,clean,clean,False,0.0,1.0,100.0,0.0,1.0,100.0,1.8292604687530911,1.7948015937747641
2019,salt_pepper,high,1,1,salt_pepper,salt_pepper,False,0.10047902911901474,0.7563976645469666,17.915302276611328,0.10047902911901474,0.7563976645469666,17.915302276611328,1.8292604687530911,1.7948015937747641
2020,blur,high,2,2,blur,blur,False,0.09792229533195496,0.6356928944587708,17.521757125854492,0.09792229533195496,0.6356928944587708,17.521757125854492,1.8292604687530911,1.7948015937747641
2021,blur,medium,2,2,blur,blur,False,0.12042617052793503,0.6564741134643555,15.663247108459473,0.12042617052793503,0.6564741134643555,15.663247108459473,1.8292604687530911,1.7948015937747641
2022,occlusion,high,3,3,occlusion,occlusion,False,0.06340011209249496,0.6605919003486633,19.235536575317383,0.06340011209249496,0.6605919003486633,19.235536575317383,1.8292604687530911,1.7948015937747641
2023,salt_pepper,low,1,1,salt_pepper,salt_pepper,False,0.042800892144441605,0.8138921856880188,23.017528533935547,0.042800892144441605,0.8138921856880188,23.017528533935547,1.8292604687530911,1.7948015937747641
2024,salt_pepper,low,1,1,salt_pepper,salt_pepper,False,0.05986715853214264,0.7652845978736877,22.351905822753906,0.05986715853214264,0.7652845978736877,22.351905822753906,1.8292604687530911,1.7948015937747641
2025,blur,medium,2,2,blur,blur,False,0.11837944388389587,0.7761198878288269,14.34025764465332,0.11837944388389587,0.7761198878288269,14.34025764465332,1.8292604687530911,1.7948015937747641
2026,salt_pepper,low,1,1,salt_pepper,salt_pepper,False,0.05277992784976959,0.77024906873703,22.70030975341797,0.05277992784976959,0.77024906873703,22.70030975341797,1.8292604687530911,1.7948015937747641
2027,occlusion,high,3,3,occlusion,occlusion,False,0.04340193048119545,0.6767924427986145,23.181236267089844,0.04340193048119545,0.6767924427986145,23.181236267089844,1.8292604687530911,1.7948015937747641
2028,salt_pepper,medium,1,1,salt_pepper,salt_pepper,False,0.04325205087661743,0.7884719371795654,23.145170211791992,0.04325205087661743,0.7884719371795654,23.145170211791992,1.8292604687530911,1.7948015937747641
2029,clean,none,0,0,clean,clean,False,0.0,1.0,100.0,0.0,1.0,100.0,1.8292604687530911,1.7948015937747641
2030,occlusion,low,3,3,occlusion,occlusion,False,0.02380259893834591,0.8944526314735413,28.668731689453125,0.02380259893834591,0.8944526314735413,28.668731689453125,1.8292604687530911,1.7948015937747641
2031,salt_pepper,high,1,1,salt_pepper,salt_pepper,False,0.040922243148088455,0.8702413439750671,23.149049758911133,0.040922243148088455,0.8702413439750671,23.149049758911133,1.8292604687530911,1.7948015937747641
2032,blur,low,2,2,blur,blur,False,0.04570687934756279,0.7977766990661621,24.597158432006836,0.04570687934756279,0.7977766990661621,24.597158432006836,1.8292604687530911,1.7948015937747641
2033,blur,medium,2,2,blur,blur,False,0.05686720833182335,0.8682959675788879,21.622547149658203,0.05686720833182335,0.8682959675788879,21.622547149658203,1.8292604687530911,1.7948015937747641
2034,occlusion,low,3,3,occlusion,occlusion,False,0.028115911409258842,0.8858938813209534,26.114484786987305,0.028115911409258842,0.8858938813209534,26.114484786987305,1.8292604687530911,1.7948015937747641
2035,clean,none,0,0,clean,clean,False,0.0,1.0,100.0,0.0,1.0,100.0,1.8292604687530911,1.7948015937747641
2036,salt_pepper,high,1,1,salt_pepper,salt_pepper,False,0.04173287749290466,0.8657717108726501,23.841039657592773,0.04173287749290466,0.8657717108726501,23.841039657592773,1.8292604687530911,1.7948015937747641
2037,occlusion,medium,3,3,occlusion,occlusion,False,0.04811696335673332,0.7405831217765808,22.41089630126953,0.04811696335673332,0.7405831217765808,22.41089630126953,1.8292604687530911,1.7948015937747641
2038,clean,none,0,0,clean,clean,False,0.0,1.0,100.0,0.0,1.0,100.0,1.8292604687530911,1.7948015937747641
2039,salt_pepper,high,1,1,salt_pepper,salt_pepper,False,0.05447898432612419,0.7543627619743347,21.688749313354492,0.05447898432612419,0.7543627619743347,21.688749313354492,1.8292604687530911,1.7948015937747641
2040,occlusion,high,3,3,occlusion,occlusion,False,0.0956244096159935,0.490319162607193,16.01230239868164,0.0956244096159935,0.490319162607193,16.01230239868164,1.8292604687530911,1.7948015937747641
2041,clean,none,0,0,clean,clean,False,0.0,1.0,100.0,0.0,1.0,100.0,1.8292604687530911,1.7948015937747641
2042,salt_pepper,low,1,1,salt_pepper,salt_pepper,False,0.04735541716217995,0.8204062581062317,23.358837127685547,0.04735541716217995,0.8204062581062317,23.358837127685547,1.8292604687530911,1.7948015937747641
2043,clean,none,0,0,clean,clean,False,0.0,1.0,100.0,0.0,1.0,100.0,1.8292604687530911,1.7948015937747641
2044,occlusion,medium,3,3,occlusion,occlusion,False,0.04097747802734375,0.7797401547431946,22.25994110107422,0.04097747802734375,0.7797401547431946,22.25994110107422,1.8292604687530911,1.7948015937747641
2045,occlusion,high,3,3,occlusion,occlusion,False,0.05307818576693535,0.6868369579315186,21.521835327148438,0.05307818576693535,0.6868369579315186,21.521835327148438,1.8292604687530911,1.7948015937747641
2046,blur,low,2,2,blur,blur,False,0.06125953420996666,0.793367862701416,21.10614585876465,0.06125953420996666,0.793367862701416,21.10614585876465,1.8292604687530911,1.7948015937747641
2047,clean,none,0,0,clean,clean,False,0.0,1.0,100.0,0.0,1.0,100.0,1.8292604687530911,1.7948015937747641
2048,clean,none,0,0,clean,clean,False,0.0,1.0,100.0,0.0,1.0,100.0,1.3528283749906223,1.3518513750057082
2049,blur,high,2,2,blur,blur,False,0.06883598864078522,0.7889339327812195,18.85834312438965,0.06883598864078522,0.7889339327812195,18.85834312438965,1.3528283749906223,1.3518513750057082
2050,clean,none,0,0,clean,clean,False,0.0,1.0,100.0,0.0,1.0,100.0,1.3528283749906223,1.3518513750057082
2051,salt_pepper,medium,1,1,salt_pepper,salt_pepper,False,0.12840674817562103,0.7746818661689758,16.284914016723633,0.12840674817562103,0.7746818661689758,16.284914016723633,1.3528283749906223,1.3518513750057082
2052,blur,medium,2,2,blur,blur,False,0.10082163661718369,0.7069324851036072,16.890295028686523,0.10082163661718369,0.7069324851036072,16.890295028686523,1.3528283749906223,1.3518513750057082
2053,clean,none,0,0,clean,clean,False,0.0,1.0,100.0,0.0,1.0,100.0,1.3528283749906223,1.3518513750057082
2054,salt_pepper,medium,1,1,salt_pepper,salt_pepper,False,0.04051367565989494,0.8133791089057922,25.038862228393555,0.04051367565989494,0.8133791089057922,25.038862228393555,1.3528283749906223,1.3518513750057082
2055,occlusion,low,3,3,occlusion,occlusion,False,0.033195819705724716,0.8228774070739746,27.027254104614258,0.033195819705724716,0.8228774070739746,27.027254104614258,1.3528283749906223,1.3518513750057082
2056,blur,medium,2,2,blur,blur,False,0.06808776408433914,0.7238354682922363,20.575145721435547,0.06808776408433914,0.7238354682922363,20.575145721435547,1.3528283749906223,1.3518513750057082
2057,blur,high,2,2,blur,blur,False,0.06342785060405731,0.7873702645301819,21.609851837158203,0.06342785060405731,0.7873702645301819,21.609851837158203,1.3528283749906223,1.3518513750057082
2058,clean,none,0,0,clean,clean,False,0.0,1.0,100.0,0.0,1.0,100.0,1.3528283749906223,1.3518513750057082
2059,occlusion,low,3,3,occlusion,occlusion,False,0.04388725757598877,0.8015613555908203,22.77336311340332,0.04388725757598877,0.8015613555908203,22.77336311340332,1.3528283749906223,1.3518513750057082
2060,clean,none,0,0,clean,clean,False,0.0,1.0,100.0,0.0,1.0,100.0,1.3528283749906223,1.3518513750057082
2061,blur,high,2,2,blur,blur,False,0.12562961876392365,0.5321251749992371,16.215442657470703,0.12562961876392365,0.5321251749992371,16.215442657470703,1.3528283749906223,1.3518513750057082
2062,salt_pepper,low,1,1,salt_pepper,salt_pepper,False,0.04685058072209358,0.824337899684906,23.796852111816406,0.04685058072209358,0.824337899684906,23.796852111816406,1.3528283749906223,1.3518513750057082
2063,occlusion,low,3,3,occlusion,occlusion,False,0.03843485936522484,0.7516208291053772,24.61908721923828,0.03843485936522484,0.7516208291053772,24.61908721923828,1.3528283749906223,1.3518513750057082
2064,salt_pepper,high,1,1,salt_pepper,salt_pepper,False,0.06049278378486633,0.7678329944610596,21.902099609375,0.06049278378486633,0.7678329944610596,21.902099609375,1.3528283749906223,1.3518513750057082
2065,salt_pepper,low,1,1,salt_pepper,salt_pepper,False,0.08216951042413712,0.8030471801757812,19.819141387939453,0.08216951042413712,0.8030471801757812,19.819141387939453,1.3528283749906223,1.3518513750057082
2066,clean,none,0,0,clean,clean,False,0.0,1.0,100.0,0.0,1.0,100.0,1.3528283749906223,1.3518513750057082
2067,salt_pepper,high,1,1,salt_pepper,salt_pepper,False,0.057755786925554276,0.7698239684104919,22.160083770751953,0.057755786925554276,0.7698239684104919,22.160083770751953,1.3528283749906223,1.3518513750057082
2068,salt_pepper,low,1,1,salt_pepper,salt_pepper,False,0.06382063031196594,0.689041793346405,21.424087524414062,0.06382063031196594,0.689041793346405,21.424087524414062,1.3528283749906223,1.3518513750057082
2069,blur,high,2,2,blur,blur,False,0.12411782890558243,0.6878069043159485,14.222651481628418,0.12411782890558243,0.6878069043159485,14.222651481628418,1.3528283749906223,1.3518513750057082
2070,clean,none,0,0,clean,clean,False,0.0,1.0,100.0,0.0,1.0,100.0,1.3528283749906223,1.3518513750057082
2071,salt_pepper,low,1,1,salt_pepper,salt_pepper,False,0.08185423910617828,0.7200642228126526,19.422847747802734,0.08185423910617828,0.7200642228126526,19.422847747802734,1.3528283749906223,1.3518513750057082
2072,occlusion,medium,3,3,occlusion,occlusion,False,0.03704362362623215,0.8136828541755676,25.026100158691406,0.03704362362623215,0.8136828541755676,25.026100158691406,1.3528283749906223,1.3518513750057082
2073,blur,low,2,2,blur,blur,False,0.05549433454871178,0.6685531139373779,22.856075286865234,0.05549433454871178,0.6685531139373779,22.856075286865234,1.3528283749906223,1.3518513750057082
2074,clean,none,0,0,clean,clean,False,0.0,1.0,100.0,0.0,1.0,100.0,1.3528283749906223,1.3518513750057082
2075,blur,low,2,2,blur,blur,False,0.09084243327379227,0.8141353726387024,18.546489715576172,0.09084243327379227,0.8141353726387024,18.546489715576172,1.3528283749906223,1.3518513750057082
2076,blur,medium,2,2,blur,blur,False,0.04831147566437721,0.8359392285346985,23.877954483032227,0.04831147566437721,0.8359392285346985,23.877954483032227,1.3528283749906223,1.3518513750057082
2077,clean,none,0,0,clean,clean,False,0.0,1.0,100.0,0.0,1.0,100.0,1.3528283749906223,1.3518513750057082
2078,blur,medium,2,2,blur,blur,False,0.09273029118776321,0.7929949760437012,18.406322479248047,0.09273029118776321,0.7929949760437012,18.406322479248047,1.3528283749906223,1.3518513750057082
2079,salt_pepper,medium,1,1,salt_pepper,salt_pepper,False,0.09896128624677658,0.804982602596283,17.551912307739258,0.09896128624677658,0.804982602596283,17.551912307739258,1.3528283749906223,1.3518513750057082
2080,salt_pepper,low,1,1,salt_pepper,salt_pepper,False,0.07875419408082962,0.7111368179321289,19.846498489379883,0.07875419408082962,0.7111368179321289,19.846498489379883,1.2479802187499445,1.2368049687268012
2081,occlusion,high,3,3,occlusion,occlusion,False,0.09820028394460678,0.6236903071403503,16.866304397583008,0.09820028394460678,0.6236903071403503,16.866304397583008,1.2479802187499445,1.2368049687268012
2082,occlusion,medium,3,3,occlusion,occlusion,False,0.05073879286646843,0.7838804125785828,21.553253173828125,0.05073879286646843,0.7838804125785828,21.553253173828125,1.2479802187499445,1.2368049687268012
2083,salt_pepper,low,1,1,salt_pepper,salt_pepper,False,0.038225069642066956,0.8936818242073059,25.279769897460938,0.038225069642066956,0.8936818242073059,25.279769897460938,1.2479802187499445,1.2368049687268012
2084,clean,none,0,0,clean,clean,False,0.0,1.0,100.0,0.0,1.0,100.0,1.2479802187499445,1.2368049687268012
2085,occlusion,high,3,3,occlusion,occlusion,False,0.12251880019903183,0.4849829375743866,15.151261329650879,0.12251880019903183,0.4849829375743866,15.151261329650879,1.2479802187499445,1.2368049687268012
2086,clean,none,0,0,clean,clean,False,0.0,1.0,100.0,0.0,1.0,100.0,1.2479802187499445,1.2368049687268012
2087,occlusion,medium,3,3,occlusion,occlusion,False,0.055064987391233444,0.724629819393158,21.17858123779297,0.055064987391233444,0.724629819393158,21.17858123779297,1.2479802187499445,1.2368049687268012
2088,salt_pepper,low,1,1,salt_pepper,salt_pepper,False,0.02884068340063095,0.8813478946685791,27.953540802001953,0.02884068340063095,0.8813478946685791,27.953540802001953,1.2479802187499445,1.2368049687268012
2089,clean,none,0,0,clean,clean,False,0.0,1.0,100.0,0.0,1.0,100.0,1.2479802187499445,1.2368049687268012
2090,occlusion,high,3,3,occlusion,occlusion,False,0.07101256400346756,0.65914386510849,17.80297088623047,0.07101256400346756,0.65914386510849,17.80297088623047,1.2479802187499445,1.2368049687268012
2091,clean,none,0,0,clean,clean,False,0.0,1.0,100.0,0.0,1.0,100.0,1.2479802187499445,1.2368049687268012
2092,blur,low,2,2,blur,blur,False,0.04780040308833122,0.8399183750152588,21.912151336669922,0.04780040308833122,0.8399183750152588,21.912151336669922,1.2479802187499445,1.2368049687268012
2093,occlusion,medium,3,3,occlusion,occlusion,False,0.08321987092494965,0.6663627028465271,17.92633819580078,0.08321987092494965,0.6663627028465271,17.92633819580078,1.2479802187499445,1.2368049687268012
2094,blur,medium,2,2,blur,blur,False,0.11600837111473083,0.7015942931175232,16.863412857055664,0.11600837111473083,0.7015942931175232,16.863412857055664,1.2479802187499445,1.2368049687268012
2095,clean,none,0,0,clean,clean,False,0.0,1.0,100.0,0.0,1.0,100.0,1.2479802187499445,1.2368049687268012
2096,occlusion,high,3,3,occlusion,occlusion,False,0.05738786980509758,0.6513825058937073,21.178665161132812,0.05738786980509758,0.6513825058937073,21.178665161132812,1.2479802187499445,1.2368049687268012
2097,occlusion,medium,3,3,occlusion,occlusion,False,0.05488751456141472,0.725676953792572,22.16274070739746,0.05488751456141472,0.725676953792572,22.16274070739746,1.2479802187499445,1.2368049687268012
2098,clean,none,0,0,clean,clean,False,0.0,1.0,100.0,0.0,1.0,100.0,1.2479802187499445,1.2368049687268012
2099,salt_pepper,low,1,1,salt_pepper,salt_pepper,False,0.11026734113693237,0.7063019871711731,17.056835174560547,0.11026734113693237,0.7063019871711731,17.056835174560547,1.2479802187499445,1.2368049687268012
2100,clean,none,0,0,clean,clean,False,0.0,1.0,100.0,0.0,1.0,100.0,1.2479802187499445,1.2368049687268012
2101,blur,medium,2,2,blur,blur,False,0.12406108528375626,0.6528494954109192,15.709442138671875,0.12406108528375626,0.6528494954109192,15.709442138671875,1.2479802187499445,1.2368049687268012
2102,salt_pepper,medium,1,1,salt_pepper,salt_pepper,False,0.10764431208372116,0.7326597571372986,17.424327850341797,0.10764431208372116,0.7326597571372986,17.424327850341797,1.2479802187499445,1.2368049687268012
2103,blur,high,2,2,blur,blur,False,0.053820740431547165,0.7718837857246399,22.62923812866211,0.053820740431547165,0.7718837857246399,22.62923812866211,1.2479802187499445,1.2368049687268012
2104,clean,none,0,0,clean,clean,False,0.0,1.0,100.0,0.0,1.0,100.0,1.2479802187499445,1.2368049687268012
2105,occlusion,high,3,3,occlusion,occlusion,False,0.06549331545829773,0.6937962174415588,18.7474422454834,0.06549331545829773,0.6937962174415588,18.7474422454834,1.2479802187499445,1.2368049687268012
2106,clean,none,0,0,clean,clean,False,0.0,1.0,100.0,0.0,1.0,100.0,1.2479802187499445,1.2368049687268012
2107,blur,high,2,2,blur,blur,False,0.12553338706493378,0.5503560900688171,15.165781021118164,0.12553338706493378,0.5503560900688171,15.165781021118164,1.2479802187499445,1.2368049687268012
2108,clean,none,0,0,clean,clean,False,0.0,1.0,100.0,0.0,1.0,100.0,1.2479802187499445,1.2368049687268012
2109,blur,low,2,2,blur,blur,False,0.050173092633485794,0.8024241328239441,22.17798614501953,0.050173092633485794,0.8024241328239441,22.17798614501953,1.2479802187499445,1.2368049687268012
2110,salt_pepper,high,1,1,salt_pepper,salt_pepper,False,0.039929307997226715,0.7921561598777771,24.50552749633789,0.039929307997226715,0.7921561598777771,24.50552749633789,1.2479802187499445,1.2368049687268012
2111,clean,none,0,0,clean,clean,False,0.0,1.0,100.0,0.0,1.0,100.0,1.2479802187499445,1.2368049687268012
2112,salt_pepper,medium,1,1,salt_pepper,salt_pepper,False,0.07144192606210709,0.8014833927154541,19.858430862426758,0.07144192606210709,0.8014833927154541,19.858430862426758,1.457404093741843,1.4607746250021592
2113,clean,none,0,0,clean,clean,False,0.0,1.0,100.0,0.0,1.0,100.0,1.457404093741843,1.4607746250021592
2114,clean,none,0,0,clean,clean,False,0.0,1.0,100.0,0.0,1.0,100.0,1.457404093741843,1.4607746250021592
2115,clean,none,0,0,clean,clean,False,0.0,1.0,100.0,0.0,1.0,100.0,1.457404093741843,1.4607746250021592
2116,clean,none,0,0,clean,clean,False,0.0,1.0,100.0,0.0,1.0,100.0,1.457404093741843,1.4607746250021592
2117,salt_pepper,low,1,1,salt_pepper,salt_pepper,False,0.06742794066667557,0.8038627505302429,19.921676635742188,0.06742794066667557,0.8038627505302429,19.921676635742188,1.457404093741843,1.4607746250021592
2118,salt_pepper,low,1,1,salt_pepper,salt_pepper,False,0.021692803129553795,0.8404050469398499,30.1131649017334,0.021692803129553795,0.8404050469398499,30.1131649017334,1.457404093741843,1.4607746250021592
2119,salt_pepper,medium,1,1,salt_pepper,salt_pepper,False,0.065764881670475,0.5709037184715271,21.437070846557617,0.065764881670475,0.5709037184715271,21.437070846557617,1.457404093741843,1.4607746250021592
2120,occlusion,low,3,3,occlusion,occlusion,False,0.058019738644361496,0.7459095120429993,20.726926803588867,0.058019738644361496,0.7459095120429993,20.726926803588867,1.457404093741843,1.4607746250021592
2121,occlusion,high,3,3,occlusion,occlusion,False,0.07690959423780441,0.39763835072517395,19.298564910888672,0.07690959423780441,0.39763835072517395,19.298564910888672,1.457404093741843,1.4607746250021592
2122,blur,low,2,2,blur,blur,False,0.10849859565496445,0.6903643608093262,16.73661994934082,0.10849859565496445,0.6903643608093262,16.73661994934082,1.457404093741843,1.4607746250021592
2123,blur,high,2,2,blur,blur,False,0.07568266242742538,0.674375057220459,19.822946548461914,0.07568266242742538,0.674375057220459,19.822946548461914,1.457404093741843,1.4607746250021592
2124,clean,none,0,0,clean,clean,False,0.0,1.0,100.0,0.0,1.0,100.0,1.457404093741843,1.4607746250021592
2125,blur,medium,2,2,blur,blur,False,0.03603379428386688,0.8336079716682434,26.01914405822754,0.03603379428386688,0.8336079716682434,26.01914405822754,1.457404093741843,1.4607746250021592
2126,blur,low,2,2,blur,blur,False,0.03757062926888466,0.8991830945014954,25.98771858215332,0.03757062926888466,0.8991830945014954,25.98771858215332,1.457404093741843,1.4607746250021592
2127,blur,high,2,2,blur,blur,False,0.05904272571206093,0.7687952518463135,21.7763614654541,0.05904272571206093,0.7687952518463135,21.7763614654541,1.457404093741843,1.4607746250021592
2128,clean,none,0,0,clean,clean,False,0.0,1.0,100.0,0.0,1.0,100.0,1.457404093741843,1.4607746250021592
2129,occlusion,low,3,3,occlusion,occlusion,False,0.05963772535324097,0.6799396872520447,19.195539474487305,0.05963772535324097,0.6799396872520447,19.195539474487305,1.457404093741843,1.4607746250021592
2130,blur,low,2,2,blur,blur,False,0.0617147795855999,0.7048880457878113,21.579578399658203,0.0617147795855999,0.7048880457878113,21.579578399658203,1.457404093741843,1.4607746250021592
2131,salt_pepper,medium,1,1,salt_pepper,salt_pepper,False,0.10297971218824387,0.5580845475196838,17.430288314819336,0.10297971218824387,0.5580845475196838,17.430288314819336,1.457404093741843,1.4607746250021592
2132,blur,low,2,2,blur,blur,False,0.051994264125823975,0.8362531065940857,22.27029800415039,0.051994264125823975,0.8362531065940857,22.27029800415039,1.457404093741843,1.4607746250021592
2133,blur,medium,2,2,blur,blur,False,0.09243536740541458,0.8455148339271545,18.7547607421875,0.09243536740541458,0.8455148339271545,18.7547607421875,1.457404093741843,1.4607746250021592
2134,salt_pepper,low,1,1,salt_pepper,salt_pepper,False,0.044016677886247635,0.8857138752937317,24.782066345214844,0.044016677886247635,0.8857138752937317,24.782066345214844,1.457404093741843,1.4607746250021592
2135,blur,medium,2,2,blur,blur,False,0.10832119733095169,0.7810835838317871,17.72870635986328,0.10832119733095169,0.7810835838317871,17.72870635986328,1.457404093741843,1.4607746250021592
2136,blur,medium,2,2,blur,blur,False,0.04283565655350685,0.8686230778694153,24.75768280029297,0.04283565655350685,0.8686230778694153,24.75768280029297,1.457404093741843,1.4607746250021592
2137,salt_pepper,low,1,1,salt_pepper,salt_pepper,False,0.07157715409994125,0.7854325175285339,19.92901611328125,0.07157715409994125,0.7854325175285339,19.92901611328125,1.457404093741843,1.4607746250021592
2138,blur,high,2,2,blur,blur,False,0.04131673276424408,0.7626006007194519,23.73284339904785,0.04131673276424408,0.7626006007194519,23.73284339904785,1.457404093741843,1.4607746250021592
2139,occlusion,medium,3,3,occlusion,occlusion,False,0.11398899555206299,0.5928457379341125,16.18488121032715,0.11398899555206299,0.5928457379341125,16.18488121032715,1.457404093741843,1.4607746250021592
2140,occlusion,medium,3,3,occlusion,occlusion,False,0.07374442368745804,0.6443716883659363,18.10129737854004,0.07374442368745804,0.6443716883659363,18.10129737854004,1.457404093741843,1.4607746250021592
2141,blur,high,2,2,blur,blur,False,0.07931478321552277,0.8104777932167053,19.711021423339844,0.07931478321552277,0.8104777932167053,19.711021423339844,1.457404093741843,1.4607746250021592
2142,clean,none,0,0,clean,clean,False,0.0,1.0,100.0,0.0,1.0,100.0,1.457404093741843,1.4607746250021592
2143,blur,high,2,2,blur,blur,False,0.0356176495552063,0.8144946098327637,25.441627502441406,0.0356176495552063,0.8144946098327637,25.441627502441406,1.457404093741843,1.4607746250021592
2144,blur,high,2,2,blur,blur,False,0.0691622719168663,0.6795427203178406,20.42720603942871,0.0691622719168663,0.6795427203178406,20.42720603942871,1.2971964375196876,1.3416938437558201
2145,occlusion,low,3,0,occlusion,clean,True,0.011958104558289051,0.8952285647392273,24.94186782836914,0.04584692791104317,0.72438645362854,23.510770797729492,1.2971964375196876,1.3416938437558201
2146,salt_pepper,high,1,1,salt_pepper,salt_pepper,False,0.032035280019044876,0.8956673741340637,24.849842071533203,0.032035280019044876,0.8956673741340637,24.849842071533203,1.2971964375196876,1.3416938437558201
2147,salt_pepper,medium,1,1,salt_pepper,salt_pepper,False,0.041253384202718735,0.764491617679596,25.731197357177734,0.041253384202718735,0.764491617679596,25.731197357177734,1.2971964375196876,1.3416938437558201
2148,salt_pepper,low,1,1,salt_pepper,salt_pepper,False,0.03339933231472969,0.8605074882507324,26.23758316040039,0.03339933231472969,0.8605074882507324,26.23758316040039,1.2971964375196876,1.3416938437558201
2149,blur,medium,2,2,blur,blur,False,0.03848479315638542,0.7755782008171082,25.062366485595703,0.03848479315638542,0.7755782008171082,25.062366485595703,1.2971964375196876,1.3416938437558201
2150,blur,high,2,2,blur,blur,False,0.052447687834501266,0.6884838938713074,22.821918487548828,0.052447687834501266,0.6884838938713074,22.821918487548828,1.2971964375196876,1.3416938437558201
2151,clean,none,0,0,clean,clean,False,0.0,1.0,100.0,0.0,1.0,100.0,1.2971964375196876,1.3416938437558201
2152,clean,none,0,0,clean,clean,False,0.0,1.0,100.0,0.0,1.0,100.0,1.2971964375196876,1.3416938437558201
2153,occlusion,high,3,3,occlusion,occlusion,False,0.06949073821306229,0.6992919445037842,18.550365447998047,0.06949073821306229,0.6992919445037842,18.550365447998047,1.2971964375196876,1.3416938437558201
2154,blur,medium,2,2,blur,blur,False,0.1362418234348297,0.6718642711639404,14.533914566040039,0.1362418234348297,0.6718642711639404,14.533914566040039,1.2971964375196876,1.3416938437558201
2155,occlusion,medium,3,3,occlusion,occlusion,False,0.09942509979009628,0.5276790261268616,16.87790870666504,0.09942509979009628,0.5276790261268616,16.87790870666504,1.2971964375196876,1.3416938437558201
2156,occlusion,high,3,3,occlusion,occlusion,False,0.09752895683050156,0.5693002343177795,17.69009017944336,0.09752895683050156,0.5693002343177795,17.69009017944336,1.2971964375196876,1.3416938437558201
2157,occlusion,medium,3,3,occlusion,occlusion,False,0.09190303087234497,0.5610031485557556,17.6689453125,0.09190303087234497,0.5610031485557556,17.6689453125,1.2971964375196876,1.3416938437558201
2158,occlusion,medium,3,3,occlusion,occlusion,False,0.0345318578183651,0.8292999267578125,24.556556701660156,0.0345318578183651,0.8292999267578125,24.556556701660156,1.2971964375196876,1.3416938437558201
2159,occlusion,high,3,3,occlusion,occlusion,False,0.09575388580560684,0.5502125024795532,16.530929565429688,0.09575388580560684,0.5502125024795532,16.530929565429688,1.2971964375196876,1.3416938437558201
2160,salt_pepper,high,1,1,salt_pepper,salt_pepper,False,0.05147786810994148,0.7974576950073242,23.437807083129883,0.05147786810994148,0.7974576950073242,23.437807083129883,1.2971964375196876,1.3416938437558201
2161,clean,none,0,0,clean,clean,False,0.0,1.0,100.0,0.0,1.0,100.0,1.2971964375196876,1.3416938437558201
2162,clean,none,0,0,clean,clean,False,0.0,1.0,100.0,0.0,1.0,100.0,1.2971964375196876,1.3416938437558201
2163,blur,high,2,2,blur,blur,False,0.025220973417162895,0.8023815751075745,28.368072509765625,0.025220973417162895,0.8023815751075745,28.368072509765625,1.2971964375196876,1.3416938437558201
2164,blur,low,2,2,blur,blur,False,0.09059656411409378,0.7162716388702393,17.829368591308594,0.09059656411409378,0.7162716388702393,17.829368591308594,1.2971964375196876,1.3416938437558201
2165,clean,none,0,0,clean,clean,False,0.0,1.0,100.0,0.0,1.0,100.0,1.2971964375196876,1.3416938437558201
2166,blur,low,2,2,blur,blur,False,0.09917563945055008,0.7582182884216309,18.03809928894043,0.09917563945055008,0.7582182884216309,18.03809928894043,1.2971964375196876,1.3416938437558201
2167,clean,none,0,0,clean,clean,False,0.0,1.0,100.0,0.0,1.0,100.0,1.2971964375196876,1.3416938437558201
2168,occlusion,medium,3,3,occlusion,occlusion,False,0.07045034319162369,0.703547477722168,18.44342803955078,0.07045034319162369,0.703547477722168,18.44342803955078,1.2971964375196876,1.3416938437558201
2169,clean,none,0,0,clean,clean,False,0.0,1.0,100.0,0.0,1.0,100.0,1.2971964375196876,1.3416938437558201
2170,clean,none,0,0,clean,clean,False,0.0,1.0,100.0,0.0,1.0,100.0,1.2971964375196876,1.3416938437558201
2171,salt_pepper,medium,1,1,salt_pepper,salt_pepper,False,0.08299831300973892,0.7708881497383118,18.955169677734375,0.08299831300973892,0.7708881497383118,18.955169677734375,1.2971964375196876,1.3416938437558201
2172,occlusion,high,3,3,occlusion,occlusion,False,0.07608651369810104,0.6290028691291809,19.02204132080078,0.07608651369810104,0.6290028691291809,19.02204132080078,1.2971964375196876,1.3416938437558201
2173,blur,medium,2,2,blur,blur,False,0.10612332075834274,0.7763798832893372,17.556499481201172,0.10612332075834274,0.7763798832893372,17.556499481201172,1.2971964375196876,1.3416938437558201
2174,occlusion,medium,3,3,occlusion,occlusion,False,0.06786348670721054,0.5497025847434998,20.96881866455078,0.06786348670721054,0.5497025847434998,20.96881866455078,1.2971964375196876,1.3416938437558201
2175,blur,medium,2,2,blur,blur,False,0.06520625948905945,0.7853168845176697,20.68035125732422,0.06520625948905945,0.7853168845176697,20.68035125732422,1.2971964375196876,1.3416938437558201
2176,occlusion,medium,3,3,occlusion,occlusion,False,0.036508284509181976,0.7810141444206238,24.784503936767578,0.036508284509181976,0.7810141444206238,24.784503936767578,1.2684204374977526,1.257362093753045
2177,blur,low,2,2,blur,blur,False,0.07364491373300552,0.7807456851005554,20.384857177734375,0.07364491373300552,0.7807456851005554,20.384857177734375,1.2684204374977526,1.257362093753045
2178,occlusion,medium,3,3,occlusion,occlusion,False,0.08633318543434143,0.4541040360927582,19.003461837768555,0.08633318543434143,0.4541040360927582,19.003461837768555,1.2684204374977526,1.257362093753045
2179,blur,low,2,2,blur,blur,False,0.06753047555685043,0.8368958830833435,19.9100284576416,0.06753047555685043,0.8368958830833435,19.9100284576416,1.2684204374977526,1.257362093753045
2180,occlusion,low,3,3,occlusion,occlusion,False,0.06708309054374695,0.7923070788383484,19.57729721069336,0.06708309054374695,0.7923070788383484,19.57729721069336,1.2684204374977526,1.257362093753045
2181,occlusion,low,3,3,occlusion,occlusion,False,0.05640562251210213,0.6797962784767151,22.41673469543457,0.05640562251210213,0.6797962784767151,22.41673469543457,1.2684204374977526,1.257362093753045
2182,occlusion,low,3,3,occlusion,occlusion,False,0.04182739183306694,0.8501768708229065,23.88603973388672,0.04182739183306694,0.8501768708229065,23.88603973388672,1.2684204374977526,1.257362093753045
2183,occlusion,high,3,3,occlusion,occlusion,False,0.05162816122174263,0.6777496337890625,20.787790298461914,0.05162816122174263,0.6777496337890625,20.787790298461914,1.2684204374977526,1.257362093753045
2184,clean,none,0,0,clean,clean,False,0.0,1.0,100.0,0.0,1.0,100.0,1.2684204374977526,1.257362093753045
2185,occlusion,low,3,3,occlusion,occlusion,False,0.058190297335386276,0.7548843026161194,20.10451316833496,0.058190297335386276,0.7548843026161194,20.10451316833496,1.2684204374977526,1.257362093753045
2186,clean,none,0,0,clean,clean,False,0.0,1.0,100.0,0.0,1.0,100.0,1.2684204374977526,1.257362093753045
2187,clean,none,0,0,clean,clean,False,0.0,1.0,100.0,0.0,1.0,100.0,1.2684204374977526,1.257362093753045
2188,clean,none,0,0,clean,clean,False,0.0,1.0,100.0,0.0,1.0,100.0,1.2684204374977526,1.257362093753045
2189,blur,low,2,2,blur,blur,False,0.04268806055188179,0.7255004048347473,25.21480941772461,0.04268806055188179,0.7255004048347473,25.21480941772461,1.2684204374977526,1.257362093753045
2190,blur,medium,2,2,blur,blur,False,0.025578945875167847,0.8735589385032654,28.14704704284668,0.025578945875167847,0.8735589385032654,28.14704704284668,1.2684204374977526,1.257362093753045
2191,salt_pepper,medium,1,1,salt_pepper,salt_pepper,False,0.01965840347111225,0.8903533816337585,30.580320358276367,0.01965840347111225,0.8903533816337585,30.580320358276367,1.2684204374977526,1.257362093753045
2192,clean,none,0,0,clean,clean,False,0.0,1.0,100.0,0.0,1.0,100.0,1.2684204374977526,1.257362093753045
2193,blur,high,2,2,blur,blur,False,0.05539935827255249,0.6011056303977966,22.431270599365234,0.05539935827255249,0.6011056303977966,22.431270599365234,1.2684204374977526,1.257362093753045
2194,clean,none,0,0,clean,clean,False,0.0,1.0,100.0,0.0,1.0,100.0,1.2684204374977526,1.257362093753045
2195,salt_pepper,low,1,1,salt_pepper,salt_pepper,False,0.0538579523563385,0.6683489680290222,23.05408477783203,0.0538579523563385,0.6683489680290222,23.05408477783203,1.2684204374977526,1.257362093753045
2196,clean,none,0,0,clean,clean,False,0.0,1.0,100.0,0.0,1.0,100.0,1.2684204374977526,1.257362093753045
2197,salt_pepper,medium,1,1,salt_pepper,salt_pepper,False,0.068904347717762,0.717701256275177,21.20050048828125,0.068904347717762,0.717701256275177,21.20050048828125,1.2684204374977526,1.257362093753045
2198,blur,medium,2,2,blur,blur,False,0.05548012629151344,0.8292720913887024,22.888385772705078,0.05548012629151344,0.8292720913887024,22.888385772705078,1.2684204374977526,1.257362093753045
2199,occlusion,high,3,3,occlusion,occlusion,False,0.07323207706212997,0.6071813702583313,18.99716567993164,0.07323207706212997,0.6071813702583313,18.99716567993164,1.2684204374977526,1.257362093753045
2200,blur,high,2,2,blur,blur,False,0.0618671216070652,0.7027832865715027,20.773765563964844,0.0618671216070652,0.7027832865715027,20.773765563964844,1.2684204374977526,1.257362093753045
2201,occlusion,low,3,3,occlusion,occlusion,False,0.05885903164744377,0.5962223410606384,21.883159637451172,0.05885903164744377,0.5962223410606384,21.883159637451172,1.2684204374977526,1.257362093753045
2202,clean,none,0,0,clean,clean,False,0.0,1.0,100.0,0.0,1.0,100.0,1.2684204374977526,1.257362093753045
2203,blur,low,2,2,blur,blur,False,0.06277775019407272,0.8146100640296936,20.68058967590332,0.06277775019407272,0.8146100640296936,20.68058967590332,1.2684204374977526,1.257362093753045
2204,clean,none,0,0,clean,clean,False,0.0,1.0,100.0,0.0,1.0,100.0,1.2684204374977526,1.257362093753045
2205,blur,low,2,2,blur,blur,False,0.06286297738552094,0.7471705079078674,20.62793731689453,0.06286297738552094,0.7471705079078674,20.62793731689453,1.2684204374977526,1.257362093753045
2206,clean,none,0,0,clean,clean,False,0.0,1.0,100.0,0.0,1.0,100.0,1.2684204374977526,1.257362093753045
2207,salt_pepper,low,1,1,salt_pepper,salt_pepper,False,0.04505646228790283,0.8289712071418762,23.772789001464844,0.04505646228790283,0.8289712071418762,23.772789001464844,1.2684204374977526,1.257362093753045
2208,salt_pepper,high,1,1,salt_pepper,salt_pepper,False,0.03979470208287239,0.8392901420593262,23.756010055541992,0.03979470208287239,0.8392901420593262,23.756010055541992,1.1853343750090062,1.1704979374940194
2209,salt_pepper,medium,1,1,salt_pepper,salt_pepper,False,0.05466953292489052,0.8035283088684082,21.475351333618164,0.05466953292489052,0.8035283088684082,21.475351333618164,1.1853343750090062,1.1704979374940194
2210,blur,high,2,2,blur,blur,False,0.10443659871816635,0.652778685092926,16.95534324645996,0.10443659871816635,0.652778685092926,16.95534324645996,1.1853343750090062,1.1704979374940194
2211,clean,none,0,0,clean,clean,False,0.0,1.0,100.0,0.0,1.0,100.0,1.1853343750090062,1.1704979374940194
2212,clean,none,0,0,clean,clean,False,0.0,1.0,100.0,0.0,1.0,100.0,1.1853343750090062,1.1704979374940194
2213,clean,none,0,0,clean,clean,False,0.0,1.0,100.0,0.0,1.0,100.0,1.1853343750090062,1.1704979374940194
2214,clean,none,0,0,clean,clean,False,0.0,1.0,100.0,0.0,1.0,100.0,1.1853343750090062,1.1704979374940194
2215,occlusion,high,3,3,occlusion,occlusion,False,0.10566908121109009,0.5357038378715515,15.72595500946045,0.10566908121109009,0.5357038378715515,15.72595500946045,1.1853343750090062,1.1704979374940194
2216,salt_pepper,medium,1,1,salt_pepper,salt_pepper,False,0.08651728183031082,0.7210226655006409,19.518573760986328,0.08651728183031082,0.7210226655006409,19.518573760986328,1.1853343750090062,1.1704979374940194
2217,salt_pepper,high,1,1,salt_pepper,salt_pepper,False,0.06421370804309845,0.6978217959403992,21.043209075927734,0.06421370804309845,0.6978217959403992,21.043209075927734,1.1853343750090062,1.1704979374940194
2218,clean,none,0,0,clean,clean,False,0.0,1.0,100.0,0.0,1.0,100.0,1.1853343750090062,1.1704979374940194
2219,occlusion,low,3,3,occlusion,occlusion,False,0.06504236906766891,0.6957926750183105,20.753368377685547,0.06504236906766891,0.6957926750183105,20.753368377685547,1.1853343750090062,1.1704979374940194
2220,salt_pepper,high,1,1,salt_pepper,salt_pepper,False,0.06558205932378769,0.6915267109870911,21.75494384765625,0.06558205932378769,0.6915267109870911,21.75494384765625,1.1853343750090062,1.1704979374940194
2221,salt_pepper,medium,1,1,salt_pepper,salt_pepper,False,0.0949786901473999,0.6285683512687683,18.439006805419922,0.0949786901473999,0.6285683512687683,18.439006805419922,1.1853343750090062,1.1704979374940194
2222,occlusion,high,3,3,occlusion,occlusion,False,0.09810943156480789,0.5251843929290771,17.9498348236084,0.09810943156480789,0.5251843929290771,17.9498348236084,1.1853343750090062,1.1704979374940194
2223,blur,medium,2,2,blur,blur,False,0.11828448623418808,0.5334766507148743,16.3878231048584,0.11828448623418808,0.5334766507148743,16.3878231048584,1.1853343750090062,1.1704979374940194
2224,salt_pepper,low,1,1,salt_pepper,salt_pepper,False,0.04341262951493263,0.7435936331748962,25.352724075317383,0.04341262951493263,0.7435936331748962,25.352724075317383,1.1853343750090062,1.1704979374940194
2225,blur,low,2,2,blur,blur,False,0.08395595103502274,0.6893443465232849,16.2139835357666,0.08395595103502274,0.6893443465232849,16.2139835357666,1.1853343750090062,1.1704979374940194
2226,clean,none,0,0,clean,clean,False,0.0,1.0,100.0,0.0,1.0,100.0,1.1853343750090062,1.1704979374940194
2227,salt_pepper,medium,1,1,salt_pepper,salt_pepper,False,0.0763411596417427,0.6237401366233826,20.398128509521484,0.0763411596417427,0.6237401366233826,20.398128509521484,1.1853343750090062,1.1704979374940194
2228,salt_pepper,low,1,1,salt_pepper,salt_pepper,False,0.029633717611432076,0.8601099848747253,27.974708557128906,0.029633717611432076,0.8601099848747253,27.974708557128906,1.1853343750090062,1.1704979374940194
2229,clean,none,0,0,clean,clean,False,0.0,1.0,100.0,0.0,1.0,100.0,1.1853343750090062,1.1704979374940194
2230,clean,none,0,0,clean,clean,False,0.0,1.0,100.0,0.0,1.0,100.0,1.1853343750090062,1.1704979374940194
2231,clean,none,0,0,clean,clean,False,0.0,1.0,100.0,0.0,1.0,100.0,1.1853343750090062,1.1704979374940194
2232,clean,none,0,0,clean,clean,False,0.0,1.0,100.0,0.0,1.0,100.0,1.1853343750090062,1.1704979374940194
2233,salt_pepper,high,1,1,salt_pepper,salt_pepper,False,0.09445332735776901,0.6654369235038757,18.942106246948242,0.09445332735776901,0.6654369235038757,18.942106246948242,1.1853343750090062,1.1704979374940194
2234,salt_pepper,high,1,1,salt_pepper,salt_pepper,False,0.046483296900987625,0.8296765685081482,24.325925827026367,0.046483296900987625,0.8296765685081482,24.325925827026367,1.1853343750090062,1.1704979374940194
2235,salt_pepper,high,1,1,salt_pepper,salt_pepper,False,0.08283326774835587,0.5969377160072327,19.406505584716797,0.08283326774835587,0.5969377160072327,19.406505584716797,1.1853343750090062,1.1704979374940194
2236,salt_pepper,high,1,1,salt_pepper,salt_pepper,False,0.0773608386516571,0.614881157875061,18.9979190826416,0.0773608386516571,0.614881157875061,18.9979190826416,1.1853343750090062,1.1704979374940194
2237,clean,none,0,0,clean,clean,False,0.0,1.0,100.0,0.0,1.0,100.0,1.1853343750090062,1.1704979374940194
2238,blur,medium,2,2,blur,blur,False,0.056451067328453064,0.771264374256134,21.59701919555664,0.056451067328453064,0.771264374256134,21.59701919555664,1.1853343750090062,1.1704979374940194
2239,clean,none,0,0,clean,clean,False,0.0,1.0,100.0,0.0,1.0,100.0,1.1853343750090062,1.1704979374940194
2240,blur,low,2,2,blur,blur,False,0.06412345916032791,0.7579004168510437,21.292057037353516,0.06412345916032791,0.7579004168510437,21.292057037353516,1.581686187506648,1.5772172187382694
2241,salt_pepper,low,1,1,salt_pepper,salt_pepper,False,0.0701708197593689,0.6990094184875488,20.615928649902344,0.0701708197593689,0.6990094184875488,20.615928649902344,1.581686187506648,1.5772172187382694
2242,occlusion,medium,3,3,occlusion,occlusion,False,0.081538625061512,0.5802111625671387,18.176210403442383,0.081538625061512,0.5802111625671387,18.176210403442383,1.581686187506648,1.5772172187382694
2243,salt_pepper,low,1,1,salt_pepper,salt_pepper,False,0.049956064671278,0.6762369275093079,23.998401641845703,0.049956064671278,0.6762369275093079,23.998401641845703,1.581686187506648,1.5772172187382694
2244,clean,none,0,0,clean,clean,False,0.0,1.0,100.0,0.0,1.0,100.0,1.581686187506648,1.5772172187382694
2245,occlusion,medium,3,3,occlusion,occlusion,False,0.09445652365684509,0.5330948829650879,17.177059173583984,0.09445652365684509,0.5330948829650879,17.177059173583984,1.581686187506648,1.5772172187382694
2246,occlusion,high,3,3,occlusion,occlusion,False,0.07082866877317429,0.5320753455162048,20.428646087646484,0.07082866877317429,0.5320753455162048,20.428646087646484,1.581686187506648,1.5772172187382694
2247,clean,none,0,0,clean,clean,False,0.0,1.0,100.0,0.0,1.0,100.0,1.581686187506648,1.5772172187382694
2248,salt_pepper,low,1,1,salt_pepper,salt_pepper,False,0.0629144087433815,0.7672626972198486,21.60943603515625,0.0629144087433815,0.7672626972198486,21.60943603515625,1.581686187506648,1.5772172187382694
2249,occlusion,medium,3,3,occlusion,occlusion,False,0.049242258071899414,0.7761009335517883,22.601282119750977,0.049242258071899414,0.7761009335517883,22.601282119750977,1.581686187506648,1.5772172187382694
2250,salt_pepper,low,1,1,salt_pepper,salt_pepper,False,0.06622465699911118,0.7040854096412659,21.554515838623047,0.06622465699911118,0.7040854096412659,21.554515838623047,1.581686187506648,1.5772172187382694
2251,blur,high,2,2,blur,blur,False,0.05677429959177971,0.8518651127815247,21.70421600341797,0.05677429959177971,0.8518651127815247,21.70421600341797,1.581686187506648,1.5772172187382694
2252,blur,high,2,2,blur,blur,False,0.06743044406175613,0.6890156865119934,20.361774444580078,0.06743044406175613,0.6890156865119934,20.361774444580078,1.581686187506648,1.5772172187382694
2253,salt_pepper,low,1,1,salt_pepper,salt_pepper,False,0.059546709060668945,0.685759961605072,21.988197326660156,0.059546709060668945,0.685759961605072,21.988197326660156,1.581686187506648,1.5772172187382694
2254,blur,medium,2,2,blur,blur,False,0.0628594234585762,0.6933379173278809,21.640350341796875,0.0628594234585762,0.6933379173278809,21.640350341796875,1.581686187506648,1.5772172187382694
2255,blur,medium,2,2,blur,blur,False,0.04509460926055908,0.7363271713256836,24.532289505004883,0.04509460926055908,0.7363271713256836,24.532289505004883,1.581686187506648,1.5772172187382694
2256,clean,none,0,0,clean,clean,False,0.0,1.0,100.0,0.0,1.0,100.0,1.581686187506648,1.5772172187382694
2257,salt_pepper,low,1,1,salt_pepper,salt_pepper,False,0.0641876831650734,0.7499814033508301,21.15135955810547,0.0641876831650734,0.7499814033508301,21.15135955810547,1.581686187506648,1.5772172187382694
2258,clean,none,0,0,clean,clean,False,0.0,1.0,100.0,0.0,1.0,100.0,1.581686187506648,1.5772172187382694
2259,clean,none,0,0,clean,clean,False,0.0,1.0,100.0,0.0,1.0,100.0,1.581686187506648,1.5772172187382694
2260,occlusion,medium,3,3,occlusion,occlusion,False,0.052956994622945786,0.7204697132110596,22.654216766357422,0.052956994622945786,0.7204697132110596,22.654216766357422,1.581686187506648,1.5772172187382694
2261,salt_pepper,low,1,1,salt_pepper,salt_pepper,False,0.05827993527054787,0.7482815384864807,21.745872497558594,0.05827993527054787,0.7482815384864807,21.745872497558594,1.581686187506648,1.5772172187382694
2262,clean,none,0,0,clean,clean,False,0.0,1.0,100.0,0.0,1.0,100.0,1.581686187506648,1.5772172187382694
2263,blur,high,2,2,blur,blur,False,0.12447455525398254,0.5694547295570374,15.767655372619629,0.12447455525398254,0.5694547295570374,15.767655372619629,1.581686187506648,1.5772172187382694
2264,clean,none,0,0,clean,clean,False,0.0,1.0,100.0,0.0,1.0,100.0,1.581686187506648,1.5772172187382694
2265,salt_pepper,medium,1,1,salt_pepper,salt_pepper,False,0.1062890887260437,0.5816630721092224,16.65081214904785,0.1062890887260437,0.5816630721092224,16.65081214904785,1.581686187506648,1.5772172187382694
2266,clean,none,0,0,clean,clean,False,0.0,1.0,100.0,0.0,1.0,100.0,1.581686187506648,1.5772172187382694
2267,clean,none,0,0,clean,clean,False,0.0,1.0,100.0,0.0,1.0,100.0,1.581686187506648,1.5772172187382694
2268,occlusion,medium,3,3,occlusion,occlusion,False,0.07727235555648804,0.6643440127372742,19.648040771484375,0.07727235555648804,0.6643440127372742,19.648040771484375,1.581686187506648,1.5772172187382694
2269,blur,high,2,2,blur,blur,False,0.07285542041063309,0.7287850975990295,20.057592391967773,0.07285542041063309,0.7287850975990295,20.057592391967773,1.581686187506648,1.5772172187382694
2270,clean,none,0,0,clean,clean,False,0.0,1.0,100.0,0.0,1.0,100.0,1.581686187506648,1.5772172187382694
2271,blur,high,2,2,blur,blur,False,0.04809384047985077,0.7604696750640869,22.72218894958496,0.04809384047985077,0.7604696750640869,22.72218894958496,1.581686187506648,1.5772172187382694
2272,blur,medium,2,2,blur,blur,False,0.10702148824930191,0.589756965637207,17.793577194213867,0.1070215106010437,0.5897568464279175,17.793577194213867,1.4010740000003352,1.4019537812544058
2273,clean,none,0,0,clean,clean,False,0.0,1.0,100.0,0.0,1.0,100.0,1.4010740000003352,1.4019537812544058
2274,clean,none,0,0,clean,clean,False,0.0,1.0,100.0,0.0,1.0,100.0,1.4010740000003352,1.4019537812544058
2275,clean,none,0,0,clean,clean,False,0.0,1.0,100.0,0.0,1.0,100.0,1.4010740000003352,1.4019537812544058
2276,blur,low,2,2,blur,blur,False,0.04255187511444092,0.8495817184448242,24.652751922607422,0.042551878839731216,0.8495817184448242,24.652755737304688,1.4010740000003352,1.4019537812544058
2277,blur,low,2,2,blur,blur,False,0.061163678765296936,0.7490275502204895,21.64293098449707,0.061163682490587234,0.7490274310112,21.64293098449707,1.4010740000003352,1.4019537812544058
2278,occlusion,medium,3,3,occlusion,occlusion,False,0.058879781514406204,0.6967363953590393,21.209693908691406,0.058879781514406204,0.6967365145683289,21.209693908691406,1.4010740000003352,1.4019537812544058
2279,occlusion,low,3,3,occlusion,occlusion,False,0.10680385679006577,0.6155402660369873,16.346303939819336,0.10680385679006577,0.6155402660369873,16.346303939819336,1.4010740000003352,1.4019537812544058
2280,clean,none,0,0,clean,clean,False,0.0,1.0,100.0,0.0,1.0,100.0,1.4010740000003352,1.4019537812544058
2281,blur,high,2,2,blur,blur,False,0.06049021705985069,0.7457320094108582,22.162940979003906,0.06049021705985069,0.7457318902015686,22.162940979003906,1.4010740000003352,1.4019537812544058
2282,clean,none,0,0,clean,clean,False,0.0,1.0,100.0,0.0,1.0,100.0,1.4010740000003352,1.4019537812544058
2283,blur,high,2,2,blur,blur,False,0.07039158791303635,0.706622302532196,20.953304290771484,0.07039160281419754,0.706622302532196,20.953304290771484,1.4010740000003352,1.4019537812544058
2284,occlusion,low,3,2,occlusion,blur,True,0.07555931806564331,0.7575452923774719,18.406755447387695,0.0459931343793869,0.9022238850593567,23.007448196411133,1.4010740000003352,1.4019537812544058
2285,salt_pepper,low,1,1,salt_pepper,salt_pepper,False,0.10421129316091537,0.8132646083831787,17.639511108398438,0.10421129316091537,0.8132646083831787,17.639511108398438,1.4010740000003352,1.4019537812544058
2286,blur,medium,2,2,blur,blur,False,0.0391303189098835,0.8499795794487,24.64643096923828,0.0391303189098835,0.8499796986579895,24.64643096923828,1.4010740000003352,1.4019537812544058
2287,clean,none,0,0,clean,clean,False,0.0,1.0,100.0,0.0,1.0,100.0,1.4010740000003352,1.4019537812544058
2288,blur,low,2,2,blur,blur,False,0.04361243173480034,0.8539608120918274,24.186023712158203,0.04361242428421974,0.8539606928825378,24.186023712158203,1.4010740000003352,1.4019537812544058
2289,salt_pepper,medium,1,1,salt_pepper,salt_pepper,False,0.1630088835954666,0.6447810530662537,10.527716636657715,0.1630088835954666,0.6447810530662537,10.527716636657715,1.4010740000003352,1.4019537812544058
2290,blur,medium,2,2,blur,blur,False,0.03211026266217232,0.9178690910339355,27.676372528076172,0.032110266387462616,0.9178691506385803,27.676372528076172,1.4010740000003352,1.4019537812544058
2291,blur,high,2,2,blur,blur,False,0.055174440145492554,0.8420729637145996,22.48995018005371,0.055174440145492554,0.8420729637145996,22.48995018005371,1.4010740000003352,1.4019537812544058
2292,salt_pepper,low,1,1,salt_pepper,salt_pepper,False,0.026812726631760597,0.9128538966178894,28.26821517944336,0.026812726631760597,0.9128538966178894,28.26821517944336,1.4010740000003352,1.4019537812544058
2293,clean,none,0,0,clean,clean,False,0.0,1.0,100.0,0.0,1.0,100.0,1.4010740000003352,1.4019537812544058
2294,clean,none,0,2,clean,blur,True,0.028949109837412834,0.8891313672065735,28.024547576904297,0.0,1.0,100.0,1.4010740000003352,1.4019537812544058
2295,salt_pepper,medium,1,1,salt_pepper,salt_pepper,False,0.045188505202531815,0.8146066665649414,23.062780380249023,0.045188505202531815,0.8146066665649414,23.062780380249023,1.4010740000003352,1.4019537812544058
2296,salt_pepper,medium,1,1,salt_pepper,salt_pepper,False,0.035866204649209976,0.8828768134117126,25.487119674682617,0.035866204649209976,0.8828768134117126,25.487119674682617,1.4010740000003352,1.4019537812544058
2297,clean,none,0,0,clean,clean,False,0.0,1.0,100.0,0.0,1.0,100.0,1.4010740000003352,1.4019537812544058
2298,blur,high,2,2,blur,blur,False,0.04158853739500046,0.8662927746772766,24.839519500732422,0.04158853739500046,0.8662922978401184,24.839519500732422,1.4010740000003352,1.4019537812544058
2299,clean,none,0,0,clean,clean,False,0.0,1.0,100.0,0.0,1.0,100.0,1.4010740000003352,1.4019537812544058
2300,blur,low,2,2,blur,blur,False,0.13922782242298126,0.7865855097770691,15.206643104553223,0.13922783732414246,0.7865855097770691,15.206643104553223,1.4010740000003352,1.4019537812544058
2301,salt_pepper,low,1,1,salt_pepper,salt_pepper,False,0.06244673207402229,0.8295769691467285,21.712034225463867,0.06244673207402229,0.8295769691467285,21.712034225463867,1.4010740000003352,1.4019537812544058
2302,blur,high,2,2,blur,blur,False,0.03525817021727562,0.8725735545158386,25.918315887451172,0.03525817021727562,0.8725734353065491,25.918315887451172,1.4010740000003352,1.4019537812544058
2303,occlusion,medium,3,3,occlusion,occlusion,False,0.061619605869054794,0.7339001297950745,21.48994255065918,0.061619605869054794,0.7339001297950745,21.48994255065918,1.4010740000003352,1.4019537812544058
2304,blur,medium,2,2,blur,blur,False,0.07428324222564697,0.7604036331176758,20.314464569091797,0.07428324222564697,0.7604036331176758,20.314464569091797,1.728195749990391,1.6413343749945852
2305,salt_pepper,medium,1,1,salt_pepper,salt_pepper,False,0.05051201209425926,0.8468301892280579,23.263463973999023,0.05051201209425926,0.8468301892280579,23.263463973999023,1.728195749990391,1.6413343749945852
2306,occlusion,medium,3,3,occlusion,occlusion,False,0.056192148476839066,0.7848210334777832,19.83073616027832,0.056192148476839066,0.7848210334777832,19.830738067626953,1.728195749990391,1.6413343749945852
2307,occlusion,medium,3,3,occlusion,occlusion,False,0.07633735984563828,0.783301830291748,19.65399169921875,0.07633737474679947,0.783301830291748,19.653989791870117,1.728195749990391,1.6413343749945852
2308,blur,medium,2,2,blur,blur,False,0.047430749982595444,0.7300593256950378,24.395694732666016,0.047430749982595444,0.7300593256950378,24.395694732666016,1.728195749990391,1.6413343749945852
2309,blur,medium,2,2,blur,blur,False,0.047391291707754135,0.8486223220825195,23.673133850097656,0.047391291707754135,0.8486223220825195,23.673133850097656,1.728195749990391,1.6413343749945852
2310,blur,low,2,2,blur,blur,False,0.13618582487106323,0.7654762268066406,15.347305297851562,0.13618582487106323,0.7654762268066406,15.347305297851562,1.728195749990391,1.6413343749945852
2311,salt_pepper,high,1,1,salt_pepper,salt_pepper,False,0.038345806300640106,0.8710785508155823,25.823030471801758,0.038345806300640106,0.8710785508155823,25.823030471801758,1.728195749990391,1.6413343749945852
2312,blur,medium,2,2,blur,blur,False,0.07298236340284348,0.8690493106842041,20.13096046447754,0.07298236340284348,0.8690493106842041,20.13096046447754,1.728195749990391,1.6413343749945852
2313,occlusion,medium,3,3,occlusion,occlusion,False,0.042286891490221024,0.7485218048095703,23.75281524658203,0.042286913841962814,0.7485218048095703,23.7528133392334,1.728195749990391,1.6413343749945852
2314,salt_pepper,medium,1,1,salt_pepper,salt_pepper,False,0.031100163236260414,0.8945685029029846,27.19785499572754,0.031100163236260414,0.8945685029029846,27.19785499572754,1.728195749990391,1.6413343749945852
2315,salt_pepper,low,1,1,salt_pepper,salt_pepper,False,0.04431088641285896,0.8215788006782532,24.325572967529297,0.04431088641285896,0.8215788006782532,24.325572967529297,1.728195749990391,1.6413343749945852
2316,blur,high,2,2,blur,blur,False,0.03641221672296524,0.828299343585968,26.20846939086914,0.03641221672296524,0.828299343585968,26.20846939086914,1.728195749990391,1.6413343749945852
2317,occlusion,high,3,3,occlusion,occlusion,False,0.04579881951212883,0.6740701794624329,23.14448356628418,0.04579879343509674,0.6740701794624329,23.144489288330078,1.728195749990391,1.6413343749945852
2318,occlusion,medium,3,3,occlusion,occlusion,False,0.04509669169783592,0.6694128513336182,23.986888885498047,0.045096706598997116,0.6694127917289734,23.98688316345215,1.728195749990391,1.6413343749945852
2319,occlusion,medium,3,3,occlusion,occlusion,False,0.06819833070039749,0.7314229011535645,20.69693374633789,0.06819835305213928,0.7314230799674988,20.696929931640625,1.728195749990391,1.6413343749945852
2320,occlusion,low,3,3,occlusion,occlusion,False,0.04169889912009239,0.8249123096466064,22.813934326171875,0.041698891669511795,0.8249123096466064,22.81393814086914,1.728195749990391,1.6413343749945852
2321,clean,none,0,0,clean,clean,False,0.0,1.0,100.0,0.0,1.0,100.0,1.728195749990391,1.6413343749945852
2322,occlusion,low,3,3,occlusion,occlusion,False,0.047872450202703476,0.742650032043457,23.28137969970703,0.04787243902683258,0.742650032043457,23.281381607055664,1.728195749990391,1.6413343749945852
2323,blur,medium,2,2,blur,blur,False,0.04325959086418152,0.821086585521698,24.452917098999023,0.04325959086418152,0.821086585521698,24.452917098999023,1.728195749990391,1.6413343749945852
2324,blur,low,2,2,blur,blur,False,0.06433713436126709,0.9119040966033936,21.799148559570312,0.06433713436126709,0.9119040966033936,21.799148559570312,1.728195749990391,1.6413343749945852
2325,blur,high,2,2,blur,blur,False,0.08921840786933899,0.70904940366745,19.0233097076416,0.08921840786933899,0.70904940366745,19.0233097076416,1.728195749990391,1.6413343749945852
2326,clean,none,0,0,clean,clean,False,0.0,1.0,100.0,0.0,1.0,100.0,1.728195749990391,1.6413343749945852
2327,occlusion,low,3,3,occlusion,occlusion,False,0.0343649722635746,0.788271427154541,26.84703826904297,0.0343649685382843,0.788271427154541,26.84703826904297,1.728195749990391,1.6413343749945852
2328,blur,medium,2,2,blur,blur,False,0.04470782354474068,0.8127209544181824,24.87255859375,0.04470782354474068,0.8127209544181824,24.87255859375,1.728195749990391,1.6413343749945852
2329,clean,none,0,3,clean,occlusion,True,0.08189993351697922,0.7913241386413574,14.49050521850586,0.0,1.0,100.0,1.728195749990391,1.6413343749945852
2330,occlusion,low,3,3,occlusion,occlusion,False,0.04125109314918518,0.8101670145988464,24.480743408203125,0.04125109687447548,0.8101670145988464,24.480743408203125,1.728195749990391,1.6413343749945852
2331,clean,none,0,0,clean,clean,False,0.0,1.0,100.0,0.0,1.0,100.0,1.728195749990391,1.6413343749945852
2332,salt_pepper,medium,1,1,salt_pepper,salt_pepper,False,0.04710637032985687,0.7906513810157776,22.179523468017578,0.04710637032985687,0.7906513810157776,22.179523468017578,1.728195749990391,1.6413343749945852
2333,salt_pepper,low,1,1,salt_pepper,salt_pepper,False,0.06397569924592972,0.8308077454566956,21.502567291259766,0.06397569924592972,0.8308077454566956,21.502567291259766,1.728195749990391,1.6413343749945852
2334,blur,low,2,2,blur,blur,False,0.049237873405218124,0.8515227437019348,23.48415184020996,0.049237873405218124,0.8515227437019348,23.48415184020996,1.728195749990391,1.6413343749945852
2335,clean,none,0,0,clean,clean,False,0.0,1.0,100.0,0.0,1.0,100.0,1.728195749990391,1.6413343749945852
2336,occlusion,high,3,3,occlusion,occlusion,False,0.06788894534111023,0.601395308971405,20.552207946777344,0.06788894534111023,0.601395308971405,20.552207946777344,1.3910540937445148,1.3298886250083797
2337,clean,none,0,0,clean,clean,False,0.0,1.0,100.0,0.0,1.0,100.0,1.3910540937445148,1.3298886250083797
2338,salt_pepper,low,1,1,salt_pepper,salt_pepper,False,0.0616423636674881,0.8534414172172546,21.504928588867188,0.0616423636674881,0.8534414172172546,21.504928588867188,1.3910540937445148,1.3298886250083797
2339,blur,high,2,2,blur,blur,False,0.04264869913458824,0.8324130177497864,22.979522705078125,0.04264869913458824,0.8324130177497864,22.979522705078125,1.3910540937445148,1.3298886250083797
2340,occlusion,low,3,3,occlusion,occlusion,False,0.02363305352628231,0.8624040484428406,28.010826110839844,0.02363305352628231,0.8624040484428406,28.010826110839844,1.3910540937445148,1.3298886250083797
2341,clean,none,0,0,clean,clean,False,0.0,1.0,100.0,0.0,1.0,100.0,1.3910540937445148,1.3298886250083797
2342,blur,medium,2,2,blur,blur,False,0.03301091864705086,0.8978908658027649,26.79718780517578,0.03301091864705086,0.8978908658027649,26.79718780517578,1.3910540937445148,1.3298886250083797
2343,occlusion,high,3,3,occlusion,occlusion,False,0.07709778845310211,0.616349995136261,19.364377975463867,0.07709778845310211,0.616349995136261,19.364377975463867,1.3910540937445148,1.3298886250083797
2344,salt_pepper,low,1,1,salt_pepper,salt_pepper,False,0.05754127725958824,0.7840051651000977,22.13858413696289,0.05754127725958824,0.7840051651000977,22.13858413696289,1.3910540937445148,1.3298886250083797
2345,blur,low,2,2,blur,blur,False,0.05433082580566406,0.7814297676086426,22.729578018188477,0.05433082580566406,0.7814297676086426,22.729578018188477,1.3910540937445148,1.3298886250083797
2346,salt_pepper,medium,1,1,salt_pepper,salt_pepper,False,0.08796855062246323,0.8192771077156067,18.755680084228516,0.08796855062246323,0.8192771077156067,18.755680084228516,1.3910540937445148,1.3298886250083797
2347,salt_pepper,low,1,1,salt_pepper,salt_pepper,False,0.09736170619726181,0.7107226848602295,18.18726921081543,0.09736170619726181,0.7107226848602295,18.18726921081543,1.3910540937445148,1.3298886250083797
2348,occlusion,low,3,3,occlusion,occlusion,False,0.044940028339624405,0.8035386204719543,23.58120346069336,0.044940028339624405,0.8035386204719543,23.58120346069336,1.3910540937445148,1.3298886250083797
2349,occlusion,medium,3,3,occlusion,occlusion,False,0.0905398428440094,0.5728447437286377,18.190305709838867,0.0905398428440094,0.5728447437286377,18.190305709838867,1.3910540937445148,1.3298886250083797
2350,blur,medium,2,2,blur,blur,False,0.07396542280912399,0.804804801940918,20.453868865966797,0.07396542280912399,0.804804801940918,20.453868865966797,1.3910540937445148,1.3298886250083797
2351,occlusion,medium,3,3,occlusion,occlusion,False,0.03873405233025551,0.7552908062934875,23.75832748413086,0.03873405233025551,0.7552908062934875,23.75832748413086,1.3910540937445148,1.3298886250083797
2352,occlusion,low,3,3,occlusion,occlusion,False,0.07985509186983109,0.7042065262794495,19.47125244140625,0.07985509186983109,0.7042065262794495,19.47125244140625,1.3910540937445148,1.3298886250083797
2353,salt_pepper,low,1,1,salt_pepper,salt_pepper,False,0.051784783601760864,0.7358353734016418,22.93647003173828,0.051784783601760864,0.7358353734016418,22.93647003173828,1.3910540937445148,1.3298886250083797
2354,clean,none,0,0,clean,clean,False,0.0,1.0,100.0,0.0,1.0,100.0,1.3910540937445148,1.3298886250083797
2355,salt_pepper,medium,1,1,salt_pepper,salt_pepper,False,0.04553892835974693,0.7840995788574219,23.815494537353516,0.04553892835974693,0.7840995788574219,23.815494537353516,1.3910540937445148,1.3298886250083797
2356,clean,none,0,0,clean,clean,False,0.0,1.0,100.0,0.0,1.0,100.0,1.3910540937445148,1.3298886250083797
2357,blur,high,2,2,blur,blur,False,0.052595943212509155,0.8046590685844421,22.486143112182617,0.052595943212509155,0.8046590685844421,22.486143112182617,1.3910540937445148,1.3298886250083797
2358,occlusion,high,3,3,occlusion,occlusion,False,0.060796141624450684,0.7266025543212891,19.359477996826172,0.060796141624450684,0.7266025543212891,19.359477996826172,1.3910540937445148,1.3298886250083797
2359,occlusion,low,3,3,occlusion,occlusion,False,0.0422261543571949,0.8362935185432434,20.696420669555664,0.0422261543571949,0.8362935185432434,20.696420669555664,1.3910540937445148,1.3298886250083797
2360,clean,none,0,0,clean,clean,False,0.0,1.0,100.0,0.0,1.0,100.0,1.3910540937445148,1.3298886250083797
2361,blur,medium,2,2,blur,blur,False,0.02758013643324375,0.8930630683898926,28.20038604736328,0.02758013643324375,0.8930630683898926,28.20038604736328,1.3910540937445148,1.3298886250083797
2362,clean,none,0,0,clean,clean,False,0.0,1.0,100.0,0.0,1.0,100.0,1.3910540937445148,1.3298886250083797
2363,salt_pepper,high,1,1,salt_pepper,salt_pepper,False,0.05228586867451668,0.8597880005836487,23.431804656982422,0.05228586867451668,0.8597880005836487,23.431804656982422,1.3910540937445148,1.3298886250083797
2364,blur,low,2,2,blur,blur,False,0.0422121025621891,0.8213973045349121,24.405990600585938,0.0422121025621891,0.8213973045349121,24.405990600585938,1.3910540937445148,1.3298886250083797
2365,salt_pepper,medium,1,1,salt_pepper,salt_pepper,False,0.0712316632270813,0.8163857460021973,21.230497360229492,0.0712316632270813,0.8163857460021973,21.230497360229492,1.3910540937445148,1.3298886250083797
2366,salt_pepper,medium,1,1,salt_pepper,salt_pepper,False,0.04718969389796257,0.8815903067588806,24.31427001953125,0.04718969389796257,0.8815903067588806,24.31427001953125,1.3910540937445148,1.3298886250083797
2367,occlusion,high,3,3,occlusion,occlusion,False,0.03601577877998352,0.7699128985404968,25.57677459716797,0.03601577877998352,0.7699128985404968,25.57677459716797,1.3910540937445148,1.3298886250083797
2368,clean,none,0,0,clean,clean,False,0.0,1.0,100.0,0.0,1.0,100.0,1.2625569062549857,1.1959591249990353
2369,salt_pepper,low,1,1,salt_pepper,salt_pepper,False,0.04859650135040283,0.8463268280029297,23.74795913696289,0.04859650135040283,0.8463268280029297,23.74795913696289,1.2625569062549857,1.1959591249990353
2370,salt_pepper,high,1,1,salt_pepper,salt_pepper,False,0.04107442498207092,0.8210404515266418,24.997207641601562,0.04107442498207092,0.8210404515266418,24.997207641601562,1.2625569062549857,1.1959591249990353
2371,clean,none,0,2,clean,blur,True,0.035884518176317215,0.9030374884605408,26.34617042541504,0.0,1.0,100.0,1.2625569062549857,1.1959591249990353
2372,salt_pepper,low,1,1,salt_pepper,salt_pepper,False,0.0840911865234375,0.7864031791687012,18.567035675048828,0.0840911865234375,0.7864031791687012,18.567035675048828,1.2625569062549857,1.1959591249990353
2373,clean,none,0,0,clean,clean,False,0.0,1.0,100.0,0.0,1.0,100.0,1.2625569062549857,1.1959591249990353
2374,salt_pepper,high,1,1,salt_pepper,salt_pepper,False,0.05552764609456062,0.8657887578010559,21.886518478393555,0.05552764609456062,0.8657887578010559,21.886518478393555,1.2625569062549857,1.1959591249990353
2375,blur,high,2,2,blur,blur,False,0.03934263437986374,0.860581636428833,25.44170379638672,0.03934263065457344,0.860581636428833,25.44170379638672,1.2625569062549857,1.1959591249990353
2376,clean,none,0,0,clean,clean,False,0.0,1.0,100.0,0.0,1.0,100.0,1.2625569062549857,1.1959591249990353
2377,occlusion,high,3,3,occlusion,occlusion,False,0.08271574974060059,0.7098264694213867,16.84695053100586,0.08271574974060059,0.7098264694213867,16.84695053100586,1.2625569062549857,1.1959591249990353
2378,salt_pepper,medium,1,1,salt_pepper,salt_pepper,False,0.03956053778529167,0.8686909675598145,25.50455093383789,0.03956053778529167,0.8686909675598145,25.50455093383789,1.2625569062549857,1.1959591249990353
2379,salt_pepper,high,1,1,salt_pepper,salt_pepper,False,0.0830347016453743,0.8319380879402161,18.209487915039062,0.0830347016453743,0.8319380879402161,18.209487915039062,1.2625569062549857,1.1959591249990353
2380,clean,none,0,0,clean,clean,False,0.0,1.0,100.0,0.0,1.0,100.0,1.2625569062549857,1.1959591249990353
2381,occlusion,low,3,3,occlusion,occlusion,False,0.038638561964035034,0.7892888188362122,24.65581512451172,0.038638561964035034,0.7892888188362122,24.65581512451172,1.2625569062549857,1.1959591249990353
2382,occlusion,medium,3,3,occlusion,occlusion,False,0.05308070406317711,0.7753551602363586,23.003005981445312,0.05308070406317711,0.7753551602363586,23.003005981445312,1.2625569062549857,1.1959591249990353
2383,clean,none,0,0,clean,clean,False,0.0,1.0,100.0,0.0,1.0,100.0,1.2625569062549857,1.1959591249990353
2384,salt_pepper,medium,1,1,salt_pepper,salt_pepper,False,0.07771024852991104,0.772662878036499,19.809797286987305,0.07771024852991104,0.772662878036499,19.809797286987305,1.2625569062549857,1.1959591249990353
2385,occlusion,low,3,3,occlusion,occlusion,False,0.04054815694689751,0.834773063659668,21.315725326538086,0.04054815694689751,0.834773063659668,21.315725326538086,1.2625569062549857,1.1959591249990353
2386,blur,medium,2,2,blur,blur,False,0.042118240147829056,0.7762588858604431,24.96833610534668,0.04211824759840965,0.7762591242790222,24.96833610534668,1.2625569062549857,1.1959591249990353
2387,occlusion,high,3,3,occlusion,occlusion,False,0.050230722874403,0.7984891533851624,21.684206008911133,0.050230722874403,0.7984891533851624,21.684206008911133,1.2625569062549857,1.1959591249990353
2388,salt_pepper,low,1,1,salt_pepper,salt_pepper,False,0.06694746017456055,0.8523974418640137,20.64517593383789,0.06694746017456055,0.8523974418640137,20.64517593383789,1.2625569062549857,1.1959591249990353
2389,salt_pepper,low,1,1,salt_pepper,salt_pepper,False,0.050470020622015,0.8530446887016296,23.718917846679688,0.050470020622015,0.8530446887016296,23.718917846679688,1.2625569062549857,1.1959591249990353
2390,occlusion,high,3,3,occlusion,occlusion,False,0.08077839761972427,0.6476102471351624,17.34134864807129,0.08077839761972427,0.6476102471351624,17.34134864807129,1.2625569062549857,1.1959591249990353
2391,salt_pepper,medium,1,1,salt_pepper,salt_pepper,False,0.03317610174417496,0.8757545948028564,26.91105079650879,0.03317610174417496,0.8757545948028564,26.91105079650879,1.2625569062549857,1.1959591249990353
2392,occlusion,medium,3,3,occlusion,occlusion,False,0.06264335662126541,0.5228542685508728,21.509225845336914,0.06264335662126541,0.5228542685508728,21.509225845336914,1.2625569062549857,1.1959591249990353
2393,clean,none,0,0,clean,clean,False,0.0,1.0,100.0,0.0,1.0,100.0,1.2625569062549857,1.1959591249990353
2394,blur,medium,2,2,blur,blur,False,0.10600950568914413,0.7404313087463379,16.89725685119629,0.10600950568914413,0.7404313087463379,16.89725685119629,1.2625569062549857,1.1959591249990353
2395,occlusion,medium,3,3,occlusion,occlusion,False,0.025891317054629326,0.898507297039032,29.036008834838867,0.025891317054629326,0.898507297039032,29.036008834838867,1.2625569062549857,1.1959591249990353
2396,clean,none,0,0,clean,clean,False,0.0,1.0,100.0,0.0,1.0,100.0,1.2625569062549857,1.1959591249990353
2397,clean,none,0,0,clean,clean,False,0.0,1.0,100.0,0.0,1.0,100.0,1.2625569062549857,1.1959591249990353
2398,salt_pepper,medium,1,1,salt_pepper,salt_pepper,False,0.039589639753103256,0.9073867797851562,25.712692260742188,0.039589639753103256,0.9073867797851562,25.712692260742188,1.2625569062549857,1.1959591249990353
2399,salt_pepper,low,1,1,salt_pepper,salt_pepper,False,0.0851246640086174,0.7004003524780273,18.617097854614258,0.0851246640086174,0.7004003524780273,18.617097854614258,1.2625569062549857,1.1959591249990353
2400,salt_pepper,high,1,1,salt_pepper,salt_pepper,False,0.0572403259575367,0.7569577693939209,20.867977142333984,0.0572403259575367,0.7569577693939209,20.867977142333984,1.231181718736707,1.1959963750030056
2401,blur,low,2,2,blur,blur,False,0.07566048949956894,0.7847583889961243,19.777332305908203,0.07566048949956894,0.7847587466239929,19.777332305908203,1.231181718736707,1.1959963750030056
2402,clean,none,0,0,clean,clean,False,0.0,1.0,100.0,0.0,1.0,100.0,1.231181718736707,1.1959963750030056
2403,blur,low,2,2,blur,blur,False,0.04536561667919159,0.8646638989448547,24.125885009765625,0.04536562040448189,0.86466383934021,24.125885009765625,1.231181718736707,1.1959963750030056
2404,blur,high,2,2,blur,blur,False,0.13646963238716125,0.5316446423530579,15.197244644165039,0.13646963238716125,0.5316447615623474,15.197244644165039,1.231181718736707,1.1959963750030056
2405,blur,high,2,2,blur,blur,False,0.04467684403061867,0.7225873470306396,24.133174896240234,0.044676851481199265,0.7225872874259949,24.133174896240234,1.231181718736707,1.1959963750030056
2406,occlusion,low,3,3,occlusion,occlusion,False,0.03738384321331978,0.8468421101570129,25.092182159423828,0.03738384321331978,0.8468421101570129,25.092182159423828,1.231181718736707,1.1959963750030056
2407,clean,none,0,0,clean,clean,False,0.0,1.0,100.0,0.0,1.0,100.0,1.231181718736707,1.1959963750030056
2408,clean,none,0,0,clean,clean,False,0.0,1.0,100.0,0.0,1.0,100.0,1.231181718736707,1.1959963750030056
2409,clean,none,0,0,clean,clean,False,0.0,1.0,100.0,0.0,1.0,100.0,1.231181718736707,1.1959963750030056
2410,blur,medium,2,2,blur,blur,False,0.04939049854874611,0.8129023909568787,23.474863052368164,0.04939049854874611,0.8129024505615234,23.474864959716797,1.231181718736707,1.1959963750030056
2411,salt_pepper,low,1,1,salt_pepper,salt_pepper,False,0.05247095227241516,0.7978160977363586,22.336456298828125,0.05247095227241516,0.7978160977363586,22.336456298828125,1.231181718736707,1.1959963750030056
2412,clean,none,0,0,clean,clean,False,0.0,1.0,100.0,0.0,1.0,100.0,1.231181718736707,1.1959963750030056
2413,salt_pepper,high,1,1,salt_pepper,salt_pepper,False,0.04915246739983559,0.887225866317749,23.5379581451416,0.04915246739983559,0.887225866317749,23.5379581451416,1.231181718736707,1.1959963750030056
2414,clean,none,0,0,clean,clean,False,0.0,1.0,100.0,0.0,1.0,100.0,1.231181718736707,1.1959963750030056
2415,blur,high,2,2,blur,blur,False,0.06120103970170021,0.8598604798316956,21.373249053955078,0.06120104715228081,0.8598605990409851,21.373249053955078,1.231181718736707,1.1959963750030056
2416,salt_pepper,low,1,1,salt_pepper,salt_pepper,False,0.03901730105280876,0.826134204864502,25.395498275756836,0.03901730105280876,0.826134204864502,25.395498275756836,1.231181718736707,1.1959963750030056
2417,salt_pepper,high,1,1,salt_pepper,salt_pepper,False,0.06592421233654022,0.627470850944519,21.49993896484375,0.06592421233654022,0.627470850944519,21.49993896484375,1.231181718736707,1.1959963750030056
2418,occlusion,low,3,3,occlusion,occlusion,False,0.029112935066223145,0.8646063208580017,26.050159454345703,0.029112935066223145,0.8646063208580017,26.050159454345703,1.231181718736707,1.1959963750030056
2419,blur,high,2,2,blur,blur,False,0.056740015745162964,0.7854903340339661,22.75940704345703,0.056740015745162964,0.7854906916618347,22.75940704345703,1.231181718736707,1.1959963750030056
2420,occlusion,high,3,3,occlusion,occlusion,False,0.06826246529817581,0.6817898750305176,18.73640251159668,0.06826246529817581,0.6817898750305176,18.73640251159668,1.231181718736707,1.1959963750030056
2421,occlusion,medium,3,3,occlusion,occlusion,False,0.03543610870838165,0.7872071862220764,24.224716186523438,0.03543610870838165,0.7872071862220764,24.224716186523438,1.231181718736707,1.1959963750030056
2422,occlusion,high,3,3,occlusion,occlusion,False,0.03180141746997833,0.7311407923698425,25.180952072143555,0.03180141746997833,0.7311407923698425,25.180952072143555,1.231181718736707,1.1959963750030056
2423,occlusion,high,3,3,occlusion,occlusion,False,0.051545437425374985,0.7369551658630371,21.964418411254883,0.051545437425374985,0.7369551658630371,21.964418411254883,1.231181718736707,1.1959963750030056
2424,occlusion,medium,3,3,occlusion,occlusion,False,0.056375473737716675,0.7147495150566101,21.764480590820312,0.056375473737716675,0.7147495150566101,21.764480590820312,1.231181718736707,1.1959963750030056
2425,clean,none,0,0,clean,clean,False,0.0,1.0,100.0,0.0,1.0,100.0,1.231181718736707,1.1959963750030056
2426,clean,none,0,2,clean,blur,True,0.03752182796597481,0.9219904541969299,26.526811599731445,0.0,1.0,100.0,1.231181718736707,1.1959963750030056
2427,clean,none,0,0,clean,clean,False,0.0,1.0,100.0,0.0,1.0,100.0,1.231181718736707,1.1959963750030056
2428,clean,none,0,0,clean,clean,False,0.0,1.0,100.0,0.0,1.0,100.0,1.231181718736707,1.1959963750030056
2429,occlusion,medium,3,3,occlusion,occlusion,False,0.03486383333802223,0.807795524597168,23.502948760986328,0.03486383333802223,0.807795524597168,23.502948760986328,1.231181718736707,1.1959963750030056
2430,salt_pepper,high,1,1,salt_pepper,salt_pepper,False,0.04189212992787361,0.8856973648071289,25.0424747467041,0.04189212992787361,0.8856973648071289,25.0424747467041,1.231181718736707,1.1959963750030056
2431,occlusion,medium,3,3,occlusion,occlusion,False,0.06891107559204102,0.7204112410545349,19.828231811523438,0.06891107559204102,0.7204112410545349,19.828231811523438,1.231181718736707,1.1959963750030056
2432,blur,high,2,2,blur,blur,False,0.040100742131471634,0.8165500164031982,25.418075561523438,0.040100742131471634,0.8165500164031982,25.418075561523438,1.6301213437657225,1.62248634376283
2433,clean,none,0,2,clean,blur,True,0.05814403295516968,0.8480775356292725,22.185958862304688,0.0,1.0,100.0,1.6301213437657225,1.62248634376283
2434,occlusion,medium,3,3,occlusion,occlusion,False,0.04304701089859009,0.8309759497642517,23.456327438354492,0.04304701089859009,0.8309759497642517,23.456327438354492,1.6301213437657225,1.62248634376283
2435,occlusion,high,3,3,occlusion,occlusion,False,0.05016176402568817,0.7618629336357117,21.494667053222656,0.05016176402568817,0.7618629336357117,21.494667053222656,1.6301213437657225,1.62248634376283
2436,occlusion,low,3,3,occlusion,occlusion,False,0.045456502586603165,0.802091658115387,23.30008316040039,0.045456502586603165,0.802091658115387,23.30008316040039,1.6301213437657225,1.62248634376283
2437,occlusion,medium,3,3,occlusion,occlusion,False,0.10210169106721878,0.6757488250732422,16.299089431762695,0.10210169106721878,0.6757488250732422,16.299089431762695,1.6301213437657225,1.62248634376283
2438,occlusion,high,3,3,occlusion,occlusion,False,0.0879066213965416,0.6227306723594666,15.848575592041016,0.0879066213965416,0.6227306723594666,15.848575592041016,1.6301213437657225,1.62248634376283
2439,occlusion,high,3,3,occlusion,occlusion,False,0.04772041738033295,0.72159743309021,22.95090103149414,0.04772041738033295,0.72159743309021,22.95090103149414,1.6301213437657225,1.62248634376283
2440,blur,medium,2,2,blur,blur,False,0.04442288354039192,0.8805293440818787,25.036834716796875,0.04442288354039192,0.8805293440818787,25.036834716796875,1.6301213437657225,1.62248634376283
2441,occlusion,medium,3,3,occlusion,occlusion,False,0.06363259255886078,0.6530779004096985,20.269994735717773,0.06363259255886078,0.6530779004096985,20.269994735717773,1.6301213437657225,1.62248634376283
2442,blur,medium,2,2,blur,blur,False,0.050164658576250076,0.7624814510345459,23.311302185058594,0.050164658576250076,0.7624814510345459,23.311302185058594,1.6301213437657225,1.62248634376283
2443,clean,none,0,0,clean,clean,False,0.0,1.0,100.0,0.0,1.0,100.0,1.6301213437657225,1.62248634376283
2444,occlusion,medium,3,3,occlusion,occlusion,False,0.05831089988350868,0.7096295356750488,19.92242431640625,0.05831089988350868,0.7096295356750488,19.92242431640625,1.6301213437657225,1.62248634376283
2445,occlusion,high,3,3,occlusion,occlusion,False,0.0387486033141613,0.7788587212562561,23.80337142944336,0.0387486033141613,0.7788587212562561,23.80337142944336,1.6301213437657225,1.62248634376283
2446,blur,high,2,2,blur,blur,False,0.04041919484734535,0.849852979183197,25.85138511657715,0.04041919484734535,0.849852979183197,25.85138511657715,1.6301213437657225,1.62248634376283
2447,occlusion,low,3,3,occlusion,occlusion,False,0.023821765556931496,0.8707173466682434,29.647865295410156,0.023821765556931496,0.8707173466682434,29.647865295410156,1.6301213437657225,1.62248634376283
2448,blur,medium,2,2,blur,blur,False,0.03485770523548126,0.8827703595161438,26.06247329711914,0.03485770523548126,0.8827703595161438,26.06247329711914,1.6301213437657225,1.62248634376283
2449,salt_pepper,high,1,1,salt_pepper,salt_pepper,False,0.07319516688585281,0.6514613032341003,20.228580474853516,0.07319516688585281,0.6514613032341003,20.228580474853516,1.6301213437657225,1.62248634376283
2450,salt_pepper,medium,1,1,salt_pepper,salt_pepper,False,0.05923345312476158,0.815913200378418,21.76873207092285,0.05923345312476158,0.815913200378418,21.76873207092285,1.6301213437657225,1.62248634376283
2451,occlusion,low,3,3,occlusion,occlusion,False,0.07655230164527893,0.6497453451156616,19.519670486450195,0.07655230164527893,0.6497453451156616,19.519670486450195,1.6301213437657225,1.62248634376283
2452,clean,none,0,0,clean,clean,False,0.0,1.0,100.0,0.0,1.0,100.0,1.6301213437657225,1.62248634376283
2453,clean,none,0,0,clean,clean,False,0.0,1.0,100.0,0.0,1.0,100.0,1.6301213437657225,1.62248634376283
2454,blur,low,2,2,blur,blur,False,0.04086685553193092,0.746321976184845,25.49974822998047,0.04086685553193092,0.746321976184845,25.49974822998047,1.6301213437657225,1.62248634376283
2455,blur,medium,2,2,blur,blur,False,0.05500428006052971,0.691255509853363,22.83338165283203,0.05500428006052971,0.691255509853363,22.83338165283203,1.6301213437657225,1.62248634376283
2456,salt_pepper,low,1,1,salt_pepper,salt_pepper,False,0.04710998013615608,0.8949199318885803,23.207242965698242,0.04710998013615608,0.8949199318885803,23.207242965698242,1.6301213437657225,1.62248634376283
2457,clean,none,0,0,clean,clean,False,0.0,1.0,100.0,0.0,1.0,100.0,1.6301213437657225,1.62248634376283
2458,clean,none,0,0,clean,clean,False,0.0,1.0,100.0,0.0,1.0,100.0,1.6301213437657225,1.62248634376283
2459,occlusion,high,3,3,occlusion,occlusion,False,0.07166661322116852,0.5681893229484558,19.632648468017578,0.07166661322116852,0.5681893229484558,19.632648468017578,1.6301213437657225,1.62248634376283
2460,occlusion,high,3,3,occlusion,occlusion,False,0.07312371581792831,0.7087543606758118,18.769672393798828,0.07312371581792831,0.7087543606758118,18.769672393798828,1.6301213437657225,1.62248634376283
2461,blur,low,2,2,blur,blur,False,0.1001986563205719,0.746721088886261,17.57247543334961,0.1001986563205719,0.746721088886261,17.57247543334961,1.6301213437657225,1.62248634376283
2462,salt_pepper,high,1,1,salt_pepper,salt_pepper,False,0.036577239632606506,0.7690717577934265,26.232284545898438,0.036577239632606506,0.7690717577934265,26.232284545898438,1.6301213437657225,1.62248634376283
2463,blur,low,2,2,blur,blur,False,0.056153759360313416,0.840181827545166,22.649730682373047,0.056153759360313416,0.840181827545166,22.649730682373047,1.6301213437657225,1.62248634376283
2464,blur,low,2,2,blur,blur,False,0.04976053908467293,0.8906782269477844,23.109237670898438,0.04976053908467293,0.8906782269477844,23.109237670898438,1.709699406234222,1.752311249987315
2465,blur,low,2,2,blur,blur,False,0.05195818468928337,0.8397900462150574,22.73682403564453,0.05195818468928337,0.8397900462150574,22.73682403564453,1.709699406234222,1.752311249987315
2466,clean,none,0,0,clean,clean,False,0.0,1.0,100.0,0.0,1.0,100.0,1.709699406234222,1.752311249987315
2467,clean,none,0,0,clean,clean,False,0.0,1.0,100.0,0.0,1.0,100.0,1.709699406234222,1.752311249987315
2468,salt_pepper,medium,1,1,salt_pepper,salt_pepper,False,0.06256847828626633,0.831538200378418,21.51049041748047,0.06256847828626633,0.831538200378418,21.51049041748047,1.709699406234222,1.752311249987315
2469,clean,none,0,0,clean,clean,False,0.0,1.0,100.0,0.0,1.0,100.0,1.709699406234222,1.752311249987315
2470,occlusion,low,3,3,occlusion,occlusion,False,0.043385762721300125,0.7993912696838379,23.100425720214844,0.043385762721300125,0.7993912696838379,23.100425720214844,1.709699406234222,1.752311249987315
2471,salt_pepper,low,1,1,salt_pepper,salt_pepper,False,0.054031748324632645,0.7554004788398743,22.38849639892578,0.054031748324632645,0.7554004788398743,22.38849639892578,1.709699406234222,1.752311249987315
2472,occlusion,medium,3,3,occlusion,occlusion,False,0.10187488794326782,0.5856051445007324,17.225019454956055,0.10187488794326782,0.5856051445007324,17.225019454956055,1.709699406234222,1.752311249987315
2473,salt_pepper,low,1,1,salt_pepper,salt_pepper,False,0.06737852841615677,0.8074701428413391,21.05823516845703,0.06737852841615677,0.8074701428413391,21.05823516845703,1.709699406234222,1.752311249987315
2474,clean,none,0,0,clean,clean,False,0.0,1.0,100.0,0.0,1.0,100.0,1.709699406234222,1.752311249987315
2475,blur,medium,2,2,blur,blur,False,0.0531325489282608,0.8633297085762024,22.611019134521484,0.0531325489282608,0.8633297085762024,22.611019134521484,1.709699406234222,1.752311249987315
2476,clean,none,0,0,clean,clean,False,0.0,1.0,100.0,0.0,1.0,100.0,1.709699406234222,1.752311249987315
2477,salt_pepper,medium,1,1,salt_pepper,salt_pepper,False,0.09158811718225479,0.6962732672691345,18.701526641845703,0.09158811718225479,0.6962732672691345,18.701526641845703,1.709699406234222,1.752311249987315
2478,salt_pepper,low,1,1,salt_pepper,salt_pepper,False,0.05409326031804085,0.7806074023246765,23.054800033569336,0.05409326031804085,0.7806074023246765,23.054800033569336,1.709699406234222,1.752311249987315
2479,occlusion,high,3,3,occlusion,occlusion,False,0.07685134559869766,0.5365545153617859,19.47693634033203,0.07685134559869766,0.5365545153617859,19.47693634033203,1.709699406234222,1.752311249987315
2480,salt_pepper,medium,1,1,salt_pepper,salt_pepper,False,0.03482035920023918,0.8373681902885437,26.298675537109375,0.03482035920023918,0.8373681902885437,26.298675537109375,1.709699406234222,1.752311249987315
2481,blur,medium,2,2,blur,blur,False,0.03129994496703148,0.8562483191490173,27.168893814086914,0.03129994496703148,0.8562483191490173,27.168893814086914,1.709699406234222,1.752311249987315
2482,blur,low,2,2,blur,blur,False,0.0655180886387825,0.8169381618499756,20.227153778076172,0.0655180886387825,0.8169381618499756,20.227153778076172,1.709699406234222,1.752311249987315
2483,occlusion,medium,3,3,occlusion,occlusion,False,0.09827876091003418,0.5365357398986816,17.28959846496582,0.09827876091003418,0.5365357398986816,17.28959846496582,1.709699406234222,1.752311249987315
2484,occlusion,low,3,3,occlusion,occlusion,False,0.049660563468933105,0.7770881652832031,22.709938049316406,0.049660563468933105,0.7770881652832031,22.709938049316406,1.709699406234222,1.752311249987315
2485,salt_pepper,low,1,1,salt_pepper,salt_pepper,False,0.05864352360367775,0.6941242814064026,21.993907928466797,0.05864352360367775,0.6941242814064026,21.993907928466797,1.709699406234222,1.752311249987315
2486,blur,high,2,2,blur,blur,False,0.03998686000704765,0.7286059260368347,25.783462524414062,0.03998686000704765,0.7286059260368347,25.783462524414062,1.709699406234222,1.752311249987315
2487,blur,low,2,2,blur,blur,False,0.029640449211001396,0.8445939421653748,27.58100128173828,0.029640449211001396,0.8445939421653748,27.58100128173828,1.709699406234222,1.752311249987315
2488,clean,none,0,0,clean,clean,False,0.0,1.0,100.0,0.0,1.0,100.0,1.709699406234222,1.752311249987315
2489,occlusion,high,3,3,occlusion,occlusion,False,0.08634429425001144,0.6326074004173279,17.535301208496094,0.08634429425001144,0.6326074004173279,17.535301208496094,1.709699406234222,1.752311249987315
2490,clean,none,0,0,clean,clean,False,0.0,1.0,100.0,0.0,1.0,100.0,1.709699406234222,1.752311249987315
2491,occlusion,low,3,3,occlusion,occlusion,False,0.024422839283943176,0.883536159992218,28.472511291503906,0.024422839283943176,0.883536159992218,28.472511291503906,1.709699406234222,1.752311249987315
2492,salt_pepper,high,1,1,salt_pepper,salt_pepper,False,0.07855664938688278,0.6218010783195496,20.097412109375,0.07855664938688278,0.6218010783195496,20.097412109375,1.709699406234222,1.752311249987315
2493,salt_pepper,medium,1,1,salt_pepper,salt_pepper,False,0.03207075595855713,0.8083001971244812,26.604936599731445,0.03207075595855713,0.8083001971244812,26.604936599731445,1.709699406234222,1.752311249987315
2494,salt_pepper,medium,1,1,salt_pepper,salt_pepper,False,0.0556311309337616,0.687268078327179,22.428083419799805,0.0556311309337616,0.687268078327179,22.428083419799805,1.709699406234222,1.752311249987315
2495,clean,none,0,0,clean,clean,False,0.0,1.0,100.0,0.0,1.0,100.0,1.709699406234222,1.752311249987315
2496,occlusion,low,3,3,occlusion,occlusion,False,0.08528909832239151,0.6924929022789001,17.516084671020508,0.08528909832239151,0.6924929022789001,17.516084671020508,1.7271514687422496,1.7114844062575685
2497,blur,high,2,2,blur,blur,False,0.08522970229387283,0.8321828246116638,19.187198638916016,0.08522970229387283,0.8321828246116638,19.187198638916016,1.7271514687422496,1.7114844062575685
2498,occlusion,low,3,3,occlusion,occlusion,False,0.04364844039082527,0.8391384482383728,23.483352661132812,0.04364844039082527,0.8391384482383728,23.483352661132812,1.7271514687422496,1.7114844062575685
2499,salt_pepper,low,1,1,salt_pepper,salt_pepper,False,0.036011356860399246,0.9215715527534485,26.434165954589844,0.036011356860399246,0.9215715527534485,26.434165954589844,1.7271514687422496,1.7114844062575685
2500,occlusion,low,3,3,occlusion,occlusion,False,0.05937391147017479,0.7475895881652832,21.137540817260742,0.05937391147017479,0.7475895881652832,21.137540817260742,1.7271514687422496,1.7114844062575685
2501,clean,none,0,0,clean,clean,False,0.0,1.0,100.0,0.0,1.0,100.0,1.7271514687422496,1.7114844062575685
2502,salt_pepper,medium,1,1,salt_pepper,salt_pepper,False,0.04642956331372261,0.8314422965049744,23.803489685058594,0.04642956331372261,0.8314422965049744,23.803489685058594,1.7271514687422496,1.7114844062575685
2503,clean,none,0,0,clean,clean,False,0.0,1.0,100.0,0.0,1.0,100.0,1.7271514687422496,1.7114844062575685
2504,clean,none,0,0,clean,clean,False,0.0,1.0,100.0,0.0,1.0,100.0,1.7271514687422496,1.7114844062575685
2505,occlusion,low,3,3,occlusion,occlusion,False,0.0632321909070015,0.6941404342651367,21.400793075561523,0.0632321909070015,0.6941404342651367,21.400793075561523,1.7271514687422496,1.7114844062575685
2506,salt_pepper,low,1,1,salt_pepper,salt_pepper,False,0.08890099078416824,0.7381505966186523,18.510997772216797,0.08890099078416824,0.7381505966186523,18.510997772216797,1.7271514687422496,1.7114844062575685
2507,blur,high,2,2,blur,blur,False,0.09929245710372925,0.7152462005615234,17.85708236694336,0.09929245710372925,0.7152462005615234,17.85708236694336,1.7271514687422496,1.7114844062575685
2508,clean,none,0,0,clean,clean,False,0.0,1.0,100.0,0.0,1.0,100.0,1.7271514687422496,1.7114844062575685
2509,blur,medium,2,2,blur,blur,False,0.08316690474748611,0.7001901268959045,19.20772933959961,0.08316690474748611,0.7001901268959045,19.20772933959961,1.7271514687422496,1.7114844062575685
2510,clean,none,0,0,clean,clean,False,0.0,1.0,100.0,0.0,1.0,100.0,1.7271514687422496,1.7114844062575685
2511,occlusion,medium,3,3,occlusion,occlusion,False,0.07227151840925217,0.5282447338104248,20.284526824951172,0.07227151840925217,0.5282447338104248,20.284526824951172,1.7271514687422496,1.7114844062575685
2512,occlusion,medium,3,3,occlusion,occlusion,False,0.049914661794900894,0.7557494640350342,21.6944580078125,0.049914661794900894,0.7557494640350342,21.6944580078125,1.7271514687422496,1.7114844062575685
2513,blur,medium,2,2,blur,blur,False,0.05187860131263733,0.7477381825447083,23.09078025817871,0.05187860131263733,0.7477381825447083,23.09078025817871,1.7271514687422496,1.7114844062575685
2514,occlusion,high,3,3,occlusion,occlusion,False,0.0630379393696785,0.7219831347465515,20.0258731842041,0.0630379393696785,0.7219831347465515,20.0258731842041,1.7271514687422496,1.7114844062575685
2515,blur,low,2,2,blur,blur,False,0.048824384808540344,0.8322117328643799,23.008678436279297,0.048824384808540344,0.8322117328643799,23.008678436279297,1.7271514687422496,1.7114844062575685
2516,clean,none,0,0,clean,clean,False,0.0,1.0,100.0,0.0,1.0,100.0,1.7271514687422496,1.7114844062575685
2517,salt_pepper,medium,1,1,salt_pepper,salt_pepper,False,0.06473583728075027,0.7187228202819824,21.052379608154297,0.06473583728075027,0.7187228202819824,21.052379608154297,1.7271514687422496,1.7114844062575685
2518,blur,medium,2,2,blur,blur,False,0.06771696358919144,0.8179965615272522,21.41546058654785,0.06771696358919144,0.8179965615272522,21.41546058654785,1.7271514687422496,1.7114844062575685
2519,salt_pepper,low,1,1,salt_pepper,salt_pepper,False,0.05722826346755028,0.7451913952827454,21.993982315063477,0.05722826346755028,0.7451913952827454,21.993982315063477,1.7271514687422496,1.7114844062575685
2520,clean,none,0,0,clean,clean,False,0.0,1.0,100.0,0.0,1.0,100.0,1.7271514687422496,1.7114844062575685
2521,occlusion,high,3,3,occlusion,occlusion,False,0.0693199560046196,0.6625799536705017,18.42317771911621,0.0693199560046196,0.6625799536705017,18.42317771911621,1.7271514687422496,1.7114844062575685
2522,salt_pepper,low,1,1,salt_pepper,salt_pepper,False,0.03103342093527317,0.8943412899971008,26.876440048217773,0.03103342093527317,0.8943412899971008,26.876440048217773,1.7271514687422496,1.7114844062575685
2523,occlusion,low,3,3,occlusion,occlusion,False,0.03552057966589928,0.804785430431366,24.643951416015625,0.03552057966589928,0.804785430431366,24.643951416015625,1.7271514687422496,1.7114844062575685
2524,occlusion,low,3,3,occlusion,occlusion,False,0.03356357291340828,0.8138231635093689,25.79599380493164,0.03356357291340828,0.8138231635093689,25.79599380493164,1.7271514687422496,1.7114844062575685
2525,clean,none,0,0,clean,clean,False,0.0,1.0,100.0,0.0,1.0,100.0,1.7271514687422496,1.7114844062575685
2526,salt_pepper,medium,1,1,salt_pepper,salt_pepper,False,0.04497991129755974,0.878018856048584,22.59500503540039,0.04497991129755974,0.878018856048584,22.59500503540039,1.7271514687422496,1.7114844062575685
2527,salt_pepper,medium,1,1,salt_pepper,salt_pepper,False,0.04444524645805359,0.8569190502166748,20.2353572845459,0.04444524645805359,0.8569190502166748,20.2353572845459,1.7271514687422496,1.7114844062575685
2528,salt_pepper,high,1,1,salt_pepper,salt_pepper,False,0.03335292637348175,0.8659939169883728,26.814128875732422,0.03335292637348175,0.8659939169883728,26.814128875732422,1.6571732500096914,1.605926906250943
2529,salt_pepper,high,1,1,salt_pepper,salt_pepper,False,0.05893363058567047,0.728980541229248,21.96650505065918,0.05893363058567047,0.728980541229248,21.96650505065918,1.6571732500096914,1.605926906250943
2530,clean,none,0,0,clean,clean,False,0.0,1.0,100.0,0.0,1.0,100.0,1.6571732500096914,1.605926906250943
2531,occlusion,high,3,3,occlusion,occlusion,False,0.06554538011550903,0.6081241369247437,19.264619827270508,0.06554538011550903,0.6081241369247437,19.264619827270508,1.6571732500096914,1.605926906250943
2532,blur,high,2,2,blur,blur,False,0.04404563084244728,0.7537484169006348,24.357511520385742,0.04404563084244728,0.7537484169006348,24.357511520385742,1.6571732500096914,1.605926906250943
2533,occlusion,low,3,3,occlusion,occlusion,False,0.07460933923721313,0.6723823547363281,19.949535369873047,0.07460933923721313,0.6723823547363281,19.949535369873047,1.6571732500096914,1.605926906250943
2534,clean,none,0,0,clean,clean,False,0.0,1.0,100.0,0.0,1.0,100.0,1.6571732500096914,1.605926906250943
2535,blur,low,2,2,blur,blur,False,0.04497789964079857,0.8682291507720947,23.803142547607422,0.04497789964079857,0.8682291507720947,23.803142547607422,1.6571732500096914,1.605926906250943
2536,salt_pepper,low,1,1,salt_pepper,salt_pepper,False,0.04365912452340126,0.8492304682731628,21.903465270996094,0.04365912452340126,0.8492304682731628,21.903465270996094,1.6571732500096914,1.605926906250943
2537,clean,none,0,0,clean,clean,False,0.0,1.0,100.0,0.0,1.0,100.0,1.6571732500096914,1.605926906250943
2538,salt_pepper,low,1,1,salt_pepper,salt_pepper,False,0.06928055733442307,0.7073374390602112,20.765695571899414,0.06928055733442307,0.7073374390602112,20.765695571899414,1.6571732500096914,1.605926906250943
2539,salt_pepper,medium,1,1,salt_pepper,salt_pepper,False,0.029170075431466103,0.8900451064109802,27.661434173583984,0.029170075431466103,0.8900451064109802,27.661434173583984,1.6571732500096914,1.605926906250943
2540,clean,none,0,0,clean,clean,False,0.0,1.0,100.0,0.0,1.0,100.0,1.6571732500096914,1.605926906250943
2541,blur,medium,2,2,blur,blur,False,0.041012197732925415,0.8298783302307129,24.842422485351562,0.041012197732925415,0.8298783302307129,24.842422485351562,1.6571732500096914,1.605926906250943
2542,blur,high,2,2,blur,blur,False,0.047528672963380814,0.7399870753288269,23.84701919555664,0.047528672963380814,0.7399870753288269,23.84701919555664,1.6571732500096914,1.605926906250943
2543,blur,high,2,2,blur,blur,False,0.09631169587373734,0.7744529247283936,17.239639282226562,0.09631169587373734,0.7744529247283936,17.239639282226562,1.6571732500096914,1.605926906250943
2544,salt_pepper,medium,1,1,salt_pepper,salt_pepper,False,0.06065015494823456,0.7248697280883789,21.409393310546875,0.06065015494823456,0.7248697280883789,21.409393310546875,1.6571732500096914,1.605926906250943
2545,clean,none,0,0,clean,clean,False,0.0,1.0,100.0,0.0,1.0,100.0,1.6571732500096914,1.605926906250943
2546,clean,none,0,0,clean,clean,False,0.0,1.0,100.0,0.0,1.0,100.0,1.6571732500096914,1.605926906250943
2547,clean,none,0,0,clean,clean,False,0.0,1.0,100.0,0.0,1.0,100.0,1.6571732500096914,1.605926906250943
2548,blur,medium,2,2,blur,blur,False,0.07117996364831924,0.8837513327598572,19.962594985961914,0.07117996364831924,0.8837513327598572,19.962594985961914,1.6571732500096914,1.605926906250943
2549,blur,medium,2,2,blur,blur,False,0.04185822978615761,0.7958973050117493,24.26751136779785,0.04185822978615761,0.7958973050117493,24.26751136779785,1.6571732500096914,1.605926906250943
2550,blur,medium,2,2,blur,blur,False,0.04082140326499939,0.8553999066352844,23.234861373901367,0.04082140326499939,0.8553999066352844,23.234861373901367,1.6571732500096914,1.605926906250943
2551,salt_pepper,low,1,1,salt_pepper,salt_pepper,False,0.06286504119634628,0.7677316665649414,21.187484741210938,0.06286504119634628,0.7677316665649414,21.187484741210938,1.6571732500096914,1.605926906250943
2552,occlusion,medium,3,3,occlusion,occlusion,False,0.042935069650411606,0.8197815418243408,22.999366760253906,0.042935069650411606,0.8197815418243408,22.999366760253906,1.6571732500096914,1.605926906250943
2553,salt_pepper,medium,1,1,salt_pepper,salt_pepper,False,0.0801706537604332,0.7125797271728516,18.70642852783203,0.0801706537604332,0.7125797271728516,18.70642852783203,1.6571732500096914,1.605926906250943
2554,occlusion,low,3,3,occlusion,occlusion,False,0.05128145590424538,0.7551858425140381,22.094223022460938,0.05128145590424538,0.7551858425140381,22.094223022460938,1.6571732500096914,1.605926906250943
2555,blur,medium,2,2,blur,blur,False,0.034399937838315964,0.8459473252296448,25.250438690185547,0.034399937838315964,0.8459473252296448,25.250438690185547,1.6571732500096914,1.605926906250943
2556,occlusion,high,3,3,occlusion,occlusion,False,0.09459710121154785,0.560869038105011,17.619747161865234,0.09459710121154785,0.560869038105011,17.619747161865234,1.6571732500096914,1.605926906250943
2557,clean,none,0,0,clean,clean,False,0.0,1.0,100.0,0.0,1.0,100.0,1.6571732500096914,1.605926906250943
2558,clean,none,0,0,clean,clean,False,0.0,1.0,100.0,0.0,1.0,100.0,1.6571732500096914,1.605926906250943
2559,salt_pepper,medium,1,1,salt_pepper,salt_pepper,False,0.03522070124745369,0.8193371891975403,26.820180892944336,0.03522070124745369,0.8193371891975403,26.820180892944336,1.6571732500096914,1.605926906250943
2560,clean,none,0,0,clean,clean,False,0.0,1.0,100.0,0.0,1.0,100.0,1.4770151875040938,1.4896385937390733
2561,occlusion,low,3,3,occlusion,occlusion,False,0.039149340242147446,0.8575170636177063,22.88027000427246,0.039149340242147446,0.8575170636177063,22.88027000427246,1.4770151875040938,1.4896385937390733
2562,occlusion,high,3,3,occlusion,occlusion,False,0.0885307788848877,0.6724106669425964,15.520936965942383,0.0885307788848877,0.6724106669425964,15.520936965942383,1.4770151875040938,1.4896385937390733
2563,salt_pepper,low,1,1,salt_pepper,salt_pepper,False,0.05991382524371147,0.7134210467338562,22.05290985107422,0.05991382524371147,0.7134210467338562,22.05290985107422,1.4770151875040938,1.4896385937390733
2564,occlusion,low,3,3,occlusion,occlusion,False,0.05230247974395752,0.8656131625175476,19.274280548095703,0.05230247974395752,0.8656131625175476,19.274280548095703,1.4770151875040938,1.4896385937390733
2565,salt_pepper,high,1,1,salt_pepper,salt_pepper,False,0.05029448866844177,0.8574602007865906,22.783784866333008,0.05029448866844177,0.8574602007865906,22.783784866333008,1.4770151875040938,1.4896385937390733
2566,clean,none,0,0,clean,clean,False,0.0,1.0,100.0,0.0,1.0,100.0,1.4770151875040938,1.4896385937390733
2567,blur,medium,2,2,blur,blur,False,0.054013799875974655,0.8808587193489075,23.03003692626953,0.054013799875974655,0.8808587193489075,23.03003692626953,1.4770151875040938,1.4896385937390733
2568,occlusion,low,3,3,occlusion,occlusion,False,0.0488949716091156,0.8732827305793762,18.931137084960938,0.0488949716091156,0.8732827305793762,18.931137084960938,1.4770151875040938,1.4896385937390733
2569,blur,low,2,2,blur,blur,False,0.052015673369169235,0.8589571118354797,23.342987060546875,0.052015673369169235,0.8589571118354797,23.342987060546875,1.4770151875040938,1.4896385937390733
2570,blur,medium,2,2,blur,blur,False,0.07049157470464706,0.6749470829963684,19.777488708496094,0.07049157470464706,0.6749470829963684,19.777488708496094,1.4770151875040938,1.4896385937390733
2571,blur,low,2,2,blur,blur,False,0.03743555769324303,0.8430612087249756,25.354337692260742,0.03743555769324303,0.8430612087249756,25.354337692260742,1.4770151875040938,1.4896385937390733
2572,salt_pepper,medium,1,1,salt_pepper,salt_pepper,False,0.09813866764307022,0.7006843686103821,18.33766746520996,0.09813866764307022,0.7006843686103821,18.33766746520996,1.4770151875040938,1.4896385937390733
2573,clean,none,0,0,clean,clean,False,0.0,1.0,100.0,0.0,1.0,100.0,1.4770151875040938,1.4896385937390733
2574,blur,low,2,2,blur,blur,False,0.04153035953640938,0.8910155892372131,25.800785064697266,0.04153035953640938,0.8910155892372131,25.800785064697266,1.4770151875040938,1.4896385937390733
2575,clean,none,0,0,clean,clean,False,0.0,1.0,100.0,0.0,1.0,100.0,1.4770151875040938,1.4896385937390733
2576,blur,low,2,2,blur,blur,False,0.04578077793121338,0.8899742960929871,23.97667121887207,0.04578077793121338,0.8899742960929871,23.97667121887207,1.4770151875040938,1.4896385937390733
2577,salt_pepper,medium,1,1,salt_pepper,salt_pepper,False,0.08436077833175659,0.8087113499641418,19.129547119140625,0.08436077833175659,0.8087113499641418,19.129547119140625,1.4770151875040938,1.4896385937390733
2578,clean,none,0,0,clean,clean,False,0.0,1.0,100.0,0.0,1.0,100.0,1.4770151875040938,1.4896385937390733
2579,occlusion,medium,3,3,occlusion,occlusion,False,0.04999222233891487,0.7938706278800964,21.770477294921875,0.04999222233891487,0.7938706278800964,21.770477294921875,1.4770151875040938,1.4896385937390733
2580,blur,low,2,2,blur,blur,False,0.07568160444498062,0.7922065854072571,19.262226104736328,0.07568160444498062,0.7922065854072571,19.262226104736328,1.4770151875040938,1.4896385937390733
2581,salt_pepper,high,1,1,salt_pepper,salt_pepper,False,0.16395272314548492,0.659296989440918,13.228984832763672,0.16395272314548492,0.659296989440918,13.228984832763672,1.4770151875040938,1.4896385937390733
2582,salt_pepper,high,1,1,salt_pepper,salt_pepper,False,0.036272190511226654,0.876779317855835,26.21947479248047,0.036272190511226654,0.876779317855835,26.21947479248047,1.4770151875040938,1.4896385937390733
2583,salt_pepper,high,1,1,salt_pepper,salt_pepper,False,0.04116218909621239,0.8930959701538086,25.79218292236328,0.04116218909621239,0.8930959701538086,25.79218292236328,1.4770151875040938,1.4896385937390733
2584,clean,none,0,0,clean,clean,False,0.0,1.0,100.0,0.0,1.0,100.0,1.4770151875040938,1.4896385937390733
2585,salt_pepper,low,1,1,salt_pepper,salt_pepper,False,0.03753615543246269,0.8501834273338318,25.583091735839844,0.03753615543246269,0.8501834273338318,25.583091735839844,1.4770151875040938,1.4896385937390733
2586,salt_pepper,high,1,1,salt_pepper,salt_pepper,False,0.050171103328466415,0.8653805255889893,23.773344039916992,0.050171103328466415,0.8653805255889893,23.773344039916992,1.4770151875040938,1.4896385937390733
2587,blur,medium,2,2,blur,blur,False,0.024253947660326958,0.9047643542289734,29.890146255493164,0.024253947660326958,0.9047643542289734,29.890146255493164,1.4770151875040938,1.4896385937390733
2588,clean,none,0,0,clean,clean,False,0.0,1.0,100.0,0.0,1.0,100.0,1.4770151875040938,1.4896385937390733
2589,clean,none,0,0,clean,clean,False,0.0,1.0,100.0,0.0,1.0,100.0,1.4770151875040938,1.4896385937390733
2590,occlusion,low,3,3,occlusion,occlusion,False,0.03789108619093895,0.9064335823059082,25.384084701538086,0.03789108619093895,0.9064335823059082,25.384084701538086,1.4770151875040938,1.4896385937390733
2591,blur,medium,2,2,blur,blur,False,0.037694383412599564,0.8623034954071045,25.834054946899414,0.037694383412599564,0.8623034954071045,25.834054946899414,1.4770151875040938,1.4896385937390733
2592,salt_pepper,low,1,1,salt_pepper,salt_pepper,False,0.050854284316301346,0.8358249664306641,23.379718780517578,0.050854284316301346,0.8358249664306641,23.379718780517578,1.3838640937535729,1.3667797812502158
2593,occlusion,low,3,3,occlusion,occlusion,False,0.04122120887041092,0.7348182797431946,24.83100128173828,0.04122120887041092,0.7348182797431946,24.83100128173828,1.3838640937535729,1.3667797812502158
2594,blur,medium,2,2,blur,blur,False,0.029573416337370872,0.874666154384613,27.778425216674805,0.029573416337370872,0.874666154384613,27.778425216674805,1.3838640937535729,1.3667797812502158
2595,clean,none,0,0,clean,clean,False,0.0,1.0,100.0,0.0,1.0,100.0,1.3838640937535729,1.3667797812502158
2596,clean,none,0,0,clean,clean,False,0.0,1.0,100.0,0.0,1.0,100.0,1.3838640937535729,1.3667797812502158
2597,occlusion,low,3,3,occlusion,occlusion,False,0.02377581037580967,0.8972991108894348,28.75585174560547,0.02377581037580967,0.8972991108894348,28.75585174560547,1.3838640937535729,1.3667797812502158
2598,blur,low,2,2,blur,blur,False,0.034699324518442154,0.8937845826148987,26.611164093017578,0.034699324518442154,0.8937845826148987,26.611164093017578,1.3838640937535729,1.3667797812502158
2599,salt_pepper,low,1,1,salt_pepper,salt_pepper,False,0.039144061505794525,0.833869218826294,25.923320770263672,0.039144061505794525,0.833869218826294,25.923320770263672,1.3838640937535729,1.3667797812502158
2600,salt_pepper,high,1,1,salt_pepper,salt_pepper,False,0.11307617276906967,0.8224348425865173,16.8315372467041,0.11307617276906967,0.8224348425865173,16.8315372467041,1.3838640937535729,1.3667797812502158
2601,blur,low,2,2,blur,blur,False,0.06895741820335388,0.8867313861846924,20.150760650634766,0.06895741820335388,0.8867313861846924,20.150760650634766,1.3838640937535729,1.3667797812502158
2602,salt_pepper,low,1,1,salt_pepper,salt_pepper,False,0.06418965011835098,0.7711677551269531,21.2690372467041,0.06418965011835098,0.7711677551269531,21.2690372467041,1.3838640937535729,1.3667797812502158
2603,clean,none,0,0,clean,clean,False,0.0,1.0,100.0,0.0,1.0,100.0,1.3838640937535729,1.3667797812502158
2604,clean,none,0,0,clean,clean,False,0.0,1.0,100.0,0.0,1.0,100.0,1.3838640937535729,1.3667797812502158
2605,salt_pepper,high,1,1,salt_pepper,salt_pepper,False,0.022610964253544807,0.9164996147155762,30.054222106933594,0.022610964253544807,0.9164996147155762,30.054222106933594,1.3838640937535729,1.3667797812502158
2606,occlusion,low,3,3,occlusion,occlusion,False,0.035935189574956894,0.8720361590385437,25.912673950195312,0.035935189574956894,0.8720361590385437,25.912673950195312,1.3838640937535729,1.3667797812502158
2607,salt_pepper,medium,1,1,salt_pepper,salt_pepper,False,0.06988900154829025,0.8273712992668152,19.805728912353516,0.06988900154829025,0.8273712992668152,19.805728912353516,1.3838640937535729,1.3667797812502158
2608,clean,none,0,0,clean,clean,False,0.0,1.0,100.0,0.0,1.0,100.0,1.3838640937535729,1.3667797812502158
2609,salt_pepper,high,1,1,salt_pepper,salt_pepper,False,0.03843286260962486,0.8798578381538391,25.30449676513672,0.03843286260962486,0.8798578381538391,25.30449676513672,1.3838640937535729,1.3667797812502158
2610,salt_pepper,medium,1,1,salt_pepper,salt_pepper,False,0.08093738555908203,0.8366732597351074,18.913375854492188,0.08093738555908203,0.8366732597351074,18.913375854492188,1.3838640937535729,1.3667797812502158
2611,clean,none,0,0,clean,clean,False,0.0,1.0,100.0,0.0,1.0,100.0,1.3838640937535729,1.3667797812502158
2612,occlusion,high,3,3,occlusion,occlusion,False,0.1103234514594078,0.7190375328063965,17.579166412353516,0.1103234514594078,0.7190375328063965,17.579166412353516,1.3838640937535729,1.3667797812502158
2613,clean,none,0,0,clean,clean,False,0.0,1.0,100.0,0.0,1.0,100.0,1.3838640937535729,1.3667797812502158
2614,blur,high,2,2,blur,blur,False,0.04211341217160225,0.9051184058189392,25.40973663330078,0.04211341217160225,0.9051184058189392,25.40973663330078,1.3838640937535729,1.3667797812502158
2615,occlusion,medium,3,3,occlusion,occlusion,False,0.06527479737997055,0.6431252360343933,20.851442337036133,0.06527479737997055,0.6431252360343933,20.851442337036133,1.3838640937535729,1.3667797812502158
2616,blur,medium,2,2,blur,blur,False,0.032300930470228195,0.9103730320930481,27.1223087310791,0.032300930470228195,0.9103730320930481,27.1223087310791,1.3838640937535729,1.3667797812502158
2617,occlusion,high,3,3,occlusion,occlusion,False,0.05358049273490906,0.7822937965393066,20.450359344482422,0.05358049273490906,0.7822937965393066,20.450359344482422,1.3838640937535729,1.3667797812502158
2618,clean,none,0,0,clean,clean,False,0.0,1.0,100.0,0.0,1.0,100.0,1.3838640937535729,1.3667797812502158
2619,blur,high,2,2,blur,blur,False,0.05839794501662254,0.8620052337646484,22.08909797668457,0.05839794501662254,0.8620052337646484,22.08909797668457,1.3838640937535729,1.3667797812502158
2620,salt_pepper,high,1,1,salt_pepper,salt_pepper,False,0.12980203330516815,0.8156185150146484,15.51640510559082,0.12980203330516815,0.8156185150146484,15.51640510559082,1.3838640937535729,1.3667797812502158
2621,clean,none,0,0,clean,clean,False,0.0,1.0,100.0,0.0,1.0,100.0,1.3838640937535729,1.3667797812502158
2622,salt_pepper,low,1,1,salt_pepper,salt_pepper,False,0.06296375393867493,0.8760471940040588,22.45722770690918,0.06296375393867493,0.8760471940040588,22.45722770690918,1.3838640937535729,1.3667797812502158
2623,salt_pepper,high,1,1,salt_pepper,salt_pepper,False,0.029382837936282158,0.8617537021636963,28.021892547607422,0.029382837936282158,0.8617537021636963,28.021892547607422,1.3838640937535729,1.3667797812502158
2624,occlusion,low,3,3,occlusion,occlusion,False,0.033496346324682236,0.8024378418922424,25.75757598876953,0.033496346324682236,0.8024378418922424,25.75757598876953,1.7400382500056821,1.6361297812466091
2625,blur,high,2,2,blur,blur,False,0.05590590834617615,0.7083582878112793,22.816509246826172,0.05590590834617615,0.7083582878112793,22.816509246826172,1.7400382500056821,1.6361297812466091
2626,occlusion,medium,3,3,occlusion,occlusion,False,0.033568110316991806,0.8410394191741943,26.125198364257812,0.033568110316991806,0.8410394191741943,26.125198364257812,1.7400382500056821,1.6361297812466091
2627,blur,medium,2,2,blur,blur,False,0.039923716336488724,0.8370307087898254,24.55322265625,0.039923716336488724,0.8370307087898254,24.55322265625,1.7400382500056821,1.6361297812466091
2628,occlusion,low,3,3,occlusion,occlusion,False,0.03183835372328758,0.8139265179634094,25.486230850219727,0.03183835372328758,0.8139265179634094,25.486230850219727,1.7400382500056821,1.6361297812466091
2629,blur,low,2,2,blur,blur,False,0.09774480015039444,0.8139950633049011,17.292993545532227,0.09774480015039444,0.8139950633049011,17.292993545532227,1.7400382500056821,1.6361297812466091
2630,blur,high,2,2,blur,blur,False,0.031923796981573105,0.8850924372673035,26.285600662231445,0.031923796981573105,0.8850924372673035,26.285600662231445,1.7400382500056821,1.6361297812466091
2631,blur,low,2,2,blur,blur,False,0.024856140837073326,0.9569982886314392,29.236526489257812,0.024856140837073326,0.9569982886314392,29.236526489257812,1.7400382500056821,1.6361297812466091
2632,occlusion,low,3,3,occlusion,occlusion,False,0.02773336134850979,0.8689975738525391,27.616731643676758,0.02773336134850979,0.8689975738525391,27.616731643676758,1.7400382500056821,1.6361297812466091
2633,blur,high,2,2,blur,blur,False,0.07132863253355026,0.7979216575622559,20.973243713378906,0.07132863253355026,0.7979216575622559,20.973243713378906,1.7400382500056821,1.6361297812466091
2634,blur,high,2,2,blur,blur,False,0.03681205213069916,0.857386589050293,26.249113082885742,0.03681205213069916,0.857386589050293,26.249113082885742,1.7400382500056821,1.6361297812466091
2635,blur,high,2,2,blur,blur,False,0.03763322904706001,0.8144082427024841,25.335906982421875,0.03763322904706001,0.8144082427024841,25.335906982421875,1.7400382500056821,1.6361297812466091
2636,blur,low,2,2,blur,blur,False,0.04037262499332428,0.8697050213813782,25.09293556213379,0.04037262499332428,0.8697050213813782,25.09293556213379,1.7400382500056821,1.6361297812466091
2637,blur,medium,2,2,blur,blur,False,0.07478167861700058,0.848362922668457,19.342628479003906,0.07478167861700058,0.848362922668457,19.342628479003906,1.7400382500056821,1.6361297812466091
2638,blur,medium,2,2,blur,blur,False,0.07518545538187027,0.8375012278556824,20.150232315063477,0.07518545538187027,0.8375012278556824,20.150232315063477,1.7400382500056821,1.6361297812466091
2639,blur,low,2,2,blur,blur,False,0.024027561768889427,0.9194245338439941,29.44633674621582,0.024027561768889427,0.9194245338439941,29.44633674621582,1.7400382500056821,1.6361297812466091
2640,blur,low,2,2,blur,blur,False,0.07054919749498367,0.8443119525909424,20.136951446533203,0.07054919749498367,0.8443119525909424,20.136951446533203,1.7400382500056821,1.6361297812466091
2641,clean,none,0,0,clean,clean,False,0.0,1.0,100.0,0.0,1.0,100.0,1.7400382500056821,1.6361297812466091
2642,salt_pepper,medium,1,1,salt_pepper,salt_pepper,False,0.05188151076436043,0.8169063925743103,21.331403732299805,0.05188151076436043,0.8169063925743103,21.331403732299805,1.7400382500056821,1.6361297812466091
2643,blur,high,2,2,blur,blur,False,0.03490960970520973,0.8496429324150085,25.75229835510254,0.03490960970520973,0.8496429324150085,25.75229835510254,1.7400382500056821,1.6361297812466091
2644,clean,none,0,0,clean,clean,False,0.0,1.0,100.0,0.0,1.0,100.0,1.7400382500056821,1.6361297812466091
2645,clean,none,0,0,clean,clean,False,0.0,1.0,100.0,0.0,1.0,100.0,1.7400382500056821,1.6361297812466091
2646,clean,none,0,0,clean,clean,False,0.0,1.0,100.0,0.0,1.0,100.0,1.7400382500056821,1.6361297812466091
2647,salt_pepper,medium,1,1,salt_pepper,salt_pepper,False,0.029330551624298096,0.8882738947868347,28.247602462768555,0.029330551624298096,0.8882738947868347,28.247602462768555,1.7400382500056821,1.6361297812466091
2648,blur,medium,2,2,blur,blur,False,0.11503302305936813,0.7612247467041016,16.358137130737305,0.11503302305936813,0.7612247467041016,16.358137130737305,1.7400382500056821,1.6361297812466091
2649,occlusion,high,3,3,occlusion,occlusion,False,0.05535205826163292,0.7725286483764648,21.442352294921875,0.05535205826163292,0.7725286483764648,21.442352294921875,1.7400382500056821,1.6361297812466091
2650,clean,none,0,0,clean,clean,False,0.0,1.0,100.0,0.0,1.0,100.0,1.7400382500056821,1.6361297812466091
2651,salt_pepper,high,1,1,salt_pepper,salt_pepper,False,0.02949473075568676,0.8818647265434265,28.035961151123047,0.02949473075568676,0.8818647265434265,28.035961151123047,1.7400382500056821,1.6361297812466091
2652,blur,high,2,2,blur,blur,False,0.025601932778954506,0.8506647944450378,27.057846069335938,0.025601932778954506,0.8506647944450378,27.057846069335938,1.7400382500056821,1.6361297812466091
2653,occlusion,medium,3,3,occlusion,occlusion,False,0.034005504101514816,0.7833652496337891,24.608169555664062,0.034005504101514816,0.7833652496337891,24.608169555664062,1.7400382500056821,1.6361297812466091
2654,clean,none,0,0,clean,clean,False,0.0,1.0,100.0,0.0,1.0,100.0,1.7400382500056821,1.6361297812466091
2655,blur,medium,2,2,blur,blur,False,0.055524151772260666,0.8922553658485413,23.573104858398438,0.055524151772260666,0.8922553658485413,23.573104858398438,1.7400382500056821,1.6361297812466091
2656,salt_pepper,medium,1,1,salt_pepper,salt_pepper,False,0.04836943745613098,0.8107262253761292,22.393890380859375,0.04836943745613098,0.8107262253761292,22.393890380859375,1.2837129062290842,1.2723550312614407
2657,salt_pepper,medium,1,1,salt_pepper,salt_pepper,False,0.0480683259665966,0.8218677043914795,22.649715423583984,0.0480683259665966,0.8218677043914795,22.649715423583984,1.2837129062290842,1.2723550312614407
2658,clean,none,0,0,clean,clean,False,0.0,1.0,100.0,0.0,1.0,100.0,1.2837129062290842,1.2723550312614407
2659,blur,low,2,2,blur,blur,False,0.051246557384729385,0.8423215746879578,23.56380271911621,0.051246557384729385,0.8423215746879578,23.56380271911621,1.2837129062290842,1.2723550312614407
2660,occlusion,high,3,3,occlusion,occlusion,False,0.08505209535360336,0.7067570090293884,18.31244468688965,0.08505209535360336,0.7067570090293884,18.31244468688965,1.2837129062290842,1.2723550312614407
2661,blur,high,2,2,blur,blur,False,0.037897687405347824,0.8215906023979187,25.078880310058594,0.037897687405347824,0.8215906023979187,25.078880310058594,1.2837129062290842,1.2723550312614407
2662,blur,high,2,2,blur,blur,False,0.07983223348855972,0.8419591784477234,20.113401412963867,0.07983223348855972,0.8419591784477234,20.113401412963867,1.2837129062290842,1.2723550312614407
2663,salt_pepper,medium,1,1,salt_pepper,salt_pepper,False,0.044150616973638535,0.7696933746337891,23.507617950439453,0.044150616973638535,0.7696933746337891,23.507617950439453,1.2837129062290842,1.2723550312614407
2664,salt_pepper,medium,1,1,salt_pepper,salt_pepper,False,0.05135368928313255,0.8223451972007751,21.285511016845703,0.05135368928313255,0.8223451972007751,21.285511016845703,1.2837129062290842,1.2723550312614407
2665,clean,none,0,0,clean,clean,False,0.0,1.0,100.0,0.0,1.0,100.0,1.2837129062290842,1.2723550312614407
2666,blur,high,2,2,blur,blur,False,0.0369427464902401,0.9310197234153748,27.106826782226562,0.0369427464902401,0.9310197234153748,27.106826782226562,1.2837129062290842,1.2723550312614407
2667,occlusion,low,3,3,occlusion,occlusion,False,0.033964239060878754,0.8544023633003235,24.749103546142578,0.033964239060878754,0.8544023633003235,24.749103546142578,1.2837129062290842,1.2723550312614407
2668,salt_pepper,high,1,1,salt_pepper,salt_pepper,False,0.030571436509490013,0.9191627502441406,27.8183650970459,0.030571436509490013,0.9191627502441406,27.8183650970459,1.2837129062290842,1.2723550312614407
2669,occlusion,medium,3,3,occlusion,occlusion,False,0.05224338546395302,0.7770488858222961,20.667919158935547,0.05224338546395302,0.7770488858222961,20.667919158935547,1.2837129062290842,1.2723550312614407
2670,salt_pepper,high,1,1,salt_pepper,salt_pepper,False,0.027207016944885254,0.952684223651886,28.820316314697266,0.027207016944885254,0.952684223651886,28.820316314697266,1.2837129062290842,1.2723550312614407
2671,salt_pepper,high,1,1,salt_pepper,salt_pepper,False,0.04622846469283104,0.7877812385559082,23.931781768798828,0.04622846469283104,0.7877812385559082,23.931781768798828,1.2837129062290842,1.2723550312614407
2672,occlusion,high,3,3,occlusion,occlusion,False,0.05762231722474098,0.6971749663352966,20.11060905456543,0.05762231722474098,0.6971749663352966,20.11060905456543,1.2837129062290842,1.2723550312614407
2673,blur,high,2,2,blur,blur,False,0.06845280528068542,0.7495222687721252,20.81696319580078,0.06845280528068542,0.7495222687721252,20.81696319580078,1.2837129062290842,1.2723550312614407
2674,salt_pepper,low,1,1,salt_pepper,salt_pepper,False,0.031320471316576004,0.9224157929420471,28.055011749267578,0.031320471316576004,0.9224157929420471,28.055011749267578,1.2837129062290842,1.2723550312614407
2675,blur,medium,2,2,blur,blur,False,0.09310846775770187,0.7626636624336243,18.656831741333008,0.09310846775770187,0.7626636624336243,18.656831741333008,1.2837129062290842,1.2723550312614407
2676,clean,none,0,0,clean,clean,False,0.0,1.0,100.0,0.0,1.0,100.0,1.2837129062290842,1.2723550312614407
2677,occlusion,low,3,3,occlusion,occlusion,False,0.05326484143733978,0.7503626942634583,21.89485740661621,0.05326484143733978,0.7503626942634583,21.89485740661621,1.2837129062290842,1.2723550312614407
2678,clean,none,0,0,clean,clean,False,0.0,1.0,100.0,0.0,1.0,100.0,1.2837129062290842,1.2723550312614407
2679,clean,none,0,0,clean,clean,False,0.0,1.0,100.0,0.0,1.0,100.0,1.2837129062290842,1.2723550312614407
2680,clean,none,0,0,clean,clean,False,0.0,1.0,100.0,0.0,1.0,100.0,1.2837129062290842,1.2723550312614407
2681,clean,none,0,0,clean,clean,False,0.0,1.0,100.0,0.0,1.0,100.0,1.2837129062290842,1.2723550312614407
2682,salt_pepper,medium,1,1,salt_pepper,salt_pepper,False,0.045848309993743896,0.8983986377716064,24.4456844329834,0.045848309993743896,0.8983986377716064,24.4456844329834,1.2837129062290842,1.2723550312614407
2683,occlusion,medium,3,3,occlusion,occlusion,False,0.04220987483859062,0.7646622657775879,23.885068893432617,0.04220987483859062,0.7646622657775879,23.885068893432617,1.2837129062290842,1.2723550312614407
2684,occlusion,high,3,3,occlusion,occlusion,False,0.04989651218056679,0.7172731757164001,20.886499404907227,0.04989651218056679,0.7172731757164001,20.886499404907227,1.2837129062290842,1.2723550312614407
2685,occlusion,low,3,3,occlusion,occlusion,False,0.036019086837768555,0.7339210510253906,25.419958114624023,0.036019086837768555,0.7339210510253906,25.419958114624023,1.2837129062290842,1.2723550312614407
2686,clean,none,0,0,clean,clean,False,0.0,1.0,100.0,0.0,1.0,100.0,1.2837129062290842,1.2723550312614407
2687,occlusion,high,3,3,occlusion,occlusion,False,0.061759769916534424,0.6694924831390381,19.560251235961914,0.061759769916534424,0.6694924831390381,19.560251235961914,1.2837129062290842,1.2723550312614407
2688,occlusion,high,3,3,occlusion,occlusion,False,0.05213445797562599,0.7742137908935547,20.829496383666992,0.05213445797562599,0.7742137908935547,20.829496383666992,1.3213509374736532,1.3195564062584708
2689,occlusion,high,3,3,occlusion,occlusion,False,0.07218502461910248,0.68105548620224,18.681123733520508,0.07218502461910248,0.68105548620224,18.681123733520508,1.3213509374736532,1.3195564062584708
2690,blur,medium,2,2,blur,blur,False,0.06774000078439713,0.8276603817939758,21.0762882232666,0.06774000078439713,0.8276603817939758,21.0762882232666,1.3213509374736532,1.3195564062584708
2691,salt_pepper,medium,1,1,salt_pepper,salt_pepper,False,0.04553971067070961,0.7356066703796387,24.461231231689453,0.04553971067070961,0.7356066703796387,24.461231231689453,1.3213509374736532,1.3195564062584708
2692,blur,medium,2,2,blur,blur,False,0.042017627507448196,0.8918895721435547,24.632339477539062,0.042017627507448196,0.8918895721435547,24.632339477539062,1.3213509374736532,1.3195564062584708
2693,occlusion,medium,3,3,occlusion,occlusion,False,0.04043405130505562,0.7965579032897949,22.824237823486328,0.04043405130505562,0.7965579032897949,22.824237823486328,1.3213509374736532,1.3195564062584708
2694,salt_pepper,high,1,1,salt_pepper,salt_pepper,False,0.06452041119337082,0.7662041783332825,20.661334991455078,0.06452041119337082,0.7662041783332825,20.661334991455078,1.3213509374736532,1.3195564062584708
2695,blur,medium,2,2,blur,blur,False,0.0415811687707901,0.8356156349182129,25.483552932739258,0.0415811687707901,0.8356156349182129,25.483552932739258,1.3213509374736532,1.3195564062584708
2696,occlusion,medium,3,3,occlusion,occlusion,False,0.04705484211444855,0.7573679089546204,22.383134841918945,0.04705484211444855,0.7573679089546204,22.383134841918945,1.3213509374736532,1.3195564062584708
2697,clean,none,0,0,clean,clean,False,0.0,1.0,100.0,0.0,1.0,100.0,1.3213509374736532,1.3195564062584708
2698,occlusion,high,3,3,occlusion,occlusion,False,0.041585903614759445,0.6975682377815247,23.810253143310547,0.041585903614759445,0.6975682377815247,23.810253143310547,1.3213509374736532,1.3195564062584708
2699,blur,high,2,2,blur,blur,False,0.07709939032793045,0.7099359631538391,20.257190704345703,0.07709939032793045,0.7099359631538391,20.257190704345703,1.3213509374736532,1.3195564062584708
2700,blur,medium,2,2,blur,blur,False,0.03473302349448204,0.881089448928833,26.328516006469727,0.03473302349448204,0.881089448928833,26.328516006469727,1.3213509374736532,1.3195564062584708
2701,salt_pepper,medium,1,1,salt_pepper,salt_pepper,False,0.03886493667960167,0.8682277202606201,26.190921783447266,0.03886493667960167,0.8682277202606201,26.190921783447266,1.3213509374736532,1.3195564062584708
2702,blur,medium,2,2,blur,blur,False,0.05503953620791435,0.8670136332511902,22.088184356689453,0.05503953620791435,0.8670136332511902,22.088184356689453,1.3213509374736532,1.3195564062584708
2703,occlusion,high,3,3,occlusion,occlusion,False,0.07025990635156631,0.6597653031349182,18.987558364868164,0.07025990635156631,0.6597653031349182,18.987558364868164,1.3213509374736532,1.3195564062584708
2704,blur,low,2,2,blur,blur,False,0.0369306243956089,0.8672389388084412,26.90296173095703,0.0369306243956089,0.8672389388084412,26.90296173095703,1.3213509374736532,1.3195564062584708
2705,salt_pepper,medium,1,1,salt_pepper,salt_pepper,False,0.045516133308410645,0.762701690196991,24.45706558227539,0.045516133308410645,0.762701690196991,24.45706558227539,1.3213509374736532,1.3195564062584708
2706,blur,low,2,2,blur,blur,False,0.04547213017940521,0.8591732382774353,23.46233558654785,0.04547213017940521,0.8591732382774353,23.46233558654785,1.3213509374736532,1.3195564062584708
2707,salt_pepper,medium,1,1,salt_pepper,salt_pepper,False,0.03887810930609703,0.8849369883537292,25.50589370727539,0.03887810930609703,0.8849369883537292,25.50589370727539,1.3213509374736532,1.3195564062584708
2708,clean,none,0,0,clean,clean,False,0.0,1.0,100.0,0.0,1.0,100.0,1.3213509374736532,1.3195564062584708
2709,salt_pepper,low,1,1,salt_pepper,salt_pepper,False,0.03880481794476509,0.8774394392967224,25.06009292602539,0.03880481794476509,0.8774394392967224,25.06009292602539,1.3213509374736532,1.3195564062584708
2710,clean,none,0,0,clean,clean,False,0.0,1.0,100.0,0.0,1.0,100.0,1.3213509374736532,1.3195564062584708
2711,clean,none,0,0,clean,clean,False,0.0,1.0,100.0,0.0,1.0,100.0,1.3213509374736532,1.3195564062584708
2712,clean,none,0,0,clean,clean,False,0.0,1.0,100.0,0.0,1.0,100.0,1.3213509374736532,1.3195564062584708
2713,clean,none,0,0,clean,clean,False,0.0,1.0,100.0,0.0,1.0,100.0,1.3213509374736532,1.3195564062584708
2714,blur,high,2,2,blur,blur,False,0.07556804269552231,0.7376871109008789,18.621910095214844,0.07556804269552231,0.7376871109008789,18.621910095214844,1.3213509374736532,1.3195564062584708
2715,salt_pepper,low,1,1,salt_pepper,salt_pepper,False,0.07315955311059952,0.6820423007011414,20.482770919799805,0.07315955311059952,0.6820423007011414,20.482770919799805,1.3213509374736532,1.3195564062584708
2716,salt_pepper,low,1,1,salt_pepper,salt_pepper,False,0.038154978305101395,0.8599869608879089,25.934459686279297,0.038154978305101395,0.8599869608879089,25.934459686279297,1.3213509374736532,1.3195564062584708
2717,salt_pepper,medium,1,1,salt_pepper,salt_pepper,False,0.05745571851730347,0.8195640444755554,21.39286994934082,0.05745571851730347,0.8195640444755554,21.39286994934082,1.3213509374736532,1.3195564062584708
2718,occlusion,high,3,3,occlusion,occlusion,False,0.08422068506479263,0.5512709617614746,18.929994583129883,0.08422068506479263,0.5512709617614746,18.929994583129883,1.3213509374736532,1.3195564062584708
2719,clean,none,0,0,clean,clean,False,0.0,1.0,100.0,0.0,1.0,100.0,1.3213509374736532,1.3195564062584708
2720,blur,high,2,2,blur,blur,False,0.1622605174779892,0.6557109951972961,13.419052124023438,0.1622605174779892,0.6557109951972961,13.419052124023438,1.184508281255603,1.1979101874999287
2721,clean,none,0,0,clean,clean,False,0.0,1.0,100.0,0.0,1.0,100.0,1.184508281255603,1.1979101874999287
2722,occlusion,low,3,3,occlusion,occlusion,False,0.025168469175696373,0.8440892100334167,27.24076271057129,0.02516847290098667,0.8440895080566406,27.24076271057129,1.184508281255603,1.1979101874999287
2723,blur,low,2,2,blur,blur,False,0.04299229755997658,0.834416389465332,24.13066864013672,0.04299229755997658,0.834416389465332,24.13066864013672,1.184508281255603,1.1979101874999287
2724,salt_pepper,medium,1,1,salt_pepper,salt_pepper,False,0.03863145038485527,0.7948324680328369,26.02734375,0.03863145038485527,0.7948324680328369,26.02734375,1.184508281255603,1.1979101874999287
2725,salt_pepper,high,1,1,salt_pepper,salt_pepper,False,0.03213832899928093,0.8522760272026062,26.453914642333984,0.03213832899928093,0.8522760272026062,26.453914642333984,1.184508281255603,1.1979101874999287
2726,salt_pepper,high,1,1,salt_pepper,salt_pepper,False,0.03800031170248985,0.8543346524238586,24.582931518554688,0.03800031170248985,0.8543346524238586,24.582931518554688,1.184508281255603,1.1979101874999287
2727,clean,none,0,0,clean,clean,False,0.0,1.0,100.0,0.0,1.0,100.0,1.184508281255603,1.1979101874999287
2728,blur,medium,2,2,blur,blur,False,0.03126483038067818,0.852013885974884,27.25955581665039,0.03126483038067818,0.852013885974884,27.25955581665039,1.184508281255603,1.1979101874999287
2729,clean,none,0,0,clean,clean,False,0.0,1.0,100.0,0.0,1.0,100.0,1.184508281255603,1.1979101874999287
2730,occlusion,high,3,3,occlusion,occlusion,False,0.07572314888238907,0.7354466915130615,19.46808433532715,0.07572314888238907,0.7354464530944824,19.46808433532715,1.184508281255603,1.1979101874999287
2731,salt_pepper,low,1,1,salt_pepper,salt_pepper,False,0.03629637882113457,0.8440622687339783,25.775928497314453,0.03629637882113457,0.8440622687339783,25.775928497314453,1.184508281255603,1.1979101874999287
2732,clean,none,0,0,clean,clean,False,0.0,1.0,100.0,0.0,1.0,100.0,1.184508281255603,1.1979101874999287
2733,blur,medium,2,2,blur,blur,False,0.03050951473414898,0.936602771282196,26.967933654785156,0.03050951473414898,0.936602771282196,26.967933654785156,1.184508281255603,1.1979101874999287
2734,clean,none,0,0,clean,clean,False,0.0,1.0,100.0,0.0,1.0,100.0,1.184508281255603,1.1979101874999287
2735,occlusion,low,3,0,occlusion,clean,True,0.04426493123173714,0.886342465877533,16.493179321289062,0.05753161385655403,0.7012589573860168,21.65981674194336,1.184508281255603,1.1979101874999287
2736,occlusion,high,3,3,occlusion,occlusion,False,0.08327414840459824,0.5906987190246582,18.92198371887207,0.08327416330575943,0.5906985402107239,18.921981811523438,1.184508281255603,1.1979101874999287
2737,clean,none,0,0,clean,clean,False,0.0,1.0,100.0,0.0,1.0,100.0,1.184508281255603,1.1979101874999287
2738,occlusion,medium,3,3,occlusion,occlusion,False,0.05423559620976448,0.7489134669303894,21.34189796447754,0.054235607385635376,0.7489132285118103,21.34189796447754,1.184508281255603,1.1979101874999287
2739,salt_pepper,low,1,1,salt_pepper,salt_pepper,False,0.03611205145716667,0.8957813382148743,26.861385345458984,0.03611205145716667,0.8957813382148743,26.861385345458984,1.184508281255603,1.1979101874999287
2740,salt_pepper,low,1,1,salt_pepper,salt_pepper,False,0.10848069190979004,0.5713688731193542,17.534175872802734,0.10848069190979004,0.5713688731193542,17.534175872802734,1.184508281255603,1.1979101874999287
2741,blur,medium,2,2,blur,blur,False,0.1271553486585617,0.6761376261711121,15.951021194458008,0.1271553486585617,0.6761376261711121,15.951021194458008,1.184508281255603,1.1979101874999287
2742,clean,none,0,0,clean,clean,False,0.0,1.0,100.0,0.0,1.0,100.0,1.184508281255603,1.1979101874999287
2743,blur,high,2,2,blur,blur,False,0.11346163600683212,0.6002804636955261,14.83710765838623,0.11346163600683212,0.6002804636955261,14.83710765838623,1.184508281255603,1.1979101874999287
2744,clean,none,0,0,clean,clean,False,0.0,1.0,100.0,0.0,1.0,100.0,1.184508281255603,1.1979101874999287
2745,occlusion,medium,3,3,occlusion,occlusion,False,0.05864429473876953,0.7403513789176941,18.47852897644043,0.05864429473876953,0.7403512001037598,18.478530883789062,1.184508281255603,1.1979101874999287
2746,salt_pepper,low,1,1,salt_pepper,salt_pepper,False,0.04307454451918602,0.8675649762153625,24.408432006835938,0.04307454451918602,0.8675649762153625,24.408432006835938,1.184508281255603,1.1979101874999287
2747,occlusion,low,3,3,occlusion,occlusion,False,0.03857100009918213,0.8659501075744629,23.53744888305664,0.03857100009918213,0.865950345993042,23.537452697753906,1.184508281255603,1.1979101874999287
2748,clean,none,0,0,clean,clean,False,0.0,1.0,100.0,0.0,1.0,100.0,1.184508281255603,1.1979101874999287
2749,occlusion,low,3,3,occlusion,occlusion,False,0.03565262630581856,0.8947109580039978,25.866539001464844,0.035652630031108856,0.8947110176086426,25.866539001464844,1.184508281255603,1.1979101874999287
2750,clean,none,0,0,clean,clean,False,0.0,1.0,100.0,0.0,1.0,100.0,1.184508281255603,1.1979101874999287
2751,salt_pepper,high,1,1,salt_pepper,salt_pepper,False,0.04838539659976959,0.8025429248809814,24.116413116455078,0.04838539659976959,0.8025429248809814,24.116413116455078,1.184508281255603,1.1979101874999287
2752,occlusion,medium,3,3,occlusion,occlusion,False,0.05056796595454216,0.7225144505500793,23.043148040771484,0.05056796595454216,0.7225144505500793,23.043148040771484,1.4296104374977858,1.4241577187590337
2753,blur,medium,2,2,blur,blur,False,0.06196778640151024,0.7937704920768738,21.45256996154785,0.06196778640151024,0.7937704920768738,21.45256996154785,1.4296104374977858,1.4241577187590337
2754,blur,low,2,2,blur,blur,False,0.06895693391561508,0.8306824564933777,21.281320571899414,0.06895693391561508,0.8306824564933777,21.281320571899414,1.4296104374977858,1.4241577187590337
2755,blur,medium,2,2,blur,blur,False,0.0319315530359745,0.9259663224220276,26.690237045288086,0.0319315530359745,0.9259663224220276,26.690237045288086,1.4296104374977858,1.4241577187590337
2756,clean,none,0,0,clean,clean,False,0.0,1.0,100.0,0.0,1.0,100.0,1.4296104374977858,1.4241577187590337
2757,occlusion,low,3,3,occlusion,occlusion,False,0.032105520367622375,0.8736372590065002,25.450725555419922,0.032105520367622375,0.8736372590065002,25.450725555419922,1.4296104374977858,1.4241577187590337
2758,blur,low,2,2,blur,blur,False,0.052843231707811356,0.8925833106040955,23.59897804260254,0.052843231707811356,0.8925833106040955,23.59897804260254,1.4296104374977858,1.4241577187590337
2759,clean,none,0,0,clean,clean,False,0.0,1.0,100.0,0.0,1.0,100.0,1.4296104374977858,1.4241577187590337
2760,clean,none,0,0,clean,clean,False,0.0,1.0,100.0,0.0,1.0,100.0,1.4296104374977858,1.4241577187590337
2761,occlusion,high,3,3,occlusion,occlusion,False,0.060863692313432693,0.7325592041015625,19.00810432434082,0.060863692313432693,0.7325592041015625,19.00810432434082,1.4296104374977858,1.4241577187590337
2762,occlusion,medium,3,3,occlusion,occlusion,False,0.05591244995594025,0.7208548188209534,21.49795150756836,0.05591244995594025,0.7208548188209534,21.49795150756836,1.4296104374977858,1.4241577187590337
2763,blur,low,2,2,blur,blur,False,0.052194174379110336,0.8523103594779968,22.969005584716797,0.052194174379110336,0.8523103594779968,22.969005584716797,1.4296104374977858,1.4241577187590337
2764,blur,low,2,2,blur,blur,False,0.06426537036895752,0.8382157683372498,20.93109130859375,0.06426537036895752,0.8382157683372498,20.93109130859375,1.4296104374977858,1.4241577187590337
2765,clean,none,0,0,clean,clean,False,0.0,1.0,100.0,0.0,1.0,100.0,1.4296104374977858,1.4241577187590337
2766,salt_pepper,high,1,1,salt_pepper,salt_pepper,False,0.05278853699564934,0.8044893741607666,23.403966903686523,0.05278853699564934,0.8044893741607666,23.403966903686523,1.4296104374977858,1.4241577187590337
2767,clean,none,0,0,clean,clean,False,0.0,1.0,100.0,0.0,1.0,100.0,1.4296104374977858,1.4241577187590337
2768,occlusion,high,3,3,occlusion,occlusion,False,0.08956870436668396,0.48805856704711914,18.48406982421875,0.08956870436668396,0.48805856704711914,18.48406982421875,1.4296104374977858,1.4241577187590337
2769,salt_pepper,low,1,1,salt_pepper,salt_pepper,False,0.05307091772556305,0.8148534893989563,23.164283752441406,0.05307091772556305,0.8148534893989563,23.164283752441406,1.4296104374977858,1.4241577187590337
2770,clean,none,0,0,clean,clean,False,0.0,1.0,100.0,0.0,1.0,100.0,1.4296104374977858,1.4241577187590337
2771,blur,medium,2,2,blur,blur,False,0.058301154524087906,0.7787889838218689,21.34760284423828,0.058301154524087906,0.7787889838218689,21.34760284423828,1.4296104374977858,1.4241577187590337
2772,blur,low,2,2,blur,blur,False,0.059843022376298904,0.8658702969551086,21.610681533813477,0.059843022376298904,0.8658702969551086,21.610681533813477,1.4296104374977858,1.4241577187590337
2773,clean,none,0,0,clean,clean,False,0.0,1.0,100.0,0.0,1.0,100.0,1.4296104374977858,1.4241577187590337
2774,clean,none,0,0,clean,clean,False,0.0,1.0,100.0,0.0,1.0,100.0,1.4296104374977858,1.4241577187590337
2775,salt_pepper,high,1,1,salt_pepper,salt_pepper,False,0.058075811713933945,0.7985844612121582,22.621562957763672,0.058075811713933945,0.7985844612121582,22.621562957763672,1.4296104374977858,1.4241577187590337
2776,occlusion,low,3,3,occlusion,occlusion,False,0.09867886453866959,0.6610103249549866,17.362903594970703,0.09867886453866959,0.6610103249549866,17.362903594970703,1.4296104374977858,1.4241577187590337
2777,clean,none,0,0,clean,clean,False,0.0,1.0,100.0,0.0,1.0,100.0,1.4296104374977858,1.4241577187590337
2778,clean,none,0,0,clean,clean,False,0.0,1.0,100.0,0.0,1.0,100.0,1.4296104374977858,1.4241577187590337
2779,salt_pepper,low,1,1,salt_pepper,salt_pepper,False,0.04667709395289421,0.8579986095428467,20.533809661865234,0.04667709395289421,0.8579986095428467,20.533809661865234,1.4296104374977858,1.4241577187590337
2780,occlusion,low,3,3,occlusion,occlusion,False,0.02575433813035488,0.8873775601387024,27.46698570251465,0.02575433813035488,0.8873775601387024,27.46698570251465,1.4296104374977858,1.4241577187590337
2781,blur,medium,2,2,blur,blur,False,0.0407518595457077,0.8359416127204895,25.014345169067383,0.0407518595457077,0.8359416127204895,25.014345169067383,1.4296104374977858,1.4241577187590337
2782,clean,none,0,0,clean,clean,False,0.0,1.0,100.0,0.0,1.0,100.0,1.4296104374977858,1.4241577187590337
2783,occlusion,low,3,3,occlusion,occlusion,False,0.08374462276697159,0.6547132134437561,17.952953338623047,0.08374462276697159,0.6547132134437561,17.952953338623047,1.4296104374977858,1.4241577187590337
2784,occlusion,high,3,3,occlusion,occlusion,False,0.09146568924188614,0.4612314701080322,17.288536071777344,0.09146568924188614,0.4612314701080322,17.288536071777344,1.4304452187445804,1.4292853749964252
2785,clean,none,0,0,clean,clean,False,0.0,1.0,100.0,0.0,1.0,100.0,1.4304452187445804,1.4292853749964252
2786,clean,none,0,0,clean,clean,False,0.0,1.0,100.0,0.0,1.0,100.0,1.4304452187445804,1.4292853749964252
2787,salt_pepper,high,1,1,salt_pepper,salt_pepper,False,0.06285520642995834,0.7674398422241211,21.59714126586914,0.06285520642995834,0.7674398422241211,21.59714126586914,1.4304452187445804,1.4292853749964252
2788,salt_pepper,low,1,1,salt_pepper,salt_pepper,False,0.06499702483415604,0.7750368714332581,20.876853942871094,0.06499702483415604,0.7750368714332581,20.876853942871094,1.4304452187445804,1.4292853749964252
2789,salt_pepper,low,1,1,salt_pepper,salt_pepper,False,0.0493142306804657,0.7776579856872559,22.50969886779785,0.0493142306804657,0.7776579856872559,22.50969886779785,1.4304452187445804,1.4292853749964252
2790,occlusion,low,3,3,occlusion,occlusion,False,0.03999540954828262,0.8172542452812195,24.848217010498047,0.03999540954828262,0.8172542452812195,24.848217010498047,1.4304452187445804,1.4292853749964252
2791,salt_pepper,low,1,1,salt_pepper,salt_pepper,False,0.04650139808654785,0.8124253153800964,23.413419723510742,0.04650139808654785,0.8124253153800964,23.413419723510742,1.4304452187445804,1.4292853749964252
2792,salt_pepper,low,1,1,salt_pepper,salt_pepper,False,0.07265153527259827,0.7936339378356934,20.27206039428711,0.07265153527259827,0.7936339378356934,20.27206039428711,1.4304452187445804,1.4292853749964252
2793,blur,low,2,2,blur,blur,False,0.061857689172029495,0.7340286374092102,21.363113403320312,0.061857689172029495,0.7340286374092102,21.363113403320312,1.4304452187445804,1.4292853749964252
2794,salt_pepper,high,1,1,salt_pepper,salt_pepper,False,0.04862544313073158,0.8225532174110413,22.36457633972168,0.04862544313073158,0.8225532174110413,22.36457633972168,1.4304452187445804,1.4292853749964252
2795,blur,high,2,2,blur,blur,False,0.07991460710763931,0.6432850956916809,19.393146514892578,0.07991460710763931,0.6432850956916809,19.393146514892578,1.4304452187445804,1.4292853749964252
2796,occlusion,medium,3,3,occlusion,occlusion,False,0.06381869316101074,0.6555991768836975,20.588531494140625,0.06381869316101074,0.6555991768836975,20.588531494140625,1.4304452187445804,1.4292853749964252
2797,blur,medium,2,2,blur,blur,False,0.0637991800904274,0.7930344939231873,20.856000900268555,0.0637991800904274,0.7930344939231873,20.856000900268555,1.4304452187445804,1.4292853749964252
2798,clean,none,0,0,clean,clean,False,0.0,1.0,100.0,0.0,1.0,100.0,1.4304452187445804,1.4292853749964252
2799,clean,none,0,0,clean,clean,False,0.0,1.0,100.0,0.0,1.0,100.0,1.4304452187445804,1.4292853749964252
2800,occlusion,high,3,3,occlusion,occlusion,False,0.06632766872644424,0.6543861031532288,17.1817569732666,0.06632766872644424,0.6543861031532288,17.1817569732666,1.4304452187445804,1.4292853749964252
2801,occlusion,high,3,3,occlusion,occlusion,False,0.08194703608751297,0.6374041438102722,16.794986724853516,0.08194703608751297,0.6374041438102722,16.794986724853516,1.4304452187445804,1.4292853749964252
2802,salt_pepper,low,1,1,salt_pepper,salt_pepper,False,0.07250172644853592,0.6909894943237305,20.461814880371094,0.07250172644853592,0.6909894943237305,20.461814880371094,1.4304452187445804,1.4292853749964252
2803,clean,none,0,0,clean,clean,False,0.0,1.0,100.0,0.0,1.0,100.0,1.4304452187445804,1.4292853749964252
2804,clean,none,0,0,clean,clean,False,0.0,1.0,100.0,0.0,1.0,100.0,1.4304452187445804,1.4292853749964252
2805,occlusion,low,3,3,occlusion,occlusion,False,0.050094619393348694,0.7011999487876892,21.466995239257812,0.050094619393348694,0.7011999487876892,21.466995239257812,1.4304452187445804,1.4292853749964252
2806,occlusion,low,3,3,occlusion,occlusion,False,0.03527653589844704,0.8314909934997559,24.967742919921875,0.03527653589844704,0.8314909934997559,24.967742919921875,1.4304452187445804,1.4292853749964252
2807,occlusion,medium,3,3,occlusion,occlusion,False,0.023579291999340057,0.9143401980400085,28.710203170776367,0.023579291999340057,0.9143401980400085,28.710203170776367,1.4304452187445804,1.4292853749964252
2808,clean,none,0,0,clean,clean,False,0.0,1.0,100.0,0.0,1.0,100.0,1.4304452187445804,1.4292853749964252
2809,clean,none,0,0,clean,clean,False,0.0,1.0,100.0,0.0,1.0,100.0,1.4304452187445804,1.4292853749964252
2810,clean,none,0,0,clean,clean,False,0.0,1.0,100.0,0.0,1.0,100.0,1.4304452187445804,1.4292853749964252
2811,salt_pepper,high,1,1,salt_pepper,salt_pepper,False,0.05757174268364906,0.7036929130554199,22.572505950927734,0.05757174268364906,0.7036929130554199,22.572505950927734,1.4304452187445804,1.4292853749964252
2812,occlusion,high,3,3,occlusion,occlusion,False,0.0639224722981453,0.535972535610199,20.934972763061523,0.0639224722981453,0.535972535610199,20.934972763061523,1.4304452187445804,1.4292853749964252
2813,clean,none,0,0,clean,clean,False,0.0,1.0,100.0,0.0,1.0,100.0,1.4304452187445804,1.4292853749964252
2814,blur,low,2,2,blur,blur,False,0.08589649200439453,0.7167043089866638,18.353540420532227,0.08589649200439453,0.7167043089866638,18.353540420532227,1.4304452187445804,1.4292853749964252
2815,occlusion,high,3,3,occlusion,occlusion,False,0.12235328555107117,0.6221362948417664,14.792551040649414,0.12235328555107117,0.6221362948417664,14.792551040649414,1.4304452187445804,1.4292853749964252
2816,blur,high,2,2,blur,blur,False,0.0506770946085453,0.8680737614631653,23.237916946411133,0.0506770946085453,0.8680737614631653,23.237916946411133,1.2739702812609721,1.2667067812515143
2817,clean,none,0,0,clean,clean,False,0.0,1.0,100.0,0.0,1.0,100.0,1.2739702812609721,1.2667067812515143
2818,clean,none,0,0,clean,clean,False,0.0,1.0,100.0,0.0,1.0,100.0,1.2739702812609721,1.2667067812515143
2819,salt_pepper,high,1,1,salt_pepper,salt_pepper,False,0.042349640280008316,0.758038341999054,24.655841827392578,0.042349640280008316,0.758038341999054,24.655841827392578,1.2739702812609721,1.2667067812515143
2820,salt_pepper,high,1,1,salt_pepper,salt_pepper,False,0.06555130332708359,0.6356682777404785,21.057815551757812,0.06555130332708359,0.6356682777404785,21.057815551757812,1.2739702812609721,1.2667067812515143
2821,salt_pepper,low,1,1,salt_pepper,salt_pepper,False,0.0458187609910965,0.8105766773223877,23.40234375,0.0458187609910965,0.8105766773223877,23.40234375,1.2739702812609721,1.2667067812515143
2822,clean,none,0,0,clean,clean,False,0.0,1.0,100.0,0.0,1.0,100.0,1.2739702812609721,1.2667067812515143
2823,clean,none,0,0,clean,clean,False,0.0,1.0,100.0,0.0,1.0,100.0,1.2739702812609721,1.2667067812515143
2824,occlusion,medium,3,3,occlusion,occlusion,False,0.07730668038129807,0.6938378214836121,17.445764541625977,0.07730668038129807,0.6938378214836121,17.445764541625977,1.2739702812609721,1.2667067812515143
2825,blur,high,2,2,blur,blur,False,0.07388871163129807,0.8126474022865295,19.876285552978516,0.07388871163129807,0.8126474022865295,19.876285552978516,1.2739702812609721,1.2667067812515143
2826,occlusion,low,3,3,occlusion,occlusion,False,0.05216623842716217,0.8245407938957214,22.84958839416504,0.05216623842716217,0.8245407938957214,22.84958839416504,1.2739702812609721,1.2667067812515143
2827,occlusion,high,3,3,occlusion,occlusion,False,0.0581037700176239,0.6848799586296082,19.781200408935547,0.0581037700176239,0.6848799586296082,19.781200408935547,1.2739702812609721,1.2667067812515143
2828,blur,low,2,2,blur,blur,False,0.08908575773239136,0.7456191182136536,18.590347290039062,0.08908575773239136,0.7456191182136536,18.590347290039062,1.2739702812609721,1.2667067812515143
2829,salt_pepper,high,1,1,salt_pepper,salt_pepper,False,0.04925611615180969,0.8538736701011658,22.595169067382812,0.04925611615180969,0.8538736701011658,22.595169067382812,1.2739702812609721,1.2667067812515143
2830,clean,none,0,0,clean,clean,False,0.0,1.0,100.0,0.0,1.0,100.0,1.2739702812609721,1.2667067812515143
2831,blur,medium,2,2,blur,blur,False,0.062285203486680984,0.7634521126747131,20.671031951904297,0.062285203486680984,0.7634521126747131,20.671031951904297,1.2739702812609721,1.2667067812515143
2832,salt_pepper,medium,1,1,salt_pepper,salt_pepper,False,0.06564604490995407,0.796513557434082,20.610462188720703,0.06564604490995407,0.796513557434082,20.610462188720703,1.2739702812609721,1.2667067812515143
2833,clean,none,0,0,clean,clean,False,0.0,1.0,100.0,0.0,1.0,100.0,1.2739702812609721,1.2667067812515143
2834,clean,none,0,0,clean,clean,False,0.0,1.0,100.0,0.0,1.0,100.0,1.2739702812609721,1.2667067812515143
2835,blur,medium,2,2,blur,blur,False,0.0421539731323719,0.7584970593452454,24.2567081451416,0.0421539731323719,0.7584970593452454,24.2567081451416,1.2739702812609721,1.2667067812515143
2836,clean,none,0,0,clean,clean,False,0.0,1.0,100.0,0.0,1.0,100.0,1.2739702812609721,1.2667067812515143
2837,clean,none,0,0,clean,clean,False,0.0,1.0,100.0,0.0,1.0,100.0,1.2739702812609721,1.2667067812515143
2838,salt_pepper,medium,1,1,salt_pepper,salt_pepper,False,0.04004881903529167,0.7878032326698303,24.651187896728516,0.04004881903529167,0.7878032326698303,24.651187896728516,1.2739702812609721,1.2667067812515143
2839,blur,low,2,2,blur,blur,False,0.04338029399514198,0.8514401316642761,24.392284393310547,0.04338029399514198,0.8514401316642761,24.392284393310547,1.2739702812609721,1.2667067812515143
2840,clean,none,0,0,clean,clean,False,0.0,1.0,100.0,0.0,1.0,100.0,1.2739702812609721,1.2667067812515143
2841,clean,none,0,0,clean,clean,False,0.0,1.0,100.0,0.0,1.0,100.0,1.2739702812609721,1.2667067812515143
2842,salt_pepper,medium,1,1,salt_pepper,salt_pepper,False,0.07615941017866135,0.6285030245780945,19.87470817565918,0.07615941017866135,0.6285030245780945,19.87470817565918,1.2739702812609721,1.2667067812515143
2843,clean,none,0,0,clean,clean,False,0.0,1.0,100.0,0.0,1.0,100.0,1.2739702812609721,1.2667067812515143
2844,blur,high,2,2,blur,blur,False,0.06559527665376663,0.7066169381141663,21.582725524902344,0.06559527665376663,0.7066169381141663,21.582725524902344,1.2739702812609721,1.2667067812515143
2845,salt_pepper,medium,1,1,salt_pepper,salt_pepper,False,0.06381138414144516,0.7833026051521301,21.544536590576172,0.06381138414144516,0.7833026051521301,21.544536590576172,1.2739702812609721,1.2667067812515143
2846,salt_pepper,medium,1,1,salt_pepper,salt_pepper,False,0.09415867924690247,0.6959094405174255,17.439899444580078,0.09415867924690247,0.6959094405174255,17.439899444580078,1.2739702812609721,1.2667067812515143
2847,salt_pepper,low,1,1,salt_pepper,salt_pepper,False,0.03886234760284424,0.8530824184417725,26.061420440673828,0.03886234760284424,0.8530824184417725,26.061420440673828,1.2739702812609721,1.2667067812515143
2848,blur,high,2,2,blur,blur,False,0.07620441168546677,0.7289096713066101,19.54474639892578,0.07620441168546677,0.7289096713066101,19.54474639892578,1.4968542187432377,1.501504781259655
2849,occlusion,high,3,3,occlusion,occlusion,False,0.10735639929771423,0.5522674918174744,16.479185104370117,0.10735639929771423,0.5522674918174744,16.479185104370117,1.4968542187432377,1.501504781259655
2850,salt_pepper,high,1,1,salt_pepper,salt_pepper,False,0.04771074280142784,0.8406234383583069,24.26032829284668,0.04771074280142784,0.8406234383583069,24.26032829284668,1.4968542187432377,1.501504781259655
2851,salt_pepper,medium,1,1,salt_pepper,salt_pepper,False,0.06429114192724228,0.8020918965339661,21.30185890197754,0.06429114192724228,0.8020918965339661,21.30185890197754,1.4968542187432377,1.501504781259655
2852,occlusion,medium,3,3,occlusion,occlusion,False,0.048146843910217285,0.7146604061126709,22.300661087036133,0.048146843910217285,0.7146604061126709,22.300661087036133,1.4968542187432377,1.501504781259655
2853,blur,low,2,2,blur,blur,False,0.09472408890724182,0.6582257747650146,18.54483413696289,0.09472408890724182,0.6582257747650146,18.54483413696289,1.4968542187432377,1.501504781259655
2854,clean,none,0,0,clean,clean,False,0.0,1.0,100.0,0.0,1.0,100.0,1.4968542187432377,1.501504781259655
2855,occlusion,low,3,3,occlusion,occlusion,False,0.0599357895553112,0.7999899983406067,21.062700271606445,0.0599357895553112,0.7999899983406067,21.062700271606445,1.4968542187432377,1.501504781259655
2856,clean,none,0,0,clean,clean,False,0.0,1.0,100.0,0.0,1.0,100.0,1.4968542187432377,1.501504781259655
2857,occlusion,low,3,3,occlusion,occlusion,False,0.053001899272203445,0.7362515330314636,21.295156478881836,0.053001899272203445,0.7362515330314636,21.295156478881836,1.4968542187432377,1.501504781259655
2858,blur,high,2,2,blur,blur,False,0.06285349279642105,0.5509302020072937,21.76822853088379,0.06285349279642105,0.5509302020072937,21.76822853088379,1.4968542187432377,1.501504781259655
2859,occlusion,medium,3,3,occlusion,occlusion,False,0.05069875717163086,0.6274242997169495,22.876380920410156,0.05069875717163086,0.6274242997169495,22.876380920410156,1.4968542187432377,1.501504781259655
2860,blur,high,2,2,blur,blur,False,0.06269630789756775,0.7390896677970886,21.193267822265625,0.06269630789756775,0.7390896677970886,21.193267822265625,1.4968542187432377,1.501504781259655
2861,salt_pepper,low,1,1,salt_pepper,salt_pepper,False,0.03872138261795044,0.8836312294006348,26.000946044921875,0.03872138261795044,0.8836312294006348,26.000946044921875,1.4968542187432377,1.501504781259655
2862,salt_pepper,high,1,1,salt_pepper,salt_pepper,False,0.07244130223989487,0.7482420802116394,19.617191314697266,0.07244130223989487,0.7482420802116394,19.617191314697266,1.4968542187432377,1.501504781259655
2863,clean,none,0,0,clean,clean,False,0.0,1.0,100.0,0.0,1.0,100.0,1.4968542187432377,1.501504781259655
2864,clean,none,0,0,clean,clean,False,0.0,1.0,100.0,0.0,1.0,100.0,1.4968542187432377,1.501504781259655
2865,occlusion,medium,3,3,occlusion,occlusion,False,0.04788236320018768,0.7056605219841003,22.09232521057129,0.04788236320018768,0.7056605219841003,22.09232521057129,1.4968542187432377,1.501504781259655
2866,salt_pepper,medium,1,1,salt_pepper,salt_pepper,False,0.06261641532182693,0.752825915813446,21.949853897094727,0.06261641532182693,0.752825915813446,21.949853897094727,1.4968542187432377,1.501504781259655
2867,salt_pepper,low,1,1,salt_pepper,salt_pepper,False,0.05193321779370308,0.7580110430717468,23.179988861083984,0.05193321779370308,0.7580110430717468,23.179988861083984,1.4968542187432377,1.501504781259655
2868,blur,high,2,2,blur,blur,False,0.04690229892730713,0.7543923258781433,24.001461029052734,0.04690229892730713,0.7543923258781433,24.001461029052734,1.4968542187432377,1.501504781259655
2869,occlusion,low,3,3,occlusion,occlusion,False,0.06604903191328049,0.7302414774894714,20.379711151123047,0.06604903191328049,0.7302414774894714,20.379711151123047,1.4968542187432377,1.501504781259655
2870,blur,medium,2,2,blur,blur,False,0.04219837859272957,0.8977579474449158,24.789409637451172,0.04219837859272957,0.8977579474449158,24.789409637451172,1.4968542187432377,1.501504781259655
2871,clean,none,0,0,clean,clean,False,0.0,1.0,100.0,0.0,1.0,100.0,1.4968542187432377,1.501504781259655
2872,occlusion,medium,3,3,occlusion,occlusion,False,0.045495688915252686,0.7628294825553894,21.276052474975586,0.045495688915252686,0.7628294825553894,21.276052474975586,1.4968542187432377,1.501504781259655
2873,blur,high,2,2,blur,blur,False,0.07594076544046402,0.6983591914176941,19.756906509399414,0.07594076544046402,0.6983591914176941,19.756906509399414,1.4968542187432377,1.501504781259655
2874,clean,none,0,0,clean,clean,False,0.0,1.0,100.0,0.0,1.0,100.0,1.4968542187432377,1.501504781259655
2875,clean,none,0,0,clean,clean,False,0.0,1.0,100.0,0.0,1.0,100.0,1.4968542187432377,1.501504781259655
2876,clean,none,0,0,clean,clean,False,0.0,1.0,100.0,0.0,1.0,100.0,1.4968542187432377,1.501504781259655
2877,blur,low,2,2,blur,blur,False,0.05027876794338226,0.8493049740791321,22.73430061340332,0.05027876794338226,0.8493049740791321,22.73430061340332,1.4968542187432377,1.501504781259655
2878,blur,high,2,2,blur,blur,False,0.03530650958418846,0.8887016177177429,24.666927337646484,0.03530650958418846,0.8887016177177429,24.666927337646484,1.4968542187432377,1.501504781259655
2879,salt_pepper,medium,1,1,salt_pepper,salt_pepper,False,0.07252813130617142,0.7197851538658142,19.97690200805664,0.07252813130617142,0.7197851538658142,19.97690200805664,1.4968542187432377,1.501504781259655
2880,occlusion,low,3,3,occlusion,occlusion,False,0.046714846044778824,0.7994738221168518,22.48516273498535,0.046714846044778824,0.7994738221168518,22.48516273498535,1.3583799687637566,1.353316624999934
2881,blur,high,2,2,blur,blur,False,0.06626804918050766,0.6490153670310974,21.345008850097656,0.06626804918050766,0.6490153670310974,21.345008850097656,1.3583799687637566,1.353316624999934
2882,clean,none,0,0,clean,clean,False,0.0,1.0,100.0,0.0,1.0,100.0,1.3583799687637566,1.353316624999934
2883,clean,none,0,0,clean,clean,False,0.0,1.0,100.0,0.0,1.0,100.0,1.3583799687637566,1.353316624999934
2884,clean,none,0,0,clean,clean,False,0.0,1.0,100.0,0.0,1.0,100.0,1.3583799687637566,1.353316624999934
2885,clean,none,0,0,clean,clean,False,0.0,1.0,100.0,0.0,1.0,100.0,1.3583799687637566,1.353316624999934
2886,blur,high,2,2,blur,blur,False,0.06124771013855934,0.7427790760993958,21.71830177307129,0.06124771013855934,0.7427790760993958,21.71830177307129,1.3583799687637566,1.353316624999934
2887,blur,low,2,2,blur,blur,False,0.04421577230095863,0.8437079787254333,24.526443481445312,0.04421577230095863,0.8437079787254333,24.526443481445312,1.3583799687637566,1.353316624999934
2888,blur,low,2,2,blur,blur,False,0.041205864399671555,0.8804916739463806,23.838912963867188,0.041205864399671555,0.8804916739463806,23.838912963867188,1.3583799687637566,1.353316624999934
2889,occlusion,low,3,3,occlusion,occlusion,False,0.05525141954421997,0.8122765421867371,21.974260330200195,0.05525141954421997,0.8122765421867371,21.974260330200195,1.3583799687637566,1.353316624999934
2890,blur,medium,2,2,blur,blur,False,0.03208070620894432,0.8972117900848389,27.444246292114258,0.03208070620894432,0.8972117900848389,27.444246292114258,1.3583799687637566,1.353316624999934
2891,blur,medium,2,2,blur,blur,False,0.06029403582215309,0.7106170654296875,22.160743713378906,0.06029403582215309,0.7106170654296875,22.160743713378906,1.3583799687637566,1.353316624999934
2892,salt_pepper,low,1,1,salt_pepper,salt_pepper,False,0.03150169178843498,0.9323370456695557,26.92586898803711,0.03150169178843498,0.9323370456695557,26.92586898803711,1.3583799687637566,1.353316624999934
2893,clean,none,0,0,clean,clean,False,0.0,1.0,100.0,0.0,1.0,100.0,1.3583799687637566,1.353316624999934
2894,salt_pepper,low,1,1,salt_pepper,salt_pepper,False,0.01793990470468998,0.9396284222602844,32.194236755371094,0.01793990470468998,0.9396284222602844,32.194236755371094,1.3583799687637566,1.353316624999934
2895,occlusion,low,3,3,occlusion,occlusion,False,0.029393523931503296,0.8953897953033447,23.112895965576172,0.029393523931503296,0.8953897953033447,23.112895965576172,1.3583799687637566,1.353316624999934
2896,salt_pepper,low,1,1,salt_pepper,salt_pepper,False,0.04320412874221802,0.8655953407287598,24.280406951904297,0.04320412874221802,0.8655953407287598,24.280406951904297,1.3583799687637566,1.353316624999934
2897,salt_pepper,medium,1,1,salt_pepper,salt_pepper,False,0.043510984629392624,0.869273841381073,24.243900299072266,0.043510984629392624,0.869273841381073,24.243900299072266,1.3583799687637566,1.353316624999934
2898,occlusion,low,3,3,occlusion,occlusion,False,0.04481656849384308,0.7731110453605652,23.16234588623047,0.04481656849384308,0.7731110453605652,23.16234588623047,1.3583799687637566,1.353316624999934
2899,clean,none,0,0,clean,clean,False,0.0,1.0,100.0,0.0,1.0,100.0,1.3583799687637566,1.353316624999934
2900,clean,none,0,0,clean,clean,False,0.0,1.0,100.0,0.0,1.0,100.0,1.3583799687637566,1.353316624999934
2901,blur,medium,2,2,blur,blur,False,0.037906426936388016,0.8821123242378235,25.354087829589844,0.037906426936388016,0.8821123242378235,25.354087829589844,1.3583799687637566,1.353316624999934
2902,blur,high,2,2,blur,blur,False,0.02904725819826126,0.9108698964118958,27.144128799438477,0.02904725819826126,0.9108698964118958,27.144128799438477,1.3583799687637566,1.353316624999934
2903,occlusion,low,3,3,occlusion,occlusion,False,0.033517543226480484,0.874126672744751,23.474443435668945,0.033517543226480484,0.874126672744751,23.474443435668945,1.3583799687637566,1.353316624999934
2904,occlusion,high,3,3,occlusion,occlusion,False,0.055129438638687134,0.7148556709289551,20.535430908203125,0.055129438638687134,0.7148556709289551,20.535430908203125,1.3583799687637566,1.353316624999934
2905,clean,none,0,0,clean,clean,False,0.0,1.0,100.0,0.0,1.0,100.0,1.3583799687637566,1.353316624999934
2906,blur,medium,2,2,blur,blur,False,0.051663100719451904,0.8359933495521545,23.213369369506836,0.051663100719451904,0.8359933495521545,23.213369369506836,1.3583799687637566,1.353316624999934
2907,clean,none,0,0,clean,clean,False,0.0,1.0,100.0,0.0,1.0,100.0,1.3583799687637566,1.353316624999934
2908,blur,low,2,2,blur,blur,False,0.03433762863278389,0.8498762249946594,26.680522918701172,0.03433762863278389,0.8498762249946594,26.680522918701172,1.3583799687637566,1.353316624999934
2909,blur,low,2,2,blur,blur,False,0.03562924638390541,0.9170497059822083,26.981983184814453,0.03562924638390541,0.9170497059822083,26.981983184814453,1.3583799687637566,1.353316624999934
2910,clean,none,0,0,clean,clean,False,0.0,1.0,100.0,0.0,1.0,100.0,1.3583799687637566,1.353316624999934
2911,occlusion,medium,3,3,occlusion,occlusion,False,0.037467945367097855,0.8261451125144958,23.838665008544922,0.037467945367097855,0.8261451125144958,23.838665008544922,1.3583799687637566,1.353316624999934
2912,salt_pepper,low,1,1,salt_pepper,salt_pepper,False,0.035988930612802505,0.9024114608764648,26.578933715820312,0.035988930612802505,0.9024114608764648,26.578933715820312,1.4773082812382654,1.5363263750032274
2913,salt_pepper,high,1,1,salt_pepper,salt_pepper,False,0.03842410072684288,0.8678390979766846,24.19179916381836,0.03842410072684288,0.8678390979766846,24.19179916381836,1.4773082812382654,1.5363263750032274
2914,salt_pepper,high,1,1,salt_pepper,salt_pepper,False,0.03424132242798805,0.8822953104972839,25.733327865600586,0.03424132242798805,0.8822953104972839,25.733327865600586,1.4773082812382654,1.5363263750032274
2915,occlusion,high,3,3,occlusion,occlusion,False,0.09675631672143936,0.7410097122192383,14.559957504272461,0.09675631672143936,0.7410097122192383,14.559957504272461,1.4773082812382654,1.5363263750032274
2916,salt_pepper,medium,1,1,salt_pepper,salt_pepper,False,0.0236890260130167,0.9501383900642395,29.09577178955078,0.0236890260130167,0.9501383900642395,29.09577178955078,1.4773082812382654,1.5363263750032274
2917,occlusion,high,3,3,occlusion,occlusion,False,0.08759366720914841,0.5962533354759216,16.631591796875,0.08759366720914841,0.5962533354759216,16.631591796875,1.4773082812382654,1.5363263750032274
2918,salt_pepper,medium,1,1,salt_pepper,salt_pepper,False,0.0464027039706707,0.8898093104362488,23.460647583007812,0.0464027039706707,0.8898093104362488,23.460647583007812,1.4773082812382654,1.5363263750032274
2919,blur,high,2,2,blur,blur,False,0.04335198923945427,0.7143386006355286,24.237388610839844,0.04335198923945427,0.7143386006355286,24.237388610839844,1.4773082812382654,1.5363263750032274
2920,blur,low,2,2,blur,blur,False,0.0649539977312088,0.6230776906013489,21.352750778198242,0.0649539977312088,0.6230776906013489,21.352750778198242,1.4773082812382654,1.5363263750032274
2921,clean,none,0,0,clean,clean,False,0.0,1.0,100.0,0.0,1.0,100.0,1.4773082812382654,1.5363263750032274
2922,blur,low,2,2,blur,blur,False,0.03014969266951084,0.9222602844238281,28.16446304321289,0.03014969266951084,0.9222602844238281,28.16446304321289,1.4773082812382654,1.5363263750032274
2923,salt_pepper,low,1,1,salt_pepper,salt_pepper,False,0.0263971034437418,0.9186925292015076,28.606595993041992,0.0263971034437418,0.9186925292015076,28.606595993041992,1.4773082812382654,1.5363263750032274
2924,clean,none,0,0,clean,clean,False,0.0,1.0,100.0,0.0,1.0,100.0,1.4773082812382654,1.5363263750032274
2925,clean,none,0,0,clean,clean,False,0.0,1.0,100.0,0.0,1.0,100.0,1.4773082812382654,1.5363263750032274
2926,clean,none,0,0,clean,clean,False,0.0,1.0,100.0,0.0,1.0,100.0,1.4773082812382654,1.5363263750032274
2927,blur,low,2,2,blur,blur,False,0.04823865368962288,0.8103547096252441,24.178497314453125,0.04823865368962288,0.8103547096252441,24.178497314453125,1.4773082812382654,1.5363263750032274
2928,salt_pepper,low,1,1,salt_pepper,salt_pepper,False,0.030616166070103645,0.9145698547363281,27.644695281982422,0.030616166070103645,0.9145698547363281,27.644695281982422,1.4773082812382654,1.5363263750032274
2929,salt_pepper,high,1,1,salt_pepper,salt_pepper,False,0.0704209953546524,0.7568531036376953,19.08262062072754,0.0704209953546524,0.7568531036376953,19.08262062072754,1.4773082812382654,1.5363263750032274
2930,blur,low,2,2,blur,blur,False,0.02736828476190567,0.8983163833618164,27.78303337097168,0.02736828476190567,0.8983163833618164,27.78303337097168,1.4773082812382654,1.5363263750032274
2931,salt_pepper,medium,1,1,salt_pepper,salt_pepper,False,0.046661462634801865,0.8168385028839111,24.422821044921875,0.046661462634801865,0.8168385028839111,24.422821044921875,1.4773082812382654,1.5363263750032274
2932,blur,medium,2,2,blur,blur,False,0.04198219254612923,0.8710309863090515,24.74209976196289,0.04198219254612923,0.8710309863090515,24.74209976196289,1.4773082812382654,1.5363263750032274
2933,salt_pepper,low,1,1,salt_pepper,salt_pepper,False,0.07095744460821152,0.7358300089836121,20.203163146972656,0.07095744460821152,0.7358300089836121,20.203163146972656,1.4773082812382654,1.5363263750032274
2934,salt_pepper,low,1,1,salt_pepper,salt_pepper,False,0.05648186430335045,0.7332696914672852,22.087779998779297,0.05648186430335045,0.7332696914672852,22.087779998779297,1.4773082812382654,1.5363263750032274
2935,salt_pepper,medium,1,1,salt_pepper,salt_pepper,False,0.05828296020627022,0.695324182510376,22.376768112182617,0.05828296020627022,0.695324182510376,22.376768112182617,1.4773082812382654,1.5363263750032274
2936,occlusion,low,3,3,occlusion,occlusion,False,0.035089217126369476,0.7599663138389587,24.420570373535156,0.035089217126369476,0.7599663138389587,24.420570373535156,1.4773082812382654,1.5363263750032274
2937,salt_pepper,medium,1,1,salt_pepper,salt_pepper,False,0.04366984963417053,0.8668901324272156,23.909852981567383,0.04366984963417053,0.8668901324272156,23.909852981567383,1.4773082812382654,1.5363263750032274
2938,salt_pepper,high,1,1,salt_pepper,salt_pepper,False,0.038827307522296906,0.8826439380645752,25.12371826171875,0.038827307522296906,0.8826439380645752,25.12371826171875,1.4773082812382654,1.5363263750032274
2939,occlusion,medium,3,3,occlusion,occlusion,False,0.05477422475814819,0.7457695007324219,21.986825942993164,0.05477422475814819,0.7457695007324219,21.986825942993164,1.4773082812382654,1.5363263750032274
2940,occlusion,high,3,3,occlusion,occlusion,False,0.06743153929710388,0.6984389424324036,18.458160400390625,0.06743153929710388,0.6984389424324036,18.458160400390625,1.4773082812382654,1.5363263750032274
2941,clean,none,0,0,clean,clean,False,0.0,1.0,100.0,0.0,1.0,100.0,1.4773082812382654,1.5363263750032274
2942,clean,none,0,0,clean,clean,False,0.0,1.0,100.0,0.0,1.0,100.0,1.4773082812382654,1.5363263750032274
2943,blur,medium,2,2,blur,blur,False,0.10483643412590027,0.5692567229270935,16.206680297851562,0.10483643412590027,0.5692567229270935,16.206680297851562,1.4773082812382654,1.5363263750032274
2944,occlusion,high,3,3,occlusion,occlusion,False,0.0776500329375267,0.5574842095375061,18.058788299560547,0.0776500329375267,0.5574842095375061,18.058788299560547,1.2822608125020452,1.280118499977334
2945,salt_pepper,high,1,1,salt_pepper,salt_pepper,False,0.029659388586878777,0.8409664034843445,28.287513732910156,0.029659388586878777,0.8409664034843445,28.287513732910156,1.2822608125020452,1.280118499977334
2946,occlusion,high,3,3,occlusion,occlusion,False,0.06244418025016785,0.5645204186439514,20.73744010925293,0.06244418025016785,0.5645204186439514,20.73744010925293,1.2822608125020452,1.280118499977334
2947,occlusion,medium,3,3,occlusion,occlusion,False,0.04600796103477478,0.7754858136177063,21.633556365966797,0.04600796103477478,0.7754858136177063,21.633556365966797,1.2822608125020452,1.280118499977334
2948,blur,medium,2,2,blur,blur,False,0.042755383998155594,0.8098866939544678,25.198257446289062,0.042755383998155594,0.8098866939544678,25.198257446289062,1.2822608125020452,1.280118499977334
2949,blur,medium,2,2,blur,blur,False,0.08117767423391342,0.69709712266922,19.68753433227539,0.08117767423391342,0.69709712266922,19.68753433227539,1.2822608125020452,1.280118499977334
2950,occlusion,high,3,3,occlusion,occlusion,False,0.073602594435215,0.7187130451202393,17.095043182373047,0.073602594435215,0.7187130451202393,17.095043182373047,1.2822608125020452,1.280118499977334
2951,clean,none,0,0,clean,clean,False,0.0,1.0,100.0,0.0,1.0,100.0,1.2822608125020452,1.280118499977334
2952,occlusion,low,3,3,occlusion,occlusion,False,0.03616310656070709,0.7411157488822937,25.796049118041992,0.03616310656070709,0.7411157488822937,25.796049118041992,1.2822608125020452,1.280118499977334
2953,salt_pepper,high,1,1,salt_pepper,salt_pepper,False,0.040836136788129807,0.8735334277153015,25.180889129638672,0.040836136788129807,0.8735334277153015,25.180889129638672,1.2822608125020452,1.280118499977334
2954,salt_pepper,medium,1,1,salt_pepper,salt_pepper,False,0.02623152732849121,0.8626394271850586,28.22400665283203,0.02623152732849121,0.8626394271850586,28.22400665283203,1.2822608125020452,1.280118499977334
2955,blur,low,2,2,blur,blur,False,0.0529748909175396,0.8422421813011169,23.0391902923584,0.0529748909175396,0.8422421813011169,23.0391902923584,1.2822608125020452,1.280118499977334
2956,clean,none,0,0,clean,clean,False,0.0,1.0,100.0,0.0,1.0,100.0,1.2822608125020452,1.280118499977334
2957,occlusion,low,3,3,occlusion,occlusion,False,0.07871159166097641,0.6311562657356262,19.921611785888672,0.07871159166097641,0.6311562657356262,19.921611785888672,1.2822608125020452,1.280118499977334
2958,clean,none,0,0,clean,clean,False,0.0,1.0,100.0,0.0,1.0,100.0,1.2822608125020452,1.280118499977334
2959,salt_pepper,low,1,1,salt_pepper,salt_pepper,False,0.03784991428256035,0.9239365458488464,26.277568817138672,0.03784991428256035,0.9239365458488464,26.277568817138672,1.2822608125020452,1.280118499977334
2960,salt_pepper,high,1,1,salt_pepper,salt_pepper,False,0.07629019767045975,0.7005385756492615,19.336307525634766,0.07629019767045975,0.7005385756492615,19.336307525634766,1.2822608125020452,1.280118499977334
2961,blur,low,2,2,blur,blur,False,0.02508961595594883,0.9486296772956848,29.53457260131836,0.02508961595594883,0.9486296772956848,29.53457260131836,1.2822608125020452,1.280118499977334
2962,blur,low,2,2,blur,blur,False,0.06985647231340408,0.8337223529815674,20.754016876220703,0.06985647231340408,0.8337223529815674,20.754016876220703,1.2822608125020452,1.280118499977334
2963,salt_pepper,medium,1,1,salt_pepper,salt_pepper,False,0.031678177416324615,0.9087166786193848,27.473697662353516,0.031678177416324615,0.9087166786193848,27.473697662353516,1.2822608125020452,1.280118499977334
2964,clean,none,0,0,clean,clean,False,0.0,1.0,100.0,0.0,1.0,100.0,1.2822608125020452,1.280118499977334
2965,occlusion,high,3,3,occlusion,occlusion,False,0.07608217000961304,0.6795461177825928,17.689971923828125,0.07608217000961304,0.6795461177825928,17.689971923828125,1.2822608125020452,1.280118499977334
2966,clean,none,0,0,clean,clean,False,0.0,1.0,100.0,0.0,1.0,100.0,1.2822608125020452,1.280118499977334
2967,clean,none,0,0,clean,clean,False,0.0,1.0,100.0,0.0,1.0,100.0,1.2822608125020452,1.280118499977334
2968,salt_pepper,medium,1,1,salt_pepper,salt_pepper,False,0.03812418878078461,0.9013650417327881,25.687259674072266,0.03812418878078461,0.9013650417327881,25.687259674072266,1.2822608125020452,1.280118499977334
2969,occlusion,medium,3,3,occlusion,occlusion,False,0.03804510459303856,0.8662152290344238,24.48220443725586,0.03804510459303856,0.8662152290344238,24.48220443725586,1.2822608125020452,1.280118499977334
2970,occlusion,high,3,3,occlusion,occlusion,False,0.05453487113118172,0.6987428069114685,19.7353572845459,0.05453487113118172,0.6987428069114685,19.7353572845459,1.2822608125020452,1.280118499977334
2971,clean,none,0,0,clean,clean,False,0.0,1.0,100.0,0.0,1.0,100.0,1.2822608125020452,1.280118499977334
2972,blur,high,2,2,blur,blur,False,0.05980611965060234,0.6636427044868469,22.546382904052734,0.05980611965060234,0.6636427044868469,22.546382904052734,1.2822608125020452,1.280118499977334
2973,salt_pepper,high,1,1,salt_pepper,salt_pepper,False,0.041049376130104065,0.858204185962677,23.102502822875977,0.041049376130104065,0.858204185962677,23.102502822875977,1.2822608125020452,1.280118499977334
2974,clean,none,0,0,clean,clean,False,0.0,1.0,100.0,0.0,1.0,100.0,1.2822608125020452,1.280118499977334
2975,clean,none,0,0,clean,clean,False,0.0,1.0,100.0,0.0,1.0,100.0,1.2822608125020452,1.280118499977334
2976,salt_pepper,high,1,1,salt_pepper,salt_pepper,False,0.03598525747656822,0.8537982106208801,26.430234909057617,0.03598525747656822,0.8537982106208801,26.430234909057617,1.3850154062424735,1.3473290312333575
2977,occlusion,high,3,3,occlusion,occlusion,False,0.06242114305496216,0.7283389568328857,18.82184600830078,0.06242114305496216,0.7283389568328857,18.82184600830078,1.3850154062424735,1.3473290312333575
2978,salt_pepper,medium,1,1,salt_pepper,salt_pepper,False,0.04811512306332588,0.671190083026886,23.929080963134766,0.04811512306332588,0.671190083026886,23.929080963134766,1.3850154062424735,1.3473290312333575
2979,clean,none,0,2,clean,blur,True,0.02620392106473446,0.917819082736969,29.630619049072266,0.0,1.0,100.0,1.3850154062424735,1.3473290312333575
2980,blur,low,2,2,blur,blur,False,0.028401819989085197,0.9012139439582825,27.931324005126953,0.0284018125385046,0.9012139439582825,27.931325912475586,1.3850154062424735,1.3473290312333575
2981,clean,none,0,0,clean,clean,False,0.0,1.0,100.0,0.0,1.0,100.0,1.3850154062424735,1.3473290312333575
2982,blur,high,2,2,blur,blur,False,0.040405213832855225,0.8533773422241211,25.222246170043945,0.04040520265698433,0.8533772826194763,25.222246170043945,1.3850154062424735,1.3473290312333575
2983,occlusion,medium,3,3,occlusion,occlusion,False,0.044093310832977295,0.7645869851112366,19.902660369873047,0.044093310832977295,0.7645869851112366,19.902660369873047,1.3850154062424735,1.3473290312333575
2984,occlusion,high,3,3,occlusion,occlusion,False,0.08574733883142471,0.4151686131954193,18.749492645263672,0.08574733883142471,0.4151686131954193,18.749492645263672,1.3850154062424735,1.3473290312333575
2985,salt_pepper,low,1,1,salt_pepper,salt_pepper,False,0.05260889232158661,0.7924108505249023,22.458023071289062,0.05260889232158661,0.7924108505249023,22.458023071289062,1.3850154062424735,1.3473290312333575
2986,blur,low,2,2,blur,blur,False,0.047244224697351456,0.7939081192016602,23.547653198242188,0.047244224697351456,0.7939081192016602,23.547653198242188,1.3850154062424735,1.3473290312333575
2987,occlusion,low,3,3,occlusion,occlusion,False,0.035731248557567596,0.8404674530029297,26.140605926513672,0.035731248557567596,0.8404674530029297,26.140605926513672,1.3850154062424735,1.3473290312333575
2988,salt_pepper,high,1,1,salt_pepper,salt_pepper,False,0.07226855307817459,0.8483399748802185,20.51073455810547,0.07226855307817459,0.8483399748802185,20.51073455810547,1.3850154062424735,1.3473290312333575
2989,occlusion,high,3,3,occlusion,occlusion,False,0.06547725200653076,0.688878059387207,19.934127807617188,0.06547725200653076,0.688878059387207,19.934127807617188,1.3850154062424735,1.3473290312333575
2990,occlusion,high,3,3,occlusion,occlusion,False,0.10365701466798782,0.5633886456489563,14.314011573791504,0.10365701466798782,0.5633886456489563,14.314011573791504,1.3850154062424735,1.3473290312333575
2991,blur,low,2,2,blur,blur,False,0.08600134402513504,0.6698827743530273,19.226564407348633,0.08600134402513504,0.6698827743530273,19.226564407348633,1.3850154062424735,1.3473290312333575
2992,occlusion,high,3,3,occlusion,occlusion,False,0.06972624361515045,0.5503121018409729,20.59400749206543,0.06972624361515045,0.5503121018409729,20.59400749206543,1.3850154062424735,1.3473290312333575
2993,salt_pepper,high,1,1,salt_pepper,salt_pepper,False,0.024818753823637962,0.9208772778511047,27.94590187072754,0.024818753823637962,0.9208772778511047,27.94590187072754,1.3850154062424735,1.3473290312333575
2994,clean,none,0,0,clean,clean,False,0.0,1.0,100.0,0.0,1.0,100.0,1.3850154062424735,1.3473290312333575
2995,salt_pepper,low,1,1,salt_pepper,salt_pepper,False,0.0804736465215683,0.742656409740448,18.232242584228516,0.0804736465215683,0.742656409740448,18.232242584228516,1.3850154062424735,1.3473290312333575
2996,salt_pepper,high,1,1,salt_pepper,salt_pepper,False,0.05831794813275337,0.7565365433692932,22.805065155029297,0.05831794813275337,0.7565365433692932,22.805065155029297,1.3850154062424735,1.3473290312333575
2997,blur,low,2,2,blur,blur,False,0.05596991255879402,0.7338950037956238,21.79012107849121,0.05596991255879402,0.7338950037956238,21.79012107849121,1.3850154062424735,1.3473290312333575
2998,blur,medium,2,2,blur,blur,False,0.06182818114757538,0.8541455268859863,21.832958221435547,0.061828166246414185,0.8541455268859863,21.832958221435547,1.3850154062424735,1.3473290312333575
2999,salt_pepper,high,1,1,salt_pepper,salt_pepper,False,0.08257490396499634,0.6943510174751282,18.872859954833984,0.08257490396499634,0.6943510174751282,18.872859954833984,1.3850154062424735,1.3473290312333575
3000,clean,none,0,0,clean,clean,False,0.0,1.0,100.0,0.0,1.0,100.0,1.3850154062424735,1.3473290312333575
3001,clean,none,0,0,clean,clean,False,0.0,1.0,100.0,0.0,1.0,100.0,1.3850154062424735,1.3473290312333575
3002,occlusion,high,3,3,occlusion,occlusion,False,0.06448160856962204,0.6809945702552795,20.483243942260742,0.06448160856962204,0.6809945702552795,20.483243942260742,1.3850154062424735,1.3473290312333575
3003,clean,none,0,0,clean,clean,False,0.0,1.0,100.0,0.0,1.0,100.0,1.3850154062424735,1.3473290312333575
3004,blur,low,2,2,blur,blur,False,0.10355699062347412,0.6424729228019714,17.233741760253906,0.10355699062347412,0.6424729824066162,17.233741760253906,1.3850154062424735,1.3473290312333575
3005,clean,none,0,0,clean,clean,False,0.0,1.0,100.0,0.0,1.0,100.0,1.3850154062424735,1.3473290312333575
3006,occlusion,high,3,3,occlusion,occlusion,False,0.062159229069948196,0.696297824382782,19.522708892822266,0.062159229069948196,0.696297824382782,19.522708892822266,1.3850154062424735,1.3473290312333575
3007,clean,none,0,0,clean,clean,False,0.0,1.0,100.0,0.0,1.0,100.0,1.3850154062424735,1.3473290312333575
3008,salt_pepper,high,1,1,salt_pepper,salt_pepper,False,0.06467889249324799,0.7865694165229797,20.858142852783203,0.06467889249324799,0.7865694165229797,20.858142852783203,1.4158005937474627,1.4022006249945207
3009,salt_pepper,medium,1,1,salt_pepper,salt_pepper,False,0.043865155428647995,0.8493635058403015,24.07992172241211,0.043865155428647995,0.8493635058403015,24.07992172241211,1.4158005937474627,1.4022006249945207
3010,occlusion,medium,3,3,occlusion,occlusion,False,0.08670592308044434,0.5834640860557556,18.30428695678711,0.08670592308044434,0.5834640860557556,18.30428695678711,1.4158005937474627,1.4022006249945207
3011,clean,none,0,0,clean,clean,False,0.0,1.0,100.0,0.0,1.0,100.0,1.4158005937474627,1.4022006249945207
3012,clean,none,0,0,clean,clean,False,0.0,1.0,100.0,0.0,1.0,100.0,1.4158005937474627,1.4022006249945207
3013,occlusion,low,3,3,occlusion,occlusion,False,0.030822673812508583,0.8756576180458069,26.11520004272461,0.030822673812508583,0.8756576180458069,26.11520004272461,1.4158005937474627,1.4022006249945207
3014,salt_pepper,low,1,1,salt_pepper,salt_pepper,False,0.04499268904328346,0.832238495349884,24.289386749267578,0.04499268904328346,0.832238495349884,24.289386749267578,1.4158005937474627,1.4022006249945207
3015,salt_pepper,low,1,1,salt_pepper,salt_pepper,False,0.07249709218740463,0.7374791502952576,20.14891815185547,0.07249709218740463,0.7374791502952576,20.14891815185547,1.4158005937474627,1.4022006249945207
3016,salt_pepper,high,1,1,salt_pepper,salt_pepper,False,0.06950375437736511,0.7198951840400696,21.019390106201172,0.06950375437736511,0.7198951840400696,21.019390106201172,1.4158005937474627,1.4022006249945207
3017,salt_pepper,low,1,1,salt_pepper,salt_pepper,False,0.06732545793056488,0.7564075589179993,20.66471290588379,0.06732545793056488,0.7564075589179993,20.66471290588379,1.4158005937474627,1.4022006249945207
3018,blur,medium,2,2,blur,blur,False,0.0691227838397026,0.780146062374115,19.784652709960938,0.0691227838397026,0.780146062374115,19.784652709960938,1.4158005937474627,1.4022006249945207
3019,salt_pepper,low,1,1,salt_pepper,salt_pepper,False,0.06138115003705025,0.7754831314086914,21.472564697265625,0.06138115003705025,0.7754831314086914,21.472564697265625,1.4158005937474627,1.4022006249945207
3020,salt_pepper,high,1,1,salt_pepper,salt_pepper,False,0.047395024448633194,0.7696637511253357,23.091489791870117,0.047395024448633194,0.7696637511253357,23.091489791870117,1.4158005937474627,1.4022006249945207
3021,clean,none,0,0,clean,clean,False,0.0,1.0,100.0,0.0,1.0,100.0,1.4158005937474627,1.4022006249945207
3022,blur,high,2,2,blur,blur,False,0.07324162870645523,0.6094038486480713,20.272357940673828,0.07324162870645523,0.6094038486480713,20.272357940673828,1.4158005937474627,1.4022006249945207
3023,clean,none,0,0,clean,clean,False,0.0,1.0,100.0,0.0,1.0,100.0,1.4158005937474627,1.4022006249945207
3024,occlusion,medium,3,3,occlusion,occlusion,False,0.04192258045077324,0.7503101825714111,23.990676879882812,0.04192258045077324,0.7503101825714111,23.990676879882812,1.4158005937474627,1.4022006249945207
3025,occlusion,high,3,3,occlusion,occlusion,False,0.11905092000961304,0.4225877821445465,16.79578399658203,0.11905092000961304,0.4225877821445465,16.79578399658203,1.4158005937474627,1.4022006249945207
3026,occlusion,medium,3,3,occlusion,occlusion,False,0.029544197022914886,0.8203747272491455,26.778114318847656,0.029544197022914886,0.8203747272491455,26.778114318847656,1.4158005937474627,1.4022006249945207
3027,occlusion,high,3,3,occlusion,occlusion,False,0.07519678771495819,0.5539577007293701,19.22104835510254,0.07519678771495819,0.5539577007293701,19.22104835510254,1.4158005937474627,1.4022006249945207
3028,clean,none,0,0,clean,clean,False,0.0,1.0,100.0,0.0,1.0,100.0,1.4158005937474627,1.4022006249945207
3029,clean,none,0,0,clean,clean,False,0.0,1.0,100.0,0.0,1.0,100.0,1.4158005937474627,1.4022006249945207
3030,salt_pepper,low,1,1,salt_pepper,salt_pepper,False,0.11347804218530655,0.6330440640449524,16.627300262451172,0.11347804218530655,0.6330440640449524,16.627300262451172,1.4158005937474627,1.4022006249945207
3031,salt_pepper,medium,1,1,salt_pepper,salt_pepper,False,0.10510941594839096,0.6337162256240845,17.392208099365234,0.10510941594839096,0.6337162256240845,17.392208099365234,1.4158005937474627,1.4022006249945207
3032,salt_pepper,low,1,1,salt_pepper,salt_pepper,False,0.0979079008102417,0.6850662231445312,18.345365524291992,0.0979079008102417,0.6850662231445312,18.345365524291992,1.4158005937474627,1.4022006249945207
3033,occlusion,low,3,3,occlusion,occlusion,False,0.07251358032226562,0.6884207725524902,19.940229415893555,0.07251358032226562,0.6884207725524902,19.940229415893555,1.4158005937474627,1.4022006249945207
3034,blur,low,2,2,blur,blur,False,0.11057198792695999,0.6596052646636963,16.83808135986328,0.11057198792695999,0.6596052646636963,16.83808135986328,1.4158005937474627,1.4022006249945207
3035,salt_pepper,low,1,1,salt_pepper,salt_pepper,False,0.055201366543769836,0.801130473613739,22.2855167388916,0.055201366543769836,0.801130473613739,22.2855167388916,1.4158005937474627,1.4022006249945207
3036,clean,none,0,0,clean,clean,False,0.0,1.0,100.0,0.0,1.0,100.0,1.4158005937474627,1.4022006249945207
3037,salt_pepper,high,1,1,salt_pepper,salt_pepper,False,0.047333184629678726,0.8854565620422363,23.567276000976562,0.047333184629678726,0.8854565620422363,23.567276000976562,1.4158005937474627,1.4022006249945207
3038,salt_pepper,medium,1,1,salt_pepper,salt_pepper,False,0.11021747440099716,0.678067684173584,16.317584991455078,0.11021747440099716,0.678067684173584,16.317584991455078,1.4158005937474627,1.4022006249945207
3039,salt_pepper,high,1,1,salt_pepper,salt_pepper,False,0.03481524437665939,0.8655879497528076,24.63930320739746,0.03481524437665939,0.8655879497528076,24.63930320739746,1.4158005937474627,1.4022006249945207
3040,occlusion,low,3,3,occlusion,occlusion,False,0.041654568165540695,0.772706925868988,23.22573471069336,0.041654568165540695,0.772706925868988,23.22573471069336,1.4935499687567244,1.5463310937491315
3041,blur,low,2,2,blur,blur,False,0.03637894615530968,0.8892242908477783,25.488521575927734,0.03637894615530968,0.8892242908477783,25.488521575927734,1.4935499687567244,1.5463310937491315
3042,salt_pepper,medium,1,1,salt_pepper,salt_pepper,False,0.0577203631401062,0.8603033423423767,21.84082794189453,0.0577203631401062,0.8603033423423767,21.84082794189453,1.4935499687567244,1.5463310937491315
3043,clean,none,0,0,clean,clean,False,0.0,1.0,100.0,0.0,1.0,100.0,1.4935499687567244,1.5463310937491315
3044,clean,none,0,0,clean,clean,False,0.0,1.0,100.0,0.0,1.0,100.0,1.4935499687567244,1.5463310937491315
3045,clean,none,0,0,clean,clean,False,0.0,1.0,100.0,0.0,1.0,100.0,1.4935499687567244,1.5463310937491315
3046,salt_pepper,low,1,1,salt_pepper,salt_pepper,False,0.07568156719207764,0.7305140495300293,19.581043243408203,0.07568156719207764,0.7305140495300293,19.581043243408203,1.4935499687567244,1.5463310937491315
3047,clean,none,0,0,clean,clean,False,0.0,1.0,100.0,0.0,1.0,100.0,1.4935499687567244,1.5463310937491315
3048,blur,medium,2,2,blur,blur,False,0.04576687142252922,0.870856761932373,24.227399826049805,0.04576687142252922,0.870856761932373,24.227399826049805,1.4935499687567244,1.5463310937491315
3049,blur,medium,2,2,blur,blur,False,0.08692436665296555,0.6217496991157532,18.88389778137207,0.08692436665296555,0.6217496991157532,18.88389778137207,1.4935499687567244,1.5463310937491315
3050,occlusion,medium,3,3,occlusion,occlusion,False,0.07527519017457962,0.6523955464363098,18.976560592651367,0.07527519017457962,0.6523955464363098,18.976560592651367,1.4935499687567244,1.5463310937491315
3051,occlusion,high,3,3,occlusion,occlusion,False,0.08109170943498611,0.6011106371879578,18.10917091369629,0.08109170943498611,0.6011106371879578,18.10917091369629,1.4935499687567244,1.5463310937491315
3052,occlusion,low,3,3,occlusion,occlusion,False,0.05634063482284546,0.7524001598358154,20.8810977935791,0.05634063482284546,0.7524001598358154,20.8810977935791,1.4935499687567244,1.5463310937491315
3053,blur,low,2,2,blur,blur,False,0.04534098878502846,0.796144962310791,23.768619537353516,0.04534098878502846,0.796144962310791,23.768619537353516,1.4935499687567244,1.5463310937491315
3054,clean,none,0,0,clean,clean,False,0.0,1.0,100.0,0.0,1.0,100.0,1.4935499687567244,1.5463310937491315
3055,salt_pepper,low,1,1,salt_pepper,salt_pepper,False,0.05243024230003357,0.8418631553649902,22.65422821044922,0.05243024230003357,0.8418631553649902,22.65422821044922,1.4935499687567244,1.5463310937491315
3056,salt_pepper,high,1,1,salt_pepper,salt_pepper,False,0.06252904236316681,0.7284097075462341,21.46773338317871,0.06252904236316681,0.7284097075462341,21.46773338317871,1.4935499687567244,1.5463310937491315
3057,blur,high,2,2,blur,blur,False,0.04232272878289223,0.8240254521369934,24.76618194580078,0.04232272878289223,0.8240254521369934,24.76618194580078,1.4935499687567244,1.5463310937491315
3058,salt_pepper,high,1,1,salt_pepper,salt_pepper,False,0.12134808301925659,0.5834994912147522,16.123661041259766,0.12134808301925659,0.5834994912147522,16.123661041259766,1.4935499687567244,1.5463310937491315
3059,occlusion,low,3,3,occlusion,occlusion,False,0.03237750753760338,0.8353586196899414,24.73710823059082,0.03237750753760338,0.8353586196899414,24.73710823059082,1.4935499687567244,1.5463310937491315
3060,clean,none,0,0,clean,clean,False,0.0,1.0,100.0,0.0,1.0,100.0,1.4935499687567244,1.5463310937491315
3061,clean,none,0,0,clean,clean,False,0.0,1.0,100.0,0.0,1.0,100.0,1.4935499687567244,1.5463310937491315
3062,occlusion,low,3,3,occlusion,occlusion,False,0.0490628220140934,0.7670474052429199,21.474838256835938,0.0490628220140934,0.7670474052429199,21.474838256835938,1.4935499687567244,1.5463310937491315
3063,clean,none,0,0,clean,clean,False,0.0,1.0,100.0,0.0,1.0,100.0,1.4935499687567244,1.5463310937491315
3064,occlusion,medium,3,3,occlusion,occlusion,False,0.04102959856390953,0.8077232241630554,23.93874740600586,0.04102959856390953,0.8077232241630554,23.93874740600586,1.4935499687567244,1.5463310937491315
3065,clean,none,0,0,clean,clean,False,0.0,1.0,100.0,0.0,1.0,100.0,1.4935499687567244,1.5463310937491315
3066,clean,none,0,0,clean,clean,False,0.0,1.0,100.0,0.0,1.0,100.0,1.4935499687567244,1.5463310937491315
3067,blur,high,2,2,blur,blur,False,0.04189302399754524,0.7661730647087097,25.094837188720703,0.04189302399754524,0.7661730647087097,25.094837188720703,1.4935499687567244,1.5463310937491315
3068,clean,none,0,0,clean,clean,False,0.0,1.0,100.0,0.0,1.0,100.0,1.4935499687567244,1.5463310937491315
3069,occlusion,high,3,3,occlusion,occlusion,False,0.0577302984893322,0.739574670791626,18.85721778869629,0.0577302984893322,0.739574670791626,18.85721778869629,1.4935499687567244,1.5463310937491315
3070,occlusion,high,3,3,occlusion,occlusion,False,0.07215804606676102,0.5728580951690674,18.686227798461914,0.07215804606676102,0.5728580951690674,18.686227798461914,1.4935499687567244,1.5463310937491315
3071,blur,low,2,2,blur,blur,False,0.06367292255163193,0.628281831741333,21.889049530029297,0.06367292255163193,0.628281831741333,21.889049530029297,1.4935499687567244,1.5463310937491315
3072,occlusion,medium,3,3,occlusion,occlusion,False,0.05900382995605469,0.7148681282997131,21.346424102783203,0.05900382995605469,0.7148681282997131,21.346424102783203,1.4837605937714216,1.526318468734189
3073,occlusion,low,3,3,occlusion,occlusion,False,0.0442248098552227,0.8096649050712585,23.90737533569336,0.0442248098552227,0.8096649050712585,23.90737533569336,1.4837605937714216,1.526318468734189
3074,occlusion,low,3,3,occlusion,occlusion,False,0.029000112786889076,0.8271946310997009,27.380170822143555,0.029000112786889076,0.8271946310997009,27.380170822143555,1.4837605937714216,1.526318468734189
3075,salt_pepper,medium,1,1,salt_pepper,salt_pepper,False,0.05114514008164406,0.7454137802124023,23.58740997314453,0.05114514008164406,0.7454137802124023,23.58740997314453,1.4837605937714216,1.526318468734189
3076,occlusion,high,3,3,occlusion,occlusion,False,0.06818749755620956,0.6056249141693115,19.641616821289062,0.06818749755620956,0.6056249141693115,19.641616821289062,1.4837605937714216,1.526318468734189
3077,occlusion,low,3,3,occlusion,occlusion,False,0.061742160469293594,0.5675178170204163,21.407604217529297,0.061742160469293594,0.5675178170204163,21.407604217529297,1.4837605937714216,1.526318468734189
3078,occlusion,low,3,0,occlusion,clean,True,0.011492002755403519,0.8768929839134216,25.70016098022461,0.03830835595726967,0.7420437932014465,24.437255859375,1.4837605937714216,1.526318468734189
3079,occlusion,medium,3,3,occlusion,occlusion,False,0.04320463538169861,0.8158321380615234,22.47909164428711,0.04320463538169861,0.8158321380615234,22.47909164428711,1.4837605937714216,1.526318468734189
3080,occlusion,high,3,3,occlusion,occlusion,False,0.09486903995275497,0.4818226993083954,17.065359115600586,0.09486903995275497,0.4818226993083954,17.065359115600586,1.4837605937714216,1.526318468734189
3081,blur,medium,2,2,blur,blur,False,0.06639212369918823,0.7255373597145081,21.713552474975586,0.06639212369918823,0.7255373597145081,21.713552474975586,1.4837605937714216,1.526318468734189
3082,clean,none,0,0,clean,clean,False,0.0,1.0,100.0,0.0,1.0,100.0,1.4837605937714216,1.526318468734189
3083,salt_pepper,low,1,1,salt_pepper,salt_pepper,False,0.044121574610471725,0.8000295162200928,24.063308715820312,0.044121574610471725,0.8000295162200928,24.063308715820312,1.4837605937714216,1.526318468734189
3084,occlusion,low,3,3,occlusion,occlusion,False,0.07269524037837982,0.765084445476532,19.278432846069336,0.07269524037837982,0.765084445476532,19.278432846069336,1.4837605937714216,1.526318468734189
3085,clean,none,0,0,clean,clean,False,0.0,1.0,100.0,0.0,1.0,100.0,1.4837605937714216,1.526318468734189
3086,blur,high,2,2,blur,blur,False,0.048257023096084595,0.646497905254364,23.719501495361328,0.048257023096084595,0.646497905254364,23.719501495361328,1.4837605937714216,1.526318468734189
3087,blur,medium,2,2,blur,blur,False,0.062010470777750015,0.7005040049552917,21.5029354095459,0.062010470777750015,0.7005040049552917,21.5029354095459,1.4837605937714216,1.526318468734189
3088,clean,none,0,0,clean,clean,False,0.0,1.0,100.0,0.0,1.0,100.0,1.4837605937714216,1.526318468734189
3089,blur,low,2,2,blur,blur,False,0.053027909249067307,0.8910439014434814,23.497478485107422,0.053027909249067307,0.8910439014434814,23.497478485107422,1.4837605937714216,1.526318468734189
3090,blur,high,2,2,blur,blur,False,0.0352945439517498,0.860561192035675,26.569597244262695,0.0352945439517498,0.860561192035675,26.569597244262695,1.4837605937714216,1.526318468734189
3091,clean,none,0,0,clean,clean,False,0.0,1.0,100.0,0.0,1.0,100.0,1.4837605937714216,1.526318468734189
3092,blur,medium,2,2,blur,blur,False,0.051250606775283813,0.8329911828041077,22.740753173828125,0.051250606775283813,0.8329911828041077,22.740753173828125,1.4837605937714216,1.526318468734189
3093,occlusion,low,3,3,occlusion,occlusion,False,0.08178959041833878,0.663813054561615,19.265024185180664,0.08178959041833878,0.663813054561615,19.265024185180664,1.4837605937714216,1.526318468734189
3094,blur,low,2,2,blur,blur,False,0.07536011934280396,0.7832842469215393,19.38851547241211,0.07536011934280396,0.7832842469215393,19.38851547241211,1.4837605937714216,1.526318468734189
3095,blur,medium,2,2,blur,blur,False,0.061558470129966736,0.7792636752128601,20.6993465423584,0.061558470129966736,0.7792636752128601,20.6993465423584,1.4837605937714216,1.526318468734189
3096,occlusion,high,3,3,occlusion,occlusion,False,0.14441712200641632,0.5821520686149597,12.677911758422852,0.14441712200641632,0.5821520686149597,12.677911758422852,1.4837605937714216,1.526318468734189
3097,blur,medium,2,2,blur,blur,False,0.047865208238363266,0.8353827595710754,24.057836532592773,0.047865208238363266,0.8353827595710754,24.057836532592773,1.4837605937714216,1.526318468734189
3098,clean,none,0,0,clean,clean,False,0.0,1.0,100.0,0.0,1.0,100.0,1.4837605937714216,1.526318468734189
3099,occlusion,medium,3,3,occlusion,occlusion,False,0.04325598478317261,0.8092653155326843,22.12560272216797,0.04325598478317261,0.8092653155326843,22.12560272216797,1.4837605937714216,1.526318468734189
3100,clean,none,0,0,clean,clean,False,0.0,1.0,100.0,0.0,1.0,100.0,1.4837605937714216,1.526318468734189
3101,occlusion,high,3,3,occlusion,occlusion,False,0.06811248511075974,0.5028751492500305,20.10957908630371,0.06811248511075974,0.5028751492500305,20.10957908630371,1.4837605937714216,1.526318468734189
3102,clean,none,0,0,clean,clean,False,0.0,1.0,100.0,0.0,1.0,100.0,1.4837605937714216,1.526318468734189
3103,clean,none,0,0,clean,clean,False,0.0,1.0,100.0,0.0,1.0,100.0,1.4837605937714216,1.526318468734189
3104,salt_pepper,low,1,1,salt_pepper,salt_pepper,False,0.030452659353613853,0.9168760776519775,26.677989959716797,0.030452659353613853,0.9168760776519775,26.677989959716797,1.730640749997292,1.659168031238778
3105,salt_pepper,high,1,1,salt_pepper,salt_pepper,False,0.031701769679784775,0.908708393573761,27.061365127563477,0.031701769679784775,0.908708393573761,27.061365127563477,1.730640749997292,1.659168031238778
3106,occlusion,medium,3,3,occlusion,occlusion,False,0.05706705152988434,0.7107700705528259,18.925439834594727,0.05706705152988434,0.7107700705528259,18.925439834594727,1.730640749997292,1.659168031238778
3107,salt_pepper,high,1,1,salt_pepper,salt_pepper,False,0.04746202006936073,0.8930718302726746,23.60103416442871,0.04746202006936073,0.8930718302726746,23.60103416442871,1.730640749997292,1.659168031238778
3108,blur,medium,2,2,blur,blur,False,0.06078432872891426,0.6366541981697083,21.849977493286133,0.06078433617949486,0.6366541981697083,21.849977493286133,1.730640749997292,1.659168031238778
3109,salt_pepper,medium,1,1,salt_pepper,salt_pepper,False,0.07665498554706573,0.8193588256835938,20.412094116210938,0.07665498554706573,0.8193588256835938,20.412094116210938,1.730640749997292,1.659168031238778
3110,blur,medium,2,2,blur,blur,False,0.059490978717803955,0.7504146695137024,19.399669647216797,0.059490978717803955,0.7504148483276367,19.399669647216797,1.730640749997292,1.659168031238778
3111,occlusion,high,3,3,occlusion,occlusion,False,0.04301029443740845,0.7309441566467285,22.33568000793457,0.04301029443740845,0.7309441566467285,22.33568000793457,1.730640749997292,1.659168031238778
3112,clean,none,0,0,clean,clean,False,0.0,1.0,100.0,0.0,1.0,100.0,1.730640749997292,1.659168031238778
3113,clean,none,0,0,clean,clean,False,0.0,1.0,100.0,0.0,1.0,100.0,1.730640749997292,1.659168031238778
3114,clean,none,0,0,clean,clean,False,0.0,1.0,100.0,0.0,1.0,100.0,1.730640749997292,1.659168031238778
3115,blur,low,2,2,blur,blur,False,0.09215248376131058,0.7656862139701843,18.344961166381836,0.09215247631072998,0.7656862735748291,18.344961166381836,1.730640749997292,1.659168031238778
3116,blur,low,2,2,blur,blur,False,0.06917444616556168,0.8551468849182129,20.24907112121582,0.06917446106672287,0.8551466464996338,20.24907112121582,1.730640749997292,1.659168031238778
3117,blur,high,2,2,blur,blur,False,0.048116203397512436,0.8161988258361816,22.805471420288086,0.048116207122802734,0.8161988854408264,22.805471420288086,1.730640749997292,1.659168031238778
3118,salt_pepper,high,1,1,salt_pepper,salt_pepper,False,0.06857957690954208,0.6543957591056824,21.00560188293457,0.06857957690954208,0.6543957591056824,21.00560188293457,1.730640749997292,1.659168031238778
3119,salt_pepper,high,1,1,salt_pepper,salt_pepper,False,0.11866382509469986,0.6458271145820618,17.044925689697266,0.11866382509469986,0.6458271145820618,17.044925689697266,1.730640749997292,1.659168031238778
3120,clean,none,0,0,clean,clean,False,0.0,1.0,100.0,0.0,1.0,100.0,1.730640749997292,1.659168031238778
3121,blur,high,2,2,blur,blur,False,0.04242473840713501,0.8544800281524658,23.517892837524414,0.042424753308296204,0.8544798493385315,23.517892837524414,1.730640749997292,1.659168031238778
3122,blur,high,2,2,blur,blur,False,0.06148436665534973,0.6629539132118225,21.47641372680664,0.06148436665534973,0.662953794002533,21.476411819458008,1.730640749997292,1.659168031238778
3123,blur,medium,2,2,blur,blur,False,0.07864785194396973,0.7856289744377136,19.94233512878418,0.07864785194396973,0.7856285572052002,19.94233512878418,1.730640749997292,1.659168031238778
3124,occlusion,high,3,3,occlusion,occlusion,False,0.029870832338929176,0.8276087641716003,24.463808059692383,0.029870832338929176,0.8276087641716003,24.463808059692383,1.730640749997292,1.659168031238778
3125,salt_pepper,high,1,1,salt_pepper,salt_pepper,False,0.047617677599191666,0.8625731468200684,23.39851188659668,0.047617677599191666,0.8625731468200684,23.39851188659668,1.730640749997292,1.659168031238778
3126,occlusion,low,3,3,occlusion,occlusion,False,0.04669428989291191,0.6744419932365417,23.601253509521484,0.04669428989291191,0.6744419932365417,23.601253509521484,1.730640749997292,1.659168031238778
3127,blur,medium,2,2,blur,blur,False,0.057308491319417953,0.6447401642799377,22.912809371948242,0.057308491319417953,0.6447401642799377,22.912809371948242,1.730640749997292,1.659168031238778
3128,clean,none,0,0,clean,clean,False,0.0,1.0,100.0,0.0,1.0,100.0,1.730640749997292,1.659168031238778
3129,clean,none,0,2,clean,blur,True,0.20495553314685822,0.6083225011825562,11.56542682647705,0.0,1.0,100.0,1.730640749997292,1.659168031238778
3130,occlusion,low,3,3,occlusion,occlusion,False,0.04322975501418114,0.7207014560699463,24.671632766723633,0.04322975501418114,0.7207014560699463,24.671632766723633,1.730640749997292,1.659168031238778
3131,occlusion,low,3,3,occlusion,occlusion,False,0.053087685257196426,0.6924223899841309,22.18383026123047,0.053087685257196426,0.6924223899841309,22.18383026123047,1.730640749997292,1.659168031238778
3132,occlusion,low,3,3,occlusion,occlusion,False,0.03254897519946098,0.8089399933815002,24.764751434326172,0.03254897519946098,0.8089399933815002,24.764751434326172,1.730640749997292,1.659168031238778
3133,salt_pepper,medium,1,1,salt_pepper,salt_pepper,False,0.05425049364566803,0.8330520987510681,22.510848999023438,0.05425049364566803,0.8330520987510681,22.510848999023438,1.730640749997292,1.659168031238778
3134,salt_pepper,medium,1,1,salt_pepper,salt_pepper,False,0.05403481051325798,0.784745991230011,22.82706069946289,0.05403481051325798,0.784745991230011,22.82706069946289,1.730640749997292,1.659168031238778
3135,blur,high,2,2,blur,blur,False,0.05960189178586006,0.8364776968955994,22.571401596069336,0.05960190296173096,0.8364777565002441,22.571401596069336,1.730640749997292,1.659168031238778
3136,blur,medium,2,2,blur,blur,False,0.09274429082870483,0.7533354163169861,16.688091278076172,0.09274429082870483,0.7533354163169861,16.688091278076172,1.3707082187579545,1.3665219374843218
3137,clean,none,0,0,clean,clean,False,0.0,1.0,100.0,0.0,1.0,100.0,1.3707082187579545,1.3665219374843218
3138,blur,medium,2,2,blur,blur,False,0.06186625361442566,0.6321564316749573,20.879926681518555,0.06186625361442566,0.6321564316749573,20.879926681518555,1.3707082187579545,1.3665219374843218
3139,salt_pepper,low,1,1,salt_pepper,salt_pepper,False,0.056014079600572586,0.8548281192779541,21.71044158935547,0.056014079600572586,0.8548281192779541,21.71044158935547,1.3707082187579545,1.3665219374843218
3140,occlusion,medium,3,3,occlusion,occlusion,False,0.055159375071525574,0.801065981388092,20.303112030029297,0.055159375071525574,0.801065981388092,20.303112030029297,1.3707082187579545,1.3665219374843218
3141,salt_pepper,medium,1,1,salt_pepper,salt_pepper,False,0.08704913407564163,0.7049779891967773,18.577438354492188,0.08704913407564163,0.7049779891967773,18.577438354492188,1.3707082187579545,1.3665219374843218
3142,clean,none,0,0,clean,clean,False,0.0,1.0,100.0,0.0,1.0,100.0,1.3707082187579545,1.3665219374843218
3143,salt_pepper,low,1,1,salt_pepper,salt_pepper,False,0.05743123218417168,0.6896830201148987,22.06165313720703,0.05743123218417168,0.6896830201148987,22.06165313720703,1.3707082187579545,1.3665219374843218
3144,clean,none,0,0,clean,clean,False,0.0,1.0,100.0,0.0,1.0,100.0,1.3707082187579545,1.3665219374843218
3145,blur,low,2,2,blur,blur,False,0.14757557213306427,0.6166415810585022,14.734855651855469,0.14757557213306427,0.6166415810585022,14.734855651855469,1.3707082187579545,1.3665219374843218
3146,blur,low,2,2,blur,blur,False,0.061107467859983444,0.7404706478118896,21.25152587890625,0.061107467859983444,0.7404706478118896,21.25152587890625,1.3707082187579545,1.3665219374843218
3147,blur,medium,2,2,blur,blur,False,0.0553518682718277,0.8639631271362305,22.480907440185547,0.0553518682718277,0.8639631271362305,22.480907440185547,1.3707082187579545,1.3665219374843218
3148,salt_pepper,high,1,1,salt_pepper,salt_pepper,False,0.0665762722492218,0.8658145070075989,20.917434692382812,0.0665762722492218,0.8658145070075989,20.917434692382812,1.3707082187579545,1.3665219374843218
3149,salt_pepper,high,1,1,salt_pepper,salt_pepper,False,0.09191147238016129,0.7332966327667236,18.176250457763672,0.09191147238016129,0.7332966327667236,18.176250457763672,1.3707082187579545,1.3665219374843218
3150,blur,low,2,2,blur,blur,False,0.14949561655521393,0.5149902701377869,14.932445526123047,0.14949561655521393,0.5149902701377869,14.932445526123047,1.3707082187579545,1.3665219374843218
3151,occlusion,high,3,3,occlusion,occlusion,False,0.06982430070638657,0.7024508118629456,18.934417724609375,0.06982430070638657,0.7024508118629456,18.934417724609375,1.3707082187579545,1.3665219374843218
3152,clean,none,0,0,clean,clean,False,0.0,1.0,100.0,0.0,1.0,100.0,1.3707082187579545,1.3665219374843218
3153,clean,none,0,0,clean,clean,False,0.0,1.0,100.0,0.0,1.0,100.0,1.3707082187579545,1.3665219374843218
3154,salt_pepper,medium,1,1,salt_pepper,salt_pepper,False,0.04541601613163948,0.8436970710754395,24.140010833740234,0.04541601613163948,0.8436970710754395,24.140010833740234,1.3707082187579545,1.3665219374843218
3155,salt_pepper,high,1,1,salt_pepper,salt_pepper,False,0.08419913053512573,0.7853083610534668,17.833457946777344,0.08419913053512573,0.7853083610534668,17.833457946777344,1.3707082187579545,1.3665219374843218
3156,salt_pepper,medium,1,1,salt_pepper,salt_pepper,False,0.04128251597285271,0.8889122009277344,24.22298240661621,0.04128251597285271,0.8889122009277344,24.22298240661621,1.3707082187579545,1.3665219374843218
3157,clean,none,0,0,clean,clean,False,0.0,1.0,100.0,0.0,1.0,100.0,1.3707082187579545,1.3665219374843218
3158,salt_pepper,high,1,1,salt_pepper,salt_pepper,False,0.057376328855752945,0.7050802111625671,22.214427947998047,0.057376328855752945,0.7050802111625671,22.214427947998047,1.3707082187579545,1.3665219374843218
3159,blur,high,2,2,blur,blur,False,0.08074889332056046,0.7002260088920593,19.929462432861328,0.08074889332056046,0.7002260088920593,19.929462432861328,1.3707082187579545,1.3665219374843218
3160,salt_pepper,medium,1,1,salt_pepper,salt_pepper,False,0.06079820916056633,0.8015555739402771,22.503177642822266,0.06079820916056633,0.8015555739402771,22.503177642822266,1.3707082187579545,1.3665219374843218
3161,blur,medium,2,2,blur,blur,False,0.045171234756708145,0.879692018032074,24.643375396728516,0.045171234756708145,0.879692018032074,24.643375396728516,1.3707082187579545,1.3665219374843218
3162,salt_pepper,high,1,1,salt_pepper,salt_pepper,False,0.07875904440879822,0.6275182366371155,20.04999542236328,0.07875904440879822,0.6275182366371155,20.04999542236328,1.3707082187579545,1.3665219374843218
3163,occlusion,medium,3,3,occlusion,occlusion,False,0.06385437399148941,0.57057124376297,20.642030715942383,0.06385437399148941,0.57057124376297,20.642030715942383,1.3707082187579545,1.3665219374843218
3164,clean,none,0,0,clean,clean,False,0.0,1.0,100.0,0.0,1.0,100.0,1.3707082187579545,1.3665219374843218
3165,blur,low,2,2,blur,blur,False,0.0446629673242569,0.8912608027458191,25.131528854370117,0.0446629673242569,0.8912608027458191,25.131528854370117,1.3707082187579545,1.3665219374843218
3166,clean,none,0,0,clean,clean,False,0.0,1.0,100.0,0.0,1.0,100.0,1.3707082187579545,1.3665219374843218
3167,occlusion,high,3,3,occlusion,occlusion,False,0.05848263204097748,0.7079333662986755,19.53178596496582,0.05848263204097748,0.7079333662986755,19.53178596496582,1.3707082187579545,1.3665219374843218
3168,blur,medium,2,2,blur,blur,False,0.06913765519857407,0.7717356085777283,20.808597564697266,0.06913765519857407,0.7717356085777283,20.808597564697266,1.250149718771354,1.2500672499982102
3169,blur,low,2,2,blur,blur,False,0.041657332330942154,0.8804228901863098,24.90110206604004,0.041657332330942154,0.8804228901863098,24.90110206604004,1.250149718771354,1.2500672499982102
3170,occlusion,high,3,3,occlusion,occlusion,False,0.06395190209150314,0.6581909656524658,18.399147033691406,0.06395190209150314,0.6581909656524658,18.399147033691406,1.250149718771354,1.2500672499982102
3171,salt_pepper,high,1,1,salt_pepper,salt_pepper,False,0.05534866079688072,0.8039553165435791,22.512235641479492,0.05534866079688072,0.8039553165435791,22.512235641479492,1.250149718771354,1.2500672499982102
3172,salt_pepper,medium,1,1,salt_pepper,salt_pepper,False,0.033910688012838364,0.7833231091499329,26.725143432617188,0.033910688012838364,0.7833231091499329,26.725143432617188,1.250149718771354,1.2500672499982102
3173,clean,none,0,0,clean,clean,False,0.0,1.0,100.0,0.0,1.0,100.0,1.250149718771354,1.2500672499982102
3174,clean,none,0,0,clean,clean,False,0.0,1.0,100.0,0.0,1.0,100.0,1.250149718771354,1.2500672499982102
3175,salt_pepper,low,1,1,salt_pepper,salt_pepper,False,0.049860138446092606,0.7886176109313965,22.908580780029297,0.049860138446092606,0.7886176109313965,22.908580780029297,1.250149718771354,1.2500672499982102
3176,occlusion,medium,3,3,occlusion,occlusion,False,0.03186904639005661,0.9009830355644226,24.65656089782715,0.03186904639005661,0.9009830355644226,24.65656089782715,1.250149718771354,1.2500672499982102
3177,clean,none,0,0,clean,clean,False,0.0,1.0,100.0,0.0,1.0,100.0,1.250149718771354,1.2500672499982102
3178,occlusion,medium,3,3,occlusion,occlusion,False,0.04208901524543762,0.5945296287536621,24.231529235839844,0.04208901524543762,0.5945296287536621,24.231529235839844,1.250149718771354,1.2500672499982102
3179,salt_pepper,low,1,1,salt_pepper,salt_pepper,False,0.05556542053818703,0.8513692021369934,21.081802368164062,0.05556542053818703,0.8513692021369934,21.081802368164062,1.250149718771354,1.2500672499982102
3180,clean,none,0,0,clean,clean,False,0.0,1.0,100.0,0.0,1.0,100.0,1.250149718771354,1.2500672499982102
3181,clean,none,0,0,clean,clean,False,0.0,1.0,100.0,0.0,1.0,100.0,1.250149718771354,1.2500672499982102
3182,blur,low,2,2,blur,blur,False,0.03489410877227783,0.8966942429542542,26.63330841064453,0.03489410877227783,0.8966942429542542,26.63330841064453,1.250149718771354,1.2500672499982102
3183,clean,none,0,0,clean,clean,False,0.0,1.0,100.0,0.0,1.0,100.0,1.250149718771354,1.2500672499982102
3184,blur,high,2,2,blur,blur,False,0.041451118886470795,0.8201251029968262,24.17424774169922,0.041451118886470795,0.8201251029968262,24.17424774169922,1.250149718771354,1.2500672499982102
3185,clean,none,0,0,clean,clean,False,0.0,1.0,100.0,0.0,1.0,100.0,1.250149718771354,1.2500672499982102
3186,clean,none,0,0,clean,clean,False,0.0,1.0,100.0,0.0,1.0,100.0,1.250149718771354,1.2500672499982102
3187,occlusion,low,3,3,occlusion,occlusion,False,0.04413871839642525,0.635758638381958,24.24463653564453,0.04413871839642525,0.635758638381958,24.24463653564453,1.250149718771354,1.2500672499982102
3188,salt_pepper,medium,1,1,salt_pepper,salt_pepper,False,0.04749651625752449,0.8957414031028748,23.582435607910156,0.04749651625752449,0.8957414031028748,23.582435607910156,1.250149718771354,1.2500672499982102
3189,blur,low,2,2,blur,blur,False,0.04553644731640816,0.8841605186462402,24.431175231933594,0.04553644731640816,0.8841605186462402,24.431175231933594,1.250149718771354,1.2500672499982102
3190,occlusion,high,3,3,occlusion,occlusion,False,0.03345663473010063,0.8047645688056946,25.194828033447266,0.03345663473010063,0.8047645688056946,25.194828033447266,1.250149718771354,1.2500672499982102
3191,clean,none,0,0,clean,clean,False,0.0,1.0,100.0,0.0,1.0,100.0,1.250149718771354,1.2500672499982102
3192,occlusion,medium,3,3,occlusion,occlusion,False,0.04406610131263733,0.8107666969299316,21.799165725708008,0.04406610131263733,0.8107666969299316,21.799165725708008,1.250149718771354,1.2500672499982102
3193,clean,none,0,0,clean,clean,False,0.0,1.0,100.0,0.0,1.0,100.0,1.250149718771354,1.2500672499982102
3194,occlusion,high,3,3,occlusion,occlusion,False,0.040267463773489,0.7627937197685242,23.609046936035156,0.040267463773489,0.7627937197685242,23.609046936035156,1.250149718771354,1.2500672499982102
3195,blur,medium,2,2,blur,blur,False,0.053531888872385025,0.8116092681884766,21.918033599853516,0.053531888872385025,0.8116092681884766,21.918033599853516,1.250149718771354,1.2500672499982102
3196,occlusion,medium,3,3,occlusion,occlusion,False,0.058129582554101944,0.6671059131622314,21.45956802368164,0.058129582554101944,0.6671059131622314,21.45956802368164,1.250149718771354,1.2500672499982102
3197,blur,high,2,2,blur,blur,False,0.05907702445983887,0.8078835606575012,21.304227828979492,0.05907702445983887,0.8078835606575012,21.304227828979492,1.250149718771354,1.2500672499982102
3198,occlusion,low,3,3,occlusion,occlusion,False,0.03730374202132225,0.8527259826660156,22.8891544342041,0.03730374202132225,0.8527259826660156,22.8891544342041,1.250149718771354,1.2500672499982102
3199,salt_pepper,high,1,1,salt_pepper,salt_pepper,False,0.05575365945696831,0.876964271068573,23.27568244934082,0.05575365945696831,0.876964271068573,23.27568244934082,1.250149718771354,1.2500672499982102
3200,occlusion,high,3,3,occlusion,occlusion,False,0.06869973987340927,0.6652348637580872,19.18178367614746,0.06869973987340927,0.6652348637580872,19.18178367614746,1.3497687499750555,1.331963249981527
3201,salt_pepper,low,1,1,salt_pepper,salt_pepper,False,0.022867834195494652,0.9107276797294617,29.535673141479492,0.022867834195494652,0.9107276797294617,29.535673141479492,1.3497687499750555,1.331963249981527
3202,salt_pepper,medium,1,1,salt_pepper,salt_pepper,False,0.038858938962221146,0.8540377616882324,25.130348205566406,0.038858938962221146,0.8540377616882324,25.130348205566406,1.3497687499750555,1.331963249981527
3203,clean,none,0,2,clean,blur,True,0.02685724012553692,0.9361662864685059,27.570859909057617,0.0,1.0,100.0,1.3497687499750555,1.331963249981527
3204,blur,low,2,2,blur,blur,False,0.050667133182287216,0.8560687899589539,22.86050796508789,0.050667133182287216,0.8560687899589539,22.86050796508789,1.3497687499750555,1.331963249981527
3205,occlusion,medium,3,3,occlusion,occlusion,False,0.037326861172914505,0.832639217376709,25.095035552978516,0.037326861172914505,0.832639217376709,25.095035552978516,1.3497687499750555,1.331963249981527
3206,clean,none,0,0,clean,clean,False,0.0,1.0,100.0,0.0,1.0,100.0,1.3497687499750555,1.331963249981527
3207,blur,high,2,2,blur,blur,False,0.05777217075228691,0.6956911087036133,20.217254638671875,0.05777217075228691,0.6956911087036133,20.217254638671875,1.3497687499750555,1.331963249981527
3208,salt_pepper,high,1,1,salt_pepper,salt_pepper,False,0.05461737513542175,0.8698017001152039,22.048147201538086,0.05461737513542175,0.8698017001152039,22.048147201538086,1.3497687499750555,1.331963249981527
3209,occlusion,medium,3,3,occlusion,occlusion,False,0.0651242807507515,0.7599980235099792,17.79852294921875,0.0651242807507515,0.7599980235099792,17.79852294921875,1.3497687499750555,1.331963249981527
3210,occlusion,low,3,3,occlusion,occlusion,False,0.03119749389588833,0.8800401091575623,26.115262985229492,0.03119749389588833,0.8800401091575623,26.115262985229492,1.3497687499750555,1.331963249981527
3211,occlusion,high,3,3,occlusion,occlusion,False,0.06505782157182693,0.7389582991600037,18.03824234008789,0.06505782157182693,0.7389582991600037,18.03824234008789,1.3497687499750555,1.331963249981527
3212,salt_pepper,medium,1,1,salt_pepper,salt_pepper,False,0.05421287193894386,0.8759642243385315,22.871841430664062,0.05421287193894386,0.8759642243385315,22.871841430664062,1.3497687499750555,1.331963249981527
3213,occlusion,medium,3,3,occlusion,occlusion,False,0.04982408881187439,0.7350223660469055,22.5989933013916,0.04982408881187439,0.7350223660469055,22.5989933013916,1.3497687499750555,1.331963249981527
3214,salt_pepper,high,1,1,salt_pepper,salt_pepper,False,0.04696809872984886,0.8154948353767395,23.12579345703125,0.04696809872984886,0.8154948353767395,23.12579345703125,1.3497687499750555,1.331963249981527
3215,occlusion,medium,3,3,occlusion,occlusion,False,0.08108964562416077,0.7769562602043152,18.449302673339844,0.08108964562416077,0.7769562602043152,18.449302673339844,1.3497687499750555,1.331963249981527
3216,clean,none,0,0,clean,clean,False,0.0,1.0,100.0,0.0,1.0,100.0,1.3497687499750555,1.331963249981527
3217,salt_pepper,high,1,1,salt_pepper,salt_pepper,False,0.04520304873585701,0.8289572596549988,24.25229835510254,0.04520304873585701,0.8289572596549988,24.25229835510254,1.3497687499750555,1.331963249981527
3218,clean,none,0,0,clean,clean,False,0.0,1.0,100.0,0.0,1.0,100.0,1.3497687499750555,1.331963249981527
3219,occlusion,high,3,3,occlusion,occlusion,False,0.0744447335600853,0.5906365513801575,18.38732147216797,0.0744447335600853,0.5906365513801575,18.38732147216797,1.3497687499750555,1.331963249981527
3220,blur,low,2,2,blur,blur,False,0.03800759091973305,0.8953043818473816,25.542266845703125,0.03800759091973305,0.8953043818473816,25.542266845703125,1.3497687499750555,1.331963249981527
3221,blur,high,2,2,blur,blur,False,0.04147476702928543,0.8785417675971985,24.51244354248047,0.04147476702928543,0.8785417675971985,24.51244354248047,1.3497687499750555,1.331963249981527
3222,occlusion,high,3,3,occlusion,occlusion,False,0.044871244579553604,0.7501612305641174,22.874958038330078,0.044871244579553604,0.7501612305641174,22.874958038330078,1.3497687499750555,1.331963249981527
3223,clean,none,0,0,clean,clean,False,0.0,1.0,100.0,0.0,1.0,100.0,1.3497687499750555,1.331963249981527
3224,salt_pepper,high,1,1,salt_pepper,salt_pepper,False,0.03853173181414604,0.9170933365821838,26.064071655273438,0.03853173181414604,0.9170933365821838,26.064071655273438,1.3497687499750555,1.331963249981527
3225,clean,none,0,0,clean,clean,False,0.0,1.0,100.0,0.0,1.0,100.0,1.3497687499750555,1.331963249981527
3226,occlusion,high,3,3,occlusion,occlusion,False,0.07559257000684738,0.6270002126693726,17.4169864654541,0.07559257000684738,0.6270002126693726,17.4169864654541,1.3497687499750555,1.331963249981527
3227,clean,none,0,0,clean,clean,False,0.0,1.0,100.0,0.0,1.0,100.0,1.3497687499750555,1.331963249981527
3228,clean,none,0,0,clean,clean,False,0.0,1.0,100.0,0.0,1.0,100.0,1.3497687499750555,1.331963249981527
3229,occlusion,low,3,3,occlusion,occlusion,False,0.03604571893811226,0.7928830981254578,24.03539276123047,0.03604571893811226,0.7928830981254578,24.03539276123047,1.3497687499750555,1.331963249981527
3230,salt_pepper,medium,1,1,salt_pepper,salt_pepper,False,0.028050029650330544,0.8628137707710266,28.47107696533203,0.028050029650330544,0.8628137707710266,28.47107696533203,1.3497687499750555,1.331963249981527
3231,salt_pepper,medium,1,1,salt_pepper,salt_pepper,False,0.039661601185798645,0.9107375741004944,26.267969131469727,0.039661601185798645,0.9107375741004944,26.267969131469727,1.3497687499750555,1.331963249981527
3232,occlusion,high,3,3,occlusion,occlusion,False,0.0559585839509964,0.7211976051330566,21.28425407409668,0.0559585839509964,0.7211976051330566,21.28425407409668,1.3901476562239168,1.4329622499928973
3233,occlusion,low,3,0,occlusion,clean,True,0.04019751772284508,0.8886014819145203,16.624134063720703,0.06329690665006638,0.7389533519744873,19.335477828979492,1.3901476562239168,1.4329622499928973
3234,occlusion,low,3,3,occlusion,occlusion,False,0.08197448402643204,0.6587753891944885,18.265195846557617,0.08197448402643204,0.6587753891944885,18.265195846557617,1.3901476562239168,1.4329622499928973
3235,occlusion,medium,3,3,occlusion,occlusion,False,0.05687231197953224,0.7071037888526917,21.161266326904297,0.05687231197953224,0.7071037888526917,21.161266326904297,1.3901476562239168,1.4329622499928973
3236,occlusion,medium,3,3,occlusion,occlusion,False,0.10984218865633011,0.5058228373527527,17.469280242919922,0.10984218865633011,0.5058228373527527,17.469280242919922,1.3901476562239168,1.4329622499928973
3237,clean,none,0,0,clean,clean,False,0.0,1.0,100.0,0.0,1.0,100.0,1.3901476562239168,1.4329622499928973
3238,salt_pepper,high,1,1,salt_pepper,salt_pepper,False,0.04553302004933357,0.8352556228637695,23.591211318969727,0.04553302004933357,0.8352556228637695,23.591211318969727,1.3901476562239168,1.4329622499928973
3239,salt_pepper,high,1,1,salt_pepper,salt_pepper,False,0.035558391362428665,0.924305260181427,26.101226806640625,0.035558391362428665,0.924305260181427,26.101226806640625,1.3901476562239168,1.4329622499928973
3240,salt_pepper,medium,1,1,salt_pepper,salt_pepper,False,0.06947388499975204,0.7660995125770569,20.717191696166992,0.06947388499975204,0.7660995125770569,20.717191696166992,1.3901476562239168,1.4329622499928973
3241,occlusion,high,3,3,occlusion,occlusion,False,0.08006682246923447,0.6671583652496338,16.829620361328125,0.08006682246923447,0.6671583652496338,16.829620361328125,1.3901476562239168,1.4329622499928973
3242,clean,none,0,0,clean,clean,False,0.0,1.0,100.0,0.0,1.0,100.0,1.3901476562239168,1.4329622499928973
3243,salt_pepper,high,1,1,salt_pepper,salt_pepper,False,0.13058431446552277,0.7240655422210693,15.288490295410156,0.13058431446552277,0.7240655422210693,15.288490295410156,1.3901476562239168,1.4329622499928973
3244,blur,low,2,2,blur,blur,False,0.0501742959022522,0.8575296401977539,23.98077392578125,0.0501742959022522,0.8575296401977539,23.98077392578125,1.3901476562239168,1.4329622499928973
3245,clean,none,0,0,clean,clean,False,0.0,1.0,100.0,0.0,1.0,100.0,1.3901476562239168,1.4329622499928973
3246,clean,none,0,0,clean,clean,False,0.0,1.0,100.0,0.0,1.0,100.0,1.3901476562239168,1.4329622499928973
3247,salt_pepper,medium,1,1,salt_pepper,salt_pepper,False,0.05308520421385765,0.8700237274169922,23.227828979492188,0.05308520421385765,0.8700237274169922,23.227828979492188,1.3901476562239168,1.4329622499928973
3248,clean,none,0,0,clean,clean,False,0.0,1.0,100.0,0.0,1.0,100.0,1.3901476562239168,1.4329622499928973
3249,occlusion,high,3,3,occlusion,occlusion,False,0.08195853978395462,0.6524811387062073,16.49497413635254,0.08195853978395462,0.6524811387062073,16.49497413635254,1.3901476562239168,1.4329622499928973
3250,salt_pepper,high,1,1,salt_pepper,salt_pepper,False,0.0506884939968586,0.8107187151908875,23.553619384765625,0.0506884939968586,0.8107187151908875,23.553619384765625,1.3901476562239168,1.4329622499928973
3251,salt_pepper,high,1,1,salt_pepper,salt_pepper,False,0.04621705412864685,0.8823207020759583,24.431018829345703,0.04621705412864685,0.8823207020759583,24.431018829345703,1.3901476562239168,1.4329622499928973
3252,salt_pepper,medium,1,1,salt_pepper,salt_pepper,False,0.03193361312150955,0.9089609980583191,26.793399810791016,0.03193361312150955,0.9089609980583191,26.793399810791016,1.3901476562239168,1.4329622499928973
3253,occlusion,low,3,3,occlusion,occlusion,False,0.08787396550178528,0.570147693157196,19.300647735595703,0.08787396550178528,0.570147693157196,19.300647735595703,1.3901476562239168,1.4329622499928973
3254,clean,none,0,0,clean,clean,False,0.0,1.0,100.0,0.0,1.0,100.0,1.3901476562239168,1.4329622499928973
3255,blur,low,2,2,blur,blur,False,0.04728039726614952,0.769474983215332,23.896526336669922,0.04728039726614952,0.769474983215332,23.896526336669922,1.3901476562239168,1.4329622499928973
3256,salt_pepper,medium,1,1,salt_pepper,salt_pepper,False,0.07043129205703735,0.7310850024223328,20.080089569091797,0.07043129205703735,0.7310850024223328,20.080089569091797,1.3901476562239168,1.4329622499928973
3257,blur,low,2,2,blur,blur,False,0.029641300439834595,0.9027284979820251,27.796602249145508,0.029641300439834595,0.9027284979820251,27.796602249145508,1.3901476562239168,1.4329622499928973
3258,clean,none,0,0,clean,clean,False,0.0,1.0,100.0,0.0,1.0,100.0,1.3901476562239168,1.4329622499928973
3259,salt_pepper,low,1,1,salt_pepper,salt_pepper,False,0.05910797044634819,0.8793220520019531,22.28782844543457,0.05910797044634819,0.8793220520019531,22.28782844543457,1.3901476562239168,1.4329622499928973
3260,occlusion,high,3,3,occlusion,occlusion,False,0.058862585574388504,0.7412658333778381,20.264942169189453,0.058862585574388504,0.7412658333778381,20.264942169189453,1.3901476562239168,1.4329622499928973
3261,salt_pepper,low,1,1,salt_pepper,salt_pepper,False,0.06942123174667358,0.8127514719963074,20.770057678222656,0.06942123174667358,0.8127514719963074,20.770057678222656,1.3901476562239168,1.4329622499928973
3262,blur,low,2,2,blur,blur,False,0.14231033623218536,0.7624313235282898,14.751175880432129,0.14231033623218536,0.7624313235282898,14.751175880432129,1.3901476562239168,1.4329622499928973
3263,salt_pepper,medium,1,1,salt_pepper,salt_pepper,False,0.051326509565114975,0.8917800784111023,23.616371154785156,0.051326509565114975,0.8917800784111023,23.616371154785156,1.3901476562239168,1.4329622499928973
3264,salt_pepper,high,1,1,salt_pepper,salt_pepper,False,0.06744704395532608,0.851995050907135,21.251554489135742,0.06744704395532608,0.851995050907135,21.251554489135742,1.2670877187304086,1.2598074062566411
3265,clean,none,0,0,clean,clean,False,0.0,1.0,100.0,0.0,1.0,100.0,1.2670877187304086,1.2598074062566411
3266,clean,none,0,0,clean,clean,False,0.0,1.0,100.0,0.0,1.0,100.0,1.2670877187304086,1.2598074062566411
3267,blur,medium,2,2,blur,blur,False,0.044201672077178955,0.8180412650108337,23.750179290771484,0.044201672077178955,0.8180412650108337,23.750179290771484,1.2670877187304086,1.2598074062566411
3268,blur,medium,2,2,blur,blur,False,0.05014071241021156,0.8646655678749084,20.85784912109375,0.05014071241021156,0.8646655678749084,20.85784912109375,1.2670877187304086,1.2598074062566411
3269,clean,none,0,0,clean,clean,False,0.0,1.0,100.0,0.0,1.0,100.0,1.2670877187304086,1.2598074062566411
3270,clean,none,0,0,clean,clean,False,0.0,1.0,100.0,0.0,1.0,100.0,1.2670877187304086,1.2598074062566411
3271,occlusion,high,3,3,occlusion,occlusion,False,0.07675977796316147,0.6255685091018677,17.15520668029785,0.07675977796316147,0.6255685091018677,17.15520668029785,1.2670877187304086,1.2598074062566411
3272,blur,high,2,2,blur,blur,False,0.06598850339651108,0.598312497138977,21.338897705078125,0.06598850339651108,0.598312497138977,21.338897705078125,1.2670877187304086,1.2598074062566411
3273,blur,low,2,2,blur,blur,False,0.044450003653764725,0.852883517742157,24.475881576538086,0.044450003653764725,0.852883517742157,24.475881576538086,1.2670877187304086,1.2598074062566411
3274,occlusion,high,3,3,occlusion,occlusion,False,0.09611931443214417,0.7663691639900208,16.4110050201416,0.09611931443214417,0.7663691639900208,16.4110050201416,1.2670877187304086,1.2598074062566411
3275,blur,low,2,2,blur,blur,False,0.040952976793050766,0.759345293045044,25.802499771118164,0.040952976793050766,0.759345293045044,25.802499771118164,1.2670877187304086,1.2598074062566411
3276,occlusion,medium,3,3,occlusion,occlusion,False,0.058750640600919724,0.7783112525939941,20.321054458618164,0.058750640600919724,0.7783112525939941,20.321054458618164,1.2670877187304086,1.2598074062566411
3277,salt_pepper,medium,1,1,salt_pepper,salt_pepper,False,0.07441278547048569,0.7973127365112305,17.818029403686523,0.07441278547048569,0.7973127365112305,17.818029403686523,1.2670877187304086,1.2598074062566411
3278,blur,medium,2,2,blur,blur,False,0.03521208092570305,0.890572726726532,25.804473876953125,0.03521208092570305,0.890572726726532,25.804473876953125,1.2670877187304086,1.2598074062566411
3279,blur,medium,2,2,blur,blur,False,0.11608102917671204,0.8195883631706238,16.01534080505371,0.11608102917671204,0.8195883631706238,16.01534080505371,1.2670877187304086,1.2598074062566411
3280,salt_pepper,medium,1,1,salt_pepper,salt_pepper,False,0.05992874130606651,0.7889941334724426,20.68268585205078,0.05992874130606651,0.7889941334724426,20.68268585205078,1.2670877187304086,1.2598074062566411
3281,blur,low,2,2,blur,blur,False,0.07523512095212936,0.8134487271308899,20.10677146911621,0.07523512095212936,0.8134487271308899,20.10677146911621,1.2670877187304086,1.2598074062566411
3282,clean,none,0,0,clean,clean,False,0.0,1.0,100.0,0.0,1.0,100.0,1.2670877187304086,1.2598074062566411
3283,blur,medium,2,2,blur,blur,False,0.03873874619603157,0.9149113297462463,24.02351188659668,0.03873874619603157,0.9149113297462463,24.02351188659668,1.2670877187304086,1.2598074062566411
3284,salt_pepper,high,1,1,salt_pepper,salt_pepper,False,0.039955250918865204,0.8541882634162903,25.812780380249023,0.039955250918865204,0.8541882634162903,25.812780380249023,1.2670877187304086,1.2598074062566411
3285,clean,none,0,0,clean,clean,False,0.0,1.0,100.0,0.0,1.0,100.0,1.2670877187304086,1.2598074062566411
3286,clean,none,0,0,clean,clean,False,0.0,1.0,100.0,0.0,1.0,100.0,1.2670877187304086,1.2598074062566411
3287,occlusion,high,3,3,occlusion,occlusion,False,0.09473063796758652,0.5129629969596863,17.75054168701172,0.09473063796758652,0.5129629969596863,17.75054168701172,1.2670877187304086,1.2598074062566411
3288,blur,low,2,2,blur,blur,False,0.04607929289340973,0.7992987632751465,24.405582427978516,0.04607929289340973,0.7992987632751465,24.405582427978516,1.2670877187304086,1.2598074062566411
3289,occlusion,low,3,3,occlusion,occlusion,False,0.03108268231153488,0.8725810050964355,25.453445434570312,0.03108268231153488,0.8725810050964355,25.453445434570312,1.2670877187304086,1.2598074062566411
3290,salt_pepper,medium,1,1,salt_pepper,salt_pepper,False,0.0791855975985527,0.8046934008598328,18.21723175048828,0.0791855975985527,0.8046934008598328,18.21723175048828,1.2670877187304086,1.2598074062566411
3291,occlusion,medium,3,3,occlusion,occlusion,False,0.03802560642361641,0.8168955445289612,25.24405288696289,0.03802560642361641,0.8168955445289612,25.24405288696289,1.2670877187304086,1.2598074062566411
3292,occlusion,medium,3,3,occlusion,occlusion,False,0.08079756051301956,0.6580545902252197,19.146135330200195,0.08079756051301956,0.6580545902252197,19.146135330200195,1.2670877187304086,1.2598074062566411
3293,clean,none,0,0,clean,clean,False,0.0,1.0,100.0,0.0,1.0,100.0,1.2670877187304086,1.2598074062566411
3294,salt_pepper,medium,1,1,salt_pepper,salt_pepper,False,0.06114963814616203,0.8302688002586365,21.95035743713379,0.06114963814616203,0.8302688002586365,21.95035743713379,1.2670877187304086,1.2598074062566411
3295,clean,none,0,0,clean,clean,False,0.0,1.0,100.0,0.0,1.0,100.0,1.2670877187304086,1.2598074062566411
3296,salt_pepper,low,1,1,salt_pepper,salt_pepper,False,0.12215542793273926,0.7739418148994446,16.392995834350586,0.12215542793273926,0.7739418148994446,16.392995834350586,1.3583578749774006,1.3515319375017043
3297,occlusion,high,3,3,occlusion,occlusion,False,0.08377788215875626,0.6461771130561829,18.146644592285156,0.08377788215875626,0.6461771130561829,18.146644592285156,1.3583578749774006,1.3515319375017043
3298,clean,none,0,0,clean,clean,False,0.0,1.0,100.0,0.0,1.0,100.0,1.3583578749774006,1.3515319375017043
3299,salt_pepper,high,1,1,salt_pepper,salt_pepper,False,0.025309255346655846,0.8781848549842834,26.567501068115234,0.025309255346655846,0.8781848549842834,26.567501068115234,1.3583578749774006,1.3515319375017043
3300,salt_pepper,medium,1,1,salt_pepper,salt_pepper,False,0.0745563879609108,0.745039701461792,19.82151222229004,0.0745563879609108,0.745039701461792,19.82151222229004,1.3583578749774006,1.3515319375017043
3301,blur,high,2,2,blur,blur,False,0.04994446039199829,0.7901859283447266,23.100635528564453,0.04994446039199829,0.7901859283447266,23.100635528564453,1.3583578749774006,1.3515319375017043
3302,occlusion,high,3,3,occlusion,occlusion,False,0.053238317370414734,0.6148262619972229,22.221073150634766,0.053238317370414734,0.6148262619972229,22.221073150634766,1.3583578749774006,1.3515319375017043
3303,blur,high,2,2,blur,blur,False,0.055297598242759705,0.7594242095947266,22.84242820739746,0.055297598242759705,0.7594242095947266,22.84242820739746,1.3583578749774006,1.3515319375017043
3304,occlusion,medium,3,3,occlusion,occlusion,False,0.041037168353796005,0.7452192902565002,23.848670959472656,0.041037168353796005,0.7452192902565002,23.848670959472656,1.3583578749774006,1.3515319375017043
3305,salt_pepper,high,1,1,salt_pepper,salt_pepper,False,0.04749363660812378,0.8556365966796875,22.02696990966797,0.04749363660812378,0.8556365966796875,22.02696990966797,1.3583578749774006,1.3515319375017043
3306,occlusion,high,3,3,occlusion,occlusion,False,0.07800446450710297,0.6121706366539001,17.014619827270508,0.07800446450710297,0.6121706366539001,17.014619827270508,1.3583578749774006,1.3515319375017043
3307,salt_pepper,low,1,1,salt_pepper,salt_pepper,False,0.03693963214755058,0.8327156901359558,25.25214958190918,0.03693963214755058,0.8327156901359558,25.25214958190918,1.3583578749774006,1.3515319375017043
3308,occlusion,medium,3,3,occlusion,occlusion,False,0.0605449341237545,0.7656716704368591,20.40691566467285,0.0605449341237545,0.7656716704368591,20.40691566467285,1.3583578749774006,1.3515319375017043
3309,blur,medium,2,2,blur,blur,False,0.04429389536380768,0.823900043964386,24.82973289489746,0.04429389536380768,0.823900043964386,24.82973289489746,1.3583578749774006,1.3515319375017043
3310,clean,none,0,0,clean,clean,False,0.0,1.0,100.0,0.0,1.0,100.0,1.3583578749774006,1.3515319375017043
3311,salt_pepper,high,1,1,salt_pepper,salt_pepper,False,0.057313233613967896,0.7619749903678894,21.310503005981445,0.057313233613967896,0.7619749903678894,21.310503005981445,1.3583578749774006,1.3515319375017043
3312,blur,low,2,2,blur,blur,False,0.06482337415218353,0.7784139513969421,20.925371170043945,0.06482337415218353,0.7784139513969421,20.925371170043945,1.3583578749774006,1.3515319375017043
3313,clean,none,0,0,clean,clean,False,0.0,1.0,100.0,0.0,1.0,100.0,1.3583578749774006,1.3515319375017043
3314,clean,none,0,0,clean,clean,False,0.0,1.0,100.0,0.0,1.0,100.0,1.3583578749774006,1.3515319375017043
3315,clean,none,0,0,clean,clean,False,0.0,1.0,100.0,0.0,1.0,100.0,1.3583578749774006,1.3515319375017043
3316,blur,high,2,2,blur,blur,False,0.11177224665880203,0.7800007462501526,15.192537307739258,0.11177224665880203,0.7800007462501526,15.192537307739258,1.3583578749774006,1.3515319375017043
3317,salt_pepper,low,1,1,salt_pepper,salt_pepper,False,0.07846832275390625,0.7539482116699219,18.03011131286621,0.07846832275390625,0.7539482116699219,18.03011131286621,1.3583578749774006,1.3515319375017043
3318,occlusion,medium,3,3,occlusion,occlusion,False,0.07522395253181458,0.811115562915802,20.523107528686523,0.07522395253181458,0.811115562915802,20.523107528686523,1.3583578749774006,1.3515319375017043
3319,clean,none,0,0,clean,clean,False,0.0,1.0,100.0,0.0,1.0,100.0,1.3583578749774006,1.3515319375017043
3320,clean,none,0,0,clean,clean,False,0.0,1.0,100.0,0.0,1.0,100.0,1.3583578749774006,1.3515319375017043
3321,salt_pepper,medium,1,1,salt_pepper,salt_pepper,False,0.03571615740656853,0.8485631346702576,25.877058029174805,0.03571615740656853,0.8485631346702576,25.877058029174805,1.3583578749774006,1.3515319375017043
3322,blur,medium,2,2,blur,blur,False,0.08259564638137817,0.9041635394096375,19.737709045410156,0.08259564638137817,0.9041635394096375,19.737709045410156,1.3583578749774006,1.3515319375017043
3323,occlusion,high,3,3,occlusion,occlusion,False,0.07078606635332108,0.6718718409538269,19.179454803466797,0.07078606635332108,0.6718718409538269,19.179454803466797,1.3583578749774006,1.3515319375017043
3324,salt_pepper,low,1,1,salt_pepper,salt_pepper,False,0.030138537287712097,0.9302647709846497,25.981170654296875,0.030138537287712097,0.9302647709846497,25.981170654296875,1.3583578749774006,1.3515319375017043
3325,salt_pepper,medium,1,1,salt_pepper,salt_pepper,False,0.07938042283058167,0.8983359336853027,19.79730224609375,0.07938042283058167,0.8983359336853027,19.79730224609375,1.3583578749774006,1.3515319375017043
3326,salt_pepper,high,1,1,salt_pepper,salt_pepper,False,0.057164981961250305,0.8595436215400696,22.877735137939453,0.057164981961250305,0.8595436215400696,22.877735137939453,1.3583578749774006,1.3515319375017043
3327,clean,none,0,0,clean,clean,False,0.0,1.0,100.0,0.0,1.0,100.0,1.3583578749774006,1.3515319375017043
3328,blur,low,2,2,blur,blur,False,0.08465544134378433,0.8539898991584778,18.223369598388672,0.08465544134378433,0.8539895415306091,18.223369598388672,1.3638711249939206,1.3162893749836257
3329,salt_pepper,low,1,1,salt_pepper,salt_pepper,False,0.0523870475590229,0.8407289385795593,23.096149444580078,0.0523870475590229,0.8407289385795593,23.096149444580078,1.3638711249939206,1.3162893749836257
3330,blur,high,2,2,blur,blur,False,0.08705873042345047,0.7408731579780579,17.91269874572754,0.08705873042345047,0.740873396396637,17.91269874572754,1.3638711249939206,1.3162893749836257
3331,blur,high,2,2,blur,blur,False,0.03127726539969444,0.8640435338020325,27.417327880859375,0.03127726539969444,0.864043653011322,27.417327880859375,1.3638711249939206,1.3162893749836257
3332,salt_pepper,medium,1,1,salt_pepper,salt_pepper,False,0.0860971137881279,0.8908579349517822,19.5401668548584,0.0860971137881279,0.8908579349517822,19.5401668548584,1.3638711249939206,1.3162893749836257
3333,salt_pepper,medium,1,1,salt_pepper,salt_pepper,False,0.04413680359721184,0.824809730052948,23.093692779541016,0.04413680359721184,0.824809730052948,23.093692779541016,1.3638711249939206,1.3162893749836257
3334,clean,none,0,0,clean,clean,False,0.0,1.0,100.0,0.0,1.0,100.0,1.3638711249939206,1.3162893749836257
3335,occlusion,low,3,3,occlusion,occlusion,False,0.06443944573402405,0.7694455981254578,19.498638153076172,0.06443944573402405,0.7694455981254578,19.498638153076172,1.3638711249939206,1.3162893749836257
3336,clean,none,0,0,clean,clean,False,0.0,1.0,100.0,0.0,1.0,100.0,1.3638711249939206,1.3162893749836257
3337,clean,none,0,0,clean,clean,False,0.0,1.0,100.0,0.0,1.0,100.0,1.3638711249939206,1.3162893749836257
3338,clean,none,0,0,clean,clean,False,0.0,1.0,100.0,0.0,1.0,100.0,1.3638711249939206,1.3162893749836257
3339,occlusion,high,3,3,occlusion,occlusion,False,0.07352317124605179,0.7345827221870422,18.36098289489746,0.07352317124605179,0.7345827221870422,18.36098289489746,1.3638711249939206,1.3162893749836257
3340,salt_pepper,low,1,1,salt_pepper,salt_pepper,False,0.035555917769670486,0.8979251980781555,25.863018035888672,0.035555917769670486,0.8979251980781555,25.863018035888672,1.3638711249939206,1.3162893749836257
3341,occlusion,low,3,3,occlusion,occlusion,False,0.034845348447561264,0.8544602394104004,25.54422378540039,0.034845348447561264,0.8544602394104004,25.54422378540039,1.3638711249939206,1.3162893749836257
3342,clean,none,0,0,clean,clean,False,0.0,1.0,100.0,0.0,1.0,100.0,1.3638711249939206,1.3162893749836257
3343,occlusion,medium,3,3,occlusion,occlusion,False,0.05641590431332588,0.7734087109565735,16.606563568115234,0.05641590431332588,0.7734087109565735,16.606563568115234,1.3638711249939206,1.3162893749836257
3344,salt_pepper,medium,1,1,salt_pepper,salt_pepper,False,0.0697232112288475,0.7376078963279724,17.974702835083008,0.0697232112288475,0.7376078963279724,17.974702835083008,1.3638711249939206,1.3162893749836257
3345,occlusion,medium,3,3,occlusion,occlusion,False,0.04885256290435791,0.7862544059753418,20.828638076782227,0.04885256290435791,0.7862544059753418,20.828638076782227,1.3638711249939206,1.3162893749836257
3346,clean,none,0,0,clean,clean,False,0.0,1.0,100.0,0.0,1.0,100.0,1.3638711249939206,1.3162893749836257
3347,clean,none,0,2,clean,blur,True,0.10915227979421616,0.8713085055351257,16.929916381835938,0.0,1.0,100.0,1.3638711249939206,1.3162893749836257
3348,salt_pepper,low,1,1,salt_pepper,salt_pepper,False,0.086247019469738,0.6642668843269348,16.748151779174805,0.086247019469738,0.6642668843269348,16.748151779174805,1.3638711249939206,1.3162893749836257
3349,salt_pepper,high,1,1,salt_pepper,salt_pepper,False,0.0722789615392685,0.8520582318305969,20.399141311645508,0.0722789615392685,0.8520582318305969,20.399141311645508,1.3638711249939206,1.3162893749836257
3350,occlusion,medium,3,3,occlusion,occlusion,False,0.0419662781059742,0.7954557538032532,24.02597427368164,0.0419662781059742,0.7954557538032532,24.02597427368164,1.3638711249939206,1.3162893749836257
3351,blur,high,2,2,blur,blur,False,0.05250997841358185,0.8299182057380676,22.810943603515625,0.05250997841358185,0.829918384552002,22.810943603515625,1.3638711249939206,1.3162893749836257
3352,clean,none,0,0,clean,clean,False,0.0,1.0,100.0,0.0,1.0,100.0,1.3638711249939206,1.3162893749836257
3353,salt_pepper,high,1,1,salt_pepper,salt_pepper,False,0.04597724974155426,0.8348996043205261,22.86016845703125,0.04597724974155426,0.8348996043205261,22.86016845703125,1.3638711249939206,1.3162893749836257
3354,clean,none,0,0,clean,clean,False,0.0,1.0,100.0,0.0,1.0,100.0,1.3638711249939206,1.3162893749836257
3355,blur,high,2,2,blur,blur,False,0.10969337075948715,0.8132393956184387,16.088640213012695,0.10969337075948715,0.813239336013794,16.088640213012695,1.3638711249939206,1.3162893749836257
3356,salt_pepper,high,1,1,salt_pepper,salt_pepper,False,0.04965723678469658,0.8636517524719238,23.705692291259766,0.04965723678469658,0.8636517524719238,23.705692291259766,1.3638711249939206,1.3162893749836257
3357,salt_pepper,high,1,1,salt_pepper,salt_pepper,False,0.08248084783554077,0.7919080853462219,18.883758544921875,0.08248084783554077,0.7919080853462219,18.883758544921875,1.3638711249939206,1.3162893749836257
3358,salt_pepper,medium,1,1,salt_pepper,salt_pepper,False,0.042182210832834244,0.848442792892456,23.049917221069336,0.042182210832834244,0.848442792892456,23.049917221069336,1.3638711249939206,1.3162893749836257
3359,salt_pepper,medium,1,1,salt_pepper,salt_pepper,False,0.03697321191430092,0.8596894145011902,24.594030380249023,0.03697321191430092,0.8596894145011902,24.594030380249023,1.3638711249939206,1.3162893749836257
3360,occlusion,high,3,3,occlusion,occlusion,False,0.04871946573257446,0.7837656140327454,21.935102462768555,0.04871946573257446,0.7837656140327454,21.935102462768555,1.2627635000228565,1.2743864687649875
3361,clean,none,0,0,clean,clean,False,0.0,1.0,100.0,0.0,1.0,100.0,1.2627635000228565,1.2743864687649875
3362,blur,low,2,2,blur,blur,False,0.040055159479379654,0.8512606024742126,25.743412017822266,0.040055159479379654,0.8512606024742126,25.743412017822266,1.2627635000228565,1.2743864687649875
3363,salt_pepper,high,1,1,salt_pepper,salt_pepper,False,0.06484252959489822,0.8375717997550964,21.146221160888672,0.06484252959489822,0.8375717997550964,21.146221160888672,1.2627635000228565,1.2743864687649875
3364,salt_pepper,medium,1,1,salt_pepper,salt_pepper,False,0.07248532027006149,0.8282443881034851,19.396808624267578,0.07248532027006149,0.8282443881034851,19.396808624267578,1.2627635000228565,1.2743864687649875
3365,salt_pepper,low,1,1,salt_pepper,salt_pepper,False,0.04690037667751312,0.8721883296966553,23.792057037353516,0.04690037667751312,0.8721883296966553,23.792057037353516,1.2627635000228565,1.2743864687649875
3366,clean,none,0,0,clean,clean,False,0.0,1.0,100.0,0.0,1.0,100.0,1.2627635000228565,1.2743864687649875
3367,clean,none,0,0,clean,clean,False,0.0,1.0,100.0,0.0,1.0,100.0,1.2627635000228565,1.2743864687649875
3368,blur,high,2,2,blur,blur,False,0.04174847900867462,0.7676007151603699,24.06945037841797,0.04174847900867462,0.7676007151603699,24.06945037841797,1.2627635000228565,1.2743864687649875
3369,occlusion,high,3,3,occlusion,occlusion,False,0.07124648988246918,0.6159458756446838,19.746992111206055,0.07124648988246918,0.6159458756446838,19.746992111206055,1.2627635000228565,1.2743864687649875
3370,salt_pepper,high,1,1,salt_pepper,salt_pepper,False,0.12633763253688812,0.7306761741638184,16.13347053527832,0.12633763253688812,0.7306761741638184,16.13347053527832,1.2627635000228565,1.2743864687649875
3371,salt_pepper,low,1,1,salt_pepper,salt_pepper,False,0.028621748089790344,0.9201895594596863,26.72903060913086,0.028621748089790344,0.9201895594596863,26.72903060913086,1.2627635000228565,1.2743864687649875
3372,clean,none,0,0,clean,clean,False,0.0,1.0,100.0,0.0,1.0,100.0,1.2627635000228565,1.2743864687649875
3373,blur,high,2,2,blur,blur,False,0.20620429515838623,0.584056556224823,10.498810768127441,0.20620429515838623,0.584056556224823,10.498810768127441,1.2627635000228565,1.2743864687649875
3374,salt_pepper,low,1,1,salt_pepper,salt_pepper,False,0.06457749754190445,0.8053920269012451,20.66571807861328,0.06457749754190445,0.8053920269012451,20.66571807861328,1.2627635000228565,1.2743864687649875
3375,blur,high,2,2,blur,blur,False,0.035674795508384705,0.7506198883056641,26.161067962646484,0.035674795508384705,0.7506198883056641,26.161067962646484,1.2627635000228565,1.2743864687649875
3376,clean,none,0,0,clean,clean,False,0.0,1.0,100.0,0.0,1.0,100.0,1.2627635000228565,1.2743864687649875
3377,blur,medium,2,2,blur,blur,False,0.03758622333407402,0.8799550533294678,25.853046417236328,0.03758622333407402,0.8799550533294678,25.853046417236328,1.2627635000228565,1.2743864687649875
3378,blur,medium,2,2,blur,blur,False,0.03171103820204735,0.9516872763633728,27.605300903320312,0.03171103820204735,0.9516872763633728,27.605300903320312,1.2627635000228565,1.2743864687649875
3379,clean,none,0,0,clean,clean,False,0.0,1.0,100.0,0.0,1.0,100.0,1.2627635000228565,1.2743864687649875
3380,salt_pepper,low,1,1,salt_pepper,salt_pepper,False,0.0359332300722599,0.876560389995575,26.754493713378906,0.0359332300722599,0.876560389995575,26.754493713378906,1.2627635000228565,1.2743864687649875
3381,clean,none,0,0,clean,clean,False,0.0,1.0,100.0,0.0,1.0,100.0,1.2627635000228565,1.2743864687649875
3382,clean,none,0,0,clean,clean,False,0.0,1.0,100.0,0.0,1.0,100.0,1.2627635000228565,1.2743864687649875
3383,clean,none,0,0,clean,clean,False,0.0,1.0,100.0,0.0,1.0,100.0,1.2627635000228565,1.2743864687649875
3384,occlusion,medium,3,3,occlusion,occlusion,False,0.07074741274118423,0.6072190403938293,19.97425079345703,0.07074741274118423,0.6072190403938293,19.97425079345703,1.2627635000228565,1.2743864687649875
3385,occlusion,high,3,3,occlusion,occlusion,False,0.1456851214170456,0.4669094979763031,12.328634262084961,0.1456851214170456,0.4669094979763031,12.328634262084961,1.2627635000228565,1.2743864687649875
3386,salt_pepper,high,1,1,salt_pepper,salt_pepper,False,0.07846689969301224,0.7074020504951477,19.977588653564453,0.07846689969301224,0.7074020504951477,19.977588653564453,1.2627635000228565,1.2743864687649875
3387,clean,none,0,0,clean,clean,False,0.0,1.0,100.0,0.0,1.0,100.0,1.2627635000228565,1.2743864687649875
3388,occlusion,medium,3,3,occlusion,occlusion,False,0.07035335153341293,0.6982132792472839,18.09842872619629,0.07035335153341293,0.6982132792472839,18.09842872619629,1.2627635000228565,1.2743864687649875
3389,occlusion,low,3,3,occlusion,occlusion,False,0.08911389112472534,0.5831537842750549,17.74245262145996,0.08911389112472534,0.5831537842750549,17.74245262145996,1.2627635000228565,1.2743864687649875
3390,salt_pepper,low,1,1,salt_pepper,salt_pepper,False,0.09816136956214905,0.635291576385498,18.199655532836914,0.09816136956214905,0.635291576385498,18.199655532836914,1.2627635000228565,1.2743864687649875
3391,blur,medium,2,2,blur,blur,False,0.06998565047979355,0.7744542956352234,19.923885345458984,0.06998565047979355,0.7744542956352234,19.923885345458984,1.2627635000228565,1.2743864687649875
3392,blur,high,2,2,blur,blur,False,0.08439951390028,0.50375896692276,19.620473861694336,0.08439951390028,0.50375896692276,19.620473861694336,1.6223235937502523,1.6164904999982355
3393,clean,none,0,0,clean,clean,False,0.0,1.0,100.0,0.0,1.0,100.0,1.6223235937502523,1.6164904999982355
3394,blur,high,2,2,blur,blur,False,0.051609501242637634,0.8161871433258057,23.550928115844727,0.051609501242637634,0.8161871433258057,23.550928115844727,1.6223235937502523,1.6164904999982355
3395,salt_pepper,high,1,1,salt_pepper,salt_pepper,False,0.037563007324934006,0.8597502112388611,25.349681854248047,0.037563007324934006,0.8597502112388611,25.349681854248047,1.6223235937502523,1.6164904999982355
3396,blur,low,2,2,blur,blur,False,0.04434661194682121,0.7444793581962585,24.49420738220215,0.04434661194682121,0.7444793581962585,24.49420738220215,1.6223235937502523,1.6164904999982355
3397,occlusion,medium,3,3,occlusion,occlusion,False,0.1213858425617218,0.5132066011428833,16.16584014892578,0.1213858425617218,0.5132066011428833,16.16584014892578,1.6223235937502523,1.6164904999982355
3398,blur,medium,2,2,blur,blur,False,0.05969766154885292,0.8099692463874817,21.25584602355957,0.05969766154885292,0.8099692463874817,21.25584602355957,1.6223235937502523,1.6164904999982355
3399,salt_pepper,low,1,1,salt_pepper,salt_pepper,False,0.08564309030771255,0.8109294772148132,18.36333656311035,0.08564309030771255,0.8109294772148132,18.36333656311035,1.6223235937502523,1.6164904999982355
3400,blur,low,2,2,blur,blur,False,0.07499776035547256,0.7429267764091492,20.101097106933594,0.07499776035547256,0.7429267764091492,20.101097106933594,1.6223235937502523,1.6164904999982355
3401,clean,none,0,0,clean,clean,False,0.0,1.0,100.0,0.0,1.0,100.0,1.6223235937502523,1.6164904999982355
3402,clean,none,0,0,clean,clean,False,0.0,1.0,100.0,0.0,1.0,100.0,1.6223235937502523,1.6164904999982355
3403,salt_pepper,high,1,1,salt_pepper,salt_pepper,False,0.041640978306531906,0.8082981705665588,25.330516815185547,0.041640978306531906,0.8082981705665588,25.330516815185547,1.6223235937502523,1.6164904999982355
3404,clean,none,0,0,clean,clean,False,0.0,1.0,100.0,0.0,1.0,100.0,1.6223235937502523,1.6164904999982355
3405,occlusion,low,3,3,occlusion,occlusion,False,0.08312644064426422,0.628864586353302,18.899314880371094,0.08312644064426422,0.628864586353302,18.899314880371094,1.6223235937502523,1.6164904999982355
3406,blur,low,2,2,blur,blur,False,0.04037749767303467,0.8982582688331604,25.07513999938965,0.04037749767303467,0.8982582688331604,25.07513999938965,1.6223235937502523,1.6164904999982355
3407,occlusion,high,3,3,occlusion,occlusion,False,0.06626880168914795,0.6996267437934875,18.393476486206055,0.06626880168914795,0.6996267437934875,18.393476486206055,1.6223235937502523,1.6164904999982355
3408,salt_pepper,low,1,1,salt_pepper,salt_pepper,False,0.06705040484666824,0.7919324040412903,21.62398910522461,0.06705040484666824,0.7919324040412903,21.62398910522461,1.6223235937502523,1.6164904999982355
3409,blur,high,2,2,blur,blur,False,0.04195697605609894,0.7959488034248352,25.135116577148438,0.04195697605609894,0.7959488034248352,25.135116577148438,1.6223235937502523,1.6164904999982355
3410,blur,medium,2,2,blur,blur,False,0.06015860661864281,0.8095578551292419,21.662315368652344,0.06015860661864281,0.8095578551292419,21.662315368652344,1.6223235937502523,1.6164904999982355
3411,clean,none,0,0,clean,clean,False,0.0,1.0,100.0,0.0,1.0,100.0,1.6223235937502523,1.6164904999982355
3412,salt_pepper,low,1,1,salt_pepper,salt_pepper,False,0.049372848123311996,0.8825272917747498,19.057100296020508,0.049372848123311996,0.8825272917747498,19.057100296020508,1.6223235937502523,1.6164904999982355
3413,blur,medium,2,2,blur,blur,False,0.0941411629319191,0.7733035087585449,18.187206268310547,0.0941411629319191,0.7733035087585449,18.187206268310547,1.6223235937502523,1.6164904999982355
3414,occlusion,medium,3,3,occlusion,occlusion,False,0.09099096804857254,0.5066108703613281,18.051408767700195,0.09099096804857254,0.5066108703613281,18.051408767700195,1.6223235937502523,1.6164904999982355
3415,clean,none,0,0,clean,clean,False,0.0,1.0,100.0,0.0,1.0,100.0,1.6223235937502523,1.6164904999982355
3416,clean,none,0,0,clean,clean,False,0.0,1.0,100.0,0.0,1.0,100.0,1.6223235937502523,1.6164904999982355
3417,clean,none,0,0,clean,clean,False,0.0,1.0,100.0,0.0,1.0,100.0,1.6223235937502523,1.6164904999982355
3418,occlusion,high,3,3,occlusion,occlusion,False,0.08110811561346054,0.5780820250511169,17.951648712158203,0.08110811561346054,0.5780820250511169,17.951648712158203,1.6223235937502523,1.6164904999982355
3419,clean,none,0,0,clean,clean,False,0.0,1.0,100.0,0.0,1.0,100.0,1.6223235937502523,1.6164904999982355
3420,occlusion,low,3,3,occlusion,occlusion,False,0.09832561016082764,0.700037956237793,15.493569374084473,0.09832561016082764,0.700037956237793,15.493569374084473,1.6223235937502523,1.6164904999982355
3421,clean,none,0,0,clean,clean,False,0.0,1.0,100.0,0.0,1.0,100.0,1.6223235937502523,1.6164904999982355
3422,occlusion,low,3,3,occlusion,occlusion,False,0.05690102279186249,0.7447364926338196,21.79376792907715,0.05690102279186249,0.7447364926338196,21.79376792907715,1.6223235937502523,1.6164904999982355
3423,salt_pepper,low,1,1,salt_pepper,salt_pepper,False,0.04815163090825081,0.7170038223266602,23.896671295166016,0.04815163090825081,0.7170038223266602,23.896671295166016,1.6223235937502523,1.6164904999982355
3424,occlusion,medium,3,3,occlusion,occlusion,False,0.05404164269566536,0.7149012684822083,22.13625144958496,0.05404164269566536,0.7149012684822083,22.13625144958496,1.7929591249981058,1.7763402812533968
3425,occlusion,medium,3,3,occlusion,occlusion,False,0.07794030755758286,0.6658003330230713,18.823793411254883,0.07794030755758286,0.6658003330230713,18.823793411254883,1.7929591249981058,1.7763402812533968
3426,blur,medium,2,2,blur,blur,False,0.05718770623207092,0.7004173398017883,22.43273162841797,0.05718770623207092,0.7004173398017883,22.43273162841797,1.7929591249981058,1.7763402812533968
3427,blur,high,2,2,blur,blur,False,0.08510849624872208,0.6840815544128418,18.8339786529541,0.08510849624872208,0.6840815544128418,18.8339786529541,1.7929591249981058,1.7763402812533968
3428,salt_pepper,medium,1,1,salt_pepper,salt_pepper,False,0.11422134190797806,0.6234297752380371,16.759838104248047,0.11422134190797806,0.6234297752380371,16.759838104248047,1.7929591249981058,1.7763402812533968
3429,blur,high,2,2,blur,blur,False,0.04196174070239067,0.7931496500968933,24.15138053894043,0.04196174070239067,0.7931496500968933,24.15138053894043,1.7929591249981058,1.7763402812533968
3430,salt_pepper,medium,1,1,salt_pepper,salt_pepper,False,0.052476394921541214,0.6658777594566345,22.362777709960938,0.052476394921541214,0.6658777594566345,22.362777709960938,1.7929591249981058,1.7763402812533968
3431,salt_pepper,medium,1,1,salt_pepper,salt_pepper,False,0.0668179988861084,0.8170835375785828,21.084144592285156,0.0668179988861084,0.8170835375785828,21.084144592285156,1.7929591249981058,1.7763402812533968
3432,salt_pepper,low,1,1,salt_pepper,salt_pepper,False,0.030645715072751045,0.9025868773460388,27.171457290649414,0.030645715072751045,0.9025868773460388,27.171457290649414,1.7929591249981058,1.7763402812533968
3433,salt_pepper,low,1,1,salt_pepper,salt_pepper,False,0.04518596827983856,0.8483031392097473,23.46712303161621,0.04518596827983856,0.8483031392097473,23.46712303161621,1.7929591249981058,1.7763402812533968
3434,occlusion,medium,3,3,occlusion,occlusion,False,0.06780869513750076,0.6898748278617859,19.593828201293945,0.06780869513750076,0.6898748278617859,19.593828201293945,1.7929591249981058,1.7763402812533968
3435,clean,none,0,0,clean,clean,False,0.0,1.0,100.0,0.0,1.0,100.0,1.7929591249981058,1.7763402812533968
3436,occlusion,low,3,3,occlusion,occlusion,False,0.08366405963897705,0.6661695837974548,18.585124969482422,0.08366405963897705,0.6661695837974548,18.585124969482422,1.7929591249981058,1.7763402812533968
3437,blur,high,2,2,blur,blur,False,0.055812496691942215,0.802220344543457,22.33431625366211,0.055812496691942215,0.802220344543457,22.33431625366211,1.7929591249981058,1.7763402812533968
3438,salt_pepper,low,1,1,salt_pepper,salt_pepper,False,0.0867253765463829,0.8110721111297607,16.18775749206543,0.0867253765463829,0.8110721111297607,16.18775749206543,1.7929591249981058,1.7763402812533968
3439,salt_pepper,medium,1,1,salt_pepper,salt_pepper,False,0.049351707100868225,0.819816529750824,23.703086853027344,0.049351707100868225,0.819816529750824,23.703086853027344,1.7929591249981058,1.7763402812533968
3440,occlusion,low,3,3,occlusion,occlusion,False,0.053362634032964706,0.6956692337989807,22.570175170898438,0.053362634032964706,0.6956692337989807,22.570175170898438,1.7929591249981058,1.7763402812533968
3441,blur,low,2,2,blur,blur,False,0.04203670099377632,0.7888854146003723,24.125261306762695,0.04203670099377632,0.7888854146003723,24.125261306762695,1.7929591249981058,1.7763402812533968
3442,clean,none,0,0,clean,clean,False,0.0,1.0,100.0,0.0,1.0,100.0,1.7929591249981058,1.7763402812533968
3443,clean,none,0,0,clean,clean,False,0.0,1.0,100.0,0.0,1.0,100.0,1.7929591249981058,1.7763402812533968
3444,salt_pepper,low,1,1,salt_pepper,salt_pepper,False,0.12666375935077667,0.580209493637085,15.789872169494629,0.12666375935077667,0.580209493637085,15.789872169494629,1.7929591249981058,1.7763402812533968
3445,occlusion,low,3,3,occlusion,occlusion,False,0.11560531705617905,0.6248660087585449,16.96200180053711,0.11560531705617905,0.6248660087585449,16.96200180053711,1.7929591249981058,1.7763402812533968
3446,occlusion,medium,3,3,occlusion,occlusion,False,0.05630679428577423,0.5763564109802246,22.25388526916504,0.05630679428577423,0.5763564109802246,22.25388526916504,1.7929591249981058,1.7763402812533968
3447,salt_pepper,medium,1,1,salt_pepper,salt_pepper,False,0.07922125607728958,0.6364848017692566,19.610502243041992,0.07922125607728958,0.6364848017692566,19.610502243041992,1.7929591249981058,1.7763402812533968
3448,occlusion,high,3,3,occlusion,occlusion,False,0.07938016206026077,0.6387354731559753,19.425739288330078,0.07938016206026077,0.6387354731559753,19.425739288330078,1.7929591249981058,1.7763402812533968
3449,blur,medium,2,2,blur,blur,False,0.02772049605846405,0.8617950081825256,27.962337493896484,0.02772049605846405,0.8617950081825256,27.962337493896484,1.7929591249981058,1.7763402812533968
3450,salt_pepper,high,1,1,salt_pepper,salt_pepper,False,0.09380915760993958,0.5802199840545654,18.85525894165039,0.09380915760993958,0.5802199840545654,18.85525894165039,1.7929591249981058,1.7763402812533968
3451,salt_pepper,medium,1,1,salt_pepper,salt_pepper,False,0.10386195033788681,0.6686903834342957,17.221298217773438,0.10386195033788681,0.6686903834342957,17.221298217773438,1.7929591249981058,1.7763402812533968
3452,blur,low,2,2,blur,blur,False,0.0531073696911335,0.8495343327522278,23.127166748046875,0.0531073696911335,0.8495343327522278,23.127166748046875,1.7929591249981058,1.7763402812533968
3453,blur,medium,2,2,blur,blur,False,0.06580334901809692,0.7524561882019043,21.794330596923828,0.06580334901809692,0.7524561882019043,21.794330596923828,1.7929591249981058,1.7763402812533968
3454,salt_pepper,low,1,1,salt_pepper,salt_pepper,False,0.04919585585594177,0.8241736888885498,23.26963233947754,0.04919585585594177,0.8241736888885498,23.26963233947754,1.7929591249981058,1.7763402812533968
3455,occlusion,high,3,3,occlusion,occlusion,False,0.09018196910619736,0.6714498996734619,16.809160232543945,0.09018196910619736,0.6714498996734619,16.809160232543945,1.7929591249981058,1.7763402812533968
3456,blur,medium,2,2,blur,blur,False,0.07666715234518051,0.751226007938385,20.156658172607422,0.07666715234518051,0.751226007938385,20.156658172607422,1.3361612500091269,1.328896781245703
3457,blur,medium,2,2,blur,blur,False,0.06904471665620804,0.8129474520683289,20.38573455810547,0.06904471665620804,0.8129474520683289,20.38573455810547,1.3361612500091269,1.328896781245703
3458,blur,high,2,2,blur,blur,False,0.08423975855112076,0.7163650393486023,19.485322952270508,0.08423975855112076,0.7163650393486023,19.485322952270508,1.3361612500091269,1.328896781245703
3459,clean,none,0,0,clean,clean,False,0.0,1.0,100.0,0.0,1.0,100.0,1.3361612500091269,1.328896781245703
3460,clean,none,0,0,clean,clean,False,0.0,1.0,100.0,0.0,1.0,100.0,1.3361612500091269,1.328896781245703
3461,occlusion,high,3,3,occlusion,occlusion,False,0.08620434254407883,0.5308988094329834,17.343093872070312,0.08620434254407883,0.5308988094329834,17.343093872070312,1.3361612500091269,1.328896781245703
3462,salt_pepper,high,1,1,salt_pepper,salt_pepper,False,0.05623973533511162,0.7282921671867371,22.781200408935547,0.05623973533511162,0.7282921671867371,22.781200408935547,1.3361612500091269,1.328896781245703
3463,occlusion,medium,3,3,occlusion,occlusion,False,0.10108662396669388,0.5139383673667908,17.108070373535156,0.10108662396669388,0.5139383673667908,17.108070373535156,1.3361612500091269,1.328896781245703
3464,blur,low,2,2,blur,blur,False,0.06926386803388596,0.7820540070533752,20.227033615112305,0.06926386803388596,0.7820540070533752,20.227033615112305,1.3361612500091269,1.328896781245703
3465,blur,medium,2,2,blur,blur,False,0.05123913288116455,0.7979976534843445,23.466384887695312,0.05123913288116455,0.7979976534843445,23.466384887695312,1.3361612500091269,1.328896781245703
3466,blur,medium,2,2,blur,blur,False,0.05731551721692085,0.7999257445335388,21.710947036743164,0.05731551721692085,0.7999257445335388,21.710947036743164,1.3361612500091269,1.328896781245703
3467,blur,medium,2,2,blur,blur,False,0.04597465321421623,0.7769834995269775,23.168561935424805,0.04597465321421623,0.7769834995269775,23.168561935424805,1.3361612500091269,1.328896781245703
3468,blur,low,2,2,blur,blur,False,0.04571099206805229,0.8972726464271545,23.355731964111328,0.04571099206805229,0.8972726464271545,23.355731964111328,1.3361612500091269,1.328896781245703
3469,occlusion,high,3,3,occlusion,occlusion,False,0.04792973771691322,0.6989973187446594,22.541610717773438,0.04792973771691322,0.6989973187446594,22.541610717773438,1.3361612500091269,1.328896781245703
3470,blur,medium,2,2,blur,blur,False,0.06295805424451828,0.7577878832817078,21.738582611083984,0.06295805424451828,0.7577878832817078,21.738582611083984,1.3361612500091269,1.328896781245703
3471,clean,none,0,0,clean,clean,False,0.0,1.0,100.0,0.0,1.0,100.0,1.3361612500091269,1.328896781245703
3472,blur,medium,2,2,blur,blur,False,0.07030888646841049,0.6575066447257996,20.27022361755371,0.07030888646841049,0.6575066447257996,20.27022361755371,1.3361612500091269,1.328896781245703
3473,blur,high,2,2,blur,blur,False,0.09575394541025162,0.5746621489524841,18.18517303466797,0.09575394541025162,0.5746621489524841,18.18517303466797,1.3361612500091269,1.328896781245703
3474,clean,none,0,0,clean,clean,False,0.0,1.0,100.0,0.0,1.0,100.0,1.3361612500091269,1.328896781245703
3475,clean,none,0,0,clean,clean,False,0.0,1.0,100.0,0.0,1.0,100.0,1.3361612500091269,1.328896781245703
3476,blur,high,2,2,blur,blur,False,0.04225369170308113,0.8223581314086914,25.294017791748047,0.04225369170308113,0.8223581314086914,25.294017791748047,1.3361612500091269,1.328896781245703
3477,occlusion,low,3,3,occlusion,occlusion,False,0.03910822793841362,0.6812624335289001,25.107486724853516,0.03910822793841362,0.6812624335289001,25.107486724853516,1.3361612500091269,1.328896781245703
3478,occlusion,medium,3,3,occlusion,occlusion,False,0.0854169949889183,0.6764801144599915,16.129547119140625,0.0854169949889183,0.6764801144599915,16.129547119140625,1.3361612500091269,1.328896781245703
3479,clean,none,0,0,clean,clean,False,0.0,1.0,100.0,0.0,1.0,100.0,1.3361612500091269,1.328896781245703
3480,occlusion,low,3,3,occlusion,occlusion,False,0.022553175687789917,0.8859100937843323,28.64963150024414,0.022553175687789917,0.8859100937843323,28.64963150024414,1.3361612500091269,1.328896781245703
3481,occlusion,high,3,3,occlusion,occlusion,False,0.06163273751735687,0.6353355050086975,20.72388458251953,0.06163273751735687,0.6353355050086975,20.72388458251953,1.3361612500091269,1.328896781245703
3482,clean,none,0,0,clean,clean,False,0.0,1.0,100.0,0.0,1.0,100.0,1.3361612500091269,1.328896781245703
3483,blur,low,2,2,blur,blur,False,0.06060435250401497,0.6854748725891113,21.778446197509766,0.06060435250401497,0.6854748725891113,21.778446197509766,1.3361612500091269,1.328896781245703
3484,blur,high,2,2,blur,blur,False,0.03482968360185623,0.8527916073799133,26.545658111572266,0.03482968360185623,0.8527916073799133,26.545658111572266,1.3361612500091269,1.328896781245703
3485,salt_pepper,high,1,1,salt_pepper,salt_pepper,False,0.05505874752998352,0.7980343699455261,22.678415298461914,0.05505874752998352,0.7980343699455261,22.678415298461914,1.3361612500091269,1.328896781245703
3486,occlusion,medium,3,3,occlusion,occlusion,False,0.07886006683111191,0.6644756197929382,19.40833282470703,0.07886006683111191,0.6644756197929382,19.40833282470703,1.3361612500091269,1.328896781245703
3487,salt_pepper,medium,1,1,salt_pepper,salt_pepper,False,0.03106391429901123,0.9350354671478271,27.696598052978516,0.03106391429901123,0.9350354671478271,27.696598052978516,1.3361612500091269,1.328896781245703
3488,clean,none,0,0,clean,clean,False,0.0,1.0,100.0,0.0,1.0,100.0,1.5810865000105423,1.576860156234261
3489,blur,medium,2,2,blur,blur,False,0.05210411548614502,0.8088752627372742,22.817590713500977,0.05210411548614502,0.8088752627372742,22.817590713500977,1.5810865000105423,1.576860156234261
3490,blur,medium,2,2,blur,blur,False,0.06333339959383011,0.6966953277587891,21.323589324951172,0.06333339959383011,0.6966953277587891,21.323589324951172,1.5810865000105423,1.576860156234261
3491,blur,high,2,2,blur,blur,False,0.05344873666763306,0.7176583409309387,23.085298538208008,0.05344873666763306,0.7176583409309387,23.085298538208008,1.5810865000105423,1.576860156234261
3492,occlusion,medium,3,3,occlusion,occlusion,False,0.04076455906033516,0.7293550372123718,23.550594329833984,0.04076455906033516,0.7293550372123718,23.550594329833984,1.5810865000105423,1.576860156234261
3493,occlusion,medium,3,3,occlusion,occlusion,False,0.04978557303547859,0.7084454894065857,21.98749542236328,0.04978557303547859,0.7084454894065857,21.98749542236328,1.5810865000105423,1.576860156234261
3494,occlusion,low,3,3,occlusion,occlusion,False,0.04839107021689415,0.727731466293335,22.143726348876953,0.04839107021689415,0.727731466293335,22.143726348876953,1.5810865000105423,1.576860156234261
3495,salt_pepper,high,1,1,salt_pepper,salt_pepper,False,0.0407429076731205,0.8221812844276428,25.42763900756836,0.0407429076731205,0.8221812844276428,25.42763900756836,1.5810865000105423,1.576860156234261
3496,blur,high,2,2,blur,blur,False,0.048023875802755356,0.7927002906799316,23.42229652404785,0.048023875802755356,0.7927002906799316,23.42229652404785,1.5810865000105423,1.576860156234261
3497,blur,low,2,2,blur,blur,False,0.056312184780836105,0.7313826084136963,23.228836059570312,0.056312184780836105,0.7313826084136963,23.228836059570312,1.5810865000105423,1.576860156234261
3498,clean,none,0,0,clean,clean,False,0.0,1.0,100.0,0.0,1.0,100.0,1.5810865000105423,1.576860156234261
3499,salt_pepper,low,1,1,salt_pepper,salt_pepper,False,0.04482950270175934,0.8696140646934509,24.725419998168945,0.04482950270175934,0.8696140646934509,24.725419998168945,1.5810865000105423,1.576860156234261
3500,blur,high,2,2,blur,blur,False,0.052702441811561584,0.7797548770904541,22.661727905273438,0.052702441811561584,0.7797548770904541,22.661727905273438,1.5810865000105423,1.576860156234261
3501,occlusion,high,3,3,occlusion,occlusion,False,0.04537978768348694,0.7151755690574646,24.704816818237305,0.04537978768348694,0.7151755690574646,24.704816818237305,1.5810865000105423,1.576860156234261
3502,blur,medium,2,2,blur,blur,False,0.026310985907912254,0.8734045028686523,28.87800407409668,0.026310985907912254,0.8734045028686523,28.87800407409668,1.5810865000105423,1.576860156234261
3503,salt_pepper,medium,1,1,salt_pepper,salt_pepper,False,0.07176215201616287,0.7241490483283997,20.047130584716797,0.07176215201616287,0.7241490483283997,20.047130584716797,1.5810865000105423,1.576860156234261
3504,occlusion,high,3,3,occlusion,occlusion,False,0.08982923626899719,0.4006340205669403,17.047836303710938,0.08982923626899719,0.4006340205669403,17.047836303710938,1.5810865000105423,1.576860156234261
3505,blur,high,2,2,blur,blur,False,0.09135299175977707,0.5811141133308411,18.428396224975586,0.09135299175977707,0.5811141133308411,18.428396224975586,1.5810865000105423,1.576860156234261
3506,occlusion,high,3,3,occlusion,occlusion,False,0.06527037173509598,0.6644042134284973,19.493074417114258,0.06527037173509598,0.6644042134284973,19.493074417114258,1.5810865000105423,1.576860156234261
3507,occlusion,low,3,3,occlusion,occlusion,False,0.06630470603704453,0.6499155163764954,21.01677703857422,0.06630470603704453,0.6499155163764954,21.01677703857422,1.5810865000105423,1.576860156234261
3508,occlusion,medium,3,3,occlusion,occlusion,False,0.07364226132631302,0.6180521249771118,19.866012573242188,0.07364226132631302,0.6180521249771118,19.866012573242188,1.5810865000105423,1.576860156234261
3509,blur,medium,2,2,blur,blur,False,0.06695950031280518,0.6082310080528259,21.317731857299805,0.06695950031280518,0.6082310080528259,21.317731857299805,1.5810865000105423,1.576860156234261
3510,salt_pepper,medium,1,1,salt_pepper,salt_pepper,False,0.06565103679895401,0.6924963593482971,21.390657424926758,0.06565103679895401,0.6924963593482971,21.390657424926758,1.5810865000105423,1.576860156234261
3511,blur,low,2,2,blur,blur,False,0.040018755942583084,0.8556095957756042,25.16709327697754,0.040018755942583084,0.8556095957756042,25.16709327697754,1.5810865000105423,1.576860156234261
3512,salt_pepper,low,1,1,salt_pepper,salt_pepper,False,0.03440813347697258,0.8474746346473694,26.4307861328125,0.03440813347697258,0.8474746346473694,26.4307861328125,1.5810865000105423,1.576860156234261
3513,clean,none,0,0,clean,clean,False,0.0,1.0,100.0,0.0,1.0,100.0,1.5810865000105423,1.576860156234261
3514,occlusion,high,3,3,occlusion,occlusion,False,0.05239246413111687,0.6876881718635559,21.482913970947266,0.05239246413111687,0.6876881718635559,21.482913970947266,1.5810865000105423,1.576860156234261
3515,blur,high,2,2,blur,blur,False,0.06929248571395874,0.704201877117157,20.510269165039062,0.06929248571395874,0.704201877117157,20.510269165039062,1.5810865000105423,1.576860156234261
3516,occlusion,low,3,3,occlusion,occlusion,False,0.03344406560063362,0.8499301075935364,24.6810245513916,0.03344406560063362,0.8499301075935364,24.6810245513916,1.5810865000105423,1.576860156234261
3517,occlusion,medium,3,3,occlusion,occlusion,False,0.05412045493721962,0.7510321736335754,21.582277297973633,0.05412045493721962,0.7510321736335754,21.582277297973633,1.5810865000105423,1.576860156234261
3518,salt_pepper,medium,1,1,salt_pepper,salt_pepper,False,0.05111384391784668,0.7763954997062683,22.48368263244629,0.05111384391784668,0.7763954997062683,22.48368263244629,1.5810865000105423,1.576860156234261
3519,salt_pepper,low,1,1,salt_pepper,salt_pepper,False,0.06960028409957886,0.7007040977478027,20.674114227294922,0.06960028409957886,0.7007040977478027,20.674114227294922,1.5810865000105423,1.576860156234261
3520,clean,none,0,0,clean,clean,False,0.0,1.0,100.0,0.0,1.0,100.0,1.5684844999839243,1.5746951562505274
3521,salt_pepper,high,1,1,salt_pepper,salt_pepper,False,0.0437646247446537,0.7942476868629456,24.15895652770996,0.0437646247446537,0.7942476868629456,24.15895652770996,1.5684844999839243,1.5746951562505274
3522,occlusion,high,3,3,occlusion,occlusion,False,0.04755990579724312,0.7146342396736145,21.23168182373047,0.04755990579724312,0.7146342396736145,21.23168182373047,1.5684844999839243,1.5746951562505274
3523,blur,high,2,2,blur,blur,False,0.07509652525186539,0.7239890098571777,20.22600555419922,0.07509652525186539,0.7239890098571777,20.22600555419922,1.5684844999839243,1.5746951562505274
3524,occlusion,low,3,3,occlusion,occlusion,False,0.05395755171775818,0.6766834259033203,22.44192886352539,0.05395755171775818,0.6766834259033203,22.44192886352539,1.5684844999839243,1.5746951562505274
3525,clean,none,0,0,clean,clean,False,0.0,1.0,100.0,0.0,1.0,100.0,1.5684844999839243,1.5746951562505274
3526,clean,none,0,0,clean,clean,False,0.0,1.0,100.0,0.0,1.0,100.0,1.5684844999839243,1.5746951562505274
3527,occlusion,low,3,3,occlusion,occlusion,False,0.037293557077646255,0.781161367893219,24.66771125793457,0.037293557077646255,0.781161367893219,24.66771125793457,1.5684844999839243,1.5746951562505274
3528,clean,none,0,0,clean,clean,False,0.0,1.0,100.0,0.0,1.0,100.0,1.5684844999839243,1.5746951562505274
3529,occlusion,low,3,3,occlusion,occlusion,False,0.07038430124521255,0.5792930126190186,20.317935943603516,0.07038430124521255,0.5792930126190186,20.317935943603516,1.5684844999839243,1.5746951562505274
3530,salt_pepper,medium,1,1,salt_pepper,salt_pepper,False,0.09520900994539261,0.6282816529273987,17.9746150970459,0.09520900994539261,0.6282816529273987,17.9746150970459,1.5684844999839243,1.5746951562505274
3531,occlusion,low,3,3,occlusion,occlusion,False,0.0351683609187603,0.7349027991294861,24.55767822265625,0.0351683609187603,0.7349027991294861,24.55767822265625,1.5684844999839243,1.5746951562505274
3532,salt_pepper,medium,1,1,salt_pepper,salt_pepper,False,0.1534801572561264,0.7723050117492676,14.615239143371582,0.1534801572561264,0.7723050117492676,14.615239143371582,1.5684844999839243,1.5746951562505274
3533,clean,none,0,0,clean,clean,False,0.0,1.0,100.0,0.0,1.0,100.0,1.5684844999839243,1.5746951562505274
3534,clean,none,0,0,clean,clean,False,0.0,1.0,100.0,0.0,1.0,100.0,1.5684844999839243,1.5746951562505274
3535,salt_pepper,high,1,1,salt_pepper,salt_pepper,False,0.11534324288368225,0.7384461760520935,16.14636993408203,0.11534324288368225,0.7384461760520935,16.14636993408203,1.5684844999839243,1.5746951562505274
3536,blur,medium,2,2,blur,blur,False,0.07757546007633209,0.6547415852546692,19.986055374145508,0.07757546007633209,0.6547415852546692,19.986055374145508,1.5684844999839243,1.5746951562505274
3537,blur,low,2,2,blur,blur,False,0.10930764675140381,0.7266901135444641,16.98969078063965,0.10930764675140381,0.7266901135444641,16.98969078063965,1.5684844999839243,1.5746951562505274
3538,occlusion,low,3,3,occlusion,occlusion,False,0.09328040480613708,0.5596446394920349,17.786224365234375,0.09328040480613708,0.5596446394920349,17.786224365234375,1.5684844999839243,1.5746951562505274
3539,blur,high,2,2,blur,blur,False,0.09532352536916733,0.598286509513855,17.784912109375,0.09532352536916733,0.598286509513855,17.784912109375,1.5684844999839243,1.5746951562505274
3540,blur,low,2,2,blur,blur,False,0.04661935940384865,0.7384979724884033,24.298690795898438,0.04661935940384865,0.7384979724884033,24.298690795898438,1.5684844999839243,1.5746951562505274
3541,blur,high,2,2,blur,blur,False,0.08537551760673523,0.6588229537010193,18.991304397583008,0.08537551760673523,0.6588229537010193,18.991304397583008,1.5684844999839243,1.5746951562505274
3542,occlusion,medium,3,3,occlusion,occlusion,False,0.040638286620378494,0.7334786057472229,23.967620849609375,0.040638286620378494,0.7334786057472229,23.967620849609375,1.5684844999839243,1.5746951562505274
3543,clean,none,0,0,clean,clean,False,0.0,1.0,100.0,0.0,1.0,100.0,1.5684844999839243,1.5746951562505274
3544,salt_pepper,low,1,1,salt_pepper,salt_pepper,False,0.05881607532501221,0.7765746712684631,22.143657684326172,0.05881607532501221,0.7765746712684631,22.143657684326172,1.5684844999839243,1.5746951562505274
3545,clean,none,0,0,clean,clean,False,0.0,1.0,100.0,0.0,1.0,100.0,1.5684844999839243,1.5746951562505274
3546,clean,none,0,0,clean,clean,False,0.0,1.0,100.0,0.0,1.0,100.0,1.5684844999839243,1.5746951562505274
3547,occlusion,medium,3,3,occlusion,occlusion,False,0.056120485067367554,0.6957187652587891,21.887569427490234,0.056120485067367554,0.6957187652587891,21.887569427490234,1.5684844999839243,1.5746951562505274
3548,salt_pepper,low,1,1,salt_pepper,salt_pepper,False,0.032179996371269226,0.8259531855583191,26.80660057067871,0.032179996371269226,0.8259531855583191,26.80660057067871,1.5684844999839243,1.5746951562505274
3549,clean,none,0,0,clean,clean,False,0.0,1.0,100.0,0.0,1.0,100.0,1.5684844999839243,1.5746951562505274
3550,clean,none,0,0,clean,clean,False,0.0,1.0,100.0,0.0,1.0,100.0,1.5684844999839243,1.5746951562505274
3551,blur,low,2,2,blur,blur,False,0.07278294116258621,0.7269352078437805,19.480636596679688,0.07278294116258621,0.7269352078437805,19.480636596679688,1.5684844999839243,1.5746951562505274
3552,salt_pepper,low,1,1,salt_pepper,salt_pepper,False,0.0770210549235344,0.7686225771903992,19.8125057220459,0.0770210549235344,0.7686225771903992,19.8125057220459,1.5291098750083165,1.527440874980357
3553,blur,low,2,2,blur,blur,False,0.05577123537659645,0.8251700401306152,22.265541076660156,0.05577123537659645,0.8251700401306152,22.265541076660156,1.5291098750083165,1.527440874980357
3554,blur,low,2,2,blur,blur,False,0.1446291208267212,0.5749688744544983,14.543801307678223,0.1446291208267212,0.5749688744544983,14.543801307678223,1.5291098750083165,1.527440874980357
3555,salt_pepper,high,1,1,salt_pepper,salt_pepper,False,0.06109638139605522,0.7049527168273926,21.865690231323242,0.06109638139605522,0.7049527168273926,21.865690231323242,1.5291098750083165,1.527440874980357
3556,salt_pepper,medium,1,1,salt_pepper,salt_pepper,False,0.035227417945861816,0.8378809094429016,26.472780227661133,0.035227417945861816,0.8378809094429016,26.472780227661133,1.5291098750083165,1.527440874980357
3557,occlusion,high,3,3,occlusion,occlusion,False,0.06313960254192352,0.686650276184082,20.104808807373047,0.06313960254192352,0.686650276184082,20.104808807373047,1.5291098750083165,1.527440874980357
3558,clean,none,0,0,clean,clean,False,0.0,1.0,100.0,0.0,1.0,100.0,1.5291098750083165,1.527440874980357
3559,salt_pepper,low,1,1,salt_pepper,salt_pepper,False,0.0771438404917717,0.7414928078651428,18.492172241210938,0.0771438404917717,0.7414928078651428,18.492172241210938,1.5291098750083165,1.527440874980357
3560,occlusion,high,3,3,occlusion,occlusion,False,0.07385949790477753,0.5776798129081726,20.061208724975586,0.07385949790477753,0.5776798129081726,20.061208724975586,1.5291098750083165,1.527440874980357
3561,salt_pepper,high,1,1,salt_pepper,salt_pepper,False,0.059684038162231445,0.785336434841156,22.26262092590332,0.059684038162231445,0.785336434841156,22.26262092590332,1.5291098750083165,1.527440874980357
3562,occlusion,low,3,3,occlusion,occlusion,False,0.05742613598704338,0.7295826077461243,20.606868743896484,0.05742613598704338,0.7295826077461243,20.606868743896484,1.5291098750083165,1.527440874980357
3563,blur,medium,2,2,blur,blur,False,0.04538169875741005,0.8352906107902527,24.81229591369629,0.04538169875741005,0.8352906107902527,24.81229591369629,1.5291098750083165,1.527440874980357
3564,blur,high,2,2,blur,blur,False,0.08395544439554214,0.6756139397621155,19.190732955932617,0.08395544439554214,0.6756139397621155,19.190732955932617,1.5291098750083165,1.527440874980357
3565,blur,high,2,2,blur,blur,False,0.053499262779951096,0.7860107421875,23.558185577392578,0.053499262779951096,0.7860107421875,23.558185577392578,1.5291098750083165,1.527440874980357
3566,occlusion,low,3,3,occlusion,occlusion,False,0.030506672337651253,0.802172839641571,26.076242446899414,0.030506672337651253,0.802172839641571,26.076242446899414,1.5291098750083165,1.527440874980357
3567,salt_pepper,high,1,1,salt_pepper,salt_pepper,False,0.04520915076136589,0.7413724064826965,24.963808059692383,0.04520915076136589,0.7413724064826965,24.963808059692383,1.5291098750083165,1.527440874980357
3568,clean,none,0,0,clean,clean,False,0.0,1.0,100.0,0.0,1.0,100.0,1.5291098750083165,1.527440874980357
3569,clean,none,0,0,clean,clean,False,0.0,1.0,100.0,0.0,1.0,100.0,1.5291098750083165,1.527440874980357
3570,salt_pepper,medium,1,1,salt_pepper,salt_pepper,False,0.06474769860506058,0.7224878668785095,21.792129516601562,0.06474769860506058,0.7224878668785095,21.792129516601562,1.5291098750083165,1.527440874980357
3571,clean,none,0,0,clean,clean,False,0.0,1.0,100.0,0.0,1.0,100.0,1.5291098750083165,1.527440874980357
3572,salt_pepper,high,1,1,salt_pepper,salt_pepper,False,0.030737848952412605,0.8771207928657532,28.642627716064453,0.030737848952412605,0.8771207928657532,28.642627716064453,1.5291098750083165,1.527440874980357
3573,clean,none,0,0,clean,clean,False,0.0,1.0,100.0,0.0,1.0,100.0,1.5291098750083165,1.527440874980357
3574,blur,medium,2,2,blur,blur,False,0.07474706321954727,0.8203988075256348,20.169065475463867,0.07474706321954727,0.8203988075256348,20.169065475463867,1.5291098750083165,1.527440874980357
3575,salt_pepper,low,1,1,salt_pepper,salt_pepper,False,0.08872625231742859,0.7195916771888733,18.667333602905273,0.08872625231742859,0.7195916771888733,18.667333602905273,1.5291098750083165,1.527440874980357
3576,clean,none,0,0,clean,clean,False,0.0,1.0,100.0,0.0,1.0,100.0,1.5291098750083165,1.527440874980357
3577,salt_pepper,low,1,1,salt_pepper,salt_pepper,False,0.10498026013374329,0.5960081219673157,17.28009796142578,0.10498026013374329,0.5960081219673157,17.28009796142578,1.5291098750083165,1.527440874980357
3578,blur,low,2,2,blur,blur,False,0.04774581268429756,0.7560601234436035,24.0402774810791,0.04774581268429756,0.7560601234436035,24.0402774810791,1.5291098750083165,1.527440874980357
3579,occlusion,low,3,3,occlusion,occlusion,False,0.06133964657783508,0.7532745003700256,21.88901710510254,0.06133964657783508,0.7532745003700256,21.88901710510254,1.5291098750083165,1.527440874980357
3580,occlusion,low,3,3,occlusion,occlusion,False,0.047541629523038864,0.7778742909431458,23.95867156982422,0.047541629523038864,0.7778742909431458,23.95867156982422,1.5291098750083165,1.527440874980357
3581,clean,none,0,0,clean,clean,False,0.0,1.0,100.0,0.0,1.0,100.0,1.5291098750083165,1.527440874980357
3582,clean,none,0,0,clean,clean,False,0.0,1.0,100.0,0.0,1.0,100.0,1.5291098750083165,1.527440874980357
3583,blur,medium,2,2,blur,blur,False,0.04473348334431648,0.8184953331947327,24.351213455200195,0.04473348334431648,0.8184953331947327,24.351213455200195,1.5291098750083165,1.527440874980357
3584,clean,none,0,0,clean,clean,False,0.0,1.0,100.0,0.0,1.0,100.0,1.4324079687355606,1.4320783437540285
3585,clean,none,0,0,clean,clean,False,0.0,1.0,100.0,0.0,1.0,100.0,1.4324079687355606,1.4320783437540285
3586,blur,medium,2,2,blur,blur,False,0.07971489429473877,0.7546284794807434,19.689590454101562,0.07971489429473877,0.7546284794807434,19.689590454101562,1.4324079687355606,1.4320783437540285
3587,clean,none,0,0,clean,clean,False,0.0,1.0,100.0,0.0,1.0,100.0,1.4324079687355606,1.4320783437540285
3588,occlusion,low,3,3,occlusion,occlusion,False,0.08658846467733383,0.7299864292144775,16.570194244384766,0.08658846467733383,0.7299864292144775,16.570194244384766,1.4324079687355606,1.4320783437540285
3589,blur,high,2,2,blur,blur,False,0.06602451205253601,0.752091109752655,20.917171478271484,0.06602451205253601,0.752091109752655,20.917171478271484,1.4324079687355606,1.4320783437540285
3590,clean,none,0,0,clean,clean,False,0.0,1.0,100.0,0.0,1.0,100.0,1.4324079687355606,1.4320783437540285
3591,blur,low,2,2,blur,blur,False,0.061794012784957886,0.7755624651908875,21.607128143310547,0.061794012784957886,0.7755624651908875,21.607128143310547,1.4324079687355606,1.4320783437540285
3592,occlusion,high,3,3,occlusion,occlusion,False,0.06964108347892761,0.600323498249054,18.595355987548828,0.06964108347892761,0.600323498249054,18.595355987548828,1.4324079687355606,1.4320783437540285
3593,clean,none,0,0,clean,clean,False,0.0,1.0,100.0,0.0,1.0,100.0,1.4324079687355606,1.4320783437540285
3594,clean,none,0,0,clean,clean,False,0.0,1.0,100.0,0.0,1.0,100.0,1.4324079687355606,1.4320783437540285
3595,salt_pepper,high,1,1,salt_pepper,salt_pepper,False,0.056709542870521545,0.854293167591095,18.863183975219727,0.056709542870521545,0.854293167591095,18.863183975219727,1.4324079687355606,1.4320783437540285
3596,salt_pepper,high,1,1,salt_pepper,salt_pepper,False,0.1519290655851364,0.6937502026557922,14.290018081665039,0.1519290655851364,0.6937502026557922,14.290018081665039,1.4324079687355606,1.4320783437540285
3597,salt_pepper,low,1,1,salt_pepper,salt_pepper,False,0.056512702256441116,0.771754264831543,22.880290985107422,0.056512702256441116,0.771754264831543,22.880290985107422,1.4324079687355606,1.4320783437540285
3598,occlusion,high,3,3,occlusion,occlusion,False,0.06986767053604126,0.6001604199409485,19.581382751464844,0.06986767053604126,0.6001604199409485,19.581382751464844,1.4324079687355606,1.4320783437540285
3599,occlusion,low,3,3,occlusion,occlusion,False,0.045427486300468445,0.8211541175842285,22.696937561035156,0.045427486300468445,0.8211541175842285,22.696937561035156,1.4324079687355606,1.4320783437540285
3600,salt_pepper,medium,1,1,salt_pepper,salt_pepper,False,0.06633370369672775,0.7488833069801331,21.4981689453125,0.06633370369672775,0.7488833069801331,21.4981689453125,1.4324079687355606,1.4320783437540285
3601,blur,low,2,2,blur,blur,False,0.06979449838399887,0.8257083892822266,20.84883689880371,0.06979449838399887,0.8257083892822266,20.84883689880371,1.4324079687355606,1.4320783437540285
3602,blur,low,2,2,blur,blur,False,0.05983233079314232,0.8324039578437805,21.645313262939453,0.05983233079314232,0.8324039578437805,21.645313262939453,1.4324079687355606,1.4320783437540285
3603,occlusion,low,3,3,occlusion,occlusion,False,0.037847720086574554,0.8197785019874573,25.101106643676758,0.037847720086574554,0.8197785019874573,25.101106643676758,1.4324079687355606,1.4320783437540285
3604,salt_pepper,low,1,1,salt_pepper,salt_pepper,False,0.07521414756774902,0.8030943274497986,19.912250518798828,0.07521414756774902,0.8030943274497986,19.912250518798828,1.4324079687355606,1.4320783437540285
3605,blur,medium,2,2,blur,blur,False,0.06369071453809738,0.7226921916007996,21.6871280670166,0.06369071453809738,0.7226921916007996,21.6871280670166,1.4324079687355606,1.4320783437540285
3606,salt_pepper,low,1,1,salt_pepper,salt_pepper,False,0.0549532026052475,0.7332370281219482,22.538711547851562,0.0549532026052475,0.7332370281219482,22.538711547851562,1.4324079687355606,1.4320783437540285
3607,salt_pepper,high,1,1,salt_pepper,salt_pepper,False,0.08099059015512466,0.7639544606208801,20.10620880126953,0.08099059015512466,0.7639544606208801,20.10620880126953,1.4324079687355606,1.4320783437540285
3608,salt_pepper,low,1,1,salt_pepper,salt_pepper,False,0.07696448266506195,0.7623903155326843,20.342674255371094,0.07696448266506195,0.7623903155326843,20.342674255371094,1.4324079687355606,1.4320783437540285
3609,blur,medium,2,2,blur,blur,False,0.07138201594352722,0.7305813431739807,20.7246036529541,0.07138201594352722,0.7305813431739807,20.7246036529541,1.4324079687355606,1.4320783437540285
3610,occlusion,low,3,3,occlusion,occlusion,False,0.04904967546463013,0.7090246677398682,23.372604370117188,0.04904967546463013,0.7090246677398682,23.372604370117188,1.4324079687355606,1.4320783437540285
3611,blur,low,2,2,blur,blur,False,0.05952759459614754,0.7902194857597351,22.143890380859375,0.05952759459614754,0.7902194857597351,22.143890380859375,1.4324079687355606,1.4320783437540285
3612,occlusion,medium,3,3,occlusion,occlusion,False,0.07407917827367783,0.6046576499938965,18.12468147277832,0.07407917827367783,0.6046576499938965,18.12468147277832,1.4324079687355606,1.4320783437540285
3613,clean,none,0,0,clean,clean,False,0.0,1.0,100.0,0.0,1.0,100.0,1.4324079687355606,1.4320783437540285
3614,clean,none,0,0,clean,clean,False,0.0,1.0,100.0,0.0,1.0,100.0,1.4324079687355606,1.4320783437540285
3615,occlusion,low,3,3,occlusion,occlusion,False,0.0592166893184185,0.7404999732971191,21.20403480529785,0.0592166893184185,0.7404999732971191,21.20403480529785,1.4324079687355606,1.4320783437540285
3616,occlusion,high,3,3,occlusion,occlusion,False,0.08035541325807571,0.46133193373680115,17.139625549316406,0.08035541325807571,0.46133193373680115,17.139625549316406,1.3368539062525997,1.332589874976975
3617,occlusion,medium,3,3,occlusion,occlusion,False,0.09466052055358887,0.6422674059867859,17.892377853393555,0.09466052055358887,0.6422674059867859,17.892377853393555,1.3368539062525997,1.332589874976975
3618,occlusion,medium,3,3,occlusion,occlusion,False,0.08827751874923706,0.6391026973724365,17.456077575683594,0.08827751874923706,0.6391026973724365,17.456077575683594,1.3368539062525997,1.332589874976975
3619,salt_pepper,low,1,1,salt_pepper,salt_pepper,False,0.071163110435009,0.8157463669776917,20.99750518798828,0.071163110435009,0.8157463669776917,20.99750518798828,1.3368539062525997,1.332589874976975
3620,salt_pepper,low,1,1,salt_pepper,salt_pepper,False,0.061642859131097794,0.7262424826622009,21.543882369995117,0.061642859131097794,0.7262424826622009,21.543882369995117,1.3368539062525997,1.332589874976975
3621,occlusion,high,3,3,occlusion,occlusion,False,0.09198743104934692,0.5766195058822632,17.019433975219727,0.09198743104934692,0.5766195058822632,17.019433975219727,1.3368539062525997,1.332589874976975
3622,salt_pepper,low,1,1,salt_pepper,salt_pepper,False,0.050948794931173325,0.811774730682373,23.212940216064453,0.050948794931173325,0.811774730682373,23.212940216064453,1.3368539062525997,1.332589874976975
3623,clean,none,0,0,clean,clean,False,0.0,1.0,100.0,0.0,1.0,100.0,1.3368539062525997,1.332589874976975
3624,occlusion,low,3,3,occlusion,occlusion,False,0.12273664027452469,0.46413102746009827,15.982492446899414,0.12273664027452469,0.46413102746009827,15.982492446899414,1.3368539062525997,1.332589874976975
3625,clean,none,0,0,clean,clean,False,0.0,1.0,100.0,0.0,1.0,100.0,1.3368539062525997,1.332589874976975
3626,blur,high,2,2,blur,blur,False,0.058102142065763474,0.7847023010253906,22.723085403442383,0.058102142065763474,0.7847023010253906,22.723085403442383,1.3368539062525997,1.332589874976975
3627,occlusion,high,3,3,occlusion,occlusion,False,0.05752011016011238,0.6680490374565125,19.431535720825195,0.05752011016011238,0.6680490374565125,19.431535720825195,1.3368539062525997,1.332589874976975
3628,blur,low,2,2,blur,blur,False,0.05179942026734352,0.8366385102272034,22.620872497558594,0.05179942026734352,0.8366385102272034,22.620872497558594,1.3368539062525997,1.332589874976975
3629,clean,none,0,0,clean,clean,False,0.0,1.0,100.0,0.0,1.0,100.0,1.3368539062525997,1.332589874976975
3630,occlusion,low,3,3,occlusion,occlusion,False,0.07128394395112991,0.6355744004249573,19.059185028076172,0.07128394395112991,0.6355744004249573,19.059185028076172,1.3368539062525997,1.332589874976975
3631,clean,none,0,0,clean,clean,False,0.0,1.0,100.0,0.0,1.0,100.0,1.3368539062525997,1.332589874976975
3632,clean,none,0,0,clean,clean,False,0.0,1.0,100.0,0.0,1.0,100.0,1.3368539062525997,1.332589874976975
3633,blur,high,2,2,blur,blur,False,0.06550928205251694,0.723953902721405,20.4743595123291,0.06550928205251694,0.723953902721405,20.4743595123291,1.3368539062525997,1.332589874976975
3634,blur,high,2,2,blur,blur,False,0.04615442454814911,0.7539529800415039,24.36406707763672,0.04615442454814911,0.7539529800415039,24.36406707763672,1.3368539062525997,1.332589874976975
3635,clean,none,0,0,clean,clean,False,0.0,1.0,100.0,0.0,1.0,100.0,1.3368539062525997,1.332589874976975
3636,occlusion,low,3,3,occlusion,occlusion,False,0.049858540296554565,0.7158894538879395,22.5777530670166,0.049858540296554565,0.7158894538879395,22.5777530670166,1.3368539062525997,1.332589874976975
3637,salt_pepper,low,1,1,salt_pepper,salt_pepper,False,0.04886719956994057,0.799503743648529,21.7025203704834,0.04886719956994057,0.799503743648529,21.7025203704834,1.3368539062525997,1.332589874976975
3638,blur,high,2,2,blur,blur,False,0.05965964123606682,0.7325611114501953,22.398193359375,0.05965964123606682,0.7325611114501953,22.398193359375,1.3368539062525997,1.332589874976975
3639,salt_pepper,high,1,1,salt_pepper,salt_pepper,False,0.08768381923437119,0.6744175553321838,18.801443099975586,0.08768381923437119,0.6744175553321838,18.801443099975586,1.3368539062525997,1.332589874976975
3640,blur,low,2,2,blur,blur,False,0.07894913107156754,0.7924396395683289,20.128202438354492,0.07894913107156754,0.7924396395683289,20.128202438354492,1.3368539062525997,1.332589874976975
3641,clean,none,0,0,clean,clean,False,0.0,1.0,100.0,0.0,1.0,100.0,1.3368539062525997,1.332589874976975
3642,occlusion,low,3,3,occlusion,occlusion,False,0.045381397008895874,0.767769992351532,22.828617095947266,0.045381397008895874,0.767769992351532,22.828617095947266,1.3368539062525997,1.332589874976975
3643,clean,none,0,0,clean,clean,False,0.0,1.0,100.0,0.0,1.0,100.0,1.3368539062525997,1.332589874976975
3644,salt_pepper,high,1,1,salt_pepper,salt_pepper,False,0.07676775008440018,0.7496235370635986,20.406129837036133,0.07676775008440018,0.7496235370635986,20.406129837036133,1.3368539062525997,1.332589874976975
3645,clean,none,0,0,clean,clean,False,0.0,1.0,100.0,0.0,1.0,100.0,1.3368539062525997,1.332589874976975
3646,occlusion,medium,3,3,occlusion,occlusion,False,0.0772307738661766,0.5641325116157532,20.423404693603516,0.0772307738661766,0.5641325116157532,20.423404693603516,1.3368539062525997,1.332589874976975
3647,blur,medium,2,2,blur,blur,False,0.07120323926210403,0.7700468897819519,17.543445587158203,0.07120323926210403,0.7700468897819519,17.543445587158203,1.3368539062525997,1.332589874976975
3648,occlusion,medium,3,3,occlusion,occlusion,False,0.06817080825567245,0.5943048596382141,20.508642196655273,0.06817080825567245,0.5943048596382141,20.508642196655273,1.3511868571315842,1.3357990000302031
3649,blur,high,2,2,blur,blur,False,0.05261443555355072,0.8399470448493958,22.273147583007812,0.05261443555355072,0.8399470448493958,22.273147583007812,1.3511868571315842,1.3357990000302031
3650,salt_pepper,low,1,1,salt_pepper,salt_pepper,False,0.05352049693465233,0.7787148356437683,22.751968383789062,0.05352049693465233,0.7787148356437683,22.751968383789062,1.3511868571315842,1.3357990000302031
3651,blur,high,2,2,blur,blur,False,0.06486870348453522,0.5715025067329407,21.48758316040039,0.06486870348453522,0.5715025067329407,21.48758316040039,1.3511868571315842,1.3357990000302031
3652,occlusion,high,3,3,occlusion,occlusion,False,0.09616304188966751,0.5563797950744629,17.313426971435547,0.09616304188966751,0.5563797950744629,17.313426971435547,1.3511868571315842,1.3357990000302031
3653,clean,none,0,0,clean,clean,False,0.0,1.0,100.0,0.0,1.0,100.0,1.3511868571315842,1.3357990000302031
3654,salt_pepper,low,1,1,salt_pepper,salt_pepper,False,0.06169276311993599,0.7317924499511719,21.554672241210938,0.06169276311993599,0.7317924499511719,21.554672241210938,1.3511868571315842,1.3357990000302031
3655,salt_pepper,low,1,1,salt_pepper,salt_pepper,False,0.031467512249946594,0.7926543354988098,26.796646118164062,0.031467512249946594,0.7926543354988098,26.796646118164062,1.3511868571315842,1.3357990000302031
3656,salt_pepper,high,1,1,salt_pepper,salt_pepper,False,0.07122267037630081,0.6892385482788086,20.487709045410156,0.07122267037630081,0.6892385482788086,20.487709045410156,1.3511868571315842,1.3357990000302031
3657,occlusion,medium,3,3,occlusion,occlusion,False,0.09279167652130127,0.5159192085266113,18.85404396057129,0.09279167652130127,0.5159192085266113,18.85404396057129,1.3511868571315842,1.3357990000302031
3658,blur,medium,2,2,blur,blur,False,0.12663967907428741,0.7056137919425964,14.928289413452148,0.12663967907428741,0.7056137919425964,14.928289413452148,1.3511868571315842,1.3357990000302031
3659,clean,none,0,0,clean,clean,False,0.0,1.0,100.0,0.0,1.0,100.0,1.3511868571315842,1.3357990000302031
3660,clean,none,0,0,clean,clean,False,0.0,1.0,100.0,0.0,1.0,100.0,1.3511868571315842,1.3357990000302031
3661,salt_pepper,high,1,1,salt_pepper,salt_pepper,False,0.09797099232673645,0.7173655033111572,18.354557037353516,0.09797099232673645,0.7173655033111572,18.354557037353516,1.3511868571315842,1.3357990000302031
3662,clean,none,0,0,clean,clean,False,0.0,1.0,100.0,0.0,1.0,100.0,1.3511868571315842,1.3357990000302031
3663,salt_pepper,high,1,1,salt_pepper,salt_pepper,False,0.04971228912472725,0.8023602366447449,23.066301345825195,0.04971228912472725,0.8023602366447449,23.066301345825195,1.3511868571315842,1.3357990000302031
3664,clean,none,0,0,clean,clean,False,0.0,1.0,100.0,0.0,1.0,100.0,1.3511868571315842,1.3357990000302031
3665,occlusion,medium,3,3,occlusion,occlusion,False,0.07903796434402466,0.6096429228782654,19.3680419921875,0.07903796434402466,0.6096429228782654,19.3680419921875,1.3511868571315842,1.3357990000302031
3666,clean,none,0,0,clean,clean,False,0.0,1.0,100.0,0.0,1.0,100.0,1.3511868571315842,1.3357990000302031
3667,occlusion,high,3,3,occlusion,occlusion,False,0.0784498006105423,0.6399847865104675,18.376708984375,0.0784498006105423,0.6399847865104675,18.376708984375,1.3511868571315842,1.3357990000302031
3668,occlusion,high,3,3,occlusion,occlusion,False,0.062746062874794,0.6914041042327881,19.894102096557617,0.062746062874794,0.6914041042327881,19.894102096557617,1.3511868571315842,1.3357990000302031
