idx,type,severity,l1,ssim,psnr,w_clean,w_salt_pepper,w_blur,w_occlusion
0,clean,none,0.005567737855017185,0.9968258142471313,41.860557556152344,0.8693007826805115,0.028396103531122208,0.037630096077919006,0.06467308849096298
1,clean,none,0.007089159917086363,0.9940290451049805,40.257972717285156,0.7850984334945679,0.030645234510302544,0.11660930514335632,0.06764703243970871
2,clean,none,0.009233243763446808,0.9903308153152466,37.67881393432617,0.7628483772277832,0.028826870024204254,0.1468142867088318,0.06151044741272926
3,occlusion,low,0.052482955157756805,0.6474336981773376,22.681583404541016,0.029773276299238205,0.0588826909661293,0.016170457005500793,0.8951734900474548
4,salt_pepper,low,0.02603580616414547,0.8732450008392334,27.678022384643555,0.028295040130615234,0.8932269811630249,0.05897246673703194,0.019505465403199196
5,salt_pepper,high,0.031005410477519035,0.814058780670166,27.700939178466797,0.039866331964731216,0.871765673160553,0.06387579441070557,0.024492142722010612
6,salt_pepper,low,0.0395624041557312,0.8790152072906494,25.219745635986328,0.0377231240272522,0.8706157207489014,0.06534507870674133,0.026316078379750252
7,clean,none,0.006656213663518429,0.995383620262146,41.56812286376953,0.7704241275787354,0.027705421671271324,0.13839633762836456,0.06347411125898361
8,salt_pepper,high,0.033541321754455566,0.8153098821640015,25.812299728393555,0.04057730361819267,0.8685510158538818,0.06602557003498077,0.02484612911939621
9,blur,medium,0.024767402559518814,0.855709969997406,29.286386489868164,0.09428603947162628,0.016951877623796463,0.8587640523910522,0.029998084530234337
10,blur,low,0.03380770608782768,0.7970709800720215,26.187366485595703,0.1340746134519577,0.016518156975507736,0.8246030211448669,0.02480427175760269
11,blur,low,0.03045571967959404,0.8542838096618652,27.714128494262695,0.17588113248348236,0.01821018196642399,0.7768610715866089,0.02904769591987133
12,occlusion,medium,0.05512216314673424,0.699687659740448,21.319480895996094,0.01063435897231102,0.043936170637607574,0.004227587953209877,0.94120192527771
13,occlusion,high,0.05054622143507004,0.697584331035614,21.383934020996094,0.00017005995323415846,0.007549903355538845,0.00034407354542054236,0.9919359683990479
14,clean,none,0.009698381647467613,0.9826783537864685,37.46812057495117,0.6440414786338806,0.038897253572940826,0.24099773168563843,0.07606346160173416
15,blur,high,0.03925910219550133,0.7572288513183594,25.250749588012695,0.09511081129312515,0.012705260887742043,0.8687402606010437,0.02344369702041149
16,clean,none,0.005814833100885153,0.9963365793228149,41.66522216796875,0.8468615412712097,0.027352184057235718,0.06913649290800095,0.056649841368198395
17,occlusion,low,0.033797916024923325,0.8441197276115417,26.211875915527344,0.06796728074550629,0.05754348263144493,0.025051461532711983,0.8494377732276917
18,clean,none,0.00637914938852191,0.9942583441734314,40.31927490234375,0.7859587073326111,0.04005515202879906,0.06417448073625565,0.1098116934299469
19,salt_pepper,high,0.03359498083591461,0.8398946523666382,26.498550415039062,0.03621254488825798,0.879951000213623,0.06154199689626694,0.022294437512755394
20,blur,high,0.04297288507223129,0.8062209486961365,24.569225311279297,0.0991402342915535,0.013933958485722542,0.8629786372184753,0.02394723705947399
21,clean,none,0.00515512190759182,0.9925031065940857,42.64674377441406,0.8386256694793701,0.0307217575609684,0.06710021942853928,0.06355239450931549
22,occlusion,low,0.06055183708667755,0.7158259153366089,21.098642349243164,0.07139740139245987,0.06511221826076508,0.04875821992754936,0.8147321939468384
23,occlusion,low,0.03735516220331192,0.7674705386161804,25.011211395263672,0.03745356202125549,0.06466789543628693,0.020342271775007248,0.8775362968444824
24,occlusion,low,0.04411059617996216,0.6892520189285278,24.315956115722656,0.007390106096863747,0.03977685421705246,0.01699627749621868,0.9358367919921875
25,salt_pepper,low,0.02911318466067314,0.907711386680603,27.53971290588379,0.04304204136133194,0.8542077541351318,0.07401330024003983,0.028736917302012444
26,clean,none,0.006623496301472187,0.993567705154419,40.21862030029297,0.7989766001701355,0.0411168672144413,0.02781660668551922,0.13208988308906555
27,clean,none,0.006102771498262882,0.9968618154525757,41.453857421875,0.8831217885017395,0.02872602269053459,0.03540286049246788,0.052749328315258026
28,salt_pepper,medium,0.031074954196810722,0.8358310461044312,26.909704208374023,0.04329562187194824,0.8578987121582031,0.07143328338861465,0.02737247757613659
29,clean,none,0.005189328454434872,0.9959608912467957,43.65951156616211,0.8563284277915955,0.03277293220162392,0.048837628215551376,0.06206106022000313
30,salt_pepper,low,0.028410911560058594,0.9146883487701416,28.451248168945312,0.02639319933950901,0.8959901332855225,0.05739684775471687,0.020219888538122177
31,clean,none,0.013388472609221935,0.9343981742858887,33.32938766479492,0.4665876626968384,0.07854008674621582,0.15961682796478271,0.29525548219680786
32,clean,none,0.0015082446625456214,0.9992849230766296,50.79515838623047,0.9069992899894714,0.018125277012586594,0.024481812492012978,0.050393640995025635
33,blur,medium,0.029913704842329025,0.8395327925682068,27.046157836914062,0.09836026281118393,0.016533643007278442,0.8566983938217163,0.028407704085111618
34,occlusion,high,0.08194132894277573,0.6605551838874817,19.30077362060547,0.0015003904700279236,0.015817545354366302,0.002322613960132003,0.9803594946861267
35,salt_pepper,medium,0.049446951597929,0.7759631872177124,23.34172821044922,0.04517408087849617,0.8581339716911316,0.06803122907876968,0.0286607276648283
36,blur,high,0.05063574016094208,0.7237935066223145,23.11765480041504,0.09240857511758804,0.013106569647789001,0.8707824945449829,0.023702431470155716
37,occlusion,medium,0.029924485832452774,0.8649954199790955,24.3232421875,0.08957446366548538,0.08235087990760803,0.046031832695007324,0.7820427417755127
38,occlusion,low,0.0494399331510067,0.7423869967460632,23.09571075439453,0.0771966353058815,0.08419440686702728,0.01160607859492302,0.8270028829574585
39,blur,medium,0.03238613158464432,0.8577443957328796,26.0364990234375,0.09718304127454758,0.012979676946997643,0.867583692073822,0.02225354127585888
40,clean,none,0.014239676296710968,0.9924657344818115,34.91815185546875,0.812861442565918,0.028658220544457436,0.09000281989574432,0.06847752630710602
41,salt_pepper,high,0.03090783953666687,0.8185501098632812,27.069719314575195,0.0531756617128849,0.8337129354476929,0.07931531220674515,0.03379616141319275
42,occlusion,high,0.02942233346402645,0.8238235712051392,25.227516174316406,0.01592838019132614,0.033315468579530716,0.011125949211418629,0.9396302103996277
43,salt_pepper,low,0.02416987717151642,0.8520927429199219,29.566699981689453,0.05408883094787598,0.8298553824424744,0.0813506543636322,0.034705039113759995
44,salt_pepper,high,0.03280904144048691,0.8615380525588989,25.57235336303711,0.02828020602464676,0.9030632972717285,0.051536884158849716,0.017119625583291054
45,occlusion,medium,0.034107502549886703,0.767635703086853,23.48842430114746,0.00010690901399357244,0.007080332841724157,0.0002906941808760166,0.9925220608711243
46,occlusion,high,0.028948163613677025,0.6931812763214111,25.259647369384766,0.24122270941734314,0.0670127123594284,0.19583415985107422,0.49593040347099304
47,clean,none,0.007792691700160503,0.9866834878921509,39.08429718017578,0.7277307510375977,0.030405521392822266,0.1808733195066452,0.060990434139966965
48,clean,none,0.0043977838940918446,0.9981511831283569,44.773353576660156,0.8955681920051575,0.020707111805677414,0.04107815772294998,0.04264657944440842
49,salt_pepper,medium,0.025577157735824585,0.8515557050704956,28.831785202026367,0.021169321611523628,0.9232444167137146,0.04189448431134224,0.013691769912838936
50,occlusion,medium,0.029965698719024658,0.8450464010238647,24.639856338500977,0.09062101691961288,0.0663692057132721,0.07587401568889618,0.7671357989311218
51,clean,none,0.004698560107499361,0.9973853826522827,43.99805450439453,0.8619471192359924,0.024212058633565903,0.058939285576343536,0.054901495575904846
52,occlusion,high,0.04293539375066757,0.8175804615020752,23.357160568237305,3.2386999464506516e-06,0.002222394570708275,1.2574089851113968e-05,0.9977617263793945
53,salt_pepper,medium,0.0366550050675869,0.8399254679679871,25.448471069335938,0.03783075511455536,0.8732064366340637,0.06462548673152924,0.0243372842669487
54,clean,none,0.00672599021345377,0.9906132221221924,40.75811767578125,0.6752528548240662,0.03583995997905731,0.2152429223060608,0.07366432994604111
55,salt_pepper,high,0.04180128499865532,0.7313291430473328,24.850549697875977,0.04609116166830063,0.8529305458068848,0.07187477499246597,0.029103456065058708
56,occlusion,high,0.03679817169904709,0.7144576907157898,23.83877182006836,0.00862070731818676,0.029659830033779144,0.013744481839239597,0.9479749798774719
57,salt_pepper,medium,0.0721060261130333,0.7117571830749512,19.299657821655273,0.05659998580813408,0.8180918097496033,0.0916525200009346,0.033655695617198944
58,blur,low,0.025974899530410767,0.8255066275596619,28.7102108001709,0.10650438070297241,0.018340712413191795,0.8392980098724365,0.0358569473028183
59,clean,none,0.004126965533941984,0.9985939264297485,44.437103271484375,0.9284380674362183,0.022015029564499855,0.010237724520266056,0.03930908069014549
60,clean,none,0.012814600020647049,0.9843849539756775,33.970237731933594,0.715499222278595,0.03737344220280647,0.16872869431972504,0.07839860022068024
61,salt_pepper,low,0.020143523812294006,0.914745032787323,28.18840217590332,0.02635030448436737,0.9005373120307922,0.05457651987671852,0.01853576861321926
62,blur,high,0.03536366671323776,0.8805720210075378,26.077510833740234,0.09626779705286026,0.016811760142445564,0.8570237159729004,0.029896771535277367
63,blur,medium,0.02044568583369255,0.904665470123291,31.173500061035156,0.08893837779760361,0.014414912089705467,0.8714458346366882,0.025200914591550827
64,salt_pepper,medium,0.03682682663202286,0.823948860168457,25.535472869873047,0.03469870612025261,0.882814347743988,0.060260869562625885,0.02222605049610138
65,clean,none,0.00274905888363719,0.9983211755752563,48.449668884277344,0.8832600116729736,0.02331836335361004,0.04484296217560768,0.04857867211103439
66,blur,medium,0.028673341497778893,0.8908731341362,28.01527214050293,0.09619522839784622,0.013650835491716862,0.8655070066452026,0.024646952748298645
67,clean,none,0.006879955530166626,0.9951883554458618,40.162052154541016,0.7977133393287659,0.03105609305202961,0.10726454108953476,0.06396614015102386
68,clean,none,0.003962262533605099,0.9971863627433777,44.938385009765625,0.8564132452011108,0.025880634784698486,0.05724206939339638,0.06046401709318161
69,clean,none,0.0028904525097459555,0.9987136125564575,46.77234649658203,0.8940716981887817,0.022869260981678963,0.02481142058968544,0.0582476370036602
70,blur,medium,0.025604737922549248,0.8743307590484619,29.291841506958008,0.09381060302257538,0.015500649809837341,0.8629698753356934,0.027718884870409966
71,occlusion,low,0.057495392858982086,0.7155165672302246,20.841367721557617,0.008215050213038921,0.03272685408592224,0.005893746856600046,0.9531643390655518
72,blur,medium,0.03139714524149895,0.8313909769058228,26.723424911499023,0.10380414128303528,0.013183746486902237,0.8599629998207092,0.023049142211675644
73,occlusion,medium,0.0788026973605156,0.4446243643760681,19.141036987304688,0.002946063643321395,0.05968189612030983,0.0023737892042845488,0.9349981546401978
74,salt_pepper,high,0.036008674651384354,0.848199725151062,25.313922882080078,0.038776665925979614,0.8706722259521484,0.066267229616642,0.024283865466713905
75,blur,low,0.05538453161716461,0.7743024230003357,21.636598587036133,0.13050653040409088,0.015432141721248627,0.8313990235328674,0.022662311792373657
76,occlusion,medium,0.05092703551054001,0.6822914481163025,22.225730895996094,0.006083669140934944,0.03379981219768524,0.0024036779068410397,0.9577127695083618
77,salt_pepper,medium,0.031134551391005516,0.8880305290222168,26.860029220581055,0.03709486871957779,0.8747667670249939,0.0649077445268631,0.023230629041790962
78,salt_pepper,high,0.04230253025889397,0.7606289386749268,24.658306121826172,0.04848608374595642,0.8455663919448853,0.07407776266336441,0.03186976537108421
79,blur,high,0.05476057529449463,0.6591264009475708,21.877687454223633,0.1005818247795105,0.01715431548655033,0.8516911864280701,0.030572697520256042
80,salt_pepper,low,0.039993640035390854,0.8722763061523438,25.432605743408203,0.03388969600200653,0.8794474005699158,0.061847466975450516,0.0248153917491436
81,salt_pepper,medium,0.04359358176589012,0.8282505869865417,24.453859329223633,0.04055899754166603,0.8656102418899536,0.0685635358095169,0.025267228484153748
82,clean,none,0.005414703860878944,0.9968147277832031,42.5098762512207,0.8579360842704773,0.021753640845417976,0.06968092918395996,0.05062944069504738
83,occlusion,high,0.07397828996181488,0.47704336047172546,18.439424514770508,9.29695597733371e-05,0.006654063705354929,8.556764805689454e-05,0.9931674599647522
84,blur,medium,0.05562799423933029,0.6218589544296265,22.5844669342041,0.09956952929496765,0.012724352069199085,0.8652381300926208,0.02246805839240551
85,blur,high,0.04983684420585632,0.773586630821228,23.287944793701172,0.0952889695763588,0.013613267801702023,0.8670747876167297,0.024022944271564484
86,salt_pepper,high,0.024096250534057617,0.8678883910179138,29.060184478759766,0.025582121685147285,0.9155323505401611,0.043414127081632614,0.01547146774828434
87,occlusion,medium,0.0564107820391655,0.7063115835189819,20.703777313232422,0.11962073296308517,0.06048159673810005,0.007623243145644665,0.8122743964195251
88,salt_pepper,medium,0.029462482780218124,0.8822008371353149,28.027694702148438,0.03526373952627182,0.8780574798583984,0.06424584239721298,0.022432995960116386
89,occlusion,medium,0.05739673972129822,0.6552703380584717,20.42554473876953,0.00014171133807394654,0.008704254403710365,0.00021943010506220162,0.9909345507621765
90,occlusion,high,0.05646023899316788,0.599210798740387,21.883834838867188,2.8450471290852875e-05,0.0035834480077028275,5.645977580570616e-05,0.9963316321372986
91,salt_pepper,low,0.032735250890254974,0.8530945777893066,25.489898681640625,0.037865009158849716,0.8685761094093323,0.06636226177215576,0.02719661220908165
92,salt_pepper,medium,0.03977254778146744,0.8194717168807983,25.23322105407715,0.038718145340681076,0.8687995672225952,0.06814439594745636,0.024337833747267723
93,occlusion,medium,0.03820066154003143,0.7430912852287292,23.57889175415039,8.58850125950994e-06,0.004177592694759369,3.868625935865566e-05,0.9957751631736755
94,occlusion,high,0.05601852387189865,0.6501009464263916,21.884910583496094,8.507390884915367e-05,0.00623681815341115,0.00016372221580240875,0.9935142993927002
95,occlusion,low,0.05585479736328125,0.6925351023674011,20.840547561645508,0.028274139389395714,0.04520058631896973,0.006918493192642927,0.9196066856384277
96,salt_pepper,medium,0.04120691120624542,0.7951287031173706,24.333221435546875,0.03577987477183342,0.878329873085022,0.06344303488731384,0.022447245195508003
97,blur,high,0.033605366945266724,0.8779811859130859,26.16925048828125,0.10432271659374237,0.01254589855670929,0.8611419796943665,0.021989379078149796
98,clean,none,0.006050631403923035,0.9965068697929382,41.53815460205078,0.8931017518043518,0.02929096482694149,0.026016073301434517,0.05159130319952965
99,occlusion,high,0.0901334285736084,0.553662896156311,17.156578063964844,0.0006480494048446417,0.009242541156709194,0.00030991423409432173,0.9897994995117188
100,salt_pepper,medium,0.0279956366866827,0.8735024333000183,28.328569412231445,0.027658721432089806,0.9025339484214783,0.052440837025642395,0.017366543412208557
101,blur,low,0.05264788866043091,0.7210546731948853,23.309051513671875,0.1469515711069107,0.018162408843636513,0.8074591159820557,0.02742694318294525
102,salt_pepper,low,0.032734524458646774,0.8438143134117126,26.79409408569336,0.047586794942617416,0.8519418835639954,0.06903251260519028,0.03143880143761635
103,occlusion,low,0.04308723658323288,0.8240327835083008,23.389659881591797,0.2990396022796631,0.09075954556465149,0.08163663744926453,0.5285642743110657
104,salt_pepper,high,0.03215356543660164,0.8444840908050537,27.08728790283203,0.038899295032024384,0.8718476891517639,0.06529127061367035,0.0239617470651865
105,salt_pepper,low,0.030908716842532158,0.8662753105163574,27.773033142089844,0.04023106396198273,0.8641328811645508,0.06881212443113327,0.02682391181588173
106,clean,none,0.01802418753504753,0.9410456418991089,31.996858596801758,0.6228201985359192,0.04142450541257858,0.2532030940055847,0.08255218714475632
107,salt_pepper,high,0.03184480592608452,0.8565934896469116,26.56732177734375,0.037832774221897125,0.8744595050811768,0.06241714581847191,0.02529057301580906
108,salt_pepper,high,0.03581307828426361,0.8303614854812622,25.550195693969727,0.02924288809299469,0.8994311690330505,0.053154658526182175,0.01817133091390133
109,salt_pepper,low,0.027350783348083496,0.9045553207397461,28.07013702392578,0.04345366358757019,0.8536887168884277,0.07473590224981308,0.02812175266444683
110,clean,none,0.0040109893307089806,0.9986647367477417,44.656524658203125,0.8990980386734009,0.023367099463939667,0.02978583611547947,0.04774903506040573
111,blur,medium,0.021714046597480774,0.9161953330039978,30.184030532836914,0.09833987802267075,0.013984919525682926,0.8632827997207642,0.024392319843173027
112,clean,none,0.0043151481077075005,0.9975125193595886,43.96234130859375,0.8667041063308716,0.027440490201115608,0.04359342157840729,0.062261927872896194
113,salt_pepper,high,0.031621769070625305,0.8491661548614502,26.31974220275879,0.03985283151268959,0.8709762096405029,0.06492052972316742,0.024250401183962822
114,blur,high,0.043974868953228,0.73051917552948,24.138702392578125,0.09174610674381256,0.016742732375860214,0.8619228601455688,0.029588304460048676
115,salt_pepper,low,0.03136023133993149,0.8974947929382324,26.763473510742188,0.025578761473298073,0.8951639533042908,0.05525031313300133,0.02400698885321617
116,blur,medium,0.03323274478316307,0.8885349631309509,26.682144165039062,0.09631898254156113,0.017325395718216896,0.856695294380188,0.029660306870937347
117,blur,medium,0.035352673381567,0.8772954344749451,25.90506362915039,0.09443154186010361,0.014331450685858727,0.8667697310447693,0.024467220529913902
118,occlusion,medium,0.04309595748782158,0.7728967070579529,24.08424186706543,0.0107618672773242,0.03677445650100708,0.0024023945443332195,0.9500613212585449
119,occlusion,low,0.05318988859653473,0.7547625303268433,22.440948486328125,0.04888882860541344,0.052345167845487595,0.0073378258384764194,0.8914281129837036
120,blur,medium,0.04150719195604324,0.7483999133110046,24.888525009155273,0.09624583274126053,0.0134806539863348,0.8669220209121704,0.023351488634943962
121,salt_pepper,high,0.05583285912871361,0.6861140131950378,22.225563049316406,0.04974037781357765,0.8391672372817993,0.07872531563043594,0.03236706554889679
122,salt_pepper,high,0.025630196556448936,0.8723189234733582,29.075393676757812,0.041056837886571884,0.8667823076248169,0.06615942716598511,0.02600150741636753
123,blur,medium,0.046636827290058136,0.8471994400024414,24.16414451599121,0.08909891545772552,0.014279458671808243,0.8722426891326904,0.024378959089517593
124,occlusion,medium,0.055145829916000366,0.7419261932373047,21.712648391723633,2.391325142525602e-05,0.0049523850902915,6.818315159762278e-05,0.9949555993080139
125,salt_pepper,medium,0.03075597807765007,0.8725744485855103,26.2808895111084,0.04223684221506119,0.859622061252594,0.07112949341535568,0.027011575177311897
126,occlusion,medium,0.05903857946395874,0.6472682356834412,21.967496871948242,0.00036993608227930963,0.012091733515262604,0.0003277450450696051,0.9872106313705444
127,clean,none,0.002719939686357975,0.9994052648544312,48.29216766357422,0.9295325875282288,0.01853487826883793,0.01434144377708435,0.03759109228849411
128,occlusion,medium,0.06487534940242767,0.7095727920532227,18.66579818725586,0.0028133310843259096,0.02433856576681137,0.0029103471897542477,0.9699376821517944
129,clean,none,0.004513108171522617,0.9984886646270752,44.226417541503906,0.9139108061790466,0.027867427095770836,0.019059699028730392,0.03916215896606445
130,salt_pepper,high,0.04415835067629814,0.8269900679588318,24.22884750366211,0.03367157652974129,0.889208197593689,0.056905049830675125,0.02021515928208828
131,blur,high,0.04736904427409172,0.7292964458465576,23.49513053894043,0.10446380823850632,0.017807697877287865,0.8459398150444031,0.031788766384124756
132,occlusion,medium,0.05454445630311966,0.6714061498641968,22.05387306213379,0.0004796049906872213,0.01548908930271864,0.0007351769600063562,0.9832962155342102
133,blur,medium,0.05017627403140068,0.7610001564025879,22.545568466186523,0.09483804553747177,0.013467858545482159,0.8680623173713684,0.023631736636161804
134,salt_pepper,medium,0.0458965077996254,0.7448854446411133,23.47600555419922,0.04436754062771797,0.8544862866401672,0.07290259748697281,0.028243569657206535
135,clean,none,0.014656546525657177,0.9834005236625671,34.2296257019043,0.581956684589386,0.0339277908205986,0.3218121826648712,0.062303327023983
136,clean,none,0.015441862866282463,0.9810292720794678,33.4482421875,0.5632326006889343,0.038815081119537354,0.3296154737472534,0.06833693385124207
137,salt_pepper,high,0.05329548567533493,0.7186741828918457,22.956207275390625,0.0616137720644474,0.8040298819541931,0.095594622194767,0.0387616865336895
138,blur,medium,0.045627713203430176,0.8111680746078491,24.230459213256836,0.09274771809577942,0.015311057679355145,0.8661216497421265,0.02581958658993244
139,occlusion,high,0.05963858962059021,0.6640819907188416,20.282154083251953,0.0002592511591501534,0.009726987220346928,0.0004748203500639647,0.9895389676094055
140,clean,none,0.005696848034858704,0.9972834587097168,41.74190902709961,0.8493074774742126,0.024942532181739807,0.07085081934928894,0.05489920824766159
141,salt_pepper,high,0.04179416224360466,0.792136549949646,24.808616638183594,0.04277918487787247,0.8604913949966431,0.06931280344724655,0.027416536584496498
142,clean,none,0.00921082403510809,0.9920555949211121,37.47864532470703,0.7684065103530884,0.03186308220028877,0.1324581652879715,0.06727223098278046
143,blur,low,0.02674846723675728,0.8718607425689697,28.413448333740234,0.12242835015058517,0.014708603732287884,0.8397835493087769,0.023079505190253258
144,blur,medium,0.03589440882205963,0.8465332984924316,25.29106903076172,0.09670531004667282,0.016361622139811516,0.8584315180778503,0.028501616790890694
145,blur,medium,0.045119114220142365,0.7650055885314941,23.728044509887695,0.09014518558979034,0.014667588286101818,0.8695775866508484,0.02560964785516262
146,occlusion,medium,0.057636063545942307,0.6639689803123474,20.41963768005371,0.00544513575732708,0.04230782762169838,0.0032303696498274803,0.9490166902542114
147,occlusion,medium,0.043226227164268494,0.7899937629699707,23.646480560302734,0.0001125041235354729,0.010750037617981434,0.0002268163807457313,0.9889106750488281
148,salt_pepper,medium,0.03570105880498886,0.7900881171226501,25.822402954101562,0.04514206200838089,0.8521125316619873,0.07379573583602905,0.028949685394763947
149,blur,low,0.04150211811065674,0.7989441156387329,24.237709045410156,0.15752258896827698,0.023381292819976807,0.782817542552948,0.03627852723002434
150,blur,high,0.05289703235030174,0.7200812697410583,22.734935760498047,0.09315764904022217,0.01343894749879837,0.8701795935630798,0.023223770782351494
151,salt_pepper,high,0.032265789806842804,0.8678796291351318,26.6153621673584,0.035447556525468826,0.8832733631134033,0.05893828719854355,0.02234073355793953
152,occlusion,low,0.02534422092139721,0.8913447856903076,26.636398315429688,0.4992865324020386,0.07601223140954971,0.11887604743242264,0.3058251738548279
153,salt_pepper,low,0.039422497153282166,0.8416500091552734,25.230770111083984,0.041747383773326874,0.8593075275421143,0.07052809745073318,0.028417019173502922
154,blur,low,0.03503093123435974,0.7871845960617065,25.778411865234375,0.18989264965057373,0.016862010583281517,0.7675957679748535,0.02564963512122631
155,salt_pepper,high,0.05788969248533249,0.7951574325561523,22.53284454345703,0.039852581918239594,0.8714547157287598,0.0637221708893776,0.024970510974526405
156,occlusion,low,0.0448412224650383,0.8610667586326599,19.966808319091797,0.6378981471061707,0.08207178860902786,0.06771844625473022,0.21231164038181305
157,clean,none,0.006427129730582237,0.9918127059936523,41.26816177368164,0.7731611132621765,0.029637536033988,0.13937081396579742,0.05783051624894142
158,occlusion,medium,0.05484675616025925,0.7063798904418945,20.66368865966797,0.005433226469904184,0.035705968737602234,0.003153927158564329,0.9557068347930908
159,occlusion,low,0.04237394779920578,0.7862390279769897,23.49573516845703,0.05348747968673706,0.07404462993144989,0.04715241491794586,0.8253154754638672
160,occlusion,low,0.05296234413981438,0.7148897647857666,21.74075698852539,0.013846596702933311,0.05564233660697937,0.009145519696176052,0.92136549949646
161,salt_pepper,medium,0.05205051228404045,0.8589004278182983,22.56096076965332,0.045010924339294434,0.8523122668266296,0.07339487224817276,0.029281960800290108
162,clean,none,0.008097226731479168,0.9948898553848267,38.74728775024414,0.8439657092094421,0.03108939714729786,0.06733816117048264,0.05760667100548744
163,blur,medium,0.1344938576221466,0.5110184550285339,15.456267356872559,0.09025487303733826,0.013690107502043247,0.8730952143669128,0.022959895431995392
164,occlusion,medium,0.11889806389808655,0.49853238463401794,16.040517807006836,0.02379872277379036,0.05846216529607773,0.010342875495553017,0.9073962569236755
165,clean,none,0.015173996798694134,0.9847828149795532,33.63876724243164,0.7800391316413879,0.03305847942829132,0.12149741500616074,0.0654049664735794
166,blur,medium,0.04203803464770317,0.8616392016410828,24.664817810058594,0.10428401827812195,0.013414015993475914,0.8592575788497925,0.023044364526867867
167,clean,none,0.004083880688995123,0.9972831010818481,44.605613708496094,0.8821678161621094,0.024899907410144806,0.04183623194694519,0.05109608173370361
168,blur,low,0.055908165872097015,0.7425088882446289,23.121593475341797,0.13222938776016235,0.01769792102277279,0.8227452635765076,0.027327433228492737
169,salt_pepper,high,0.042645812034606934,0.7762627005577087,24.70965576171875,0.04436732083559036,0.8579368591308594,0.07051316648721695,0.027182696387171745
170,blur,medium,0.03696823865175247,0.8750454187393188,25.82919692993164,0.0938996896147728,0.012508123181760311,0.8717749118804932,0.02181725762784481
171,clean,none,0.00681972224265337,0.9819237589836121,40.456539154052734,0.7288804054260254,0.034667640924453735,0.15858715772628784,0.07786482572555542
172,blur,high,0.027236491441726685,0.8480231165885925,27.61315155029297,0.09804780781269073,0.016138892620801926,0.8578531742095947,0.027960145846009254
173,clean,none,0.005807172507047653,0.9972426295280457,41.92287063598633,0.8533995747566223,0.02719530090689659,0.05586770921945572,0.06353747099637985
174,occlusion,medium,0.05804244801402092,0.6290265321731567,19.72353744506836,0.00030716037144884467,0.01769893430173397,0.000559140054974705,0.98143470287323
175,blur,low,0.06153739616274834,0.7142154574394226,22.22948455810547,0.11313661187887192,0.015346418134868145,0.8477053046226501,0.023811649531126022
176,occlusion,high,0.0684431791305542,0.6586008667945862,19.59945297241211,1.8443235603626817e-05,0.0030620938632637262,5.844860424986109e-05,0.9968609809875488
177,clean,none,0.011138258501887321,0.9904618263244629,37.42705154418945,0.8362250328063965,0.03196878731250763,0.07269415259361267,0.05911202356219292
178,salt_pepper,low,0.03968709334731102,0.8590192794799805,25.258865356445312,0.042027026414871216,0.8569217920303345,0.07181647419929504,0.029234660789370537
179,salt_pepper,medium,0.05605647712945938,0.7873574495315552,22.607391357421875,0.04734063893556595,0.8432924747467041,0.07887594401836395,0.03049098327755928
180,salt_pepper,high,0.06165240332484245,0.7466845512390137,21.152984619140625,0.0493866428732872,0.8418740630149841,0.07788819074630737,0.030851149931550026
181,blur,medium,0.03553153946995735,0.8579959273338318,26.000221252441406,0.09592372179031372,0.0138805927708745,0.8661165237426758,0.02407912351191044
182,salt_pepper,low,0.040493857115507126,0.8280938863754272,24.939640045166016,0.03682568296790123,0.871674656867981,0.06536877155303955,0.026130905374884605
183,blur,low,0.040321096777915955,0.7728575468063354,25.29575538635254,0.14118924736976624,0.01845335215330124,0.8120644092559814,0.028293002396821976
184,blur,high,0.03744414821267128,0.8248171806335449,25.3082275390625,0.09481492638587952,0.014534340240061283,0.865401566028595,0.02524915523827076
185,salt_pepper,low,0.06983686983585358,0.6803411841392517,19.648664474487305,0.07890666276216507,0.786002516746521,0.08508014678955078,0.05001072213053703
186,salt_pepper,high,0.055701449513435364,0.7855367064476013,22.88498306274414,0.03885650634765625,0.8742773532867432,0.06153135374188423,0.025334762409329414
187,clean,none,0.011973060667514801,0.9814881086349487,35.594688415527344,0.7404894232749939,0.03978349268436432,0.13651172816753387,0.08321531116962433
188,clean,none,0.009365757927298546,0.9938420057296753,38.27980422973633,0.8616827130317688,0.03564103692770004,0.03974676877260208,0.06292945146560669
189,clean,none,0.009676394984126091,0.994383692741394,35.76654052734375,0.7492873072624207,0.038359254598617554,0.1332598179578781,0.07909353822469711
190,blur,medium,0.04377571865916252,0.9003881216049194,22.466440200805664,0.1069403886795044,0.020330244675278664,0.8381210565567017,0.03460823744535446
191,blur,high,0.05088558420538902,0.750057578086853,23.010690689086914,0.09975816309452057,0.014728550799190998,0.8591403961181641,0.026372885331511497
192,blur,medium,0.03358260914683342,0.8578189611434937,26.059988021850586,0.09741189330816269,0.012588081881403923,0.8680803775787354,0.021919673308730125
193,blur,medium,0.04983076453208923,0.7684570550918579,23.208972930908203,0.09616512060165405,0.013284176588058472,0.8675694465637207,0.02298128232359886
194,blur,low,0.048098981380462646,0.7875157594680786,23.89748764038086,0.16377495229244232,0.015003696084022522,0.7987629771232605,0.022458385676145554
195,blur,high,0.044450581073760986,0.7653377056121826,24.17464256286621,0.09068667888641357,0.013995794579386711,0.870827317237854,0.024490267038345337
196,occlusion,high,0.05538943409919739,0.7082602381706238,20.658287048339844,2.1189427457102283e-07,0.0008558597764931619,2.2501940293295775e-06,0.9991415739059448
197,occlusion,high,0.059050943702459335,0.7053127288818359,20.797624588012695,4.7117515350691974e-05,0.004176170099526644,0.00013874359137844294,0.9956379532814026
198,salt_pepper,high,0.046975865960121155,0.7602143287658691,23.227027893066406,0.032662831246852875,0.8952040672302246,0.05232794210314751,0.019805243238806725
199,salt_pepper,high,0.03428051620721817,0.8545038104057312,26.555644989013672,0.036376532167196274,0.8813466429710388,0.060225874185562134,0.02205098234117031
200,occlusion,high,0.0677751824259758,0.6187371015548706,19.948490142822266,0.0001237978576682508,0.011649876832962036,0.00034959593904204667,0.9878766536712646
201,clean,none,0.00873209722340107,0.9914158582687378,38.998863220214844,0.8168128728866577,0.03382601588964462,0.08277273178100586,0.06658830493688583
202,blur,low,0.03708414360880852,0.9123205542564392,25.06365203857422,0.11474228650331497,0.013557277619838715,0.8513088822364807,0.02039150707423687
203,occlusion,low,0.052071064710617065,0.7593294978141785,22.59015655517578,0.08398249000310898,0.07784125953912735,0.04536893218755722,0.7928072810173035
204,salt_pepper,medium,0.050713084638118744,0.7153123617172241,23.553943634033203,0.0443267785012722,0.8535134196281433,0.0732334777712822,0.02892632968723774
205,salt_pepper,high,0.05367029830813408,0.6752486228942871,22.65105438232422,0.04362589865922928,0.8593884706497192,0.0688348188996315,0.02815086394548416
206,occlusion,high,0.05413736402988434,0.6118490099906921,20.996198654174805,5.228851659921929e-05,0.009012225084006786,0.0001826920488383621,0.9907526969909668
207,salt_pepper,medium,0.04321011155843735,0.8090366721153259,24.620967864990234,0.043588630855083466,0.8591844439506531,0.06907911598682404,0.028147870674729347
208,salt_pepper,medium,0.03251373767852783,0.7913524508476257,26.235811233520508,0.023065235465765,0.9174021482467651,0.04501064121723175,0.01452192384749651
209,salt_pepper,low,0.045741379261016846,0.714604377746582,24.35331153869629,0.060024477541446686,0.8171942234039307,0.08435831218957901,0.03842298686504364
210,clean,none,0.009556826204061508,0.9900032877922058,37.624210357666016,0.7683194279670715,0.030465908348560333,0.14266662299633026,0.05854806303977966
211,blur,low,0.045354824513196945,0.7183026075363159,24.505937576293945,0.1357121765613556,0.017655886709690094,0.8202133178710938,0.026418622583150864
212,occlusion,high,0.05450243875384331,0.6010728478431702,21.027469635009766,0.0012021767906844616,0.014188596047461033,0.0009086041245609522,0.9837005734443665
213,occlusion,low,0.03642560541629791,0.8009564280509949,24.82661247253418,0.10470937192440033,0.07315927743911743,0.044646188616752625,0.7774851322174072
214,blur,medium,0.043200790882110596,0.7882460355758667,24.780982971191406,0.09611185640096664,0.012692009098827839,0.8688352704048157,0.022360900416970253
215,salt_pepper,high,0.08248072862625122,0.6387927532196045,19.07491111755371,0.04752878472208977,0.8508843183517456,0.07156532257795334,0.030021674931049347
216,clean,none,0.004603734239935875,0.9973852038383484,44.38396453857422,0.9005239009857178,0.027365271002054214,0.019326183944940567,0.05278467759490013
217,salt_pepper,low,0.05923768877983093,0.752642810344696,20.88723373413086,0.060674961656332016,0.81296306848526,0.08700359612703323,0.039358433336019516
218,salt_pepper,high,0.050437044352293015,0.6578283905982971,23.639434814453125,0.04146360605955124,0.8645232319831848,0.06798941642045975,0.02602376416325569
219,clean,none,0.005878071300685406,0.9970643520355225,42.10006332397461,0.899674654006958,0.02797466702759266,0.020948225632309914,0.051402486860752106
220,occlusion,low,0.03735272213816643,0.8306794166564941,24.458818435668945,0.08153171837329865,0.07321979850530624,0.03422156348824501,0.8110269904136658
221,clean,none,0.027733486145734787,0.960173487663269,29.055160522460938,0.5853228569030762,0.038269322365522385,0.30270472168922424,0.07370320707559586
222,blur,low,0.04556175693869591,0.8356746435165405,24.833248138427734,0.1073879674077034,0.016017122194170952,0.8510064482688904,0.025588508695364
223,clean,none,0.009922249242663383,0.9947160482406616,37.57236862182617,0.8609408140182495,0.03216887637972832,0.04545706510543823,0.06143321096897125
224,occlusion,low,0.019551487639546394,0.9035119414329529,27.678268432617188,0.751293957233429,0.04192965477705002,0.05101276561617851,0.1557636260986328
225,clean,none,0.004209355916827917,0.9984593391418457,44.64221954345703,0.9188592433929443,0.02549484558403492,0.016837215051054955,0.038808729499578476
226,occlusion,medium,0.031198732554912567,0.7831196784973145,25.32261848449707,0.01394454762339592,0.04526614770293236,0.016682643443346024,0.9241066575050354
227,salt_pepper,high,0.07707156985998154,0.6950084567070007,19.507970809936523,0.062443532049655914,0.8043737411499023,0.09356574714183807,0.039616987109184265
228,occlusion,medium,0.04316805303096771,0.7005380988121033,23.648197174072266,0.0006385779124684632,0.018791861832141876,0.0005180120351724327,0.9800515174865723
229,occlusion,low,0.059504490345716476,0.6695588827133179,21.40700340270996,0.049240969121456146,0.09620311111211777,0.011842094361782074,0.8427138328552246
230,clean,none,0.005151753779500723,0.9975855350494385,42.00020217895508,0.8832876086235046,0.023586349561810493,0.048763807862997055,0.044362276792526245
231,blur,high,0.07674513757228851,0.5532646179199219,20.17613410949707,0.09458769112825394,0.015032554976642132,0.8640620112419128,0.026317698881030083
232,salt_pepper,medium,0.048940472304821014,0.7458983659744263,23.04916763305664,0.04185965657234192,0.8615057468414307,0.07037396728992462,0.02626066282391548
233,salt_pepper,high,0.04426833242177963,0.8335704803466797,23.241178512573242,0.03158552572131157,0.8942513465881348,0.055022966116666794,0.019140103831887245
234,blur,high,0.08335426449775696,0.5904296636581421,18.717235565185547,0.09386131167411804,0.011618071235716343,0.8739465475082397,0.020574133843183517
235,blur,high,0.08895691484212875,0.6187082529067993,16.798603057861328,0.09912768751382828,0.01579304412007332,0.8582710027694702,0.026808183640241623
236,occlusion,low,0.029291344806551933,0.8281937837600708,27.18731689453125,0.03562287613749504,0.06413622200489044,0.02052757889032364,0.8797133564949036
237,blur,high,0.0353725329041481,0.8022375106811523,25.176719665527344,0.08656218647956848,0.014024023897945881,0.8739420771598816,0.02547171525657177
238,blur,high,0.06820415705442429,0.6396852731704712,21.074771881103516,0.09305588901042938,0.014070204459130764,0.8682347536087036,0.024639204144477844
239,clean,none,0.006998629774898291,0.9970043897628784,40.43376922607422,0.8981364369392395,0.022512439638376236,0.036696016788482666,0.04265512898564339
240,clean,none,0.0056744772009551525,0.9968303442001343,42.15422058105469,0.8778462409973145,0.028576228767633438,0.03891314938664436,0.054664429277181625
241,blur,medium,0.04434463009238243,0.7702488303184509,24.289522171020508,0.09338118135929108,0.012829311192035675,0.8709487318992615,0.022840792313218117
242,occlusion,low,0.06762577593326569,0.6669186353683472,19.572641372680664,0.08371243625879288,0.10959413647651672,0.01686847396194935,0.7898249626159668
243,occlusion,medium,0.05255033075809479,0.6742573976516724,22.15345001220703,0.0007420936017297208,0.026842962950468063,0.0014710607938468456,0.970943808555603
244,blur,low,0.05396124720573425,0.7851940393447876,22.838632583618164,0.19088773429393768,0.016587495803833008,0.7668682336807251,0.025656547397375107
245,salt_pepper,low,0.04812518507242203,0.8269345760345459,24.1190128326416,0.057096291333436966,0.8272287845611572,0.07760530710220337,0.03806959092617035
246,blur,medium,0.04594501107931137,0.7035280466079712,23.665903091430664,0.09142035990953445,0.01574888452887535,0.8654922842979431,0.027338530868291855
247,blur,low,0.059164904057979584,0.7527608871459961,21.32688331604004,0.14122241735458374,0.018656758591532707,0.8124772906303406,0.027643566951155663
248,salt_pepper,high,0.03231286257505417,0.8226950168609619,25.800662994384766,0.044048089534044266,0.8576180338859558,0.07097185403108597,0.027362069115042686
249,salt_pepper,low,0.038107216358184814,0.8241280317306519,25.243452072143555,0.0563109926879406,0.8215359449386597,0.08503898233175278,0.03711417317390442
250,salt_pepper,medium,0.0308116152882576,0.7671599388122559,27.513713836669922,0.042253460735082626,0.8599517345428467,0.07051268219947815,0.027282150462269783
251,occlusion,medium,0.06160173937678337,0.7521645426750183,20.631372451782227,0.0024230205453932285,0.024369217455387115,0.0023028464056551456,0.9709049463272095
252,occlusion,high,0.0772121474146843,0.5619150400161743,18.846782684326172,2.104304985550698e-05,0.005903443321585655,5.533689181902446e-05,0.9940201044082642
253,salt_pepper,high,0.03606628626585007,0.8112108111381531,26.20305061340332,0.04245427995920181,0.8611130118370056,0.0680023580789566,0.028430350124835968
254,salt_pepper,low,0.06349769234657288,0.7154983282089233,21.390491485595703,0.09457770735025406,0.7431461811065674,0.10406720638275146,0.05820893123745918
255,clean,none,0.008563271723687649,0.9957767724990845,38.551639556884766,0.8512148261070251,0.03485330566763878,0.05246623232960701,0.06146556884050369
256,salt_pepper,medium,0.03626403957605362,0.8103548288345337,25.37517547607422,0.04495746269822121,0.8558707237243652,0.06918115168809891,0.029990648850798607
257,clean,none,0.009710263460874557,0.9927350282669067,37.99425506591797,0.8270488977432251,0.027085449546575546,0.08795008808374405,0.05791553854942322
258,clean,none,0.00811832956969738,0.9942008852958679,39.238792419433594,0.8486328125,0.0336461178958416,0.059169624000787735,0.058551400899887085
259,salt_pepper,low,0.03899306803941727,0.7868413925170898,25.608386993408203,0.05340000241994858,0.8352636694908142,0.07633413374423981,0.03500226512551308
260,clean,none,0.0063352580182254314,0.9942258596420288,40.67009353637695,0.8276006579399109,0.029939066618680954,0.08502260595560074,0.057437676936388016
261,salt_pepper,low,0.056276485323905945,0.6181963086128235,22.42693328857422,0.03943686559796333,0.859988808631897,0.07196538895368576,0.02860892005264759
262,occlusion,low,0.056478023529052734,0.7620471715927124,21.406368255615234,0.07183009386062622,0.08092965930700302,0.012492077425122261,0.8347481489181519
263,clean,none,0.01010079588741064,0.9925622344017029,36.96330261230469,0.8266053199768066,0.047251567244529724,0.04690907895565033,0.0792340561747551
264,salt_pepper,low,0.06087783724069595,0.7548378705978394,21.681907653808594,0.05731071159243584,0.8184124231338501,0.08543865382671356,0.03883824497461319
265,clean,none,0.010457622818648815,0.9870599508285522,36.532798767089844,0.6906279921531677,0.038681041449308395,0.19634024798870087,0.07435069978237152
266,salt_pepper,low,0.029173415154218674,0.9520595073699951,29.207618713378906,0.024183157831430435,0.9077558517456055,0.05065562203526497,0.017405347898602486
267,clean,none,0.007688382174819708,0.9959633350372314,39.318695068359375,0.8622094988822937,0.027273565530776978,0.05440289154648781,0.05611395090818405
268,occlusion,medium,0.06620722264051437,0.5470293760299683,20.795412063598633,0.00041540118400007486,0.018812309950590134,0.0007371400133706629,0.9800351858139038
269,occlusion,high,0.048825591802597046,0.6033464670181274,21.33062744140625,1.7519419998279773e-05,0.002764246892184019,4.8220907046925277e-05,0.9971700310707092
270,blur,low,0.06168447062373161,0.746149480342865,21.293617248535156,0.15007545053958893,0.01967698335647583,0.801387369632721,0.028860202059149742
271,blur,low,0.048096686601638794,0.8126360774040222,23.60782241821289,0.11492657661437988,0.015217706561088562,0.8464386463165283,0.023417100310325623
272,blur,low,0.0516008697450161,0.7418467998504639,22.964399337768555,0.18908941745758057,0.022933535277843475,0.7545438408851624,0.03343319147825241
273,blur,high,0.04956108331680298,0.7029518485069275,23.18280792236328,0.09673074632883072,0.015722092241048813,0.8595234751701355,0.02802368439733982
274,blur,medium,0.04138050228357315,0.7940055727958679,25.195899963378906,0.0962432250380516,0.014771352522075176,0.862797737121582,0.026187704876065254
275,occlusion,low,0.037467993795871735,0.7984260320663452,25.358726501464844,0.037014421075582504,0.05506249517202377,0.02166072651743889,0.8862623572349548
276,clean,none,0.004043408203870058,0.9985381960868835,45.33100891113281,0.9258401393890381,0.023554712533950806,0.013375677168369293,0.03722940385341644
277,salt_pepper,low,0.042731873691082,0.8040131330490112,24.913745880126953,0.041856180876493454,0.8574091196060181,0.07277613133192062,0.027958527207374573
278,salt_pepper,high,0.028501784428954124,0.8096179962158203,28.816802978515625,0.03913968428969383,0.8712819218635559,0.06494670361280441,0.02463163062930107
279,salt_pepper,low,0.03228068724274635,0.821307361125946,27.032201766967773,0.029947267845273018,0.8875935077667236,0.06031522899866104,0.022144006565213203
280,blur,high,0.05928162485361099,0.7711743116378784,20.571674346923828,0.10141755640506744,0.018134459853172302,0.8476031422615051,0.03284483775496483
281,salt_pepper,medium,0.05232226848602295,0.7699731588363647,22.804790496826172,0.03244014084339142,0.8847096562385559,0.062242526561021805,0.02060762234032154
282,clean,none,0.006867699325084686,0.9958810210227966,40.313636779785156,0.8449800610542297,0.03411534056067467,0.05817717686295509,0.0627274140715599
283,clean,none,0.008460735902190208,0.9912194609642029,38.370670318603516,0.7627728581428528,0.02812371589243412,0.15623505413532257,0.05286833643913269
284,occlusion,medium,0.048327356576919556,0.7650966644287109,21.57938003540039,0.000381060061044991,0.012615221552550793,0.0006594540318474174,0.9863443374633789
285,clean,none,0.0082476157695055,0.9942554235458374,39.074928283691406,0.8520872592926025,0.029065772891044617,0.061929889023303986,0.05691712722182274
286,salt_pepper,medium,0.05936296284198761,0.7856972217559814,21.674419403076172,0.03353072702884674,0.8823086023330688,0.06251765787601471,0.021643107756972313
287,salt_pepper,low,0.04618552327156067,0.8214507102966309,20.2425537109375,0.04634776711463928,0.8394705653190613,0.08576636016368866,0.028415387496352196
288,blur,medium,0.025150910019874573,0.8523182272911072,29.081134796142578,0.09284339845180511,0.015378127805888653,0.8663378357887268,0.02544061280786991
289,occlusion,low,0.03390561416745186,0.8556062579154968,25.204381942749023,0.04914300516247749,0.08558154106140137,0.047860246151685715,0.8174152374267578
290,blur,medium,0.09382941573858261,0.6507743000984192,16.983001708984375,0.09985283017158508,0.01297181099653244,0.8648855686187744,0.022289812564849854
291,blur,low,0.05164099857211113,0.7672516703605652,22.91416358947754,0.2574308216571808,0.028758883476257324,0.6649357676506042,0.04887450486421585
292,occlusion,low,0.05142195150256157,0.8173558115959167,21.34871482849121,0.14706550538539886,0.08314438909292221,0.01767773926258087,0.7521123886108398
293,salt_pepper,low,0.043455809354782104,0.7487160563468933,24.055452346801758,0.04929039999842644,0.8488208055496216,0.07036744803190231,0.03152138367295265
294,blur,medium,0.06727208197116852,0.6855744123458862,20.729219436645508,0.09621701389551163,0.013348883017897606,0.8667996525764465,0.023634443059563637
295,occlusion,high,0.1022103950381279,0.44736939668655396,16.687835693359375,0.0008721650228835642,0.02455645427107811,0.0008244921918958426,0.9737469553947449
296,clean,none,0.009907974861562252,0.9953753352165222,37.39452362060547,0.860828697681427,0.029765535145998,0.04872022196650505,0.06068553403019905
297,clean,none,0.02651476487517357,0.9386718273162842,28.294750213623047,0.32250189781188965,0.029202841222286224,0.6010967493057251,0.04719856381416321
298,clean,none,0.006270530633628368,0.9937779307365417,39.8861198425293,0.7941595315933228,0.027475520968437195,0.1227337121963501,0.05563119798898697
299,salt_pepper,medium,0.03538930043578148,0.831483781337738,26.45179557800293,0.042884018272161484,0.8579086065292358,0.07161638885736465,0.027590975165367126
300,clean,none,0.011441285721957684,0.9884552359580994,35.13591384887695,0.6148005127906799,0.03618466109037399,0.27613717317581177,0.07287764549255371
301,occlusion,medium,0.0838395208120346,0.7331584692001343,16.450735092163086,0.002836744301021099,0.025499597191810608,0.0016520487843081355,0.9700115919113159
302,salt_pepper,low,0.04015643522143364,0.8414638042449951,24.99418067932129,0.03684588149189949,0.8704233169555664,0.0671805888414383,0.02555021084845066
303,blur,low,0.06379338353872299,0.7311583757400513,21.151046752929688,0.17001979053020477,0.01781773753464222,0.785853922367096,0.02630855329334736
304,clean,none,0.0038211983628571033,0.997283399105072,44.60009002685547,0.9054957032203674,0.023629140108823776,0.02200312726199627,0.04887208342552185
305,clean,none,0.004936490207910538,0.9959256052970886,43.505462646484375,0.8713073134422302,0.03103914111852646,0.03783178701996803,0.0598217248916626
306,salt_pepper,high,0.02795979380607605,0.8464688658714294,27.57961654663086,0.027349384501576424,0.9088215231895447,0.0472869873046875,0.01654205471277237
307,salt_pepper,medium,0.06802941858768463,0.689457893371582,20.499574661254883,0.03873269259929657,0.8694257140159607,0.0658256933093071,0.026015864685177803
308,salt_pepper,high,0.06656251847743988,0.6242184042930603,20.995513916015625,0.05563787743449211,0.8319418430328369,0.07748584449291229,0.03493446111679077
309,blur,medium,0.030823906883597374,0.921635627746582,26.987762451171875,0.09725748747587204,0.014021499082446098,0.864822506904602,0.023898590356111526
310,blur,low,0.036533575505018234,0.768653392791748,25.225732803344727,0.1643868386745453,0.0231190025806427,0.7693859934806824,0.04310810938477516
311,salt_pepper,medium,0.03952586650848389,0.7875728607177734,25.357446670532227,0.032172027975320816,0.8899940848350525,0.05720246210694313,0.020631447434425354
312,salt_pepper,low,0.03253854811191559,0.8489418029785156,27.039100646972656,0.03367767482995987,0.874462902545929,0.0669323056936264,0.02492719516158104
313,salt_pepper,low,0.03221799433231354,0.8743042349815369,27.033613204956055,0.031213361769914627,0.8839583396911621,0.06148545444011688,0.02334287203848362
314,clean,none,0.0048846108838915825,0.9965442419052124,41.37107467651367,0.7798842191696167,0.026726556941866875,0.12792736291885376,0.0654618889093399
315,occlusion,high,0.0798182338476181,0.6731393337249756,16.71784210205078,2.645295808179071e-06,0.001653347979299724,1.2619795597856864e-05,0.9983314871788025
316,blur,low,0.03295542299747467,0.7969650626182556,26.600980758666992,0.14319947361946106,0.015067800879478455,0.818756639957428,0.02297602966427803
317,salt_pepper,high,0.04172397404909134,0.7389123439788818,25.140867233276367,0.05376768484711647,0.8288460969924927,0.0823221430182457,0.035063985735177994
318,salt_pepper,medium,0.05914807319641113,0.8481136560440063,19.97648048400879,0.02799324318766594,0.9000210165977478,0.05389227718114853,0.018093379214406013
319,occlusion,low,0.044592417776584625,0.7884842753410339,22.821670532226562,0.029426224529743195,0.055601783096790314,0.02591078169643879,0.8890612721443176
320,clean,none,0.006576213054358959,0.9942223429679871,41.00886917114258,0.8490419983863831,0.027860170230269432,0.061722949147224426,0.06137484684586525
321,blur,high,0.04510977491736412,0.7745448350906372,23.878786087036133,0.0901239886879921,0.013749808073043823,0.8714246153831482,0.02470160275697708
322,salt_pepper,high,0.046653397381305695,0.7160791754722595,23.38701629638672,0.03649204596877098,0.8817172050476074,0.05966733396053314,0.022123469039797783
323,blur,medium,0.09053580462932587,0.5956313014030457,18.865264892578125,0.08614315092563629,0.011163107119500637,0.8835259675979614,0.019167860969901085
324,salt_pepper,medium,0.050310857594013214,0.7926311492919922,23.048391342163086,0.0383119061589241,0.8707417845726013,0.06625841557979584,0.024687903001904488
325,blur,low,0.05183635279536247,0.7182202339172363,23.04339599609375,0.1545787900686264,0.01993299275636673,0.7947935461997986,0.030694695189595222
326,salt_pepper,low,0.04605849087238312,0.7639263868331909,23.282032012939453,0.06331290304660797,0.8050711750984192,0.08950454741716385,0.04211130365729332
327,clean,none,0.005313176196068525,0.9956763982772827,42.46482849121094,0.8319333791732788,0.028838763013482094,0.0716497153043747,0.06757818907499313
328,blur,high,0.026489630341529846,0.8348740339279175,28.452749252319336,0.09181752055883408,0.011836790479719639,0.8750538229942322,0.021291790530085564
329,salt_pepper,medium,0.04891398176550865,0.7358708381652832,23.27840805053711,0.03962698206305504,0.8681957721710205,0.06668812781572342,0.025489185005426407
330,clean,none,0.008427511900663376,0.993496835231781,38.61252975463867,0.7850882411003113,0.03159992769360542,0.11873731762170792,0.06457454711198807
331,clean,none,0.005402000620961189,0.995762825012207,42.5807991027832,0.8666979074478149,0.02786075510084629,0.05100637674331665,0.05443498119711876
332,salt_pepper,high,0.04346993565559387,0.831496000289917,24.866230010986328,0.04013887047767639,0.8690693974494934,0.06604770570993423,0.02474403940141201
333,clean,none,0.007145277224481106,0.9958195686340332,39.62077331542969,0.8615155816078186,0.02970769628882408,0.04439477249979973,0.06438195705413818
334,occlusion,medium,0.0650123804807663,0.7009057998657227,20.19866943359375,0.0001692000951152295,0.010419192723929882,0.0004786252975463867,0.9889329671859741
335,occlusion,high,0.08081477135419846,0.6514838933944702,16.201583862304688,2.68649346253369e-05,0.004046502057462931,0.0001159165331046097,0.9958107471466064
336,salt_pepper,medium,0.06788913905620575,0.5942610502243042,20.724056243896484,0.06731285899877548,0.7957085967063904,0.092420794069767,0.044557735323905945
337,blur,high,0.05750870332121849,0.7209639549255371,21.852642059326172,0.09133244305849075,0.014578133821487427,0.8681763410568237,0.025913074612617493
338,occlusion,low,0.03618161752820015,0.6916900873184204,25.861356735229492,0.015955930575728416,0.04911715164780617,0.006000522989779711,0.9289264678955078
339,blur,medium,0.03343091532588005,0.8221927881240845,26.617582321166992,0.09788374602794647,0.016248483210802078,0.8582121133804321,0.027655646204948425
340,occlusion,medium,0.06363954395055771,0.6794542670249939,19.54916000366211,0.0009409988997504115,0.02056766115128994,0.0012646811082959175,0.9772266149520874
341,salt_pepper,low,0.0458671860396862,0.7265639305114746,24.347688674926758,0.06186893954873085,0.8172571063041687,0.0816623643040657,0.03921154513955116
342,salt_pepper,medium,0.03045734390616417,0.7813767194747925,26.451919555664062,0.02164297178387642,0.9234429001808167,0.04160146042704582,0.013312689028680325
343,blur,high,0.05105205997824669,0.7626904249191284,23.13288116455078,0.09825572371482849,0.012621516361832619,0.8663017749786377,0.022820942103862762
344,clean,none,0.003251456655561924,0.9989429712295532,46.76100158691406,0.9069209694862366,0.018611809238791466,0.03335246443748474,0.04111476242542267
345,clean,none,0.009436584077775478,0.9922248125076294,38.30857849121094,0.828839123249054,0.03170933201909065,0.07631819695234299,0.06313329190015793
346,occlusion,high,0.0707276463508606,0.6344244480133057,18.826459884643555,7.262326107593253e-06,0.001846945844590664,3.605541496654041e-05,0.9981096982955933
347,blur,low,0.046821292489767075,0.7730835676193237,23.68863296508789,0.15401315689086914,0.01996621862053871,0.7960993647575378,0.029921220615506172
348,clean,none,0.004858581814914942,0.99626624584198,42.756744384765625,0.8491361737251282,0.025416003540158272,0.07357710599899292,0.051870688796043396
349,blur,medium,0.03186579793691635,0.7678277492523193,26.402013778686523,0.0969294086098671,0.014340386725962162,0.8637908697128296,0.024939410388469696
350,clean,none,0.0058164410293102264,0.9961768388748169,42.31149673461914,0.8311827778816223,0.029318198561668396,0.07233914732933044,0.06715987622737885
351,occlusion,medium,0.06630655378103256,0.6582469344139099,19.27805519104004,0.00397351011633873,0.05271775647997856,0.004393482580780983,0.9389152526855469
352,salt_pepper,medium,0.035789914429187775,0.8233355283737183,26.130931854248047,0.04222887381911278,0.85885089635849,0.07205238193273544,0.026867853477597237
353,salt_pepper,high,0.04688943549990654,0.7479953169822693,23.654048919677734,0.046169351786375046,0.8514350652694702,0.07267811894416809,0.02971746027469635
354,blur,low,0.054132770746946335,0.8111543655395508,23.84681510925293,0.1193072646856308,0.01669260300695896,0.8366226553916931,0.027377497404813766
355,clean,none,0.011074801906943321,0.9930059313774109,36.300804138183594,0.8717933297157288,0.028202293440699577,0.04734298959374428,0.05266137048602104
356,clean,none,0.019072189927101135,0.9825522303581238,32.62150573730469,0.7363455891609192,0.03178880736231804,0.15277710556983948,0.07908844947814941
357,occlusion,low,0.04069889336824417,0.8479401469230652,20.99535369873047,0.5558167695999146,0.06768222153186798,0.05433599278330803,0.32216501235961914
358,clean,none,0.004652298055589199,0.9977192878723145,43.929290771484375,0.8987354636192322,0.02297336608171463,0.028919558972120285,0.04937165230512619
359,blur,medium,0.04758121818304062,0.8278049230575562,23.87078857421875,0.09771877527236938,0.011976491659879684,0.869886040687561,0.02041867934167385
360,salt_pepper,medium,0.0353984571993351,0.8180965781211853,26.135251998901367,0.04634753614664078,0.8491693735122681,0.07502633333206177,0.02945675328373909
361,blur,medium,0.05855117365717888,0.7556955218315125,21.889799118041992,0.08972064405679703,0.014332967810332775,0.8711767792701721,0.024769604206085205
362,occlusion,low,0.03857973963022232,0.8718500137329102,21.366422653198242,0.007686285302042961,0.04364045336842537,0.018795937299728394,0.9298774003982544
363,occlusion,low,0.06379207968711853,0.5974294543266296,20.539920806884766,0.02228640578687191,0.04837134853005409,0.015394852496683598,0.9139474034309387
364,salt_pepper,high,0.028801634907722473,0.8400285243988037,27.82260513305664,0.03546340763568878,0.8838474750518799,0.05915007367730141,0.021538956090807915
365,occlusion,low,0.06725741922855377,0.694218635559082,20.110919952392578,0.018877290189266205,0.05268288403749466,0.006894803140312433,0.9215450286865234
366,salt_pepper,high,0.042979102581739426,0.7535905838012695,24.125091552734375,0.04798886924982071,0.8443057537078857,0.07722368091344833,0.03048173524439335
367,blur,medium,0.0397869274020195,0.8168098330497742,24.91345977783203,0.09693686664104462,0.012532215565443039,0.8683445453643799,0.022186359390616417
368,occlusion,medium,0.04644675552845001,0.7902188301086426,22.145530700683594,0.0008103178697638214,0.015610127709805965,0.0012270805891603231,0.9823524355888367
369,occlusion,high,0.11494633555412292,0.4961391091346741,16.645313262939453,7.88337092672009e-06,0.002541302004829049,2.3979322577361017e-05,0.9974268078804016
370,clean,none,0.0294484943151474,0.9637445211410522,28.68360710144043,0.6792577505111694,0.02974420227110386,0.23636701703071594,0.054630983620882034
371,occlusion,low,0.09726957976818085,0.47127842903137207,18.17177391052246,0.03070504404604435,0.061521343886852264,0.0161088015884161,0.8916647434234619
372,occlusion,low,0.030310869216918945,0.864861011505127,25.298580169677734,0.025044146925210953,0.06769007444381714,0.02957693114876747,0.8776888847351074
373,occlusion,high,0.08775760978460312,0.5586954951286316,17.00238800048828,3.5853903682436794e-05,0.0035419282503426075,5.951431376161054e-05,0.9963627457618713
374,occlusion,low,0.07168295979499817,0.6186167001724243,20.266361236572266,0.08123651891946793,0.07457119226455688,0.02200797013938427,0.8221843242645264
375,salt_pepper,high,0.028751667588949203,0.8361368179321289,27.513391494750977,0.025820454582571983,0.9121423363685608,0.046012599021196365,0.016024665907025337
376,occlusion,low,0.06709493696689606,0.7691604495048523,19.507335662841797,0.04874758422374725,0.08363629132509232,0.02545584924519062,0.8421602845191956
377,blur,high,0.044005077332258224,0.8301196098327637,24.263851165771484,0.0967191606760025,0.012298712506890297,0.868934690952301,0.022047381848096848
378,salt_pepper,high,0.04234585165977478,0.7920142412185669,24.70609474182129,0.04112696275115013,0.8664809465408325,0.06727100163698196,0.025121064856648445
379,blur,low,0.026331085711717606,0.8931609988212585,28.013486862182617,0.11867392063140869,0.014868339523673058,0.8426429033279419,0.02381482720375061
380,salt_pepper,medium,0.03024902194738388,0.8055216670036316,26.570404052734375,0.04316334053874016,0.8598484396934509,0.06999856233596802,0.026989687234163284
381,salt_pepper,medium,0.03089263290166855,0.8049458265304565,26.73398208618164,0.03205307200551033,0.8924033045768738,0.055572282522916794,0.019971393048763275
382,occlusion,low,0.037385232746601105,0.8293485045433044,24.85715675354004,0.07066679000854492,0.08298365771770477,0.02745342254638672,0.8188961148262024
383,clean,none,0.00785958394408226,0.9964932203292847,39.29956817626953,0.8248059153556824,0.031705379486083984,0.06953569501638412,0.07395294308662415
384,occlusion,low,0.027751117944717407,0.88188636302948,26.02058219909668,0.010663885623216629,0.06522966176271439,0.0060854461044073105,0.918021023273468
385,occlusion,low,0.06147203966975212,0.7497286796569824,20.923587799072266,0.0247627142816782,0.07050169259309769,0.018339112401008606,0.8863964676856995
386,clean,none,0.007537501864135265,0.9884545803070068,39.875038146972656,0.7247422933578491,0.03575647994875908,0.16852693259716034,0.07097430527210236
387,clean,none,0.005840977653861046,0.9969038367271423,40.952110290527344,0.8906062841415405,0.02828482910990715,0.029478149488568306,0.05163082480430603
388,clean,none,0.008893975988030434,0.9931958913803101,37.81357192993164,0.7987390160560608,0.02511187642812729,0.12725023925304413,0.048898886889219284
389,blur,high,0.05806577205657959,0.632295548915863,21.897300720214844,0.09278181195259094,0.013561919331550598,0.8698596358299255,0.02379658818244934
390,clean,none,0.00894207414239645,0.9909887313842773,38.707828521728516,0.8237053751945496,0.0304450411349535,0.0813160166144371,0.064533531665802
391,blur,low,0.04372973367571831,0.7027055621147156,24.956764221191406,0.14062194526195526,0.015403728932142258,0.8209675550460815,0.02300676330924034
392,salt_pepper,high,0.049522414803504944,0.7173532247543335,23.402454376220703,0.048272524029016495,0.8465574383735657,0.0739109143614769,0.03125912323594093
393,clean,none,0.016785720363259315,0.9767780303955078,33.047054290771484,0.662649929523468,0.0344511941075325,0.23692433536052704,0.06597451865673065
394,salt_pepper,high,0.033128224313259125,0.8465691804885864,26.573278427124023,0.039916254580020905,0.8703004121780396,0.06489317119121552,0.02489018440246582
395,occlusion,low,0.022299565374851227,0.8973307013511658,26.2901668548584,0.3872995972633362,0.0795934721827507,0.1059308797121048,0.42717602849006653
396,occlusion,medium,0.0744328424334526,0.6431335210800171,19.15920066833496,0.050624508410692215,0.06811107695102692,0.006344733759760857,0.8749197125434875
397,blur,high,0.06498924642801285,0.6694321632385254,21.378278732299805,0.09000250697135925,0.013678891584277153,0.8719407320022583,0.02437784895300865
398,occlusion,high,0.07771461457014084,0.6464908123016357,17.080305099487305,0.0013321804581210017,0.014028270728886127,0.0013042270438745618,0.9833352565765381
399,occlusion,medium,0.05355304479598999,0.7426053881645203,21.627315521240234,0.000903401174582541,0.01291186548769474,0.0011687077349051833,0.9850159883499146
400,clean,none,0.016564488410949707,0.9781907796859741,32.37713623046875,0.597930371761322,0.0679059848189354,0.17048045992851257,0.16368310153484344
401,blur,low,0.04070630297064781,0.7600871920585632,24.960636138916016,0.17452554404735565,0.018027011305093765,0.7799208760261536,0.027526579797267914
402,blur,medium,0.03201593458652496,0.8895982503890991,26.88764190673828,0.09437540173530579,0.015195936895906925,0.8645437955856323,0.025884829461574554
403,salt_pepper,high,0.032683853060007095,0.8839606642723083,27.43478012084961,0.03630644828081131,0.8812786936759949,0.059896230697631836,0.022518638521432877
404,salt_pepper,low,0.1058681458234787,0.883849561214447,18.446765899658203,0.04052441194653511,0.8662501573562622,0.06680922955274582,0.026416201144456863
405,occlusion,medium,0.049244754016399384,0.769277036190033,21.040210723876953,0.004616478458046913,0.04246716573834419,0.007895126938819885,0.9450211524963379
406,blur,high,0.05124765262007713,0.6342111825942993,23.076614379882812,0.09903453290462494,0.014436870813369751,0.8607423305511475,0.025786278769373894
407,blur,high,0.05375528335571289,0.7144519686698914,22.197669982910156,0.09623103588819504,0.015567291527986526,0.8609176874160767,0.027283938601613045
408,clean,none,0.006006735377013683,0.9963912963867188,41.103614807128906,0.8494850397109985,0.02408829890191555,0.07568865269422531,0.05073804780840874
409,blur,medium,0.029678504914045334,0.915475070476532,28.226455688476562,0.0996721163392067,0.012159496545791626,0.8669753074645996,0.02119310386478901
410,blur,high,0.04464372992515564,0.8268958926200867,23.86831283569336,0.09390503913164139,0.014393705874681473,0.8664635419845581,0.025237731635570526
411,clean,none,0.007778174243867397,0.9939231276512146,37.300743103027344,0.7661306858062744,0.03879764303565025,0.04969559982419014,0.1453760415315628
412,occlusion,high,0.1130472719669342,0.6067265272140503,14.24802303314209,0.0014072798658162355,0.01985303871333599,0.0014433306641876698,0.9772964119911194
413,salt_pepper,medium,0.05139583349227905,0.7936450839042664,23.28972816467285,0.04047112166881561,0.8620297312736511,0.07163382321596146,0.025865305215120316
414,clean,none,0.03342854604125023,0.9636862277984619,27.541351318359375,0.7430120706558228,0.037160541862249374,0.14986005425453186,0.06996730715036392
415,clean,none,0.008612073957920074,0.9954962730407715,39.279884338378906,0.8861086368560791,0.0291843693703413,0.032862551510334015,0.05184442922472954
416,blur,low,0.02568245306611061,0.9094057083129883,29.296756744384766,0.11828864365816116,0.015203352086246014,0.8425253033638,0.023982685059309006
417,blur,low,0.039319656789302826,0.8633782863616943,25.58774757385254,0.13954724371433258,0.013863835483789444,0.8252336382865906,0.0213552825152874
418,occlusion,medium,0.05658318102359772,0.7472527027130127,19.373584747314453,0.043595489114522934,0.05466091260313988,0.007433834485709667,0.8943098187446594
419,clean,none,0.004938640631735325,0.9962208271026611,42.663265228271484,0.8351258635520935,0.02503865398466587,0.07851486653089523,0.06132061034440994
420,salt_pepper,high,0.05423973500728607,0.785109281539917,22.845550537109375,0.05054211616516113,0.838255763053894,0.07797851413488388,0.03322357311844826
421,clean,none,0.00580001762136817,0.9979016780853271,42.56538391113281,0.9066353440284729,0.02060803957283497,0.02577800117433071,0.04697859659790993
422,salt_pepper,high,0.0802561566233635,0.6024731397628784,19.69986343383789,0.05691833794116974,0.8290420174598694,0.07535787671804428,0.03868177533149719
423,clean,none,0.020459860563278198,0.9668595194816589,31.428279876708984,0.3744845986366272,0.036678679287433624,0.5187182426452637,0.07011851668357849
424,clean,none,0.008411617949604988,0.9949056506156921,39.458953857421875,0.8862380385398865,0.030826454982161522,0.027120238170027733,0.055815305560827255
425,occlusion,medium,0.0506463497877121,0.7740148305892944,22.74581527709961,0.0020147329196333885,0.05390414595603943,0.0022675120271742344,0.9418136477470398
426,blur,medium,0.025854699313640594,0.8867648839950562,28.989463806152344,0.09292199462652206,0.014819728210568428,0.863899290561676,0.028359051793813705
427,salt_pepper,low,0.06158904731273651,0.7112464904785156,21.111865997314453,0.05295684188604355,0.8338220715522766,0.07713817805051804,0.03608283773064613
428,salt_pepper,low,0.04842424392700195,0.7971980571746826,23.371553421020508,0.037209685891866684,0.8671985864639282,0.06983742117881775,0.025754261761903763
429,salt_pepper,high,0.03933186084032059,0.7928663492202759,24.509159088134766,0.025357870385050774,0.9144434928894043,0.044806450605392456,0.015392226167023182
430,blur,high,0.05328665301203728,0.7184751033782959,22.422807693481445,0.09491647779941559,0.014141684398055077,0.8658623695373535,0.025079546496272087
431,occlusion,medium,0.07580181211233139,0.7228310108184814,17.324121475219727,0.00019704691658262163,0.008111045695841312,0.0003388916957192123,0.9913529753684998
432,blur,medium,0.02879095822572708,0.8392481207847595,27.459362030029297,0.09546307474374771,0.014587553218007088,0.8639559745788574,0.025993386283516884
433,salt_pepper,medium,0.04177239537239075,0.874200701713562,25.087120056152344,0.03209751099348068,0.8917025327682495,0.05581941828131676,0.020380521193146706
434,salt_pepper,low,0.0628766119480133,0.682518482208252,21.53700065612793,0.062315478920936584,0.81357342004776,0.08362197875976562,0.04048915579915047
435,salt_pepper,medium,0.04542353376746178,0.7504289150238037,23.872831344604492,0.042639315128326416,0.8578790426254272,0.07152989506721497,0.02795175090432167
436,clean,none,0.007594128604978323,0.9954888224601746,40.034210205078125,0.8278104662895203,0.028951365500688553,0.08339032530784607,0.059847865253686905
437,salt_pepper,medium,0.09289291501045227,0.6116143465042114,18.763017654418945,0.08713673055171967,0.7556472420692444,0.09924858063459396,0.0579674132168293
438,occlusion,high,0.07222196459770203,0.6959050893783569,17.401870727539062,1.4522195215249667e-06,0.0010023805079981685,6.895628303027479e-06,0.9989892840385437
439,blur,low,0.032129090279340744,0.8630807399749756,26.578899383544922,0.1338287889957428,0.021465731784701347,0.8113580942153931,0.03334737569093704
440,occlusion,low,0.06860245019197464,0.5982273817062378,20.021568298339844,0.05411325395107269,0.07552124559879303,0.008928494527935982,0.8614370226860046
441,occlusion,low,0.051940590143203735,0.8263342380523682,19.774864196777344,0.07485894113779068,0.07456143945455551,0.014701963402330875,0.835877537727356
442,blur,high,0.03809651359915733,0.735810399055481,25.026702880859375,0.09651663154363632,0.013555877842009068,0.866254985332489,0.02367250993847847
443,blur,low,0.041688673198223114,0.6600357890129089,24.270963668823242,0.29294440150260925,0.022171340882778168,0.6510850191116333,0.03379924222826958
444,blur,high,0.03281247243285179,0.822488009929657,26.848472595214844,0.09599849581718445,0.015544460155069828,0.8613612055778503,0.027095867320895195
445,clean,none,0.031174466013908386,0.945593535900116,28.39794921875,0.648932158946991,0.03338007256388664,0.2568430006504059,0.06084473058581352
446,salt_pepper,low,0.08075754344463348,0.585427463054657,20.328800201416016,0.039033442735672,0.862724244594574,0.07135963439941406,0.026882687583565712
447,blur,low,0.04521280527114868,0.734792947769165,24.523115158081055,0.13536019623279572,0.018754350021481514,0.8168447017669678,0.029040776193141937
448,clean,none,0.008614136837422848,0.9957369565963745,38.84452438354492,0.8923292756080627,0.036998894065618515,0.010955230332911015,0.05971657857298851
449,blur,low,0.03107580542564392,0.8699506521224976,27.93949317932129,0.12981000542640686,0.017466429620981216,0.8260135054588318,0.026710117235779762
450,clean,none,0.004954677075147629,0.9956387877464294,43.117408752441406,0.858476996421814,0.030690813437104225,0.051354289054870605,0.05947793275117874
451,clean,none,0.007294449023902416,0.9960445165634155,39.923099517822266,0.8810434937477112,0.030926987528800964,0.026579834520816803,0.06144968792796135
452,clean,none,0.00765127083286643,0.9950107932090759,39.77373504638672,0.8569071888923645,0.03568997234106064,0.04419726878404617,0.06320558488368988
453,salt_pepper,low,0.09413139522075653,0.6707116961479187,18.26014518737793,0.23230117559432983,0.5981380939483643,0.08727939426898956,0.08228139579296112
454,clean,none,0.006515473127365112,0.9972943067550659,41.03263473510742,0.8848593235015869,0.03028004616498947,0.030760521069169044,0.05410005897283554
455,clean,none,0.005985430907458067,0.9911969900131226,39.75308609008789,0.8188033699989319,0.032502807676792145,0.022899175062775612,0.12579461932182312
456,clean,none,0.019548218697309494,0.9610304236412048,31.550888061523438,0.5582394003868103,0.03728366643190384,0.3392007350921631,0.06527619808912277
457,salt_pepper,high,0.045672234147787094,0.7514994144439697,23.562026977539062,0.05030258372426033,0.8383104205131531,0.07850735634565353,0.03287964686751366
458,blur,medium,0.035853222012519836,0.863985538482666,24.7648983001709,0.09780026972293854,0.012964081950485706,0.8671824336051941,0.02205314114689827
459,blur,high,0.024569323286414146,0.8709912300109863,29.467796325683594,0.09716154634952545,0.015201318077743053,0.8608249425888062,0.026812300086021423
460,occlusion,high,0.07277759909629822,0.6338915228843689,18.743141174316406,2.9553029889939353e-05,0.003886788384988904,5.556253745453432e-05,0.9960280656814575
461,salt_pepper,high,0.055061936378479004,0.7129313945770264,22.792932510375977,0.05934556946158409,0.8140731453895569,0.08831243962049484,0.038268864154815674
462,occlusion,low,0.04589034616947174,0.8231388926506042,21.7172794342041,0.23792646825313568,0.07942380011081696,0.09922488778829575,0.5834248661994934
463,blur,high,0.03542468696832657,0.8700546622276306,24.207481384277344,0.08882243186235428,0.015117287635803223,0.8681401014328003,0.027920162305235863
464,occlusion,high,0.11949615180492401,0.39835745096206665,16.754526138305664,0.00011753119906643406,0.00814814306795597,0.0008094864315353334,0.9909247159957886
465,occlusion,medium,0.06564953923225403,0.7380675077438354,18.527816772460938,0.0003985126968473196,0.00974755547940731,0.00043388851918280125,0.9894200563430786
466,clean,none,0.00712589081376791,0.9934916496276855,40.00706481933594,0.8107154369354248,0.02859739027917385,0.10591204464435577,0.054775115102529526
467,clean,none,0.011370501480996609,0.9850708842277527,36.32363510131836,0.6891087293624878,0.035753607749938965,0.20456647872924805,0.0705711841583252
468,occlusion,high,0.10052947700023651,0.5040213465690613,17.337299346923828,2.5243170966859907e-05,0.0055167111568152905,0.0001094056642614305,0.9943485856056213
469,occlusion,medium,0.10015988349914551,0.5605893731117249,17.509456634521484,0.014849590137600899,0.04238303005695343,0.012251612730324268,0.9305157661437988
470,occlusion,medium,0.056926898658275604,0.7928085327148438,19.13205909729004,0.0011438975343480706,0.01838190294802189,0.0034821636509150267,0.9769920110702515
471,blur,medium,0.03233452886343002,0.8536800146102905,26.783416748046875,0.09231317043304443,0.012972946278750896,0.872373104095459,0.022340694442391396
472,blur,low,0.03473635017871857,0.7748436331748962,25.875179290771484,0.1482446938753128,0.019886499270796776,0.8026683926582336,0.029200391843914986
473,salt_pepper,medium,0.03446315973997116,0.7551866769790649,26.22832489013672,0.053154777735471725,0.8277823328971863,0.08407678455114365,0.03498608618974686
474,blur,medium,0.02733367681503296,0.8559902906417847,27.600833892822266,0.09579035639762878,0.012526796199381351,0.8693786263465881,0.022304285317659378
475,occlusion,low,0.07496596872806549,0.6585599184036255,20.32558822631836,0.06288468837738037,0.0851416066288948,0.042531877756118774,0.809441864490509
476,blur,high,0.03972109407186508,0.7698023319244385,25.245384216308594,0.09644104540348053,0.012471308000385761,0.8688758611679077,0.022211773321032524
477,occlusion,medium,0.04909897968173027,0.7571524977684021,20.910972595214844,0.00037825942854397,0.009607025422155857,0.0006681118393316865,0.9893466830253601
478,blur,medium,0.029533758759498596,0.8769309520721436,27.95810890197754,0.09612996131181717,0.012320027686655521,0.8700456619262695,0.0215043555945158
479,occlusion,high,0.06405860930681229,0.6845250129699707,19.478235244750977,0.00017285947978962213,0.008439362980425358,0.00028573788586072624,0.9911019802093506
480,salt_pepper,high,0.03900564834475517,0.8163094520568848,24.891035079956055,0.052294474095106125,0.8323665261268616,0.08235761523246765,0.03298136591911316
481,occlusion,medium,0.048619940876960754,0.7915362119674683,23.52069854736328,0.014579870738089085,0.03537243604660034,0.007145094219595194,0.9429025650024414
482,occlusion,medium,0.04312539100646973,0.7849749326705933,23.818603515625,0.0001919802452903241,0.009691423736512661,0.0004835495783481747,0.9896330833435059
483,clean,none,0.009681176394224167,0.985866904258728,37.11175537109375,0.6429799199104309,0.037013500928878784,0.23955419659614563,0.08045236021280289
484,occlusion,medium,0.03832712769508362,0.8269853591918945,23.767969131469727,0.0007834133575670421,0.01818034052848816,0.002064904198050499,0.9789712429046631
485,clean,none,0.0068880608305335045,0.9952424764633179,38.784244537353516,0.8376444578170776,0.042291417717933655,0.05881435051560402,0.06124969199299812
486,salt_pepper,high,0.034069083631038666,0.8477435111999512,26.511669158935547,0.034829169511795044,0.8850781917572021,0.05870058014988899,0.021392041817307472
487,occlusion,low,0.04132147133350372,0.7962656021118164,23.913257598876953,0.03632936254143715,0.06142393499612808,0.024938257411122322,0.8773084282875061
488,salt_pepper,low,0.06931781023740768,0.6534603834152222,20.980297088623047,0.12303254753351212,0.7063899636268616,0.09963604807853699,0.07094147801399231
489,clean,none,0.0033148673828691244,0.9983734488487244,46.878379821777344,0.9222833514213562,0.02071860432624817,0.016100766137242317,0.04089726135134697
490,clean,none,0.006528209429234266,0.9959897398948669,40.715240478515625,0.8204568028450012,0.02764328569173813,0.09473934024572372,0.05716051533818245
491,blur,medium,0.04608139395713806,0.7918127775192261,23.60536766052246,0.09287727624177933,0.014045814983546734,0.8683968782424927,0.024680031463503838
492,clean,none,0.007129347883164883,0.9953197836875916,40.6343994140625,0.8867699503898621,0.028064118698239326,0.02910316362977028,0.056062716990709305
493,clean,none,0.0061223432421684265,0.9957209825515747,41.045494079589844,0.8225446343421936,0.026861855760216713,0.09767625480890274,0.05291727930307388
494,occlusion,medium,0.05901645869016647,0.7728869318962097,20.936105728149414,0.00035577110247686505,0.009425682947039604,0.0015270357253029943,0.9886914491653442
495,salt_pepper,high,0.03948596864938736,0.7983652353286743,25.510053634643555,0.05905458331108093,0.8143216371536255,0.08780761808156967,0.03881616145372391
496,occlusion,high,0.08507190644741058,0.4499538838863373,17.174551010131836,0.0005563631420955062,0.011080068536102772,0.0003882494638673961,0.9879752993583679
497,salt_pepper,medium,0.03494385629892349,0.8427621722221375,26.11150550842285,0.041265714913606644,0.8587608933448792,0.0719098448753357,0.028063572943210602
498,blur,low,0.05123261362314224,0.7896305918693542,22.86371421813965,0.13550037145614624,0.014189020730555058,0.8291341662406921,0.02117648720741272
499,salt_pepper,high,0.049152567982673645,0.7459439039230347,23.697174072265625,0.050117745995521545,0.8385568857192993,0.07909304648637772,0.03223227337002754
500,salt_pepper,high,0.061966173350811005,0.7505459189414978,21.709228515625,0.04232727736234665,0.8622458577156067,0.06902125477790833,0.026405639946460724
501,occlusion,low,0.09714516252279282,0.6420836448669434,18.06279182434082,0.1352728307247162,0.08350395411252975,0.04023084416985512,0.7409924268722534
502,occlusion,low,0.046320170164108276,0.7235894203186035,23.44530487060547,0.058812644332647324,0.06457912921905518,0.019711744040250778,0.8568965196609497
503,clean,none,0.007333411835134029,0.9937012195587158,39.54883575439453,0.8135556578636169,0.026834525167942047,0.1044774055480957,0.055132463574409485
504,blur,high,0.029557108879089355,0.8451566100120544,25.161745071411133,0.10423929989337921,0.012936736457049847,0.8593809008598328,0.023443084210157394
505,clean,none,0.005933004431426525,0.9959431886672974,41.4647216796875,0.8439429402351379,0.04086871072649956,0.044057637453079224,0.07113073766231537
506,salt_pepper,medium,0.05855604261159897,0.6300582885742188,21.269123077392578,0.043878886848688126,0.8537474274635315,0.0733647421002388,0.029008910059928894
507,clean,none,0.0033609706442803144,0.9982163310050964,44.85908508300781,0.8840182423591614,0.024532461538910866,0.0339023619890213,0.05754693225026131
508,clean,none,0.008297767490148544,0.99411940574646,38.7561149597168,0.8176674246788025,0.03169448673725128,0.08440691977739334,0.06623118370771408
509,salt_pepper,high,0.10204236209392548,0.6750554442405701,17.82636260986328,0.06522887945175171,0.7961493134498596,0.09750499576330185,0.0411168709397316
510,blur,low,0.025017298758029938,0.9169697761535645,28.32564353942871,0.16652485728263855,0.016201231628656387,0.7917125225067139,0.025561362504959106
511,blur,high,0.0447068028151989,0.7990580797195435,23.769302368164062,0.09702225774526596,0.012028960511088371,0.8696553111076355,0.021293524652719498
512,salt_pepper,high,0.05529860779643059,0.629429042339325,22.473838806152344,0.048447586596012115,0.8454914689064026,0.07532108575105667,0.030739909037947655
513,blur,high,0.1032056212425232,0.4984445571899414,17.332130432128906,0.09088625013828278,0.01411577221006155,0.8698699474334717,0.02512814663350582
514,salt_pepper,high,0.030898317694664,0.7508253455162048,27.550899505615234,0.04192064329981804,0.8649894595146179,0.06800077855587006,0.02508920058608055
515,blur,medium,0.04157482087612152,0.7524711489677429,24.662569046020508,0.09805343300104141,0.012585288845002651,0.867128312587738,0.022232938557863235
516,blur,medium,0.03309758007526398,0.8468797206878662,25.387184143066406,0.0866258516907692,0.014470430091023445,0.8714509606361389,0.027452819049358368
517,salt_pepper,high,0.05089781805872917,0.7807000875473022,22.8974609375,0.04757906496524811,0.8470156788825989,0.07508602738380432,0.030319232493638992
518,occlusion,high,0.05330269783735275,0.6298824548721313,20.565614700317383,0.002716307295486331,0.024161307141184807,0.005556412041187286,0.9675659537315369
519,occlusion,medium,0.05626372620463371,0.6632903814315796,21.827409744262695,0.000589395931456238,0.013711723499000072,0.0007334185647778213,0.984965443611145
520,occlusion,medium,0.05861566215753555,0.6332830786705017,21.188087463378906,0.0005486122681759298,0.02198438160121441,0.001194578013382852,0.9762725234031677
521,occlusion,low,0.045378491282463074,0.8529431223869324,21.600217819213867,0.5285373330116272,0.10097895562648773,0.03942549601197243,0.33105823397636414
522,blur,low,0.03312576562166214,0.8627766370773315,26.447498321533203,0.126227006316185,0.0145610012114048,0.8358303904533386,0.023381678387522697
523,occlusion,high,0.05756109952926636,0.6551607847213745,20.316171646118164,0.0006686790729872882,0.01598827727138996,0.0005543665611185133,0.9827887415885925
524,blur,medium,0.0682988166809082,0.5622507333755493,21.090496063232422,0.09168823808431625,0.013229028321802616,0.8718200325965881,0.02326267585158348
525,clean,none,0.010331759229302406,0.9941069483757019,37.21247863769531,0.8632739186286926,0.031240927055478096,0.04390368610620499,0.06158142164349556
526,occlusion,low,0.06197010725736618,0.7531996965408325,19.942907333374023,0.37063083052635193,0.09029825031757355,0.0477081723511219,0.49136272072792053
527,occlusion,high,0.041040629148483276,0.6758790016174316,24.712963104248047,0.0005612577660940588,0.008892552927136421,0.0020671163219958544,0.9884790778160095
528,blur,medium,0.0372147262096405,0.735864520072937,25.243453979492188,0.09764687716960907,0.012501510791480541,0.867832362651825,0.022019358351826668
529,salt_pepper,high,0.05294681712985039,0.7281830310821533,23.2723388671875,0.04249315708875656,0.8665388226509094,0.06389666348695755,0.027071399614214897
530,clean,none,0.004691782873123884,0.9982168078422546,43.53386688232422,0.9056586623191833,0.020399408414959908,0.03424636274576187,0.03969557210803032
531,occlusion,high,0.06628751009702682,0.5638313293457031,20.324844360351562,0.0007011882262304425,0.013655164279043674,0.0005257933516986668,0.9851179122924805
532,occlusion,high,0.13868801295757294,0.4796397387981415,13.538985252380371,0.00010027692042058334,0.005734259728342295,0.00012545305071398616,0.9940400123596191
533,salt_pepper,medium,0.05374365299940109,0.7328154444694519,22.58058738708496,0.032833926379680634,0.8857558965682983,0.06019163131713867,0.02121848240494728
534,blur,low,0.04070386663079262,0.7933771014213562,24.621402740478516,0.14229919016361237,0.015038080513477325,0.8190883994102478,0.023574361577630043
535,salt_pepper,low,0.03984671086072922,0.8367377519607544,24.537351608276367,0.04305465146899223,0.8556802868843079,0.07216206192970276,0.02910299226641655
536,clean,none,0.006371445953845978,0.9944559931755066,40.84656524658203,0.8246747255325317,0.027213074266910553,0.09523674100637436,0.05287539213895798
537,salt_pepper,high,0.047939084470272064,0.7873985171318054,23.612939834594727,0.04456217959523201,0.8525906801223755,0.07361635565757751,0.029230814427137375
538,clean,none,0.005968102719634771,0.9969083666801453,41.24005889892578,0.8571635484695435,0.027574272826313972,0.05448247119784355,0.060779690742492676
539,clean,none,0.006672197487205267,0.9951815009117126,40.35286331176758,0.807073175907135,0.02501273900270462,0.12052112072706223,0.04739300161600113
540,salt_pepper,high,0.032905809581279755,0.7458989024162292,26.078838348388672,0.05828910320997238,0.8149222135543823,0.08910603076219559,0.03768264129757881
541,occlusion,medium,0.06455874443054199,0.5313580632209778,20.51446533203125,0.0004858759930357337,0.015621231868863106,0.0008604382746852934,0.9830324649810791
542,salt_pepper,low,0.07328677177429199,0.6268380880355835,20.424938201904297,0.08810130506753922,0.7644250392913818,0.09129244089126587,0.05618114769458771
543,clean,none,0.005061827600002289,0.9974201917648315,43.48615646362305,0.8552626967430115,0.022829562425613403,0.05876536667346954,0.06314240396022797
544,blur,high,0.05271364375948906,0.7126128077507019,22.379825592041016,0.10842397063970566,0.013650376349687576,0.8530872464179993,0.02483847178518772
545,occlusion,medium,0.0744938850402832,0.6404447555541992,19.25290870666504,0.0005848050350323319,0.016391310840845108,0.0007936796173453331,0.9822301864624023
546,salt_pepper,high,0.05917471647262573,0.7539418935775757,21.44334602355957,0.04386284202337265,0.8585700392723083,0.06971823424100876,0.02784890867769718
547,salt_pepper,medium,0.04756281524896622,0.7683185935020447,23.505666732788086,0.039985354989767075,0.8668757081031799,0.06799627840518951,0.025142639875411987
548,occlusion,high,0.09892074763774872,0.4781600832939148,16.69023323059082,9.924128971761093e-05,0.010556269437074661,0.00012255327601451427,0.9892219305038452
549,clean,none,0.005770263262093067,0.9937527179718018,40.3585090637207,0.7492446899414062,0.030623629689216614,0.1603419929742813,0.05978967621922493
550,blur,medium,0.03595275804400444,0.7935266494750977,26.04405403137207,0.0982668474316597,0.015878478065133095,0.8588649034500122,0.026989735662937164
551,blur,high,0.040807317942380905,0.8558754324913025,24.386215209960938,0.10475950688123703,0.013194657862186432,0.8582670092582703,0.02377881482243538
552,blur,medium,0.044350042939186096,0.8133190870285034,23.7349796295166,0.09548855572938919,0.012106631882488728,0.8708943724632263,0.021510424092411995
553,salt_pepper,high,0.031575653702020645,0.776552140712738,27.055265426635742,0.044027894735336304,0.8562984466552734,0.07236134260892868,0.027312258258461952
554,occlusion,medium,0.04207666963338852,0.8229302763938904,23.111600875854492,0.00011724526120815426,0.00727452477440238,0.00017242782632820308,0.992435872554779
555,blur,high,0.053302597254514694,0.7353734374046326,21.5877685546875,0.09739670902490616,0.012881355360150337,0.867569088935852,0.022152869030833244
556,occlusion,medium,0.08139219880104065,0.4855256974697113,19.186717987060547,0.0012368824100121856,0.023865608498454094,0.001732998644001782,0.9731644988059998
557,blur,medium,0.06907056272029877,0.8258532285690308,20.216615676879883,0.09544207155704498,0.012394331395626068,0.8698262572288513,0.022337250411510468
558,occlusion,low,0.043161824345588684,0.7837228775024414,23.40887451171875,0.042213499546051025,0.06096738949418068,0.009420870803296566,0.8873981833457947
559,occlusion,low,0.03559938818216324,0.7883813381195068,25.456905364990234,0.02535887062549591,0.06136181205511093,0.012330794706940651,0.9009485840797424
560,blur,high,0.03268875926733017,0.8317859172821045,26.323392868041992,0.09833978116512299,0.012884716503322124,0.8659196496009827,0.0228558536618948
561,clean,none,0.004851566161960363,0.995550274848938,42.51106262207031,0.82125324010849,0.030154243111610413,0.07562970370054245,0.07296287268400192
562,occlusion,medium,0.051379989832639694,0.8351469039916992,22.327444076538086,4.115064803045243e-05,0.005647602956742048,0.0001311773230554536,0.9941800832748413
563,salt_pepper,medium,0.029452335089445114,0.8166572451591492,27.067182540893555,0.03344936668872833,0.8849554061889648,0.06032916530966759,0.02126607671380043
564,occlusion,high,0.097590371966362,0.5201758742332458,16.52737045288086,2.3668055291636847e-05,0.006061214953660965,7.014619768597186e-05,0.9938449859619141
565,clean,none,0.009067653678357601,0.992301881313324,38.200748443603516,0.7411299347877502,0.028223732486367226,0.1688895970582962,0.06175681948661804
566,blur,low,0.028414741158485413,0.8834853172302246,27.68338966369629,0.1389966607093811,0.015467585064470768,0.8201993107795715,0.025336457416415215
567,blur,high,0.03122551739215851,0.848537802696228,26.912647247314453,0.09980212897062302,0.01321370154619217,0.863183319568634,0.023800842463970184
568,clean,none,0.00401932280510664,0.9969443678855896,43.998069763183594,0.8810421824455261,0.021526174619793892,0.04367050155997276,0.05376109108328819
569,blur,high,0.047267019748687744,0.6821669936180115,23.593311309814453,0.09939611703157425,0.013416057452559471,0.8630144000053406,0.02417338639497757
570,blur,high,0.02476123534142971,0.8564299941062927,28.176525115966797,0.0997469499707222,0.012961924076080322,0.8646658062934875,0.022625355049967766
571,clean,none,0.005146319977939129,0.9966089129447937,43.03998947143555,0.8355715870857239,0.03314743936061859,0.04566316679120064,0.08561786264181137
572,salt_pepper,medium,0.037201397120952606,0.6831244826316833,25.89278221130371,0.04818648472428322,0.8444740772247314,0.07618694007396698,0.031152473762631416
573,blur,low,0.05037549138069153,0.7811643481254578,23.371732711791992,0.1499800682067871,0.018615933135151863,0.8046945333480835,0.026709474623203278
574,blur,high,0.0517609529197216,0.7503107786178589,22.1815185546875,0.08960755914449692,0.014566205441951752,0.8696386218070984,0.026187676936388016
575,clean,none,0.008747930638492107,0.9935101270675659,38.17157745361328,0.8657769560813904,0.03150099515914917,0.037849005311727524,0.06487307697534561
576,salt_pepper,high,0.027288075536489487,0.8098465800285339,27.645580291748047,0.027523476630449295,0.9090609550476074,0.04681605100631714,0.016599604859948158
577,clean,none,0.004017071332782507,0.9961667060852051,44.50954055786133,0.8779584169387817,0.025805961340665817,0.04486255720257759,0.051373161375522614
578,clean,none,0.0026992743369191885,0.9988111853599548,48.23452377319336,0.917232871055603,0.019606541842222214,0.023020047694444656,0.040140554308891296
579,blur,low,0.042448751628398895,0.832182765007019,24.489227294921875,0.16251017153263092,0.0154445581138134,0.7981975078582764,0.02384774014353752
580,blur,medium,0.03845718502998352,0.8739922046661377,25.352956771850586,0.09538066387176514,0.011882086284458637,0.8719694018363953,0.0207678135484457
581,clean,none,0.005438170395791531,0.9976553916931152,42.287410736083984,0.8819849491119385,0.024139218032360077,0.04315132647752762,0.05072450637817383
582,clean,none,0.002590915886685252,0.9991655349731445,48.7215576171875,0.9301875233650208,0.016560101881623268,0.018626660108566284,0.03462572395801544
583,salt_pepper,medium,0.0651741474866867,0.7606518268585205,21.062328338623047,0.03822179511189461,0.8699654340744019,0.06680499762296677,0.025007760152220726
584,blur,high,0.05118422210216522,0.7177553176879883,22.365989685058594,0.09264790266752243,0.012553480453789234,0.872402012348175,0.02239653281867504
585,occlusion,medium,0.054965995252132416,0.7225205302238464,21.97381591796875,0.06000650301575661,0.07696468383073807,0.008730127476155758,0.8542986512184143
586,clean,none,0.005977505352348089,0.9980053901672363,41.20569610595703,0.9027649164199829,0.027621837332844734,0.01910512149333954,0.05050817131996155
587,occlusion,medium,0.05457540601491928,0.7060426473617554,21.76549530029297,0.001494760625064373,0.0271610077470541,0.0016773948445916176,0.9696669578552246
588,occlusion,medium,0.06350252032279968,0.707146167755127,19.862506866455078,0.0018418714171275496,0.016598081216216087,0.0011253154370933771,0.980434775352478
589,salt_pepper,low,0.053254347294569016,0.7401465177536011,22.320043563842773,0.05714400112628937,0.8309627771377563,0.0732901468873024,0.03860313072800636
590,occlusion,medium,0.04488011449575424,0.6554194092750549,23.043041229248047,0.014865312725305557,0.032215144485235214,0.0069669391959905624,0.9459525346755981
591,blur,high,0.034689854830503464,0.8243588805198669,25.85466194152832,0.09441985189914703,0.012193487025797367,0.8721312880516052,0.021255385130643845
592,occlusion,low,0.0315047949552536,0.8404116630554199,25.436716079711914,0.003302266588434577,0.0235927514731884,0.0019964626990258694,0.971108615398407
593,salt_pepper,medium,0.06645625829696655,0.7385009527206421,21.094654083251953,0.05018477886915207,0.8355543613433838,0.07979981601238251,0.034461066126823425
594,clean,none,0.01075317244976759,0.9906272888183594,36.37471008300781,0.781619668006897,0.03103911504149437,0.12795108556747437,0.05939014256000519
595,occlusion,low,0.05199602246284485,0.768891453742981,21.759889602661133,0.21050941944122314,0.08981361985206604,0.036166466772556305,0.6635105013847351
596,clean,none,0.004279274493455887,0.997583270072937,43.900142669677734,0.8865249156951904,0.023081736639142036,0.041031207889318466,0.049362145364284515
597,clean,none,0.007738023065030575,0.9947001934051514,38.907005310058594,0.8532706499099731,0.0361187607049942,0.038872990757226944,0.07173755019903183
598,clean,none,0.004919132683426142,0.9974080324172974,42.58546447753906,0.8637790083885193,0.026625562459230423,0.05602116882801056,0.053574226796627045
599,clean,none,0.006943249609321356,0.993905782699585,40.31432342529297,0.7902535796165466,0.03470701724290848,0.10193135589361191,0.07310806214809418
600,occlusion,low,0.02763165533542633,0.8573824763298035,26.485918045043945,0.06879989057779312,0.06952249258756638,0.021745754405856133,0.8399319052696228
601,salt_pepper,high,0.05363009124994278,0.6779004335403442,23.243675231933594,0.030648784711956978,0.8982352018356323,0.05284661427140236,0.018269449472427368
602,clean,none,0.018144886940717697,0.9508854746818542,32.194820404052734,0.3955594003200531,0.035181690007448196,0.5128610134124756,0.056397926062345505
603,clean,none,0.0035324960481375456,0.9983501434326172,46.3782844543457,0.8760992288589478,0.02205527201294899,0.053989410400390625,0.04785604774951935
604,blur,high,0.026985879987478256,0.8986010551452637,28.92758560180664,0.09993068128824234,0.014989233575761318,0.8585351705551147,0.026544997468590736
605,clean,none,0.0037208718713372946,0.9985411167144775,46.02906799316406,0.8798360824584961,0.026192065328359604,0.03972107544541359,0.05425077676773071
606,occlusion,high,0.0686073750257492,0.6456774473190308,19.220130920410156,5.8927744248649105e-05,0.005783677566796541,0.00016061373753473163,0.9939967393875122
607,salt_pepper,medium,0.05909806489944458,0.8601247668266296,21.079700469970703,0.04213591665029526,0.8628135323524475,0.06836560368537903,0.02668488211929798
608,salt_pepper,medium,0.03246676176786423,0.9104347229003906,27.970333099365234,0.02949097566306591,0.8962575793266296,0.05596716329455376,0.018284184858202934
609,clean,none,0.02229113131761551,0.9426267147064209,28.56400489807129,0.37735167145729065,0.02942676655948162,0.5432402491569519,0.04998126998543739
610,blur,low,0.05124830827116966,0.847567081451416,22.66628646850586,0.12878984212875366,0.013381230644881725,0.8362428545951843,0.021586071699857712
611,occlusion,medium,0.07968028634786606,0.7349106669425964,17.994548797607422,0.00019889786199200898,0.007592976558953524,0.00034664227860048413,0.9918614625930786
612,clean,none,0.020686982199549675,0.971979558467865,31.57989501953125,0.7153139114379883,0.0361119769513607,0.1802738606929779,0.06830020248889923
613,occlusion,medium,0.06933184713125229,0.6608747243881226,20.54598617553711,0.000707849976606667,0.020614933222532272,0.0012706927955150604,0.9774065017700195
614,blur,low,0.06268145143985748,0.7157496213912964,21.042158126831055,0.16906017065048218,0.019646795466542244,0.7822803854942322,0.02901262417435646
615,salt_pepper,low,0.030816029757261276,0.877311110496521,27.560165405273438,0.04539037495851517,0.8525488972663879,0.07277937233448029,0.029281282797455788
616,clean,none,0.006922355853021145,0.996214747428894,41.33661651611328,0.7346546649932861,0.03545191511511803,0.1405186802148819,0.08937475085258484
617,occlusion,low,0.02949761413037777,0.8148418664932251,26.9516544342041,0.02289390005171299,0.0814339816570282,0.03019426390528679,0.8654778003692627
618,blur,low,0.03300857171416283,0.8598822951316833,25.801799774169922,0.1317276805639267,0.01776508055627346,0.8214670419692993,0.029040206223726273
619,salt_pepper,medium,0.03942679613828659,0.8122429847717285,24.7752742767334,0.04451954364776611,0.851279616355896,0.07492005079984665,0.0292807724326849
620,blur,low,0.03086637519299984,0.8445858955383301,27.18145751953125,0.11461716145277023,0.01568002626299858,0.844211995601654,0.025490840896964073
621,clean,none,0.006911624222993851,0.9970800876617432,39.968345642089844,0.8737081289291382,0.04503624886274338,0.026258355006575584,0.054997269064188004
622,blur,medium,0.01856643706560135,0.9320859909057617,29.96457862854004,0.10683875530958176,0.01296341884881258,0.8572400212287903,0.022957822307944298
623,clean,none,0.005177946761250496,0.9967982172966003,43.179874420166016,0.8589064478874207,0.028446728363633156,0.05448971316218376,0.05815713107585907
624,clean,none,0.008039552718400955,0.9943064451217651,39.410728454589844,0.8348284959793091,0.03030954860150814,0.07433594018220901,0.06052597984671593
625,blur,low,0.04829563945531845,0.8192777037620544,22.851642608642578,0.11434679478406906,0.012492907233536243,0.8531199097633362,0.020040320232510567
626,blur,medium,0.042696356773376465,0.8404666781425476,24.65670394897461,0.09797429293394089,0.013187089934945107,0.8652075529098511,0.023631105199456215
627,salt_pepper,low,0.027603033930063248,0.8793229460716248,27.962791442871094,0.05179238319396973,0.831734836101532,0.08304780721664429,0.03342507779598236
628,salt_pepper,medium,0.025267157703638077,0.8719121217727661,29.275901794433594,0.04836444929242134,0.8426142334938049,0.07884961366653442,0.03017169050872326
629,blur,low,0.022097300738096237,0.8843861818313599,30.243305206298828,0.10712083429098129,0.014695389196276665,0.8538653254508972,0.024318454787135124
630,occlusion,medium,0.0329098254442215,0.8006010055541992,26.184104919433594,0.0005179099971428514,0.013673033565282822,0.0006636758917011321,0.9851454496383667
631,clean,none,0.008358368650078773,0.9912800788879395,39.251495361328125,0.7528045773506165,0.03643369674682617,0.1338980346918106,0.07686375081539154
632,clean,none,0.006593683734536171,0.9949845671653748,40.75934600830078,0.7888267040252686,0.031274523586034775,0.11284785717725754,0.06705094873905182
633,clean,none,0.00640998687595129,0.9932369589805603,41.375389099121094,0.7877376675605774,0.03177221491932869,0.11582817882299423,0.064661905169487
634,blur,high,0.030944688245654106,0.8596465587615967,27.059585571289062,0.09532594680786133,0.012940486893057823,0.8686801791191101,0.023053331300616264
635,clean,none,0.006767259445041418,0.9937314391136169,40.84905242919922,0.7999327182769775,0.02808309532701969,0.11432396620512009,0.05766024813055992
636,occlusion,high,0.048517145216464996,0.700999915599823,21.720903396606445,0.00010352022218285128,0.006809554994106293,0.00022950675338506699,0.9928573369979858
637,clean,none,0.005727346520870924,0.9970611333847046,40.682037353515625,0.8236346244812012,0.026405274868011475,0.09283988922834396,0.05712020397186279
638,blur,medium,0.020894212648272514,0.9167499542236328,30.78364372253418,0.10234660655260086,0.013527778908610344,0.8604403138160706,0.023685356602072716
639,occlusion,low,0.0402718111872673,0.8589138388633728,23.132402420043945,0.02330136112868786,0.0600382536649704,0.04499954357743263,0.8716607689857483
640,blur,low,0.026660829782485962,0.9156028032302856,28.097919464111328,0.10259728133678436,0.012249425984919071,0.864867091178894,0.02028624899685383
641,clean,none,0.006766752805560827,0.9946914911270142,40.45259475708008,0.7934613823890686,0.03372826427221298,0.09824864566326141,0.07456173002719879
642,occlusion,low,0.04346173256635666,0.8481950759887695,23.329818725585938,0.04369973763823509,0.045866142958402634,0.008771004155278206,0.901663064956665
643,occlusion,high,0.07928399741649628,0.7287179231643677,18.67414093017578,4.293258371035336e-06,0.0027593409176915884,1.8410628399578854e-05,0.9972178936004639
644,occlusion,high,0.08371927589178085,0.6616519093513489,16.514892578125,7.148293661884964e-05,0.005122183356434107,0.00021491428196895868,0.9945912957191467
645,occlusion,medium,0.0509607307612896,0.7317082285881042,21.31800651550293,0.0056543126702308655,0.054485123604536057,0.0037233075127005577,0.9361372590065002
646,clean,none,0.005377364810556173,0.9927934408187866,42.894710540771484,0.7423192858695984,0.0305088572204113,0.15988101065158844,0.0672907829284668
647,occlusion,low,0.0386388823390007,0.8232108950614929,25.56439208984375,0.007482592016458511,0.030934249982237816,0.009328034706413746,0.952255129814148
648,salt_pepper,medium,0.018879804760217667,0.9041544795036316,32.31227111816406,0.04729462042450905,0.8447411060333252,0.07842705398797989,0.029537227004766464
649,salt_pepper,low,0.03652237728238106,0.8388074636459351,25.511821746826172,0.04300661012530327,0.8512955904006958,0.07494150847196579,0.03075626865029335
650,occlusion,low,0.050242286175489426,0.7511937022209167,23.418323516845703,0.07393322885036469,0.0796973705291748,0.024478577077388763,0.8218908309936523
651,occlusion,high,0.05228668451309204,0.6943782567977905,21.303897857666016,0.002246893709525466,0.01894303597509861,0.004263617098331451,0.9745464324951172
652,clean,none,0.01750190742313862,0.9800288081169128,32.732547760009766,0.6490649580955505,0.03107602894306183,0.25708872079849243,0.0627702996134758
653,blur,low,0.03580678999423981,0.8587526679039001,25.845901489257812,0.11417420208454132,0.016187284141778946,0.8440043330192566,0.025634197518229485
654,occlusion,medium,0.02527834102511406,0.9032704830169678,27.48834991455078,0.0032139874529093504,0.022301847115159035,0.005321145057678223,0.9691630005836487
655,occlusion,medium,0.06174179166555405,0.7962772846221924,20.93948745727539,0.0010961269726976752,0.01940743438899517,0.00106985738966614,0.9784265756607056
656,occlusion,low,0.06557416915893555,0.5872740745544434,20.56072235107422,0.038205284625291824,0.07164856791496277,0.008514143526554108,0.8816320300102234
657,blur,low,0.045882150530815125,0.866813063621521,22.719200134277344,0.16718830168247223,0.02831009402871132,0.7604644298553467,0.044037114828825
658,clean,none,0.010965347290039062,0.9817715883255005,36.13928985595703,0.565459668636322,0.03508271649479866,0.33436962962150574,0.0650879368185997
659,blur,medium,0.0321074053645134,0.91020268201828,27.05343246459961,0.09310024231672287,0.012745412066578865,0.8710727095603943,0.023081690073013306
660,occlusion,low,0.04421136900782585,0.8240148425102234,21.98714828491211,0.08850559592247009,0.07670249789953232,0.036187976598739624,0.798603892326355
661,salt_pepper,high,0.03841527923941612,0.8345398902893066,25.607603073120117,0.03312823921442032,0.8904987573623657,0.05655016377568245,0.019822746515274048
662,blur,low,0.026042796671390533,0.9157627820968628,29.221010208129883,0.10689336061477661,0.013541786931455135,0.8570189476013184,0.022545799612998962
663,blur,high,0.03349870815873146,0.8954461812973022,26.92624282836914,0.09742336720228195,0.01228298805654049,0.8679031729698181,0.022390492260456085
664,clean,none,0.007129771169275045,0.992654025554657,40.93267822265625,0.8329802751541138,0.03380235657095909,0.06157253682613373,0.07164482027292252
665,blur,low,0.03393038734793663,0.8535293936729431,26.883121490478516,0.12203070521354675,0.01644018106162548,0.8363584876060486,0.02517062798142433
666,occlusion,low,0.03427550196647644,0.8327608108520508,25.85369110107422,0.041895437985658646,0.07640141993761063,0.04149867221713066,0.8402045369148254
667,occlusion,medium,0.04721299931406975,0.710749626159668,20.625289916992188,0.000356319680577144,0.014220650307834148,0.00040845631156116724,0.9850146174430847
668,blur,low,0.03158744052052498,0.8721768856048584,26.75694465637207,0.10702908039093018,0.017579874023795128,0.8477164506912231,0.02767452970147133
669,blur,low,0.044253528118133545,0.8768881559371948,22.40032958984375,0.12773719429969788,0.02300422638654709,0.812530517578125,0.036727990955114365
670,blur,medium,0.035878799855709076,0.8820721507072449,25.958683013916016,0.09316236525774002,0.012082429602742195,0.8709447383880615,0.023810474202036858
671,occlusion,medium,0.04187092185020447,0.8240370154380798,23.69805908203125,0.006623794324696064,0.04262544587254524,0.005902603268623352,0.9448481202125549
672,occlusion,low,0.0358782634139061,0.8656818866729736,24.963260650634766,0.13002485036849976,0.07459310442209244,0.06387641280889511,0.7315056324005127
673,blur,low,0.022594541311264038,0.9083535075187683,29.987003326416016,0.17865552008152008,0.020640850067138672,0.7640715837478638,0.036632053554058075
674,salt_pepper,high,0.0273476280272007,0.7982136607170105,28.747478485107422,0.04801144823431969,0.8501690626144409,0.07246840745210648,0.029351133853197098
675,blur,medium,0.027623876929283142,0.9239447116851807,29.003948211669922,0.10267110168933868,0.012526145204901695,0.862710177898407,0.022092623636126518
676,occlusion,low,0.096649669110775,0.7297071814537048,18.012311935424805,0.034683577716350555,0.04843601956963539,0.009207770228385925,0.907672643661499
677,blur,low,0.03307030722498894,0.8560407161712646,26.985095977783203,0.13112148642539978,0.014289635233581066,0.8314853310585022,0.023103434592485428
678,clean,none,0.010072300210595131,0.9929968118667603,37.59297180175781,0.6834126114845276,0.03037923015654087,0.22346317768096924,0.06274501979351044
679,clean,none,0.0064794826321303844,0.9951912760734558,39.52792739868164,0.8006939888000488,0.030912602320313454,0.10245176404714584,0.06594160199165344
680,occlusion,high,0.0648113414645195,0.7596091032028198,19.34969711303711,3.5347111406736076e-06,0.001758467755280435,1.9564595277188346e-05,0.9982184767723083
681,blur,high,0.05083562061190605,0.7834150791168213,22.444931030273438,0.10403205454349518,0.014806931838393211,0.8548043370246887,0.02635662630200386
682,occlusion,medium,0.06083448976278305,0.6958409547805786,20.13475227355957,0.002511942060664296,0.026219286024570465,0.002353308256715536,0.9689154028892517
683,salt_pepper,medium,0.036212071776390076,0.8266327381134033,25.639881134033203,0.03675546124577522,0.8792070746421814,0.06133558973670006,0.022701844573020935
684,clean,none,0.0035798882599920034,0.9979089498519897,45.935455322265625,0.8917121291160583,0.025900909677147865,0.029966657981276512,0.052420273423194885
685,blur,high,0.040656816214323044,0.7506273984909058,25.117223739624023,0.09495673328638077,0.014805877581238747,0.8637300729751587,0.026507342234253883
686,clean,none,0.007169141434133053,0.9938714504241943,39.98905563354492,0.7590610384941101,0.03700202330946922,0.13012829422950745,0.0738086849451065
687,occlusion,low,0.043467871844768524,0.85878986120224,23.45098876953125,0.10099370032548904,0.09604880958795547,0.05029413104057312,0.7526633739471436
688,blur,high,0.051923155784606934,0.8497813940048218,21.39743995666504,0.11411789059638977,0.0220912117511034,0.8249087929725647,0.03888207674026489
689,blur,low,0.03488462418317795,0.7865434885025024,27.029075622558594,0.1192498430609703,0.017562147229909897,0.8366684913635254,0.02651958540081978
690,occlusion,low,0.06312680244445801,0.7083123922348022,19.902565002441406,0.006865122355520725,0.05333767458796501,0.005763050634413958,0.9340342283248901
691,blur,high,0.02915310487151146,0.8572455644607544,27.46793556213379,0.09312845021486282,0.015605303458869457,0.8637692332267761,0.0274970680475235
692,blur,high,0.029062962159514427,0.7316869497299194,27.894912719726562,0.09983907639980316,0.014891600236296654,0.8592294454574585,0.02603987790644169
693,clean,none,0.003158554434776306,0.9991858005523682,47.627750396728516,0.9085776805877686,0.01788756065070629,0.030652012676000595,0.04288274049758911
694,occlusion,high,0.04928290843963623,0.7822741866111755,19.357463836669922,0.00018860696582123637,0.012287376448512077,0.0005641653551720083,0.9869598746299744
695,clean,none,0.005732519086450338,0.9967823028564453,42.46260070800781,0.8080562353134155,0.025602448731660843,0.11006589233875275,0.05627543106675148
696,occlusion,high,0.03887194022536278,0.8389579653739929,21.408987045288086,2.656902552189422e-06,0.001456021680496633,9.1569254436763e-06,0.9985321760177612
697,clean,none,0.008272569626569748,0.9931744337081909,38.34151840209961,0.7900354266166687,0.035650476813316345,0.08854611963033676,0.085767962038517
698,blur,medium,0.01350877434015274,0.9361180663108826,33.577857971191406,0.09527089446783066,0.012731406837701797,0.8697803616523743,0.022217370569705963
699,blur,medium,0.03348919749259949,0.8754353523254395,26.760156631469727,0.09123758971691132,0.012397894635796547,0.874575674533844,0.021788842976093292
700,clean,none,0.004327596630901098,0.9976827502250671,44.50654602050781,0.8853586912155151,0.02514784038066864,0.038054823875427246,0.05143872648477554
701,blur,low,0.03241690248250961,0.858014702796936,27.24066925048828,0.12930543720722198,0.015143075957894325,0.8296641111373901,0.02588733844459057
702,occlusion,medium,0.04359518736600876,0.7396595478057861,22.60199737548828,0.008769704028964043,0.056173793971538544,0.002213316271081567,0.9328431487083435
703,clean,none,0.005033542402088642,0.9956711530685425,42.869564056396484,0.8513521552085876,0.02752814069390297,0.0649036392569542,0.05621599406003952
704,occlusion,high,0.06525939702987671,0.6925520896911621,19.35757064819336,0.0001746925263432786,0.00971436407417059,0.0004909532144665718,0.9896200299263
705,occlusion,high,0.0820203572511673,0.630230188369751,17.20998191833496,0.00036339942016638815,0.00845471490174532,0.0007732455851510167,0.9904086589813232
706,occlusion,high,0.12134160101413727,0.6833189725875854,16.30011558532715,0.0003063143230974674,0.00922716036438942,0.0009798987302929163,0.9894866943359375
707,blur,low,0.04408947378396988,0.7779413461685181,24.30706214904785,0.1600528508424759,0.021017849445343018,0.7878451347351074,0.03108414262533188
708,blur,low,0.039317380636930466,0.8504664301872253,24.93522834777832,0.1595762073993683,0.01852843537926674,0.7916793823242188,0.030215920880436897
709,occlusion,high,0.05850280076265335,0.656111478805542,19.73920440673828,0.0041952417232096195,0.02582993358373642,0.004603886511176825,0.9653708934783936
710,blur,low,0.029195740818977356,0.8001394271850586,27.95108413696289,0.18449711799621582,0.02458938956260681,0.731537401676178,0.059376075863838196
711,blur,medium,0.026750918477773666,0.9458972811698914,27.92873764038086,0.10191244632005692,0.011734078638255596,0.8667144179344177,0.0196390338242054
712,occlusion,high,0.05912506580352783,0.6348975896835327,19.944541931152344,1.1321248166495934e-05,0.004035158082842827,4.601128603098914e-05,0.9959075450897217
713,occlusion,medium,0.04558641463518143,0.7308486700057983,20.21148681640625,0.010295597836375237,0.03831423074007034,0.007853642106056213,0.9435364603996277
714,occlusion,medium,0.033705148845911026,0.7550116777420044,25.176162719726562,0.020748576149344444,0.051962632685899734,0.007115395274013281,0.9201734066009521
715,occlusion,low,0.056533269584178925,0.7040321230888367,21.147830963134766,0.07093039900064468,0.06606639176607132,0.017192978411912918,0.8458102345466614
716,occlusion,high,0.028951166197657585,0.8441764712333679,26.316219329833984,0.0025922211352735758,0.018269676715135574,0.0033719229977577925,0.9757663011550903
717,clean,none,0.01086627971380949,0.9735792875289917,36.17840576171875,0.6370682120323181,0.0477682463824749,0.1792493760585785,0.1359141319990158
718,clean,none,0.02795390784740448,0.9780644178390503,29.373210906982422,0.5049938559532166,0.035158123821020126,0.393279105424881,0.06656894832849503
719,salt_pepper,high,0.05815266817808151,0.7635349035263062,23.028606414794922,0.045516081154346466,0.8533950448036194,0.0728035643696785,0.028285380452871323
720,occlusion,medium,0.03715119510889053,0.7975249290466309,25.14913558959961,0.000301691354252398,0.011166303418576717,0.0004728989442810416,0.9880591034889221
721,salt_pepper,medium,0.057340435683727264,0.7048813700675964,20.793560028076172,0.033605825155973434,0.8850841522216797,0.0602574460208416,0.02105255424976349
722,blur,low,0.04009633883833885,0.8690929412841797,25.680543899536133,0.09904271364212036,0.012412678450345993,0.8678290247917175,0.02071557752788067
723,occlusion,medium,0.049776919186115265,0.6793457865715027,23.197011947631836,0.005178987048566341,0.030041873455047607,0.003352982457727194,0.9614260792732239
724,occlusion,low,0.04517006874084473,0.7708389163017273,23.008716583251953,0.06950073689222336,0.082619808614254,0.015481607057154179,0.8323978185653687
725,blur,high,0.03453341871500015,0.9070106744766235,25.475950241088867,0.10048171132802963,0.011990920640528202,0.8665463328361511,0.020981045439839363
726,blur,high,0.046670686453580856,0.7513513565063477,22.472415924072266,0.08523708581924438,0.014904427342116833,0.8698632717132568,0.029995210468769073
727,clean,none,0.006726376246660948,0.9943108558654785,40.871944427490234,0.8291093111038208,0.02569834142923355,0.09114407747983932,0.054048191756010056
728,occlusion,high,0.06376327574253082,0.725127100944519,20.106107711791992,0.031669799238443375,0.06934833526611328,0.023900054395198822,0.8750818371772766
729,clean,none,0.003360284026712179,0.9988683462142944,46.60144805908203,0.8954191207885742,0.02133270725607872,0.03829701989889145,0.04495113715529442
730,blur,medium,0.03840317577123642,0.833401083946228,25.63922119140625,0.091362863779068,0.013919777236878872,0.8690640926361084,0.025653202086687088
731,clean,none,0.00936221145093441,0.9799239039421082,37.83767318725586,0.6006690263748169,0.043751150369644165,0.2521217465400696,0.10345809161663055
732,clean,none,0.009168392047286034,0.9949538707733154,37.98703384399414,0.873393177986145,0.033187754452228546,0.03388724848628044,0.05953177809715271
733,occlusion,low,0.04001905769109726,0.88533616065979,20.51274299621582,0.23070013523101807,0.14331509172916412,0.01833323761820793,0.6076515316963196
734,salt_pepper,medium,0.021571900695562363,0.8328236937522888,31.054086685180664,0.02751183696091175,0.9041544795036316,0.050833817571401596,0.017499890178442
735,occlusion,medium,0.1406877487897873,0.7213889360427856,15.619763374328613,0.004043293185532093,0.027372347190976143,0.0033427532762289047,0.9652416110038757
736,occlusion,low,0.03951336815953255,0.872384786605835,18.654611587524414,0.6203547120094299,0.07152653485536575,0.014484655112028122,0.2936340570449829
737,clean,none,0.005810524802654982,0.9969803690910339,41.92120361328125,0.882998526096344,0.0246898103505373,0.035635024309158325,0.056676559150218964
738,clean,none,0.0017582878936082125,0.999426543712616,50.521728515625,0.9189785718917847,0.01843733713030815,0.019194988533854485,0.04338917136192322
739,salt_pepper,high,0.033075347542762756,0.8009761571884155,25.872278213500977,0.030061980709433556,0.9000473618507385,0.052044425159692764,0.017846176400780678
740,blur,low,0.039060719311237335,0.8086233139038086,25.463634490966797,0.12571488320827484,0.013586839661002159,0.8392959833145142,0.021402325481176376
741,salt_pepper,low,0.051781825721263885,0.7662135362625122,23.10333251953125,0.03386998549103737,0.8812271356582642,0.061825141310691833,0.023077841848134995
742,clean,none,0.006054087541997433,0.9953159689903259,42.03839111328125,0.8476952910423279,0.03392883762717247,0.04517638310790062,0.07319944351911545
743,occlusion,high,0.054994307458400726,0.6292167901992798,19.587499618530273,0.004542673006653786,0.023572180420160294,0.004700108431279659,0.9671849608421326
744,occlusion,low,0.037810541689395905,0.838219165802002,20.925525665283203,0.47334516048431396,0.10589858144521713,0.026053445413708687,0.39470288157463074
745,salt_pepper,high,0.017666663974523544,0.9122232794761658,28.960853576660156,0.02555953897535801,0.9146503806114197,0.044718146324157715,0.01507190428674221
746,clean,none,0.00859944336116314,0.9951106905937195,38.12331008911133,0.8525943160057068,0.03406498581171036,0.046994175761938095,0.06634654104709625
747,occlusion,high,0.056553274393081665,0.6435489654541016,20.658824920654297,0.0137633653357625,0.044207219034433365,0.00378945074044168,0.9382399320602417
748,blur,high,0.03608136996626854,0.829025149345398,25.97867774963379,0.09599637240171432,0.013073583133518696,0.8677099943161011,0.023220058530569077
749,salt_pepper,high,0.03972544148564339,0.8259131908416748,25.588159561157227,0.029677122831344604,0.9012827277183533,0.05110856890678406,0.01793152280151844
750,salt_pepper,medium,0.03419715166091919,0.8261672258377075,26.415565490722656,0.03438030555844307,0.8844435214996338,0.05961545929312706,0.021560749039053917
751,salt_pepper,medium,0.022810062393546104,0.9192349314689636,28.95798110961914,0.024322178214788437,0.9103355407714844,0.049802690744400024,0.015539628453552723
752,blur,low,0.04043426737189293,0.8168421983718872,25.383474349975586,0.1621246337890625,0.018986573442816734,0.789405345916748,0.02948344498872757
753,salt_pepper,medium,0.03880871832370758,0.7566615343093872,25.73067855834961,0.041699010878801346,0.8591417074203491,0.07096025347709656,0.02819903753697872
754,salt_pepper,medium,0.028264202177524567,0.8512865304946899,27.85836410522461,0.03431345149874687,0.8851910829544067,0.05958894267678261,0.0209064818918705
755,salt_pepper,medium,0.027413707226514816,0.7941029071807861,28.21954917907715,0.03397897630929947,0.8851600885391235,0.05970890074968338,0.02115204930305481
756,occlusion,medium,0.04412897676229477,0.7417876720428467,22.366352081298828,0.00035199179546907544,0.015857180580496788,0.0012113696429878473,0.9825794696807861
757,blur,low,0.03456982597708702,0.8322729468345642,26.177522659301758,0.12730306386947632,0.016274185851216316,0.8308742642402649,0.025548486039042473
758,clean,none,0.004065367393195629,0.997138500213623,45.07176971435547,0.8750925064086914,0.028045210987329483,0.04572776332497597,0.05113452300429344
759,occlusion,low,0.04263317584991455,0.8363621234893799,23.530969619750977,0.04253138601779938,0.06957690417766571,0.04395465925335884,0.84393709897995
760,blur,medium,0.037534065544605255,0.8124935030937195,25.303970336914062,0.07606524974107742,0.011763980612158775,0.8873133659362793,0.024857494980096817
761,clean,none,0.011999599635601044,0.9840558767318726,36.29242706298828,0.5371367335319519,0.031991805881261826,0.3648427724838257,0.0660286620259285
762,occlusion,medium,0.10488462448120117,0.5236018300056458,16.489898681640625,0.09090031683444977,0.08372165262699127,0.026699289679527283,0.7986788153648376
763,salt_pepper,medium,0.02895454876124859,0.9231982231140137,29.107807159423828,0.028825130313634872,0.9013837575912476,0.0521886982023716,0.01760241948068142
764,occlusion,low,0.044377923011779785,0.759093165397644,24.05818748474121,0.11064722388982773,0.09589003026485443,0.07637728750705719,0.7170854210853577
765,blur,high,0.03992384672164917,0.8397397994995117,25.320247650146484,0.10353067517280579,0.012286197394132614,0.8630844950675964,0.021098654717206955
766,clean,none,0.006644579581916332,0.994886040687561,39.56236267089844,0.833793580532074,0.030441951006650925,0.06429849565029144,0.0714658796787262
767,occlusion,low,0.052105508744716644,0.8448313474655151,20.78401756286621,0.033947911113500595,0.048605650663375854,0.005980039481073618,0.9114663600921631
768,salt_pepper,high,0.04037269949913025,0.7951008081436157,24.60272216796875,0.04087575897574425,0.8691385388374329,0.06553728878498077,0.02444837987422943
769,occlusion,high,0.0435078963637352,0.5906190276145935,23.89315414428711,0.0008656373247504234,0.018654584884643555,0.0009586146916262805,0.9795210957527161
770,salt_pepper,medium,0.055720340460538864,0.7152851819992065,22.210988998413086,0.039332691580057144,0.8722680807113647,0.06292147189378738,0.02547777257859707
771,clean,none,0.0105058578774333,0.9923747777938843,36.6529541015625,0.8010683059692383,0.03212206810712814,0.10281338542699814,0.06399617344141006
772,clean,none,0.00423735287040472,0.9951871633529663,42.03367614746094,0.6916325688362122,0.042133767157793045,0.1574060171842575,0.10882772505283356
773,blur,low,0.015158750116825104,0.9299533367156982,33.46025848388672,0.10577158629894257,0.013123763725161552,0.8588367700576782,0.022267894819378853
774,salt_pepper,low,0.03216656669974327,0.8046661615371704,27.5291748046875,0.022826384752988815,0.9056687951087952,0.05154917389154434,0.01995563507080078
775,clean,none,0.004289351403713226,0.9970955848693848,44.747291564941406,0.8641324639320374,0.025562524795532227,0.06097894161939621,0.04932613670825958
776,blur,high,0.03981393203139305,0.6998358964920044,24.538572311401367,0.09128275513648987,0.011573833413422108,0.8762525916099548,0.02089078724384308
777,occlusion,medium,0.051191382110118866,0.7415580153465271,21.532249450683594,0.10162480175495148,0.0751560851931572,0.015713801607489586,0.8075053095817566
778,salt_pepper,medium,0.029152676463127136,0.8892161250114441,28.14273452758789,0.030095567926764488,0.8960382342338562,0.055011726915836334,0.018854400143027306
779,salt_pepper,high,0.07093159854412079,0.6797432899475098,20.118976593017578,0.0403217189013958,0.8703139424324036,0.06374549120664597,0.025618894025683403
780,salt_pepper,high,0.03415333107113838,0.8472005724906921,26.43714141845703,0.03440641611814499,0.8844261765480042,0.059670742601156235,0.021496690809726715
781,clean,none,0.0035185799933969975,0.9982096552848816,46.16925048828125,0.8976304531097412,0.02276238054037094,0.03514798358082771,0.044459156692028046
782,salt_pepper,low,0.04476890712976456,0.8607915639877319,21.508638381958008,0.03405964374542236,0.8752856254577637,0.06658758223056793,0.02406717650592327
783,blur,medium,0.03678993880748749,0.878592848777771,26.2119140625,0.10153724998235703,0.012070080265402794,0.8658124804496765,0.02058020979166031
784,blur,high,0.02706899307668209,0.8205759525299072,27.740657806396484,0.09247676283121109,0.01423980575054884,0.865062952041626,0.028220482170581818
785,blur,high,0.031836532056331635,0.8357099890708923,25.627910614013672,0.08630424737930298,0.014752031303942204,0.86503005027771,0.03391367569565773
786,occlusion,low,0.05319003388285637,0.8576287031173706,19.158103942871094,0.6572113633155823,0.07412339001893997,0.029507096856832504,0.23915812373161316
787,salt_pepper,high,0.0451352596282959,0.7113961577415466,23.79297637939453,0.04541643708944321,0.8537872433662415,0.07068831473588943,0.03010808676481247
788,blur,low,0.05563219636678696,0.7371718287467957,22.47150421142578,0.18257559835910797,0.020732847973704338,0.7645152807235718,0.032176315784454346
789,salt_pepper,low,0.03537852317094803,0.8153855800628662,26.016620635986328,0.03222784772515297,0.884231686592102,0.06157354265451431,0.021966969594359398
790,clean,none,0.0054695457220077515,0.9971415400505066,40.68879699707031,0.889114260673523,0.02572079934179783,0.03584722802042961,0.049317777156829834
791,occlusion,medium,0.07709705084562302,0.577625036239624,18.92231559753418,0.036952100694179535,0.05144941806793213,0.006666239351034164,0.9049322605133057
792,blur,high,0.03771171346306801,0.7520555257797241,24.91434097290039,0.10220012068748474,0.013788875192403793,0.8605038523674011,0.023507211357355118
793,occlusion,medium,0.08781436085700989,0.5943648219108582,18.35009002685547,0.005311233922839165,0.0378374382853508,0.0048773749731481075,0.9519739747047424
794,clean,none,0.007684342097491026,0.9925585985183716,39.66930389404297,0.8173894286155701,0.031234165653586388,0.08552494645118713,0.06585143506526947
795,salt_pepper,high,0.0465790256857872,0.7820004820823669,23.963804244995117,0.05022640898823738,0.8404849767684937,0.07675322890281677,0.03253535181283951
796,blur,high,0.038681529462337494,0.8508870601654053,25.179262161254883,0.09399194270372391,0.012835905887186527,0.8704865574836731,0.022685600444674492
797,salt_pepper,high,0.029886802658438683,0.8034900426864624,27.9360408782959,0.04508136585354805,0.8564952611923218,0.07013364136219025,0.02828971855342388
798,occlusion,high,0.10330158472061157,0.4768238961696625,15.652730941772461,6.792831118218601e-05,0.005856331437826157,7.761001324979588e-05,0.9939981698989868
799,clean,none,0.006692526862025261,0.9744905233383179,40.418434143066406,0.8620057106018066,0.02988709881901741,0.05385315790772438,0.05425400659441948
800,blur,medium,0.03833077475428581,0.8030835390090942,25.352088928222656,0.09568795561790466,0.014524300582706928,0.8645232915878296,0.025264421477913857
801,salt_pepper,medium,0.02900857850909233,0.876276969909668,27.868593215942383,0.021303510293364525,0.9211164116859436,0.04341736063361168,0.014162744395434856
802,blur,medium,0.037019118666648865,0.8152910470962524,25.251733779907227,0.09411556273698807,0.01563022844493389,0.8633508086204529,0.026903362944722176
803,blur,low,0.03263983502984047,0.8648293018341064,26.643808364868164,0.12325865775346756,0.015614806674420834,0.8375219106674194,0.02360455133020878
804,blur,medium,0.04629477858543396,0.7759770154953003,23.84850311279297,0.10047776997089386,0.012714468874037266,0.8642001152038574,0.02260775677859783
805,salt_pepper,medium,0.04480786249041557,0.828264594078064,24.471553802490234,0.037719517946243286,0.8712754845619202,0.06761348992586136,0.023391546681523323
806,blur,low,0.023823954164981842,0.895526647567749,28.850841522216797,0.16285906732082367,0.017424484714865685,0.792426586151123,0.027289899066090584
807,clean,none,0.0027800172101706266,0.9985577464103699,47.87004089355469,0.895473837852478,0.02372814528644085,0.03388206288218498,0.04691600427031517
808,clean,none,0.004592986777424812,0.9964272379875183,43.51133346557617,0.896804690361023,0.022417942062020302,0.03182598575949669,0.04895130544900894
809,occlusion,low,0.02659733220934868,0.8479241132736206,27.071531295776367,0.048938143998384476,0.09232719987630844,0.026912013068795204,0.8318226933479309
810,clean,none,0.007275544106960297,0.9956393241882324,39.980194091796875,0.8464917540550232,0.03301004692912102,0.058147210627794266,0.062351033091545105
811,blur,high,0.054326318204402924,0.8063557147979736,22.922698974609375,0.08922867476940155,0.012362874113023281,0.8763439655303955,0.022064505144953728
812,clean,none,0.005452693905681372,0.9963940382003784,41.61300277709961,0.8036442995071411,0.030831728130578995,0.09659641981124878,0.06892755627632141
813,clean,none,0.006925756111741066,0.9972851276397705,39.86500549316406,0.8743619918823242,0.025549322366714478,0.050238821655511856,0.049849823117256165
814,salt_pepper,low,0.04489973187446594,0.7767302989959717,23.87788963317871,0.05564552918076515,0.8239184617996216,0.08289491385221481,0.037541020661592484
815,salt_pepper,medium,0.04672103375196457,0.8141816854476929,23.962867736816406,0.037058714777231216,0.872362494468689,0.06622279435396194,0.024355966597795486
816,occlusion,medium,0.053655825555324554,0.7089239358901978,20.31360626220703,0.013894593343138695,0.03283612057566643,0.004735372494906187,0.9485338926315308
817,blur,high,0.0363725982606411,0.821732223033905,25.78150749206543,0.09358663856983185,0.013530140742659569,0.868980348110199,0.02390294149518013
818,clean,none,0.004604217130690813,0.9984093904495239,43.638084411621094,0.8839734196662903,0.024408655241131783,0.03579532355070114,0.055822648108005524
819,salt_pepper,high,0.08434681594371796,0.6195321083068848,19.315406799316406,0.062481220811605453,0.8053239583969116,0.08812325447797775,0.044071588665246964
820,salt_pepper,high,0.037479810416698456,0.8339343070983887,25.726661682128906,0.0435040183365345,0.8583659529685974,0.07134921848773956,0.02678089216351509
821,salt_pepper,high,0.03698928654193878,0.8772918581962585,24.827404022216797,0.02714908868074417,0.9066502451896667,0.049692582339048386,0.016508083790540695
822,occlusion,high,0.12347140908241272,0.393701434135437,14.782087326049805,0.0038725316990166903,0.03470826894044876,0.0054708910174667835,0.9559482932090759
823,occlusion,low,0.054951392114162445,0.6559009552001953,22.246597290039062,0.004096243530511856,0.026887809857726097,0.0027743596583604813,0.9662415981292725
824,occlusion,low,0.06578007340431213,0.7168915271759033,20.514415740966797,0.02800905331969261,0.055781424045562744,0.011813349090516567,0.9043962359428406
825,occlusion,medium,0.07670046389102936,0.6102696657180786,18.852293014526367,0.0029221600852906704,0.055720094591379166,0.0015782787231728435,0.9397794008255005
826,occlusion,high,0.05895983427762985,0.6404081583023071,21.004533767700195,8.547439733774809e-07,0.0014286910882219672,5.926573521719547e-06,0.9985645413398743
827,salt_pepper,medium,0.03899875283241272,0.8752402067184448,25.109588623046875,0.033229902386665344,0.887124240398407,0.0584002286195755,0.021245626732707024
828,salt_pepper,high,0.041921935975551605,0.7747863531112671,24.853229522705078,0.0466945543885231,0.8490042686462402,0.07474441081285477,0.029556745663285255
829,blur,high,0.04857327789068222,0.759427547454834,23.56325912475586,0.09798399358987808,0.01687089167535305,0.8556360006332397,0.029509102925658226
830,blur,medium,0.05144554376602173,0.69637531042099,23.390151977539062,0.09325101226568222,0.01489267311990261,0.865911066532135,0.025945281609892845
831,blur,high,0.043926969170570374,0.7880985736846924,23.911752700805664,0.09838099032640457,0.015688059851527214,0.858315110206604,0.027615832164883614
832,occlusion,high,0.07368779182434082,0.5931621789932251,18.651344299316406,0.03804926946759224,0.06096687912940979,0.017010552808642387,0.8839733004570007
833,salt_pepper,medium,0.04662515968084335,0.7346763610839844,23.93068504333496,0.0393957644701004,0.8690984845161438,0.06689134985208511,0.024614423513412476
834,occlusion,low,0.03410763293504715,0.8299614191055298,23.286880493164062,0.018088050186634064,0.05314256250858307,0.009396606124937534,0.9193727374076843
835,occlusion,high,0.08369822800159454,0.6835955381393433,15.249313354492188,5.711922312912066e-07,0.0018855270463973284,4.481939413381042e-06,0.9981094598770142
836,clean,none,0.0036995569244027138,0.9987489581108093,46.020057678222656,0.898856520652771,0.01910264790058136,0.033797599375247955,0.04824330285191536
837,occlusion,medium,0.05476471036672592,0.5963355302810669,22.43770408630371,0.00025282794376835227,0.012620474211871624,0.00040513541898690164,0.9867215156555176
838,salt_pepper,low,0.037915073335170746,0.8402560949325562,25.618799209594727,0.030105462297797203,0.8907538652420044,0.05611184239387512,0.023028766736388206
839,blur,high,0.04877087473869324,0.7272423505783081,23.53067398071289,0.09627934545278549,0.013533690944314003,0.8662453889846802,0.02394154667854309
840,salt_pepper,high,0.046219564974308014,0.844347357749939,23.794660568237305,0.03604207932949066,0.880855143070221,0.06045589968562126,0.022646833211183548
841,blur,low,0.034444741904735565,0.8316411972045898,25.896728515625,0.24618719518184662,0.029212921857833862,0.679484486579895,0.04511532559990883
842,occlusion,medium,0.05948445200920105,0.6476247310638428,20.659523010253906,0.002800196409225464,0.03688996285200119,0.004503491800278425,0.9558062553405762
843,clean,none,0.014085931703448296,0.9910542368888855,34.17448043823242,0.7803903818130493,0.025083787739276886,0.14279580116271973,0.05173005163669586
844,salt_pepper,low,0.05714312195777893,0.7417056560516357,22.284957885742188,0.07259494811296463,0.7917748689651489,0.08787117898464203,0.04775905981659889
845,occlusion,low,0.04985949024558067,0.8805753588676453,17.99513053894043,0.7079970240592957,0.058202750980854034,0.04358884319663048,0.19021134078502655
846,blur,low,0.03824838623404503,0.8031064867973328,25.300228118896484,0.14406292140483856,0.016185561195015907,0.8150374889373779,0.024714019149541855
847,salt_pepper,medium,0.04284314811229706,0.7579114437103271,24.558429718017578,0.049192316830158234,0.8436286449432373,0.07544031739234924,0.03173864632844925
848,blur,low,0.05215175077319145,0.7706130743026733,22.701509475708008,0.15725231170654297,0.020863473415374756,0.7906877398490906,0.031196482479572296
849,blur,low,0.04379706829786301,0.8292640447616577,24.479524612426758,0.1377233862876892,0.01880989596247673,0.8152207732200623,0.028245994821190834
850,blur,high,0.040409889072179794,0.8129267692565918,24.88471794128418,0.0972161814570427,0.014104553498327732,0.8637561798095703,0.024923119693994522
851,occlusion,medium,0.09545689821243286,0.6428779363632202,17.632158279418945,0.003442577552050352,0.02575158327817917,0.0032416849862784147,0.9675641655921936
852,clean,none,0.003951977472752333,0.9985069632530212,45.0877571105957,0.9099698662757874,0.018753986805677414,0.031168946996331215,0.040107160806655884
853,clean,none,0.006532594561576843,0.9937583804130554,40.74296951293945,0.8462629914283752,0.022146793082356453,0.08393553644418716,0.047654666006565094
854,occlusion,low,0.03661540895700455,0.841605544090271,24.4948787689209,0.00714680552482605,0.03976302221417427,0.0043281386606395245,0.948762059211731
855,salt_pepper,medium,0.06470373272895813,0.7160358428955078,20.875003814697266,0.03630580008029938,0.88087397813797,0.05990569666028023,0.022914500907063484
856,clean,none,0.005477774888277054,0.9959983825683594,41.770721435546875,0.8348666429519653,0.02977536804974079,0.0762600228190422,0.05909790098667145
857,salt_pepper,medium,0.04446062445640564,0.8325111269950867,23.63861083984375,0.03273874521255493,0.8865459561347961,0.059253014624118805,0.02146228216588497
858,occlusion,high,0.05479351803660393,0.5751878023147583,20.528594970703125,1.956102778422064e-06,0.0025244508869946003,1.2140756552980747e-05,0.9974613189697266
859,clean,none,0.009852202609181404,0.9928076267242432,37.20819091796875,0.795426070690155,0.02774234674870968,0.1173824816942215,0.05944909155368805
860,salt_pepper,high,0.029544761404395103,0.8889390826225281,27.393718719482422,0.025567276403307915,0.9131531119346619,0.04572509601712227,0.015554454177618027
861,blur,high,0.07638649642467499,0.7853438854217529,19.264217376708984,0.097969651222229,0.012808499857783318,0.8661133050918579,0.02310856059193611
862,blur,low,0.03994973748922348,0.7517728805541992,25.382902145385742,0.18087303638458252,0.02011718600988388,0.7694838047027588,0.029525993391871452
863,clean,none,0.005071651190519333,0.9953470230102539,42.533843994140625,0.79384845495224,0.030162973329424858,0.11433722078800201,0.06165136396884918
864,blur,low,0.035663776099681854,0.8391737341880798,26.35880470275879,0.11843448877334595,0.012860453687608242,0.8489264249801636,0.019778640940785408
865,blur,medium,0.054706674069166183,0.652102530002594,22.366933822631836,0.09570639580488205,0.014134840108454227,0.8656650185585022,0.024493752047419548
866,occlusion,high,0.06231216713786125,0.5648476481437683,21.265472412109375,1.4933554666640703e-05,0.0060416050255298615,9.43461709539406e-05,0.9938492178916931
867,blur,high,0.037762340158224106,0.8266059160232544,24.53110122680664,0.09156586974859238,0.013157817535102367,0.8716075420379639,0.023668810725212097
868,blur,low,0.03647346422076225,0.7511581182479858,25.745277404785156,0.18882404267787933,0.021265540271997452,0.758038341999054,0.03187202662229538
869,blur,high,0.04128266125917435,0.8018491268157959,24.68947410583496,0.09264015406370163,0.01276908814907074,0.871766209602356,0.02282450906932354
870,clean,none,0.006693053990602493,0.995476484298706,40.376243591308594,0.8093322515487671,0.023671727627515793,0.1082494854927063,0.05874650925397873
871,salt_pepper,medium,0.04228153079748154,0.7437353134155273,24.64076042175293,0.051150064915418625,0.8358545899391174,0.08044185489416122,0.03255355358123779
872,clean,none,0.009175203740596771,0.990770697593689,37.946475982666016,0.7797030806541443,0.033118121325969696,0.11988499760627747,0.06729383021593094
873,blur,medium,0.07578276842832565,0.750269889831543,20.36863136291504,0.09116259962320328,0.01354670524597168,0.8722937107086182,0.022996895015239716
874,salt_pepper,low,0.04099646955728531,0.8172059059143066,24.204910278320312,0.04202347993850708,0.8547869324684143,0.07244141399860382,0.030748166143894196
875,clean,none,0.021895017474889755,0.9479076266288757,29.7789306640625,0.6289151310920715,0.10087843239307404,0.02837333083152771,0.24183309078216553
876,occlusion,medium,0.05806741118431091,0.7027678489685059,20.856155395507812,0.004289226606488228,0.033029623329639435,0.0036037468817085028,0.9590774178504944
877,blur,high,0.04253115504980087,0.81299889087677,24.085447311401367,0.09232323616743088,0.013669642619788647,0.8700628876686096,0.023944176733493805
878,clean,none,0.010975397191941738,0.9910244345664978,36.47426986694336,0.7966563105583191,0.031122226268053055,0.11184012144804001,0.06038125231862068
879,salt_pepper,high,0.05891434848308563,0.689950168132782,22.151866912841797,0.052670642733573914,0.8368785977363586,0.07667820900678635,0.033772584050893784
880,clean,none,0.009431297890841961,0.9880989789962769,37.741783142089844,0.7131401300430298,0.0290310587733984,0.20226602256298065,0.05556285008788109
881,blur,high,0.03894194960594177,0.7923427820205688,25.305103302001953,0.08954253792762756,0.014168456196784973,0.8711726665496826,0.0251163337379694
882,occlusion,medium,0.05771849676966667,0.7272319793701172,20.472698211669922,0.0014564039884135127,0.016853978857398033,0.001639069407247007,0.9800506234169006
883,occlusion,medium,0.06495877355337143,0.6478530168533325,19.172948837280273,0.0025710170157253742,0.02420506626367569,0.001412116107530892,0.971811830997467
884,salt_pepper,low,0.034559495747089386,0.8353726267814636,25.87659454345703,0.054852601140737534,0.8223487734794617,0.0862264558672905,0.036572158336639404
885,occlusion,high,0.03671523556113243,0.6717235445976257,24.280271530151367,2.3480670279241167e-06,0.0024021402932703495,1.3174283594707958e-05,0.9975823163986206
886,clean,none,0.00466941250488162,0.9967048168182373,44.06589126586914,0.8318215012550354,0.024539953097701073,0.0909615159034729,0.052676983177661896
887,salt_pepper,high,0.023464608937501907,0.8182627558708191,29.82647705078125,0.05410253256559372,0.8286169171333313,0.08294633030891418,0.034334275871515274
888,clean,none,0.005784853361546993,0.9945701360702515,42.122501373291016,0.7868406176567078,0.027235398069024086,0.12550906836986542,0.0604148767888546
889,occlusion,medium,0.040755391120910645,0.7348076701164246,24.475143432617188,0.00036608194932341576,0.014911840669810772,0.0008258450543507934,0.9838962554931641
890,salt_pepper,low,0.02126680687069893,0.8627835512161255,30.29108428955078,0.04099895805120468,0.8542867302894592,0.07458557188510895,0.030128760263323784
891,blur,low,0.0363936685025692,0.8372883200645447,25.548507690429688,0.1578604131937027,0.019861148670315742,0.7887466549873352,0.0335317961871624
892,occlusion,medium,0.061712950468063354,0.5473398566246033,21.77972984313965,0.00214885245077312,0.026753820478916168,0.0012899398570880294,0.9698073863983154
893,occlusion,high,0.07869754731655121,0.7163736820220947,19.353012084960938,9.821318235481158e-05,0.006118374411016703,0.00016163900727406144,0.9936217665672302
894,occlusion,medium,0.08407934010028839,0.6026309728622437,18.444141387939453,0.010237742215394974,0.03978914022445679,0.010913469828665257,0.9390595555305481
895,occlusion,medium,0.04991064593195915,0.7828119993209839,20.82431983947754,0.004278894979506731,0.022616485133767128,0.0027226184029132128,0.970382034778595
896,clean,none,0.004750729538500309,0.9962438941001892,42.77720642089844,0.8064964413642883,0.02934168092906475,0.0871657207608223,0.07699619978666306
897,blur,low,0.02253619208931923,0.8875179290771484,29.4163818359375,0.129177063703537,0.013333729468286037,0.8364424109458923,0.02104676142334938
898,clean,none,0.01193762756884098,0.9683170318603516,35.93458557128906,0.4965011179447174,0.028663961216807365,0.4240167438983917,0.05081813782453537
899,clean,none,0.03834255412220955,0.9849648475646973,26.76302146911621,0.7164189219474792,0.031288862228393555,0.18131786584854126,0.07097436487674713
900,salt_pepper,low,0.026206938549876213,0.8611223101615906,29.243154525756836,0.035269565880298615,0.872594952583313,0.067949078977108,0.0241863913834095
901,occlusion,low,0.04417930170893669,0.7331441640853882,23.574466705322266,0.035184551030397415,0.05789998546242714,0.010958198457956314,0.8959572911262512
902,occlusion,high,0.0712977796792984,0.7744444608688354,15.806117057800293,5.431354566098889e-06,0.002496936824172735,3.357839523232542e-05,0.9974640607833862
903,clean,none,0.0038813806604593992,0.9969393014907837,45.836158752441406,0.881943941116333,0.026336392387747765,0.03979339823126793,0.05192623659968376
904,occlusion,medium,0.03997400403022766,0.7736055850982666,24.105335235595703,0.00011895920033566654,0.007142154965549707,0.0003480013692751527,0.9923909306526184
905,occlusion,medium,0.049326032400131226,0.794731080532074,19.040409088134766,0.03263746201992035,0.054699596017599106,0.010301138274371624,0.9023618102073669
906,salt_pepper,medium,0.03158974647521973,0.7384490966796875,26.776792526245117,0.043875206261873245,0.8522807359695435,0.07558853924274445,0.028255511075258255
907,salt_pepper,low,0.024643730372190475,0.8502235412597656,28.059690475463867,0.03492991253733635,0.8760111331939697,0.06525600701570511,0.023802896961569786
908,salt_pepper,high,0.02624562941491604,0.871156632900238,24.07569122314453,0.024846410378813744,0.9148005843162537,0.0452340729534626,0.015118938870728016
909,blur,high,0.04120839387178421,0.7018221616744995,25.356708526611328,0.09781230986118317,0.012342644855380058,0.8675655126571655,0.02227955311536789
910,occlusion,medium,0.04719516262412071,0.7158257365226746,22.991676330566406,0.0002569059142842889,0.012733281590044498,0.0006363596767187119,0.9863734245300293
911,blur,low,0.023584622889757156,0.7966084480285645,29.605972290039062,0.13123555481433868,0.016309773549437523,0.8262954354286194,0.02615927904844284
912,blur,medium,0.032584771513938904,0.921499490737915,26.529390335083008,0.10436538606882095,0.012921956367790699,0.8592172861099243,0.02349529042840004
913,clean,none,0.009423037059605122,0.9951885938644409,37.801177978515625,0.8713298439979553,0.03259040787816048,0.030180560424923897,0.06589922308921814
914,clean,none,0.01058079581707716,0.9930945634841919,37.33605194091797,0.8410755395889282,0.030794387683272362,0.06832802295684814,0.0598021075129509
915,blur,low,0.01609615981578827,0.929686427116394,32.00771713256836,0.1287393718957901,0.015837959945201874,0.8302710056304932,0.025151651352643967
916,clean,none,0.002885399851948023,0.9964706897735596,46.080780029296875,0.8736962676048279,0.02527979202568531,0.017424143850803375,0.0835997611284256
917,salt_pepper,high,0.032510362565517426,0.7873606085777283,26.971494674682617,0.03952282667160034,0.8716105818748474,0.06361556798219681,0.025250939652323723
918,blur,low,0.029257556423544884,0.8756500482559204,27.581653594970703,0.12319391965866089,0.014391033910214901,0.8397812247276306,0.02263382449746132
919,blur,low,0.033265478909015656,0.8204273581504822,25.910602569580078,0.13537602126598358,0.019315632060170174,0.8161032795906067,0.0292050763964653
920,occlusion,medium,0.062161218374967575,0.6682431697845459,20.105194091796875,0.0006435045506805182,0.018292687833309174,0.0012209403794258833,0.9798428416252136
921,clean,none,0.009592491202056408,0.9904000163078308,37.535186767578125,0.7036525011062622,0.02963438257575035,0.21155446767807007,0.05515867471694946
922,blur,medium,0.02896878682076931,0.7715814113616943,28.186176300048828,0.1021919995546341,0.014771145768463612,0.8574897646903992,0.02554701454937458
923,salt_pepper,medium,0.05611247941851616,0.7227568626403809,21.7838191986084,0.03863544389605522,0.8676009774208069,0.06870377063751221,0.025059882551431656
924,occlusion,low,0.0646948292851448,0.7180179357528687,20.222055435180664,0.030002091079950333,0.06790923327207565,0.00929168425500393,0.8927969932556152
925,blur,medium,0.03356238454580307,0.7705821990966797,26.736419677734375,0.1026913970708847,0.012512454763054848,0.8626018166542053,0.02219422161579132
926,occlusion,low,0.034793633967638016,0.8523821830749512,26.237163543701172,0.04244563356041908,0.06101495772600174,0.02437882497906685,0.8721604943275452
927,occlusion,medium,0.023170575499534607,0.8785433173179626,28.73466682434082,0.0018385442672297359,0.019244583323597908,0.0025491819251328707,0.9763676524162292
928,blur,high,0.0518583282828331,0.6308121085166931,22.159454345703125,0.09095573425292969,0.013718361966311932,0.8705098628997803,0.0248160008341074
929,blur,low,0.027400856837630272,0.8637384176254272,28.732900619506836,0.15271945297718048,0.014761318452656269,0.8096963763237,0.022822896018624306
930,occlusion,low,0.03173336014151573,0.8118218779563904,26.68698501586914,0.11481145024299622,0.07699372619390488,0.03085820935666561,0.777336597442627
931,clean,none,0.008207045495510101,0.9883092641830444,39.582733154296875,0.683624804019928,0.028742536902427673,0.2315344661474228,0.05609825626015663
932,occlusion,high,0.05912681668996811,0.6564270257949829,20.256942749023438,8.463268022751436e-05,0.007047472521662712,0.00013847016089130193,0.9927294850349426
933,salt_pepper,medium,0.02816326916217804,0.8306316137313843,28.30702018737793,0.047361861914396286,0.8457590937614441,0.07692592591047287,0.0299531277269125
934,occlusion,low,0.02650907263159752,0.8987714648246765,25.060821533203125,0.002072497271001339,0.02002832293510437,0.0038401514757424593,0.9740590453147888
935,clean,none,0.0043127937242388725,0.9971693754196167,44.63995361328125,0.8628779053688049,0.029813485220074654,0.044073645025491714,0.06323499232530594
936,blur,medium,0.03137141466140747,0.8653389811515808,26.5870304107666,0.09543969482183456,0.01348140463232994,0.8630069494247437,0.02807188592851162
937,clean,none,0.005308942403644323,0.9946022033691406,42.690185546875,0.8580204248428345,0.0248872097581625,0.04894397035241127,0.06814832240343094
938,salt_pepper,low,0.034803878515958786,0.8034643530845642,26.875503540039062,0.055091213434934616,0.8258816003799438,0.08430197834968567,0.03472527116537094
939,occlusion,high,0.06802479177713394,0.6618372797966003,18.941492080688477,0.00023847333795856684,0.00755665497854352,9.83171776169911e-05,0.992106556892395
940,occlusion,low,0.030902033671736717,0.7880940437316895,27.112939834594727,0.0029255016706883907,0.0260078776627779,0.004629719071090221,0.9664368629455566
941,salt_pepper,medium,0.01966130919754505,0.877917468547821,30.676998138427734,0.03895384818315506,0.8707824945449829,0.06612249463796616,0.024141179397702217
942,clean,none,0.00418509729206562,0.9983197450637817,44.03095245361328,0.908158540725708,0.01903516985476017,0.03197567164897919,0.04083062335848808
943,clean,none,0.01231483556330204,0.986782968044281,35.03415298461914,0.7144221067428589,0.029525619000196457,0.1933995485305786,0.06265277415513992
944,occlusion,medium,0.03959532082080841,0.7458919286727905,24.270469665527344,0.0008674882119521499,0.013749915175139904,0.0006186243263073266,0.984764039516449
945,blur,low,0.027730152010917664,0.8772134780883789,28.593528747558594,0.13468722999095917,0.013810893520712852,0.8300793170928955,0.021422525867819786
946,occlusion,low,0.043893322348594666,0.8058856725692749,23.62626838684082,0.013217072002589703,0.04499681666493416,0.0034918920136988163,0.9382941722869873
947,blur,high,0.03457036241889,0.7988649606704712,25.614717483520508,0.09601162374019623,0.01317640207707882,0.8672246932983398,0.02358734980225563
948,occlusion,high,0.04209224507212639,0.7369184494018555,23.56283950805664,0.00017481076065450907,0.008654119446873665,0.0006224643439054489,0.9905485510826111
949,salt_pepper,medium,0.03616509959101677,0.8309606313705444,26.313236236572266,0.03604334592819214,0.8762048482894897,0.06467537581920624,0.02307646907866001
950,occlusion,medium,0.025771137326955795,0.8706808090209961,25.90519142150879,4.784825796377845e-05,0.00833121594041586,0.00025747896870598197,0.9913634061813354
951,clean,none,0.006520548369735479,0.9952131509780884,41.07783508300781,0.775863766670227,0.02659602463245392,0.13543102145195007,0.062109217047691345
952,salt_pepper,medium,0.03731086105108261,0.8375900983810425,25.435293197631836,0.0389573760330677,0.8699459433555603,0.06616009771823883,0.024936577305197716
953,salt_pepper,medium,0.03100745938718319,0.8589563369750977,26.739212036132812,0.03997574374079704,0.8669291734695435,0.06815385818481445,0.024941226467490196
954,occlusion,medium,0.036974962800741196,0.7486183643341064,24.76886558532715,0.00804667267948389,0.041861433535814285,0.003724070033058524,0.9463678002357483
955,clean,none,0.005372786428779364,0.9949673414230347,41.95964813232422,0.8120346665382385,0.03201030567288399,0.08905456215143204,0.06690046191215515
956,clean,none,0.0042320238426327705,0.9985297918319702,44.36775588989258,0.8531105518341064,0.022338688373565674,0.06772204488515854,0.05682862550020218
957,clean,none,0.006078599952161312,0.9946697950363159,41.970664978027344,0.7979740500450134,0.02279866486787796,0.13102877140045166,0.04819856211543083
958,occlusion,low,0.02471242845058441,0.8761007785797119,28.30743980407715,0.16251610219478607,0.09188564121723175,0.08247700333595276,0.663121223449707
959,salt_pepper,medium,0.026971854269504547,0.853967547416687,26.059696197509766,0.04837837442755699,0.8409179449081421,0.08027278631925583,0.030430937185883522
960,salt_pepper,high,0.031305111944675446,0.8249794840812683,26.79426383972168,0.036334194242954254,0.8849196434020996,0.056917618960142136,0.021828575059771538
961,salt_pepper,high,0.03441859036684036,0.7955400943756104,25.730430603027344,0.03937331214547157,0.8716477155685425,0.06362047791481018,0.025358425453305244
962,blur,high,0.030420828610658646,0.7166616320610046,28.062536239624023,0.10202270746231079,0.012862826697528362,0.8624085187911987,0.022706003859639168
963,blur,high,0.03818672522902489,0.8117532730102539,25.83759307861328,0.10437200963497162,0.016554610803723335,0.8501307368278503,0.02894260548055172
964,salt_pepper,low,0.028936181217432022,0.8487399816513062,28.210651397705078,0.03338227793574333,0.8797491788864136,0.06356532871723175,0.023303279653191566
965,clean,none,0.006006533280014992,0.992457389831543,40.79774475097656,0.7729403972625732,0.02936222404241562,0.13546022772789001,0.06223707273602486
966,salt_pepper,low,0.034399211406707764,0.8715075254440308,26.287120819091797,0.0449763685464859,0.8475736975669861,0.07728024572134018,0.030169693753123283
967,salt_pepper,high,0.058724068105220795,0.736422061920166,21.15972900390625,0.052555717527866364,0.8320853114128113,0.08160023391246796,0.033758800476789474
968,salt_pepper,medium,0.034483909606933594,0.8016456365585327,26.83344078063965,0.029527273029088974,0.8974014520645142,0.05447184666991234,0.01859942078590393
969,blur,medium,0.021270817145705223,0.8680256605148315,30.65718650817871,0.09533664584159851,0.017221547663211823,0.8568398952484131,0.030601967126131058
970,occlusion,low,0.039407774806022644,0.8630372881889343,23.862415313720703,0.16332541406154633,0.08065466582775116,0.0448957197368145,0.7111241221427917
971,occlusion,medium,0.10054396092891693,0.5224602818489075,17.76689910888672,0.002825068775564432,0.03646064177155495,0.004637508653104305,0.9560767412185669
972,occlusion,high,0.05383315682411194,0.6614590287208557,21.199987411499023,0.00011577374243643135,0.005774307996034622,0.00019055450684390962,0.9939193725585938
973,clean,none,0.002953329822048545,0.9990550875663757,47.369178771972656,0.9036566615104675,0.02221633493900299,0.030152084305882454,0.04397483915090561
974,occlusion,low,0.04927855730056763,0.7142603397369385,22.894514083862305,0.0033597159199416637,0.024482382461428642,0.0030900188721716404,0.9690679907798767
975,salt_pepper,medium,0.028705395758152008,0.753849446773529,28.17762565612793,0.04725418984889984,0.845167338848114,0.07696373015642166,0.03061472810804844
976,salt_pepper,low,0.03256380558013916,0.8527958393096924,26.73732566833496,0.03251340240240097,0.8790634274482727,0.061800796538591385,0.026622353121638298
977,occlusion,medium,0.03171328455209732,0.7918175458908081,25.83968162536621,0.004946113098412752,0.024366354569792747,0.0036052402574568987,0.9670822620391846
978,occlusion,medium,0.0700921043753624,0.6105246543884277,20.48999786376953,0.0034504923969507217,0.025553995743393898,0.0025886083021759987,0.9684069156646729
979,blur,low,0.027964800596237183,0.8611039519309998,28.33954620361328,0.14604459702968597,0.01593443565070629,0.8123388290405273,0.025682155042886734
980,salt_pepper,low,0.031671956181526184,0.8786243796348572,26.860769271850586,0.03351040929555893,0.8789054751396179,0.06425696611404419,0.02332714945077896
981,clean,none,0.0037619429640471935,0.9977092742919922,45.707008361816406,0.885873556137085,0.018652737140655518,0.04788190498948097,0.04759181663393974
982,clean,none,0.0037832423113286495,0.9976339340209961,45.05303192138672,0.8891317844390869,0.02378314547240734,0.03821643441915512,0.048868656158447266
983,blur,high,0.039711564779281616,0.7985470294952393,25.13408851623535,0.10112114995718002,0.013883606530725956,0.8598290085792542,0.02516615390777588
984,salt_pepper,medium,0.07009284943342209,0.7421120405197144,21.033016204833984,0.06073179841041565,0.808161199092865,0.090947724878788,0.040159229189157486
985,salt_pepper,high,0.03716036304831505,0.8398186564445496,25.501806259155273,0.03466155752539635,0.8869487643241882,0.057016804814338684,0.02137291617691517
986,clean,none,0.01136736385524273,0.9859902858734131,36.58087921142578,0.6420698761940002,0.03805622085928917,0.24762576818466187,0.07224810868501663
987,salt_pepper,medium,0.04532250761985779,0.8246892690658569,24.05695915222168,0.047981567680835724,0.8443498611450195,0.07932642102241516,0.028342170640826225
988,occlusion,high,0.06605467945337296,0.6663230657577515,19.071043014526367,0.00032006960827857256,0.009206918068230152,0.0006827194010838866,0.9897902607917786
989,clean,none,0.006261283066123724,0.9925551414489746,41.28380584716797,0.824784517288208,0.031052233651280403,0.08223354071378708,0.06192963942885399
990,occlusion,high,0.09231366962194443,0.48662087321281433,18.258779525756836,2.594763100205455e-05,0.0039615025743842125,0.00011174053361173719,0.9959008097648621
991,blur,low,0.041687142103910446,0.8381718397140503,23.931293487548828,0.14633123576641083,0.015862492844462395,0.814659833908081,0.023146329447627068
992,occlusion,high,0.10961654037237167,0.6131653785705566,13.58167552947998,0.0008539088885299861,0.012931217439472675,0.0015224982053041458,0.9846923351287842
993,salt_pepper,medium,0.03301495313644409,0.8301633596420288,26.558391571044922,0.02539956569671631,0.9093854427337646,0.04907945170998573,0.016135552898049355
994,blur,high,0.030295787379145622,0.8629229068756104,26.428632736206055,0.09641188383102417,0.015808425843715668,0.8604422211647034,0.027337446808815002
995,blur,low,0.03337612748146057,0.8595460653305054,26.535690307617188,0.14564955234527588,0.016627877950668335,0.8114979863166809,0.026224588975310326
996,salt_pepper,medium,0.05205005407333374,0.7877919673919678,22.22751808166504,0.040767520666122437,0.8630401492118835,0.06964763253927231,0.026544703170657158
997,clean,none,0.005579364951699972,0.9964364767074585,42.21593475341797,0.8228965401649475,0.027542755007743835,0.09331119805574417,0.05624960735440254
998,salt_pepper,low,0.05294632911682129,0.7113859057426453,22.89348793029785,0.07539045065641403,0.7802068591117859,0.09387502819299698,0.05052768439054489
999,clean,none,0.011398728005588055,0.9908885955810547,36.581329345703125,0.83575439453125,0.032714467495679855,0.06932403892278671,0.06220707669854164
1000,blur,medium,0.043539296835660934,0.7743476629257202,23.294954299926758,0.09890604764223099,0.012635857798159122,0.8664049506187439,0.02205311693251133
1001,salt_pepper,high,0.03902328759431839,0.7697922587394714,25.45048713684082,0.0368414930999279,0.8797525763511658,0.06039268895983696,0.023013319820165634
1002,clean,none,0.006073666736483574,0.9960047006607056,41.737369537353516,0.851151168346405,0.025885505601763725,0.06871701031923294,0.05424625426530838
1003,clean,none,0.006128307431936264,0.9923912882804871,41.44416427612305,0.774544894695282,0.030319886282086372,0.1160876676440239,0.07904759049415588
1004,occlusion,low,0.06430874019861221,0.7210702896118164,20.478601455688477,0.004598900210112333,0.028697488829493523,0.0037053138948976994,0.9629983305931091
1005,blur,high,0.02934972569346428,0.8950294852256775,26.826351165771484,0.10020487010478973,0.01667858101427555,0.8542450666427612,0.02887142263352871
1006,salt_pepper,low,0.03436851501464844,0.834011971950531,26.634754180908203,0.03942433372139931,0.8609678745269775,0.07045044749975204,0.02915739268064499
1007,clean,none,0.006871802732348442,0.9963206052780151,40.68525314331055,0.8605999946594238,0.02565251663327217,0.0683995708823204,0.04534786939620972
1008,blur,high,0.029029717668890953,0.8284162878990173,27.51650619506836,0.0979173555970192,0.013696104288101196,0.8638350367546082,0.024551430717110634
1009,salt_pepper,high,0.06449244916439056,0.731465756893158,20.38895034790039,0.043332066386938095,0.8606482148170471,0.06862464547157288,0.027395157143473625
1010,occlusion,low,0.03794988989830017,0.8169498443603516,25.20870018005371,0.02262469008564949,0.05021479353308678,0.01901988871395588,0.9081406593322754
1011,blur,low,0.026943843811750412,0.8699482679367065,27.48094367980957,0.14627555012702942,0.019480379298329353,0.8008072376251221,0.0334368497133255
1012,occlusion,high,0.1394546926021576,0.3877515196800232,14.100240707397461,0.004609697964042425,0.03155433014035225,0.000979966833256185,0.9628560543060303
1013,blur,low,0.021803459152579308,0.9321605563163757,30.69084358215332,0.12353245913982391,0.01827874407172203,0.8281846046447754,0.030004212632775307
1014,salt_pepper,high,0.023679006844758987,0.7822221517562866,29.131593704223633,0.03131796792149544,0.8969595432281494,0.052427273243665695,0.019295230507850647
1015,occlusion,low,0.05018047243356705,0.7811987400054932,22.269943237304688,0.015580561943352222,0.037402041256427765,0.00822987500578165,0.9387875199317932
1016,blur,high,0.030185004696249962,0.8677911758422852,26.808805465698242,0.09413047879934311,0.014041104353964329,0.8669151067733765,0.02491327002644539
1017,salt_pepper,medium,0.029737956821918488,0.8422845602035522,27.553617477416992,0.05589715391397476,0.8201920986175537,0.088547483086586,0.0353633277118206
1018,clean,none,0.004228025209158659,0.9982688426971436,43.873905181884766,0.8625971674919128,0.028837859630584717,0.041576605290174484,0.06698839366436005
1019,occlusion,medium,0.03722531720995903,0.8140222430229187,24.296401977539062,0.08270318061113358,0.07801654189825058,0.0353911891579628,0.8038891553878784
1020,clean,none,0.011097977869212627,0.9919878244400024,36.669734954833984,0.7209004163742065,0.03740345686674118,0.14742229878902435,0.09427382797002792
1021,clean,none,0.00622176518663764,0.9971756339073181,41.82355499267578,0.8912413716316223,0.026082191616296768,0.03298046067357063,0.0496959425508976
1022,clean,none,0.009618784300982952,0.985805869102478,37.3820686340332,0.6399527192115784,0.031780555844306946,0.26381003856658936,0.06445671617984772
1023,blur,medium,0.029657021164894104,0.8975638151168823,27.554319381713867,0.09326642006635666,0.013993076048791409,0.868266761302948,0.024473795667290688
1024,salt_pepper,high,0.04208895191550255,0.784631609916687,24.77652359008789,0.035083066672086716,0.8845034837722778,0.05904042720794678,0.021373029798269272
1025,blur,medium,0.05238062143325806,0.8253871202468872,21.61163330078125,0.09276863187551498,0.014660579152405262,0.8674847483634949,0.0250860545784235
1026,clean,none,0.004555109888315201,0.9952859878540039,44.247276306152344,0.858017086982727,0.02679065614938736,0.05804508924484253,0.057147152721881866
1027,clean,none,0.010292505845427513,0.9885414838790894,36.72876739501953,0.6847317814826965,0.031190522015094757,0.22355280816555023,0.06052486225962639
1028,clean,none,0.006608729716390371,0.9840186834335327,40.72234344482422,0.6666669845581055,0.030237123370170593,0.24447697401046753,0.058618877083063126
1029,blur,medium,0.0748375803232193,0.6526562571525574,19.957088470458984,0.08938762545585632,0.013137071393430233,0.8749274015426636,0.022547921165823936
1030,salt_pepper,medium,0.04963397979736328,0.778594970703125,23.315553665161133,0.03390253707766533,0.884162425994873,0.06083808094263077,0.021096931770443916
1031,blur,medium,0.042182356119155884,0.852031409740448,22.86451530456543,0.09808029979467392,0.01344059593975544,0.864997386932373,0.02348177693784237
1032,blur,low,0.02687525376677513,0.9266413450241089,28.220504760742188,0.12445629388093948,0.01972624659538269,0.8239813446998596,0.03183608874678612
1033,clean,none,0.00403517484664917,0.9982552528381348,44.03578186035156,0.9099586009979248,0.025415537878870964,0.018336959183216095,0.046289004385471344
1034,salt_pepper,high,0.04866448789834976,0.643217921257019,24.07872200012207,0.06567991524934769,0.7944258451461792,0.09355409443378448,0.04634013772010803
1035,clean,none,0.003296963404864073,0.9988641738891602,46.714168548583984,0.90590500831604,0.020338930189609528,0.030706416815519333,0.04304958134889603
1036,blur,low,0.04449933022260666,0.8193461894989014,24.449180603027344,0.12562866508960724,0.017060693353414536,0.8301627039909363,0.027147941291332245
1037,occlusion,medium,0.07392721623182297,0.741281270980835,17.510896682739258,0.0011097834212705493,0.015508325770497322,0.0011518546380102634,0.9822300672531128
1038,blur,high,0.04908337444067001,0.7533383369445801,23.0654239654541,0.09713498502969742,0.013949004001915455,0.8643640279769897,0.024551937356591225
1039,clean,none,0.01059731375426054,0.9768995046615601,36.72967529296875,0.6356701254844666,0.03480035439133644,0.2588023841381073,0.07072713971138
1040,salt_pepper,medium,0.06411241739988327,0.6961191892623901,21.142587661743164,0.048326555639505386,0.8460037708282471,0.07307037711143494,0.032599322497844696
1041,blur,high,0.05621282383799553,0.6671934127807617,19.957529067993164,0.09533213824033737,0.016613518819212914,0.8569949865341187,0.031059330329298973
1042,salt_pepper,low,0.0357971116900444,0.8911184072494507,26.383663177490234,0.03992418199777603,0.8621265888214111,0.07261191308498383,0.025337405502796173
1043,clean,none,0.0046984232030808926,0.9967949390411377,43.71145248413086,0.8932649493217468,0.02456866204738617,0.032605867832899094,0.049560580402612686
1044,occlusion,high,0.0561479851603508,0.6677131652832031,21.065296173095703,0.00010350145021220669,0.008296838961541653,0.00021460525749716908,0.9913849830627441
1045,blur,low,0.03241945803165436,0.9131140112876892,26.569679260253906,0.12729063630104065,0.02054925635457039,0.8174229860305786,0.03473706170916557
1046,clean,none,0.007050476036965847,0.994400680065155,40.307674407958984,0.7913342714309692,0.03214721754193306,0.10587330162525177,0.07064522802829742
1047,salt_pepper,high,0.047035060822963715,0.6860380172729492,24.10492706298828,0.03701265901327133,0.878596842288971,0.06164059415459633,0.022749926894903183
1048,blur,medium,0.02337777428328991,0.9252851009368896,29.52101707458496,0.09748605638742447,0.014795909635722637,0.862137496471405,0.025580648332834244
1049,blur,low,0.031812094151973724,0.851041316986084,27.36410140991211,0.1238543763756752,0.014863723888993263,0.8378350138664246,0.02344682812690735
1050,salt_pepper,high,0.04563387483358383,0.7383884787559509,23.826892852783203,0.0377960279583931,0.8752632737159729,0.06328076124191284,0.02365993522107601
1051,blur,medium,0.09844280779361725,0.6338430643081665,17.48504638671875,0.09482960402965546,0.01389081496745348,0.8673943281173706,0.02388526313006878
1052,salt_pepper,high,0.028894519433379173,0.8911799192428589,28.5391845703125,0.03623909875750542,0.8807604908943176,0.06071373075246811,0.02228660322725773
1053,clean,none,0.006092298775911331,0.9974584579467773,41.83829879760742,0.898331344127655,0.01970285177230835,0.035674087703228,0.046291813254356384
1054,salt_pepper,high,0.04109592363238335,0.879051923751831,23.35995101928711,0.0268687941133976,0.9075148701667786,0.04890996962785721,0.016706451773643494
1055,occlusion,low,0.03663470596075058,0.8587594032287598,24.62860870361328,0.0216656643897295,0.04367205128073692,0.011298559606075287,0.9233637452125549
1056,salt_pepper,medium,0.0358179435133934,0.8502551317214966,25.233259201049805,0.033209577202796936,0.8858828544616699,0.05947001278400421,0.021437587216496468
1057,occlusion,medium,0.0428449809551239,0.7700188159942627,23.326475143432617,0.0002857056097127497,0.009693187661468983,0.0005864598788321018,0.9894346594810486
1058,occlusion,high,0.07711943238973618,0.6296149492263794,16.849946975708008,0.00044724144390784204,0.021453825756907463,0.0008083265274763107,0.9772905707359314
1059,salt_pepper,low,0.05874171108007431,0.7116471529006958,21.871814727783203,0.04215513914823532,0.8571780323982239,0.07170747220516205,0.0289593692868948
1060,salt_pepper,low,0.02835744433104992,0.8293086886405945,28.378692626953125,0.020274503156542778,0.913925051689148,0.046573057770729065,0.019227420911192894
1061,blur,high,0.03241626173257828,0.847859799861908,25.692317962646484,0.09812526404857635,0.014564638026058674,0.8609215021133423,0.02638852596282959
1062,blur,high,0.03777705132961273,0.7490036487579346,24.860824584960938,0.09663067013025284,0.014966989867389202,0.8621072769165039,0.026294991374015808
1063,clean,none,0.007682655937969685,0.9888049364089966,39.341522216796875,0.7138828039169312,0.037388112396001816,0.16332609951496124,0.08540301024913788
1064,occlusion,low,0.0404035709798336,0.8095005750656128,24.588176727294922,0.0924275666475296,0.06660792976617813,0.025552863255143166,0.8154116868972778
1065,clean,none,0.009780406951904297,0.9879693388938904,36.71786880493164,0.7318220734596252,0.037367407232522964,0.15973219275474548,0.07107827812433243
1066,clean,none,0.008080841973423958,0.9904592037200928,39.42145919799805,0.8031347990036011,0.032892052084207535,0.09871352463960648,0.06525959074497223
1067,occlusion,high,0.13084392249584198,0.41942840814590454,13.266230583190918,0.0011263791238889098,0.0195609163492918,0.0010441006161272526,0.978268563747406
1068,clean,none,0.004798100329935551,0.9974780082702637,43.73075485229492,0.8904248476028442,0.023967884480953217,0.034429073333740234,0.05117815360426903
1069,occlusion,high,0.03981855511665344,0.7011146545410156,23.227218627929688,0.0037133980076760054,0.01950104348361492,0.004659381695091724,0.9721261858940125
1070,blur,medium,0.05765671655535698,0.7542328238487244,22.03536605834961,0.09923456609249115,0.011789055541157722,0.86842942237854,0.02054693177342415
1071,blur,medium,0.03229686617851257,0.8656477928161621,26.723176956176758,0.09594950824975967,0.013404091820120811,0.8673811554908752,0.02326526865363121
1072,occlusion,medium,0.03556903824210167,0.7855076789855957,25.991409301757812,4.55508052255027e-05,0.007221384439617395,0.00022559144417755306,0.9925073981285095
1073,salt_pepper,medium,0.032696112990379333,0.8323380351066589,26.754150390625,0.05591977387666702,0.8220779895782471,0.08444066345691681,0.037561528384685516
1074,salt_pepper,high,0.054058801382780075,0.6266729235649109,23.126983642578125,0.06587507575750351,0.7934019565582275,0.09510486572980881,0.04561809077858925
1075,blur,low,0.070476233959198,0.714597225189209,20.687583923339844,0.44870373606681824,0.04011472314596176,0.4370564818382263,0.07412499934434891
1076,blur,high,0.04154092073440552,0.7571964263916016,24.480600357055664,0.10206785053014755,0.01632237434387207,0.8536433577537537,0.02796648070216179
1077,blur,low,0.0320817269384861,0.8142518997192383,26.816617965698242,0.1304161548614502,0.020940959453582764,0.8098871111869812,0.038755837827920914
1078,salt_pepper,low,0.03845987841486931,0.8962317705154419,25.913846969604492,0.03754904493689537,0.8712455034255981,0.06435926258563995,0.02684621326625347
1079,clean,none,0.006738155614584684,0.9972440600395203,40.641666412353516,0.9014166593551636,0.028397150337696075,0.017820119857788086,0.05236601456999779
1080,salt_pepper,high,0.047777604311704636,0.7920238375663757,23.07925033569336,0.03364863619208336,0.8894113898277283,0.056649792939424515,0.020290212705731392
1081,salt_pepper,low,0.03491061180830002,0.9237016439437866,27.35609245300293,0.02833094261586666,0.8927859663963318,0.059732429683208466,0.019150635227560997
1082,occlusion,high,0.09755228459835052,0.504249095916748,15.601706504821777,0.0020436958875507116,0.018908806145191193,0.0024032946676015854,0.9766442179679871
1083,occlusion,low,0.05508795008063316,0.7811481952667236,21.548173904418945,0.06560725718736649,0.07981458306312561,0.051848046481609344,0.802730143070221
1084,clean,none,0.003321305615827441,0.9980717897415161,46.93321990966797,0.8938881158828735,0.02174576371908188,0.03357011079788208,0.05079594999551773
1085,occlusion,medium,0.06376230716705322,0.59428870677948,21.223526000976562,0.0025533176958560944,0.028926214203238487,0.0030879240948706865,0.9654324650764465
1086,blur,medium,0.04042000696063042,0.6838233470916748,25.201627731323242,0.09438300132751465,0.014939355663955212,0.8647069931030273,0.025970639660954475
1087,blur,high,0.05203511565923691,0.6511148810386658,22.440330505371094,0.0980273187160492,0.012839922681450844,0.8660528659820557,0.023079916834831238
1088,clean,none,0.0027390988543629646,0.9986218810081482,45.26679229736328,0.887134850025177,0.019824914634227753,0.04834602028131485,0.044694192707538605
1089,clean,none,0.01422872394323349,0.9753999710083008,34.240501403808594,0.6278880834579468,0.03438384458422661,0.2758873999118805,0.06184064969420433
1090,salt_pepper,low,0.03344665467739105,0.7924559116363525,26.322877883911133,0.052292417734861374,0.8295843005180359,0.08409356325864792,0.03402966260910034
1091,clean,none,0.0061315326020121574,0.9956396818161011,41.06637954711914,0.8408873677253723,0.03815951570868492,0.06173840910196304,0.059214770793914795
1092,salt_pepper,low,0.02962842583656311,0.8772391676902771,27.31814193725586,0.03995956853032112,0.8649138808250427,0.06717666238546371,0.027949942275881767
1093,salt_pepper,low,0.04758019745349884,0.8001176714897156,23.547155380249023,0.054754119366407394,0.8344560265541077,0.07635020464658737,0.0344395712018013
1094,clean,none,0.009635097347199917,0.9946572780609131,37.98149490356445,0.8627417683601379,0.030830565840005875,0.04238360747694969,0.06404410302639008
1095,clean,none,0.010860606096684933,0.979310929775238,36.192176818847656,0.5774019956588745,0.0300754364579916,0.33582672476768494,0.056695833802223206
1096,blur,medium,0.04929240792989731,0.6986745595932007,23.21823501586914,0.10087327659130096,0.015325828455388546,0.8565565943717957,0.027244385331869125
1097,clean,none,0.005335408262908459,0.9972000122070312,42.668357849121094,0.8886282444000244,0.024865081533789635,0.03942051902413368,0.04708617553114891
1098,blur,medium,0.053786665201187134,0.786436915397644,21.94856834411621,0.09382406622171402,0.012721226550638676,0.8708146214485168,0.02264000102877617
1099,blur,low,0.03618020564317703,0.7845587730407715,25.8256893157959,0.31199681758880615,0.030822288244962692,0.6088169813156128,0.04836392402648926
1100,blur,low,0.05030929297208786,0.7417203783988953,23.41107940673828,0.3452858030796051,0.02960115671157837,0.5775037407875061,0.04760933667421341
1101,clean,none,0.003988222684711218,0.9968117475509644,45.196136474609375,0.874734103679657,0.026013480499386787,0.04365985468029976,0.055592652410268784
1102,blur,low,0.027342773973941803,0.8222722411155701,28.260501861572266,0.15261022746562958,0.015994826331734657,0.8071117401123047,0.02428315579891205
1103,clean,none,0.005429668352007866,0.9944815039634705,42.37171173095703,0.8322799801826477,0.034123051911592484,0.047834739089012146,0.08576218783855438
1104,salt_pepper,high,0.0398995503783226,0.8250093460083008,25.066177368164062,0.04146435111761093,0.8655332326889038,0.06737089902162552,0.025631466880440712
1105,occlusion,medium,0.07094931602478027,0.6784629225730896,19.200231552124023,0.005198979750275612,0.028566110879182816,0.003500367049127817,0.9627346396446228
1106,salt_pepper,medium,0.08370858430862427,0.6396960020065308,18.87127113342285,0.045318786054849625,0.8567646741867065,0.06792841106653214,0.029988102614879608
1107,clean,none,0.005445535760372877,0.9972817301750183,41.951499938964844,0.8876923322677612,0.02510690875351429,0.03027947060763836,0.0569213405251503
1108,salt_pepper,low,0.03718188405036926,0.7809351682662964,25.500595092773438,0.036600660532712936,0.8689243793487549,0.06739529222249985,0.027079744264483452
1109,blur,low,0.0341663584113121,0.8273124694824219,26.30282974243164,0.18534627556800842,0.01975591853260994,0.7657430171966553,0.029154784977436066
1110,occlusion,low,0.0759313702583313,0.6260757446289062,18.985382080078125,0.053102292120456696,0.08413364738225937,0.009584775194525719,0.8531792759895325
1111,occlusion,high,0.0602765828371048,0.6411059498786926,20.430198669433594,2.250533498227014e-06,0.0015435575041919947,1.3323324310476892e-05,0.9984408020973206
1112,occlusion,low,0.03189545124769211,0.8761084079742432,24.648372650146484,0.38728493452072144,0.0791894942522049,0.058227065950632095,0.4752984941005707
1113,occlusion,high,0.07085159420967102,0.5206117033958435,19.399404525756836,1.8944696421385743e-05,0.003330630948767066,5.144077294971794e-05,0.996599018573761
1114,clean,none,0.006719529163092375,0.9931837320327759,40.63092041015625,0.7836472988128662,0.03319815546274185,0.11132204532623291,0.07183244824409485
1115,occlusion,medium,0.042562179267406464,0.7595795392990112,24.74066925048828,0.0002747872786130756,0.009304572828114033,0.00030849588802084327,0.9901121258735657
1116,salt_pepper,medium,0.04724442958831787,0.7023602724075317,23.655080795288086,0.04291830211877823,0.8576059341430664,0.07184391468763351,0.027631908655166626
1117,blur,medium,0.050424717366695404,0.8465660810470581,24.33161163330078,0.09198538959026337,0.014621752314269543,0.8671607375144958,0.026232151314616203
1118,occlusion,high,0.05490842089056969,0.6156036853790283,21.575843811035156,0.00016392118413932621,0.009301019832491875,0.00021760122035630047,0.9903174638748169
1119,blur,medium,0.035484835505485535,0.7414833903312683,26.308610916137695,0.09723503887653351,0.015724165365099907,0.8587270379066467,0.02831377275288105
1120,occlusion,medium,0.08339937776327133,0.6871301531791687,19.245882034301758,0.0020409319549798965,0.026767386123538017,0.000981305493041873,0.9702103137969971
1121,clean,none,0.0026302430778741837,0.9984971284866333,44.57615661621094,0.8606445789337158,0.027472244575619698,0.03758746385574341,0.07429575175046921
1122,occlusion,medium,0.06747431308031082,0.6971118450164795,19.69748306274414,0.12310940772294998,0.08642391115427017,0.014797455631196499,0.7756692171096802
1123,blur,medium,0.030259056016802788,0.8384541273117065,27.05010414123535,0.09648353606462479,0.014940708875656128,0.8629726767539978,0.02560313418507576
1124,blur,medium,0.046268999576568604,0.662925124168396,23.680614471435547,0.09356223046779633,0.011935199610888958,0.8733693957328796,0.021133171394467354
1125,occlusion,high,0.05839725583791733,0.6013050079345703,21.48723602294922,0.0002756821922957897,0.008679889142513275,0.00037094263825565577,0.9906734824180603
1126,salt_pepper,medium,0.06004790589213371,0.596716582775116,22.052520751953125,0.07193228602409363,0.7780402302742004,0.10090100765228271,0.049126531928777695
1127,blur,low,0.025780674070119858,0.9460209608078003,28.92085838317871,0.14320921897888184,0.014213317073881626,0.8202935457229614,0.022283853963017464
1128,salt_pepper,medium,0.040266066789627075,0.7694008350372314,24.617979049682617,0.03642752766609192,0.8767621517181396,0.06367237865924835,0.02313794568181038
1129,salt_pepper,low,0.0377059131860733,0.8482083082199097,25.716049194335938,0.04983588680624962,0.8370160460472107,0.07764727622270584,0.03550083562731743
1130,blur,medium,0.036935918033123016,0.7501118183135986,25.766828536987305,0.098660908639431,0.015683045610785484,0.8585168123245239,0.027139319106936455
1131,occlusion,high,0.07927434146404266,0.6149259805679321,18.19818878173828,9.559659702063072e-06,0.003591610584408045,2.0905859855702147e-05,0.9963780045509338
1132,blur,low,0.06350447237491608,0.778965950012207,22.266809463500977,0.2746051251888275,0.03190772607922554,0.6398534774780273,0.05363370105624199
1133,occlusion,high,0.054432570934295654,0.6561722159385681,21.600378036499023,0.00044592685298994184,0.010418864898383617,0.0007937827613204718,0.9883413910865784
1134,salt_pepper,high,0.028937291353940964,0.8402807116508484,27.39384651184082,0.04452049359679222,0.8549182415008545,0.0720011368393898,0.028560156002640724
1135,occlusion,low,0.02399701438844204,0.884837806224823,29.014760971069336,0.007396813947707415,0.03323719650506973,0.007187366485595703,0.9521785974502563
1136,clean,none,0.03192776441574097,0.9680875539779663,28.403278350830078,0.698314905166626,0.037497878074645996,0.17750965058803558,0.08667761087417603
1137,occlusion,high,0.11654403805732727,0.5575920343399048,14.90507698059082,1.3728532394452486e-05,0.004181822296231985,5.9937749028904364e-05,0.9957444071769714
1138,blur,high,0.03583863377571106,0.7857592105865479,25.297433853149414,0.10302335023880005,0.015288138762116432,0.855224072933197,0.026464438065886497
1139,occlusion,high,0.08762439340353012,0.5338876247406006,17.903240203857422,7.868019565648865e-06,0.0029721292667090893,2.0028235667268746e-05,0.9969999194145203
1140,clean,none,0.010028447955846786,0.9889475703239441,37.571624755859375,0.7763016223907471,0.033861659467220306,0.12264808267354965,0.06718865036964417
1141,clean,none,0.005169509910047054,0.9908794164657593,40.75081253051758,0.7759683132171631,0.03408261761069298,0.055150583386421204,0.13479839265346527
1142,blur,medium,0.03602653741836548,0.8277446031570435,25.053768157958984,0.0959494411945343,0.018173515796661377,0.8532285094261169,0.03264853358268738
1143,blur,medium,0.04287945479154587,0.6818898916244507,21.101408004760742,0.08756814897060394,0.01793203502893448,0.844100832939148,0.050399042665958405
1144,blur,low,0.04801200330257416,0.7652308940887451,24.159542083740234,0.14256830513477325,0.014263348653912544,0.8204547166824341,0.022713614627718925
1145,occlusion,low,0.04305518791079521,0.6597732305526733,24.21308708190918,0.00853290967643261,0.05766316503286362,0.007644738536328077,0.9261592030525208
1146,salt_pepper,high,0.03435755893588066,0.7878142595291138,24.136371612548828,0.02392473630607128,0.9188616871833801,0.042479079216718674,0.014734496362507343
1147,salt_pepper,high,0.03183053061366081,0.880959689617157,26.813800811767578,0.028502319008111954,0.9020489454269409,0.05210372805595398,0.01734500378370285
1148,blur,low,0.04085420072078705,0.8284894824028015,24.689128875732422,0.15523767471313477,0.01456089410930872,0.8075180649757385,0.022683436051011086
1149,occlusion,low,0.04486281797289848,0.7621349096298218,22.399885177612305,0.06424815207719803,0.09440181404352188,0.018533287569880486,0.822816789150238
1150,blur,high,0.0648694783449173,0.554170548915863,20.970046997070312,0.09283992648124695,0.013990907929837704,0.8679616451263428,0.0252075158059597
1151,occlusion,medium,0.08040585368871689,0.6628920435905457,17.2457218170166,0.002034933539107442,0.020915932953357697,0.0020278855226933956,0.975021243095398
1152,occlusion,high,0.06106340512633324,0.7264403104782104,18.694421768188477,1.742865606502164e-05,0.004266150761395693,7.109246507752687e-05,0.99564528465271
1153,salt_pepper,low,0.030912725254893303,0.8734893798828125,26.707916259765625,0.04825153201818466,0.8460871577262878,0.0743500143289566,0.03131131827831268
1154,salt_pepper,low,0.038755759596824646,0.735176682472229,25.827213287353516,0.027197234332561493,0.8970103859901428,0.055671270936727524,0.020121082663536072
1155,salt_pepper,medium,0.04087654501199722,0.8345946073532104,25.06976890563965,0.0316312238574028,0.8904790878295898,0.057711806148290634,0.020177820697426796
1156,occlusion,low,0.053532592952251434,0.7722839117050171,20.761966705322266,0.08735352754592896,0.08803444355726242,0.1637466698884964,0.660865306854248
1157,salt_pepper,high,0.035848718136548996,0.7734497785568237,24.918315887451172,0.032954733818769455,0.8910385966300964,0.0556628443300724,0.02034376561641693
1158,clean,none,0.004644363187253475,0.996978223323822,43.17874526977539,0.8502803444862366,0.03002164326608181,0.05579492449760437,0.06390313059091568
1159,occlusion,low,0.03476177901029587,0.8394540548324585,22.980361938476562,0.19988109171390533,0.09262792766094208,0.026594199240207672,0.6808968186378479
1160,blur,medium,0.02735145017504692,0.8227143287658691,28.626731872558594,0.09300440549850464,0.016241474077105522,0.8623327016830444,0.02842138335108757
1161,clean,none,0.0064003849402070045,0.9964393377304077,40.835079193115234,0.8726013898849487,0.0304386168718338,0.043060705065727234,0.05389922857284546
1162,clean,none,0.003810534719377756,0.9985491633415222,44.38575744628906,0.9071424007415771,0.02011827379465103,0.02877812087535858,0.04396115615963936
1163,occlusion,medium,0.04829913005232811,0.7438332438468933,21.569393157958984,0.00016584180411882699,0.018465114757418633,0.00038803581264801323,0.9809809923171997
1164,blur,high,0.036615993827581406,0.7846763134002686,25.689788818359375,0.09965308010578156,0.01258182618767023,0.8657347559928894,0.02203030325472355
1165,salt_pepper,medium,0.05344156548380852,0.698818564414978,22.533018112182617,0.057694192975759506,0.8168267607688904,0.08737029135227203,0.03810875862836838
1166,occlusion,medium,0.0450747013092041,0.6637123823165894,23.56407928466797,0.0017385176615789533,0.02335502579808235,0.002494284650310874,0.9724121689796448
1167,salt_pepper,low,0.05859699845314026,0.6696919202804565,21.830862045288086,0.09202437102794647,0.7531744241714478,0.0975920781493187,0.057209212332963943
1168,occlusion,low,0.02795851044356823,0.8497322797775269,27.129976272583008,0.03467380627989769,0.05255095288157463,0.019537458196282387,0.893237829208374
1169,occlusion,medium,0.04783403128385544,0.7693182826042175,22.74686050415039,0.00022538885241374373,0.016054630279541016,0.00040885963244363666,0.9833110570907593
1170,occlusion,low,0.04816445708274841,0.8030173778533936,23.045747756958008,0.006705249659717083,0.033955108374357224,0.005375250708311796,0.9539642930030823
1171,occlusion,high,0.07034745812416077,0.6266931295394897,18.790498733520508,9.589623914507683e-06,0.003072816412895918,3.530610410962254e-05,0.9968823194503784
1172,blur,high,0.10018973052501678,0.5883774757385254,18.160533905029297,0.0908181369304657,0.010531137697398663,0.8800035119056702,0.01864725723862648
1173,blur,low,0.05690578743815422,0.6784095764160156,22.332454681396484,0.16991697251796722,0.020037278532981873,0.7809142470359802,0.029131494462490082
1174,clean,none,0.008243197575211525,0.9903364181518555,38.61089324951172,0.7762390971183777,0.03271736204624176,0.12324658036231995,0.06779691576957703
1175,blur,low,0.03256198391318321,0.8753628134727478,27.092914581298828,0.16946107149124146,0.015997547656297684,0.7891952991485596,0.025345994159579277
1176,salt_pepper,low,0.03265848755836487,0.883746862411499,26.112808227539062,0.03925078362226486,0.8725841045379639,0.06177232041954994,0.026392774656414986
1177,blur,high,0.029538385570049286,0.851433277130127,26.009105682373047,0.10443462431430817,0.012702167965471745,0.8603823781013489,0.022480791434645653
1178,salt_pepper,medium,0.0335504487156868,0.7088552713394165,24.497085571289062,0.024340590462088585,0.9136409163475037,0.04623210430145264,0.015786418691277504
1179,salt_pepper,low,0.04834448918700218,0.5844828486442566,22.29596710205078,0.032835703343153,0.8743661642074585,0.06424582004547119,0.028552327305078506
1180,occlusion,low,0.0190341304987669,0.9197642207145691,28.35432243347168,0.009015031158924103,0.052265483886003494,0.007108148653060198,0.9316112995147705
1181,salt_pepper,high,0.03717534989118576,0.7542440295219421,25.93787956237793,0.03957071155309677,0.8707142472267151,0.0651189535856247,0.024596082046628
1182,salt_pepper,medium,0.089645616710186,0.7267570495605469,18.653032302856445,0.05117858573794365,0.8333084583282471,0.0826607197523117,0.032852187752723694
1183,salt_pepper,medium,0.045606255531311035,0.7244470119476318,24.093496322631836,0.05129378288984299,0.8337489366531372,0.08119434118270874,0.03376296907663345
1184,clean,none,0.005764161702245474,0.9958712458610535,41.29773712158203,0.8677324056625366,0.04293474555015564,0.017861198633909225,0.07147162407636642
1185,occlusion,medium,0.06303433328866959,0.6126623153686523,20.689918518066406,0.010263956151902676,0.04476317763328552,0.0025304313749074936,0.9424423575401306
1186,clean,none,0.005367502104490995,0.9965886473655701,42.88048553466797,0.888248085975647,0.028893860056996346,0.023189948871731758,0.05966803431510925
1187,blur,high,0.03987090289592743,0.7129853963851929,25.35974884033203,0.10468384623527527,0.01589261181652546,0.8515344262123108,0.027889128774404526
1188,salt_pepper,medium,0.05210760235786438,0.7397274374961853,22.660537719726562,0.040511950850486755,0.8632985353469849,0.0699574276804924,0.026232097297906876
1189,clean,none,0.007648447062820196,0.9962124228477478,38.90962600708008,0.8758571743965149,0.027587510645389557,0.041743382811546326,0.05481201410293579
1190,clean,none,0.007966683246195316,0.9957106113433838,39.18533706665039,0.8761262893676758,0.026787465438246727,0.04242918640375137,0.05465705692768097
1191,occlusion,high,0.11418037116527557,0.48736512660980225,15.900874137878418,0.00015664113743696362,0.007380159106105566,9.966388461180031e-05,0.992363452911377
1192,occlusion,medium,0.05718301981687546,0.6142845153808594,21.723068237304688,0.035632021725177765,0.0538482628762722,0.004953694995492697,0.9055660367012024
1193,blur,high,0.09231190383434296,0.6417660117149353,17.319116592407227,0.09169620275497437,0.013038404285907745,0.8721460700035095,0.02311932109296322
1194,salt_pepper,high,0.039364900439977646,0.7250596880912781,24.514219284057617,0.04701543226838112,0.8485362529754639,0.07456287741661072,0.02988542802631855
1195,clean,none,0.012295685708522797,0.9838764667510986,35.648624420166016,0.7366897463798523,0.036508455872535706,0.15802690386772156,0.06877481192350388
1196,clean,none,0.0064581530168652534,0.9951246976852417,41.256099700927734,0.832862377166748,0.02525339648127556,0.08787672966718674,0.05400751531124115
1197,occlusion,low,0.04786532372236252,0.7380859851837158,23.05398941040039,0.011331371031701565,0.03662829473614693,0.004761748947203159,0.947278618812561
1198,occlusion,high,0.05996180325746536,0.6872624754905701,20.12417984008789,0.00019786042685154825,0.0068699452094733715,0.00013532961020246148,0.9927969574928284
1199,salt_pepper,low,0.052248742431402206,0.7868401408195496,23.15383529663086,0.055486056953668594,0.8251333832740784,0.08350156992673874,0.035879041999578476
1200,occlusion,high,0.0679684579372406,0.6186094284057617,19.343475341796875,0.0006231082952581346,0.013135603629052639,0.00030113966204226017,0.9859400987625122
1201,clean,none,0.00728970393538475,0.9957343339920044,40.25985336303711,0.8762081861495972,0.02036123536527157,0.06023599952459335,0.04319453984498978
1202,clean,none,0.003772555384784937,0.9990574717521667,45.010597229003906,0.930350661277771,0.018598683178424835,0.008821791037917137,0.042228806763887405
1203,clean,none,0.005320045165717602,0.9979499578475952,42.66397476196289,0.9097828269004822,0.027271907776594162,0.01414295844733715,0.04880233108997345
1204,blur,low,0.038681209087371826,0.828190803527832,24.99553680419922,0.10610564798116684,0.012946930713951588,0.8602799773216248,0.02066749334335327
1205,occlusion,low,0.02547917142510414,0.8978376388549805,28.78902244567871,0.2589118182659149,0.08547351509332657,0.07720346748828888,0.5784112215042114
1206,blur,medium,0.05000796914100647,0.7305889129638672,23.70185089111328,0.0927734449505806,0.012170846574008465,0.8736895322799683,0.02136613428592682
1207,occlusion,high,0.08148667216300964,0.6597486734390259,17.711078643798828,9.375716763315722e-05,0.0059158760122954845,0.00014758529141545296,0.9938428401947021
1208,salt_pepper,low,0.038130711764097214,0.8530246615409851,26.041276931762695,0.039322853088378906,0.8645007014274597,0.06902270019054413,0.027153728529810905
1209,clean,none,0.009119581431150436,0.9872674345970154,37.784873962402344,0.7732792496681213,0.05610579252243042,0.05155041813850403,0.11906453222036362
1210,salt_pepper,high,0.04847506433725357,0.7880997657775879,23.017168045043945,0.03805067762732506,0.8748205900192261,0.06382232904434204,0.02330644242465496
1211,blur,medium,0.051526814699172974,0.6913275718688965,22.5474853515625,0.10222536325454712,0.013957232236862183,0.8591243624687195,0.024693064391613007
1212,clean,none,0.011311916634440422,0.9747300148010254,36.17930603027344,0.47250568866729736,0.02769811451435089,0.4517437219619751,0.048052407801151276
1213,salt_pepper,low,0.07081027328968048,0.6911026835441589,20.378421783447266,0.2384837567806244,0.5596460103988647,0.09622105211019516,0.1056492030620575
1214,occlusion,high,0.08038922399282455,0.4784759283065796,19.6214599609375,0.00036068313056603074,0.011517571285367012,0.0006017382256686687,0.9875200986862183
1215,salt_pepper,high,0.058348070830106735,0.6384410262107849,22.466407775878906,0.0495455339550972,0.841336190700531,0.0760103091597557,0.03310803696513176
1216,occlusion,medium,0.08367377519607544,0.4967486262321472,19.141014099121094,6.648762064287439e-05,0.0066002532839775085,9.155598672805354e-05,0.9932416677474976
1217,blur,low,0.05907193943858147,0.764151930809021,21.687496185302734,0.16308261454105377,0.019271183758974075,0.7890492081642151,0.02859700284898281
1218,blur,medium,0.03623617812991142,0.7968541979789734,25.00981330871582,0.08803801238536835,0.014962036162614822,0.8713910579681396,0.02560894377529621
1219,salt_pepper,low,0.04565374180674553,0.8114453554153442,23.367557525634766,0.04160115122795105,0.8608123064041138,0.06893283873796463,0.028653737157583237
1220,clean,none,0.007983112707734108,0.9967069029808044,39.539554595947266,0.8951310515403748,0.029612040147185326,0.018324069678783417,0.05693279951810837
1221,blur,high,0.06424276530742645,0.6449422240257263,21.142290115356445,0.09186428040266037,0.0132081164047122,0.8712117671966553,0.023715779185295105
1222,clean,none,0.004422367550432682,0.9955450296401978,44.26526641845703,0.8602730631828308,0.029421474784612656,0.037892889231443405,0.07241258770227432
1223,blur,low,0.0516531877219677,0.713065505027771,23.20209503173828,0.1433631181716919,0.013837629929184914,0.8226445913314819,0.020154686644673347
1224,salt_pepper,medium,0.06574218720197678,0.6666351556777954,21.077083587646484,0.062454916536808014,0.8106637001037598,0.08582444489002228,0.04105691239237785
1225,clean,none,0.006591680459678173,0.9964677691459656,41.31175994873047,0.8949772119522095,0.032642826437950134,0.015700358897447586,0.05667963624000549
1226,blur,medium,0.03594895824790001,0.8421815633773804,26.59475326538086,0.09633492678403854,0.011942382901906967,0.8702706098556519,0.021452125161886215
1227,salt_pepper,low,0.05219676345586777,0.8278634548187256,21.302078247070312,0.04071725159883499,0.8646460175514221,0.06554023921489716,0.029096461832523346
1228,salt_pepper,medium,0.07123447954654694,0.7785915732383728,20.89352035522461,0.0656479224562645,0.7941879034042358,0.09675880521535873,0.04340531304478645
1229,salt_pepper,low,0.04274716228246689,0.8369412422180176,24.15111541748047,0.03626033291220665,0.8746190071105957,0.0647105798125267,0.02441008947789669
1230,salt_pepper,high,0.06733070313930511,0.7203515768051147,19.894519805908203,0.0344972088932991,0.8892151117324829,0.05589193105697632,0.020395763218402863
1231,salt_pepper,low,0.040673866868019104,0.8218998908996582,23.722095489501953,0.02715538814663887,0.8968550562858582,0.05610501766204834,0.01988455466926098
1232,blur,medium,0.04246944189071655,0.8243240118026733,24.22825813293457,0.09352108836174011,0.01315988041460514,0.8705195188522339,0.022799422964453697
1233,clean,none,0.011817505583167076,0.9888667464256287,36.050296783447266,0.8054144978523254,0.030651191249489784,0.10209428519010544,0.06184003874659538
1234,clean,none,0.01565970852971077,0.9812788367271423,34.16248321533203,0.7337335348129272,0.034125860780477524,0.16179095208644867,0.07034966349601746
1235,blur,medium,0.05572646111249924,0.6863899230957031,22.20168685913086,0.08544008433818817,0.013503585942089558,0.876571774482727,0.02448447234928608
1236,blur,high,0.08733583986759186,0.5084864497184753,18.996047973632812,0.0914643257856369,0.012919681146740913,0.8721317648887634,0.023484330624341965
1237,clean,none,0.008833751082420349,0.9930891990661621,38.97953796386719,0.7371178865432739,0.029382161796092987,0.1692403256893158,0.06425964832305908
1238,salt_pepper,medium,0.03797720745205879,0.7922258377075195,25.864431381225586,0.03807639703154564,0.8735858201980591,0.06418303400278091,0.024154700338840485
1239,salt_pepper,medium,0.03140837326645851,0.8228608965873718,25.996435165405273,0.03301592916250229,0.8863441348075867,0.05894625559449196,0.021693633869290352
1240,clean,none,0.00671231746673584,0.9954867362976074,40.84269714355469,0.8483182191848755,0.026003021746873856,0.07452776283025742,0.05115106701850891
1241,salt_pepper,medium,0.033844128251075745,0.7999420166015625,26.481306076049805,0.04872344434261322,0.8465468287467957,0.0739457905292511,0.03078388422727585
1242,clean,none,0.006797776557505131,0.9959574937820435,40.62403869628906,0.8789196610450745,0.024205699563026428,0.05030735209584236,0.046567223966121674
1243,occlusion,medium,0.04480866715312004,0.6965934038162231,24.286663055419922,0.007181074004620314,0.033143289387226105,0.005693527404218912,0.9539821147918701
1244,blur,low,0.04404788836836815,0.856865406036377,24.572803497314453,0.12867560982704163,0.014659857377409935,0.8342689871788025,0.022395627573132515
1245,blur,low,0.04429702088236809,0.8003408908843994,25.612499237060547,0.11720191687345505,0.016026999801397324,0.8420419692993164,0.02472914569079876
1246,blur,low,0.04070436954498291,0.86188805103302,24.190824508666992,0.13001565635204315,0.015151084400713444,0.830549955368042,0.02428334951400757
1247,occlusion,medium,0.046547845005989075,0.7385187149047852,22.861766815185547,0.002581168431788683,0.029091255739331245,0.004325176123529673,0.9640023708343506
1248,blur,medium,0.03295251727104187,0.813325047492981,26.96624755859375,0.09760960936546326,0.01298676710575819,0.8661916851997375,0.02321205846965313
1249,occlusion,medium,0.08992825448513031,0.5167174339294434,18.442951202392578,0.05666414275765419,0.09213627129793167,0.013303304091095924,0.8378962874412537
1250,salt_pepper,high,0.04286037012934685,0.7861920595169067,24.330615997314453,0.03852400183677673,0.8746758699417114,0.06335417926311493,0.02344597689807415
1251,occlusion,low,0.0650385320186615,0.6599881052970886,20.37359046936035,0.14182049036026,0.09156484156847,0.02014392986893654,0.7464708089828491
1252,clean,none,0.014368591830134392,0.9845005869865417,34.20509338378906,0.6817181706428528,0.02930491417646408,0.23216621577739716,0.056810684502124786
1253,salt_pepper,medium,0.04418931156396866,0.7757984399795532,24.377201080322266,0.046467047184705734,0.8499405980110168,0.07394354790449142,0.029648827388882637
1254,salt_pepper,medium,0.060683608055114746,0.6727166175842285,21.843950271606445,0.05021382495760918,0.8398844599723816,0.07794354856014252,0.03195812180638313
1255,salt_pepper,high,0.032131128013134,0.8265089988708496,26.519954681396484,0.03178658336400986,0.8923142552375793,0.05610039830207825,0.019798744469881058
1256,salt_pepper,medium,0.07459913194179535,0.6740988492965698,19.95586395263672,0.05209070071578026,0.8317541480064392,0.08175445348024368,0.03440067917108536
1257,blur,high,0.08322709798812866,0.5631052255630493,19.27797508239746,0.08928601443767548,0.01387333869934082,0.8727995157241821,0.024041196331381798
1258,salt_pepper,high,0.0474642775952816,0.7671544551849365,23.85830307006836,0.05464353784918785,0.8257256746292114,0.08429864048957825,0.035332124680280685
1259,clean,none,0.0072250678204,0.9968034625053406,40.07631301879883,0.8940565586090088,0.028928710147738457,0.022781530395150185,0.05423321574926376
1260,occlusion,low,0.06720271706581116,0.690893292427063,20.19045639038086,0.036488261073827744,0.06104113534092903,0.008369825780391693,0.8941008448600769
1261,clean,none,0.00674131466075778,0.9969207644462585,40.93470001220703,0.8888372778892517,0.02921614982187748,0.02509387768805027,0.05685276910662651
1262,occlusion,low,0.05232968181371689,0.7062041163444519,22.256561279296875,0.015563146211206913,0.0447261743247509,0.010698087513446808,0.929012656211853
1263,occlusion,medium,0.028735484927892685,0.8397893309593201,25.69485092163086,0.0015318045625463128,0.026616882532835007,0.0029265296179801226,0.9689247012138367
1264,salt_pepper,high,0.03994569927453995,0.7882780432701111,25.1129150390625,0.041863344609737396,0.8642212152481079,0.06729727983474731,0.02661823481321335
1265,blur,low,0.03678383305668831,0.8113158941268921,25.835861206054688,0.15791426599025726,0.02097477950155735,0.789129912853241,0.031981028616428375
1266,blur,high,0.0403299555182457,0.846086859703064,24.611492156982422,0.09932731091976166,0.012710497714579105,0.8649689555168152,0.022993294522166252
1267,occlusion,high,0.06975612044334412,0.633995771408081,19.698713302612305,2.8696374556602677e-06,0.0022344656754285097,1.2807396160496864e-05,0.9977498650550842
1268,clean,none,0.011516258120536804,0.9845236539840698,36.285667419433594,0.7242799997329712,0.04533638432621956,0.13720111548900604,0.09318245202302933
1269,salt_pepper,medium,0.07279995828866959,0.7321251630783081,19.79396629333496,0.04503249749541283,0.8562605977058411,0.06755144894123077,0.031155431643128395
1270,blur,low,0.04446795582771301,0.8687585592269897,24.348533630371094,0.11773452907800674,0.015404380857944489,0.8432022929191589,0.02365882880985737
1271,occlusion,high,0.07095871865749359,0.43580886721611023,20.174602508544922,0.0007877665921114385,0.01826995424926281,0.0005513544310815632,0.9803909063339233
1272,clean,none,0.02152584306895733,0.9821926355361938,31.075164794921875,0.7500282526016235,0.03008132055401802,0.1566658765077591,0.06322455406188965
1273,blur,low,0.0342768132686615,0.77544105052948,26.973905563354492,0.11671996116638184,0.01619870588183403,0.8420698642730713,0.025011442601680756
1274,occlusion,medium,0.041077326983213425,0.7540125846862793,24.699804306030273,0.005236847326159477,0.04149274528026581,0.0032120738178491592,0.9500584006309509
1275,occlusion,low,0.04854985326528549,0.7189621925354004,23.209211349487305,0.08592656254768372,0.08747657388448715,0.017481638118624687,0.8091152310371399
1276,occlusion,low,0.018286125734448433,0.89884352684021,29.054088592529297,0.6247783899307251,0.06051776558160782,0.06640615314245224,0.248297780752182
1277,salt_pepper,medium,0.051759250462055206,0.7406358122825623,23.04670524597168,0.04394587129354477,0.8543334603309631,0.07348135113716125,0.028239382430911064
1278,salt_pepper,high,0.07181473821401596,0.6545109748840332,20.163232803344727,0.07255980372428894,0.7802314758300781,0.0955946072936058,0.051614150404930115
1279,clean,none,0.013944908045232296,0.9922679662704468,34.893497467041016,0.845076858997345,0.030172111466526985,0.06553049385547638,0.059220489114522934
1280,clean,none,0.005251321941614151,0.9959388971328735,42.484901428222656,0.8600662350654602,0.026050148531794548,0.06390607357025146,0.049977533519268036
1281,occlusion,high,0.06413547694683075,0.6051294803619385,20.34223175048828,0.0018832074711099267,0.021847980096936226,0.0012705947738140821,0.9749982357025146
1282,occlusion,low,0.09961925446987152,0.6625478267669678,16.753820419311523,0.2356187254190445,0.10543955117464066,0.043379850685596466,0.6155619025230408
1283,blur,medium,0.031054487451910973,0.8615530729293823,26.926124572753906,0.09372618049383163,0.012216207571327686,0.8721829056739807,0.021874792873859406
1284,salt_pepper,low,0.06737997382879257,0.6502146124839783,20.861875534057617,0.037902362644672394,0.868503987789154,0.06621280312538147,0.027380840852856636
1285,blur,medium,0.03748493641614914,0.8130187392234802,25.051406860351562,0.09863722324371338,0.012644907459616661,0.8667016625404358,0.022016162052750587
1286,salt_pepper,high,0.061404675245285034,0.6990216970443726,21.575878143310547,0.04320414364337921,0.8602133393287659,0.06879016757011414,0.027792319655418396
1287,blur,high,0.03091128170490265,0.7956764101982117,26.23527717590332,0.1053321361541748,0.01624150201678276,0.8502775430679321,0.028148841112852097
1288,blur,high,0.04730181023478508,0.7160897254943848,23.761537551879883,0.096525177359581,0.012982729822397232,0.8670651912689209,0.023426853120326996
1289,salt_pepper,medium,0.028143560513854027,0.8448604345321655,28.404447555541992,0.038673315197229385,0.870220959186554,0.06660362333059311,0.02450203150510788
1290,blur,high,0.03847074136137962,0.7688731551170349,24.008071899414062,0.08879247307777405,0.012386828660964966,0.8750555515289307,0.023765098303556442
1291,salt_pepper,medium,0.04082194343209267,0.7756930589675903,23.542118072509766,0.03976847976446152,0.8667148351669312,0.068901926279068,0.024614790454506874
1292,blur,low,0.06066283583641052,0.7602347731590271,21.972721099853516,0.200412780046463,0.02147573046386242,0.7469668388366699,0.031144654378294945
1293,blur,low,0.039781078696250916,0.8007234334945679,25.706687927246094,0.1355219930410385,0.018776196986436844,0.8177628517150879,0.02793893590569496
1294,clean,none,0.00979667529463768,0.9915618896484375,38.24637985229492,0.8326194286346436,0.029237015172839165,0.08093475550413132,0.057208914309740067
1295,occlusion,low,0.06411676108837128,0.5972652435302734,21.421049118041992,0.007507913280278444,0.04503234103322029,0.00391034921631217,0.943549394607544
1296,clean,none,0.007684608455747366,0.9945006370544434,39.06480026245117,0.8579500913619995,0.043116070330142975,0.025042470544576645,0.0738913044333458
1297,blur,low,0.04060801491141319,0.8473305106163025,25.18619155883789,0.15871964395046234,0.01818426139652729,0.7943113446235657,0.028784779831767082
1298,salt_pepper,medium,0.050519995391368866,0.7172826528549194,23.462814331054688,0.05426362156867981,0.8307347297668457,0.08033521473407745,0.034666504710912704
1299,clean,none,0.0080417450517416,0.992802619934082,39.14049530029297,0.7811688780784607,0.03225335478782654,0.11326145380735397,0.07331623882055283
1300,blur,medium,0.04255809634923935,0.8068242073059082,24.630496978759766,0.09410922229290009,0.014748678542673588,0.8651407361030579,0.026001354679465294
1301,occlusion,high,0.07088396698236465,0.6724876165390015,18.974468231201172,0.00014924045535735786,0.008955982513725758,0.00033983931643888354,0.9905548691749573
1302,salt_pepper,medium,0.03615851327776909,0.822865903377533,25.896413803100586,0.039362356066703796,0.8683248162269592,0.06702391803264618,0.025288868695497513
1303,occlusion,medium,0.0578378289937973,0.6876609325408936,20.446426391601562,0.00018942948372568935,0.0116784842684865,0.00037488265661522746,0.9877573251724243
1304,blur,low,0.04624759405851364,0.8397065997123718,23.773500442504883,0.1442984640598297,0.01564902998507023,0.8154366612434387,0.024615859612822533
1305,salt_pepper,low,0.04898850619792938,0.7635035514831543,23.356304168701172,0.05500256270170212,0.8332068920135498,0.07468081265687943,0.03710970655083656
1306,clean,none,0.005765452049672604,0.9965550303459167,41.627235412597656,0.8647626042366028,0.02557172067463398,0.05499662458896637,0.05466906353831291
1307,blur,medium,0.03272583708167076,0.8762604594230652,27.256549835205078,0.10103768855333328,0.014003840275108814,0.8603968024253845,0.02456170879304409
1308,clean,none,0.005339489784091711,0.9978479146957397,42.199195861816406,0.8817245960235596,0.0237104594707489,0.048031285405159,0.04653366282582283
1309,clean,none,0.00848720595240593,0.9962035417556763,39.058589935302734,0.8925080299377441,0.02935648337006569,0.019071359187364578,0.059064120054244995
1310,clean,none,0.00879816897213459,0.9915347099304199,38.70174026489258,0.7853808403015137,0.029956597834825516,0.12142045050859451,0.06324206292629242
1311,blur,high,0.04995798319578171,0.6542969942092896,23.08419418334961,0.09842409193515778,0.016519859433174133,0.8563135862350464,0.028742481023073196
1312,occlusion,high,0.08562354743480682,0.5135177373886108,18.188936233520508,0.00022212104522623122,0.00728435767814517,0.00016426609363406897,0.9923292994499207
1313,blur,medium,0.05393793433904648,0.6256641149520874,23.137344360351562,0.0941540002822876,0.015604127198457718,0.8631461262702942,0.02709580585360527
1314,clean,none,0.004426882602274418,0.9965344667434692,44.722808837890625,0.8940699100494385,0.02531842142343521,0.02447730116546154,0.056134436279535294
1315,clean,none,0.005429468117654324,0.9975497126579285,42.42638397216797,0.8832924365997314,0.022515954449772835,0.047378215938806534,0.04681341350078583
1316,salt_pepper,low,0.05379683896899223,0.7581186294555664,22.71774673461914,0.05059826001524925,0.8346707820892334,0.0798753872513771,0.03485566005110741
1317,occlusion,high,0.08205109089612961,0.5431755781173706,17.212478637695312,8.570891077397391e-05,0.007512672338634729,0.00021986999490763992,0.9921817779541016
1318,blur,high,0.034726180136203766,0.7851361036300659,25.59743881225586,0.08844030648469925,0.015483224764466286,0.8667846918106079,0.029291683807969093
1319,clean,none,0.003347262740135193,0.9982337951660156,46.47979736328125,0.8891587257385254,0.023825252428650856,0.034168753772974014,0.0528472363948822
1320,salt_pepper,medium,0.03740798681974411,0.749954342842102,25.3438777923584,0.029797155410051346,0.8981717228889465,0.05308732017874718,0.018943706527352333
1321,salt_pepper,low,0.04521363973617554,0.8393019437789917,23.86591911315918,0.03421522304415703,0.8779335021972656,0.06366158276796341,0.024189656600356102
1322,salt_pepper,low,0.0454847626388073,0.8012182116508484,24.284191131591797,0.042209699749946594,0.8647993206977844,0.06493353098630905,0.028057415038347244
1323,clean,none,0.006594264414161444,0.9947761297225952,41.09906768798828,0.8779135346412659,0.02997823990881443,0.035015806555747986,0.057092368602752686
1324,blur,high,0.08350502699613571,0.5730377435684204,19.508119583129883,0.09017674624919891,0.01342779491096735,0.8727198839187622,0.023675568401813507
1325,blur,medium,0.030322421342134476,0.7839948534965515,27.17404556274414,0.09782334417104721,0.015152191743254662,0.8603946566581726,0.026629861444234848
1326,clean,none,0.004695400130003691,0.9983692169189453,43.688941955566406,0.8915345072746277,0.020130783319473267,0.048210665583610535,0.040123965591192245
1327,blur,high,0.0916612297296524,0.5276561975479126,18.535993576049805,0.11333464086055756,0.023310579359531403,0.8215003609657288,0.04185440018773079
1328,occlusion,low,0.045457400381565094,0.7987620830535889,21.094287872314453,0.004998547490686178,0.032303325831890106,0.007093701511621475,0.9556044340133667
1329,blur,high,0.058740101754665375,0.6202082633972168,21.775339126586914,0.09290174394845963,0.016010615974664688,0.8630899786949158,0.02799760363996029
1330,salt_pepper,high,0.049142878502607346,0.703829288482666,23.691890716552734,0.05168977752327919,0.8371380567550659,0.0769985094666481,0.0341736376285553
1331,salt_pepper,medium,0.055368587374687195,0.770443856716156,22.923620223999023,0.045991383492946625,0.8492303490638733,0.07530403137207031,0.029474344104528427
1332,blur,low,0.030692806467413902,0.8635520339012146,27.679576873779297,0.1175549328327179,0.014206972904503345,0.8456952571868896,0.022542810067534447
1333,blur,low,0.047116659581661224,0.7904911041259766,23.84385871887207,0.12026546895503998,0.015656359493732452,0.8408002853393555,0.02327795699238777
1334,salt_pepper,medium,0.06527804583311081,0.676467776298523,21.45401382446289,0.05160140618681908,0.8324941992759705,0.08235795795917511,0.03354647383093834
1335,clean,none,0.01385295670479536,0.9921334981918335,35.00339126586914,0.8293404579162598,0.03176628798246384,0.07252270728349686,0.06637052446603775
1336,occlusion,low,0.048596471548080444,0.7159703969955444,22.526718139648438,0.04230453446507454,0.0646156445145607,0.012337163090705872,0.8807426691055298
1337,occlusion,medium,0.05682678520679474,0.6516026258468628,21.098281860351562,0.0011192546226084232,0.015891583636403084,0.0008407345158047974,0.9821485280990601
1338,occlusion,medium,0.055648744106292725,0.6430302858352661,21.526002883911133,0.004804152529686689,0.027502480894327164,0.0024392670020461082,0.9652541875839233
1339,blur,high,0.0912291407585144,0.5033196210861206,18.416109085083008,0.08956829458475113,0.014087307266891003,0.8721620440483093,0.024182287976145744
1340,occlusion,high,0.07967168837785721,0.5258708000183105,18.64516258239746,2.5282035494456068e-05,0.005033198278397322,7.780281885061413e-05,0.9948636889457703
1341,clean,none,0.018780136480927467,0.9854726195335388,32.59517288208008,0.7918137311935425,0.03285845369100571,0.11179100722074509,0.06353674083948135
1342,blur,medium,0.08468212932348251,0.5546879172325134,19.242816925048828,0.09531062841415405,0.011457474902272224,0.8731138706207275,0.02011805772781372
1343,occlusion,high,0.10843392461538315,0.5418738722801208,14.701943397521973,6.392960494849831e-05,0.004733469802886248,8.560561400372535e-05,0.9951169490814209
1344,blur,medium,0.03437058627605438,0.8248075246810913,25.17000389099121,0.09127157926559448,0.01563422940671444,0.8549402356147766,0.03815390169620514
1345,occlusion,low,0.03650687634944916,0.7866628170013428,25.723058700561523,0.05896122008562088,0.08234069496393204,0.02811092883348465,0.8305871486663818
1346,occlusion,low,0.058307986706495285,0.7263221740722656,22.24463653564453,0.22704151272773743,0.08936458081007004,0.07564722746610641,0.6079466938972473
1347,blur,high,0.06492435932159424,0.6640580892562866,21.04911994934082,0.09326407313346863,0.013447749428451061,0.8690468072891235,0.02424141950905323
1348,salt_pepper,high,0.03704012930393219,0.7751614451408386,26.2789306640625,0.042795371264219284,0.8638777732849121,0.06618916243314743,0.027137674391269684
1349,salt_pepper,low,0.0440748892724514,0.728594183921814,23.835491180419922,0.0845283716917038,0.7548230290412903,0.10874868929386139,0.051899950951337814
1350,blur,medium,0.04187776893377304,0.8366000056266785,24.397872924804688,0.09236688911914825,0.015504819341003895,0.8655118346214294,0.026616476476192474
1351,salt_pepper,high,0.03168720006942749,0.866042971611023,26.734424591064453,0.024419356137514114,0.9161364436149597,0.04437413811683655,0.015070061199367046
1352,clean,none,0.03122027777135372,0.9559671878814697,28.239173889160156,0.6426414251327515,0.041972093284130096,0.24276283383369446,0.07262367755174637
1353,blur,medium,0.07069304585456848,0.6214157938957214,21.110736846923828,0.0993383377790451,0.016309060156345367,0.8562982082366943,0.028054414317011833
1354,blur,high,0.04663000628352165,0.6302115321159363,23.919946670532227,0.10175873339176178,0.015211808495223522,0.8560687303543091,0.02696070820093155
1355,clean,none,0.019840708002448082,0.9658077955245972,32.22465133666992,0.6550205945968628,0.036747418344020844,0.2351348102092743,0.0730971172451973
1356,salt_pepper,low,0.035121284425258636,0.8574768900871277,26.38321876525879,0.05077888071537018,0.8412712216377258,0.07624233514070511,0.03170756250619888
1357,occlusion,low,0.069863460958004,0.6134476065635681,20.642948150634766,0.07635150104761124,0.08933097124099731,0.03962010145187378,0.7946974039077759
1358,salt_pepper,low,0.02854967676103115,0.8499431610107422,27.750995635986328,0.04916991665959358,0.8360631465911865,0.08263789862394333,0.0321289598941803
1359,clean,none,0.007469456642866135,0.9900623559951782,39.522682189941406,0.7456476092338562,0.032566264271736145,0.15843190252780914,0.0633542463183403
1360,clean,none,0.016183683648705482,0.9825436472892761,33.33812713623047,0.7284888625144958,0.03307907283306122,0.17393310368061066,0.06449899822473526
1361,blur,low,0.08465245366096497,0.634719729423523,19.555252075195312,0.12150638550519943,0.014687364920973778,0.841285228729248,0.022521045058965683
1362,salt_pepper,high,0.0760309100151062,0.6234979033470154,20.415054321289062,0.056190285831689835,0.8196492791175842,0.0868171751499176,0.03734318166971207
1363,salt_pepper,high,0.05323043093085289,0.7501170635223389,22.405433654785156,0.043741192668676376,0.8569548726081848,0.07113639265298843,0.02816750481724739
1364,blur,medium,0.06717349588871002,0.7382762432098389,21.313682556152344,0.08482162654399872,0.01218408066779375,0.882003128528595,0.020991168916225433
1365,salt_pepper,medium,0.06638684868812561,0.6544427871704102,21.360891342163086,0.06018518656492233,0.8130221366882324,0.08727917075157166,0.039513517171144485
1366,blur,high,0.040779076516628265,0.7070629000663757,24.41815948486328,0.0963125228881836,0.015675710514187813,0.8608717322349548,0.027139995247125626
1367,salt_pepper,medium,0.03903627023100853,0.6979998350143433,25.349206924438477,0.0422665998339653,0.8619542121887207,0.06923183053731918,0.02654735930263996
1368,clean,none,0.003190734889358282,0.9986268281936646,47.29851531982422,0.9201594591140747,0.01670260727405548,0.020394420251250267,0.04274352267384529
1369,occlusion,high,0.08928360790014267,0.42192912101745605,18.37322235107422,0.00011961855489062145,0.00832274742424488,0.00017999493866227567,0.9913777112960815
1370,occlusion,medium,0.05126316472887993,0.729741096496582,21.23638343811035,0.0012149177491664886,0.014582100324332714,0.0014620351139456034,0.9827409386634827
1371,clean,none,0.021359886974096298,0.9667836427688599,30.49188232421875,0.5257747173309326,0.037107642740011215,0.3702893853187561,0.06682827323675156
1372,occlusion,high,0.07418143004179001,0.5473171472549438,19.10546112060547,2.0206243789289147e-06,0.002378355246037245,1.1904467100976035e-05,0.9976077079772949
1373,blur,high,0.04739382863044739,0.774192214012146,23.728382110595703,0.08691747486591339,0.013526048511266708,0.8727753758430481,0.02678113617002964
1374,blur,low,0.06984271109104156,0.7163113355636597,20.480525970458984,0.15211650729179382,0.017033085227012634,0.8053733706474304,0.025477023795247078
1375,salt_pepper,medium,0.04566001519560814,0.8146373629570007,24.082639694213867,0.03924257308244705,0.8657022714614868,0.06930060684680939,0.02575458027422428
1376,occlusion,high,0.09678953886032104,0.5906605124473572,14.501862525939941,0.00020358286565169692,0.007910441607236862,0.0004238774417899549,0.9914621114730835
1377,blur,low,0.0403725728392601,0.926582932472229,24.93343734741211,0.1528325080871582,0.020803501829504967,0.7940168976783752,0.03234713524580002
1378,blur,high,0.04136642813682556,0.6998674869537354,24.99285888671875,0.09600239992141724,0.012720698490738869,0.8684340119361877,0.022842906415462494
1379,blur,high,0.049592312425374985,0.7498019933700562,23.485136032104492,0.0935630053281784,0.012362984009087086,0.8713573813438416,0.022716687992215157
1380,occlusion,medium,0.07939344644546509,0.698788046836853,19.0645751953125,0.0004159493837505579,0.012975431978702545,0.0006968220113776624,0.9859117865562439
1381,blur,high,0.05434020981192589,0.7427383661270142,22.448749542236328,0.09049210697412491,0.0127179604023695,0.8738188743591309,0.02297096699476242
1382,clean,none,0.007160144858062267,0.9964321851730347,39.90738296508789,0.8767821788787842,0.026629436761140823,0.04573480784893036,0.05085355043411255
1383,occlusion,high,0.07103751599788666,0.550694465637207,18.84534454345703,4.829471436096355e-05,0.003824839601293206,6.61539233988151e-05,0.9960606694221497
1384,occlusion,low,0.04131762310862541,0.7550309896469116,23.78199577331543,0.16646261513233185,0.08006276935338974,0.01716948300600052,0.7363051176071167
1385,occlusion,low,0.044181160628795624,0.8271218538284302,22.30086326599121,0.04238617420196533,0.05802001804113388,0.007302511017769575,0.8922913074493408
1386,occlusion,high,0.08664035052061081,0.6032425761222839,17.85982322692871,8.112841169349849e-05,0.00610761484131217,6.57880082144402e-05,0.9937454462051392
1387,salt_pepper,medium,0.04992977902293205,0.7881275415420532,22.283309936523438,0.028859518468379974,0.8990702033042908,0.05349357798695564,0.01857673190534115
1388,occlusion,low,0.05321061611175537,0.8382697105407715,18.843788146972656,0.5289477109909058,0.1059802696108818,0.039162006229162216,0.3259100019931793
1389,blur,high,0.049045853316783905,0.7384189367294312,22.80514907836914,0.09474551677703857,0.01229067426174879,0.870999276638031,0.021964451298117638
1390,clean,none,0.004033296834677458,0.9989115595817566,44.51475524902344,0.9262232780456543,0.01829763501882553,0.015061073936522007,0.04041801393032074
1391,occlusion,high,0.12257874011993408,0.5019413232803345,14.114446640014648,0.00013436989684123546,0.007654016837477684,0.00021584535716101527,0.9919956922531128
1392,clean,none,0.0058688996359705925,0.9972082376480103,42.15358352661133,0.8853809237480164,0.02132423408329487,0.04571828991174698,0.04757658764719963
1393,clean,none,0.007358773611485958,0.9961869120597839,39.59529495239258,0.8669463992118835,0.029935380443930626,0.04514655843377113,0.057971663773059845
1394,occlusion,medium,0.10888772457838058,0.5145713090896606,16.28282928466797,0.002261160174384713,0.02801848016679287,0.0015681626973673701,0.9681522250175476
1395,clean,none,0.006824156269431114,0.9963436126708984,40.85950469970703,0.8870441317558289,0.026585299521684647,0.03222598135471344,0.05414452403783798
1396,salt_pepper,medium,0.040690720081329346,0.7393873929977417,25.240528106689453,0.061348993331193924,0.8168465495109558,0.08223779499530792,0.03956666216254234
1397,clean,none,0.005786804482340813,0.9972569942474365,42.07255554199219,0.9040372967720032,0.023508064448833466,0.025244956836104393,0.04720975458621979
1398,clean,none,0.008926404640078545,0.9957863092422485,38.56810760498047,0.886219322681427,0.032004885375499725,0.021880000829696655,0.05989580973982811
1399,salt_pepper,low,0.06190720200538635,0.7747783660888672,21.60610008239746,0.0898226648569107,0.7714411616325378,0.08850623667240143,0.05023001506924629
1400,occlusion,low,0.07133670896291733,0.6454424858093262,20.396814346313477,0.013800186105072498,0.04418310150504112,0.010239321738481522,0.9317773580551147
1401,salt_pepper,medium,0.04254574328660965,0.788195788860321,23.654754638671875,0.03349284082651138,0.8847970962524414,0.06124572455883026,0.02046431042253971
1402,salt_pepper,high,0.04031971096992493,0.7046669721603394,25.387920379638672,0.036908067762851715,0.8784795999526978,0.061214983463287354,0.023397257551550865
1403,salt_pepper,medium,0.04938659071922302,0.670407235622406,23.838212966918945,0.07217220216989517,0.7835941314697266,0.09728016704320908,0.0469534769654274
1404,salt_pepper,medium,0.03857772797346115,0.8026632070541382,25.09540557861328,0.024137401953339577,0.913388729095459,0.04732858017086983,0.015145311132073402
1405,clean,none,0.008501319214701653,0.9935495853424072,38.47053527832031,0.817899763584137,0.027854058891534805,0.10058925300836563,0.053657013922929764
1406,salt_pepper,high,0.05369195342063904,0.652657687664032,22.681808471679688,0.05250680446624756,0.8323062062263489,0.0798366516828537,0.03535034880042076
1407,blur,low,0.036167681217193604,0.8304511904716492,25.313446044921875,0.21543408930301666,0.020000141113996506,0.7339535355567932,0.030612265691161156
1408,blur,medium,0.04850074276328087,0.8067469596862793,23.299373626708984,0.09641125053167343,0.01258794404566288,0.8696883916854858,0.02131245844066143
1409,salt_pepper,low,0.04581644386053085,0.7819501757621765,23.51947784423828,0.0399642214179039,0.8671023845672607,0.06588175147771835,0.027051545679569244
1410,blur,medium,0.03972194343805313,0.768999457359314,25.0772705078125,0.10042908042669296,0.012053768150508404,0.8662638664245605,0.02125328779220581
1411,occlusion,low,0.04925013706088066,0.7739211916923523,21.831560134887695,0.2892836928367615,0.08864753693342209,0.06703775376081467,0.5550310015678406
1412,clean,none,0.005314160138368607,0.9975618124008179,42.60445022583008,0.8874278664588928,0.02205435000360012,0.045056700706481934,0.04546114802360535
1413,blur,high,0.05246637389063835,0.647753894329071,23.097543716430664,0.09155930578708649,0.01476803608238697,0.8662312030792236,0.027441471815109253
1414,clean,none,0.017644742503762245,0.9847853183746338,33.246150970458984,0.7905712127685547,0.027718471363186836,0.12622426450252533,0.0554860383272171
1415,occlusion,medium,0.06652700901031494,0.6370803117752075,21.127222061157227,0.012508769519627094,0.04025700315833092,0.008755206130445004,0.9384790062904358
1416,salt_pepper,high,0.05448184534907341,0.6334512233734131,22.706567764282227,0.045464664697647095,0.8656591773033142,0.06111631542444229,0.027759868651628494
1417,blur,high,0.04034379497170448,0.7999617457389832,24.013460159301758,0.09780191630125046,0.01546824723482132,0.8598315715789795,0.026898205280303955
1418,occlusion,medium,0.0466383695602417,0.7503825426101685,22.121686935424805,0.0008058149833232164,0.013872499577701092,0.0006003610324114561,0.9847212433815002
1419,occlusion,low,0.04609253257513046,0.7834581136703491,22.854244232177734,0.03280734643340111,0.08231785148382187,0.017896413803100586,0.8669784665107727
1420,salt_pepper,high,0.04296206682920456,0.7632483243942261,23.81256103515625,0.03672517463564873,0.8811091780662537,0.05990013852715492,0.02226550504565239
1421,blur,low,0.03889654576778412,0.7317309379577637,24.995515823364258,0.20545479655265808,0.021854998543858528,0.740729033946991,0.03196120634675026
1422,occlusion,medium,0.0951007753610611,0.5175096392631531,17.196002960205078,0.00202162005007267,0.039879895746707916,0.0015741202514618635,0.9565243721008301
1423,clean,none,0.007782417349517345,0.9954776167869568,39.67345428466797,0.8811296224594116,0.025371184572577477,0.036075398325920105,0.05742383375763893
1424,salt_pepper,high,0.040280532091856,0.7034164667129517,25.21908187866211,0.06691599637269974,0.7911613583564758,0.09502661228179932,0.04689604416489601
1425,salt_pepper,high,0.04449163004755974,0.73558109998703,24.1822452545166,0.05478362366557121,0.8286097645759583,0.07952588051557541,0.0370807871222496
1426,occlusion,high,0.08926215022802353,0.48173636198043823,18.46617889404297,0.0010894075967371464,0.01874900981783867,0.0010375144192948937,0.979124128818512
1427,clean,none,0.0059094480238854885,0.9961533546447754,42.1413459777832,0.8863248229026794,0.024917755275964737,0.03857623413205147,0.05018119886517525
1428,occlusion,medium,0.06042581424117088,0.5719649791717529,20.607126235961914,0.000276410166407004,0.01220002956688404,0.0003441420558374375,0.9871794581413269
1429,salt_pepper,high,0.05581766366958618,0.6728657484054565,22.46497917175293,0.040802210569381714,0.8680713176727295,0.0652550607919693,0.02587132342159748
1430,occlusion,medium,0.07186492532491684,0.5600997805595398,19.890357971191406,0.002357254270464182,0.02217915840446949,0.002670835005119443,0.9727927446365356
1431,blur,low,0.055691659450531006,0.6898430585861206,22.912351608276367,0.19680161774158478,0.017392151057720184,0.7578601241111755,0.02794615738093853
1432,clean,none,0.01058032363653183,0.9919123649597168,37.18498611450195,0.8427066802978516,0.029948387295007706,0.07088254392147064,0.05646234750747681
1433,clean,none,0.006346618756651878,0.9960596561431885,41.26422882080078,0.8730227947235107,0.027333416044712067,0.046974968165159225,0.052668843418359756
1434,blur,medium,0.05128009244799614,0.6113077402114868,23.250988006591797,0.0986320972442627,0.012296409346163273,0.8676864504814148,0.021385030820965767
1435,clean,none,0.006930150091648102,0.995303750038147,40.658409118652344,0.868927538394928,0.025772541761398315,0.05443207547068596,0.05086785927414894
1436,salt_pepper,low,0.0537903718650341,0.7055832147598267,22.993846893310547,0.11659539490938187,0.712698757648468,0.10483785718679428,0.06586804240942001
1437,salt_pepper,high,0.05100250244140625,0.6915967464447021,22.783618927001953,0.03874409198760986,0.8729571104049683,0.06414195895195007,0.02415682189166546
1438,salt_pepper,medium,0.05982255935668945,0.7352981567382812,22.44371223449707,0.06765824556350708,0.7858781814575195,0.10090812295675278,0.04555552452802658
1439,occlusion,high,0.08103601634502411,0.5391474962234497,19.935909271240234,4.049660128657706e-05,0.007284760475158691,0.0001713363453745842,0.9925034046173096
1440,blur,high,0.043253302574157715,0.7785820960998535,23.43883514404297,0.0982450544834137,0.012739854864776134,0.8664898872375488,0.022525202482938766
1441,clean,none,0.008665865287184715,0.9933195114135742,38.27208709716797,0.8491776585578918,0.0296240895986557,0.06346891820430756,0.05772935226559639
1442,occlusion,low,0.06694371998310089,0.714880645275116,19.303768157958984,0.09209616482257843,0.10055408626794815,0.030229387804865837,0.7771203517913818
1443,salt_pepper,low,0.048922933638095856,0.7666467428207397,23.596752166748047,0.04035576432943344,0.8589916229248047,0.07126697152853012,0.029385630041360855
1444,salt_pepper,low,0.04539647698402405,0.8684768676757812,21.41793441772461,0.027399733662605286,0.8995999693870544,0.05333029106259346,0.019669948145747185
1445,salt_pepper,medium,0.07771000266075134,0.688982367515564,19.882080078125,0.06284530460834503,0.803022027015686,0.0936497300863266,0.04048299044370651
1446,blur,low,0.05821947380900383,0.7307446002960205,22.450458526611328,0.16772903501987457,0.016988910734653473,0.7900039553642273,0.025278111919760704
1447,salt_pepper,medium,0.061013370752334595,0.7582619190216064,21.25004768371582,0.03587033972144127,0.8792966604232788,0.0614289790391922,0.023403959348797798
1448,blur,low,0.06506642699241638,0.7311455607414246,21.045351028442383,0.2039155662059784,0.022846922278404236,0.7401965260505676,0.03304102644324303
1449,salt_pepper,high,0.03933453559875488,0.799749493598938,25.273113250732422,0.03718418627977371,0.8756811022758484,0.06318224221467972,0.023952439427375793
1450,salt_pepper,low,0.05658002197742462,0.8358737230300903,21.398679733276367,0.049183398485183716,0.8351271748542786,0.08311264961957932,0.03257671743631363
1451,clean,none,0.02604449912905693,0.9507266283035278,29.466796875,0.6800402998924255,0.028951890766620636,0.23368747532367706,0.05732029676437378
1452,blur,medium,0.10114943981170654,0.4447205662727356,17.707927703857422,0.09224668890237808,0.012751282192766666,0.8736657500267029,0.021336251869797707
1453,occlusion,medium,0.1159510612487793,0.4302322566509247,16.261520385742188,0.0020664685871452093,0.027540849521756172,0.0022548798006027937,0.968137800693512
1454,occlusion,medium,0.08721639961004257,0.5707287192344666,18.291858673095703,0.017200570553541183,0.05881054326891899,0.017290927469730377,0.9066979289054871
1455,occlusion,high,0.0871461033821106,0.530254602432251,17.205272674560547,1.5450859791599214e-05,0.004909507930278778,4.026319948025048e-05,0.9950348138809204
1456,occlusion,low,0.034051161259412766,0.8108570575714111,25.91653823852539,0.0908336490392685,0.06705473363399506,0.02046564407646656,0.821645975112915
1457,blur,high,0.06846954673528671,0.609339714050293,20.765827178955078,0.09308032691478729,0.011853453703224659,0.8733835816383362,0.02168261632323265
1458,blur,high,0.06569456309080124,0.6434686183929443,21.816347122192383,0.08548791706562042,0.01173375453799963,0.881878674030304,0.020899662747979164
1459,clean,none,0.009973390027880669,0.9953751564025879,36.56313705444336,0.8607190847396851,0.032407406717538834,0.04334423318505287,0.06352919340133667
1460,clean,none,0.010491865687072277,0.9934771060943604,35.91268539428711,0.7827066779136658,0.033725395798683167,0.09057988971471786,0.0929880142211914
1461,salt_pepper,high,0.05258987471461296,0.7578961253166199,22.692243576049805,0.03671334311366081,0.8787470459938049,0.061109885573387146,0.02342975325882435
1462,salt_pepper,high,0.04118974506855011,0.7392747402191162,23.924667358398438,0.04568999633193016,0.8523998260498047,0.0721902847290039,0.02971995435655117
1463,salt_pepper,high,0.04695519804954529,0.7726864218711853,22.77609634399414,0.04017341136932373,0.8712601065635681,0.06354818493127823,0.025018393993377686
1464,occlusion,low,0.061139315366744995,0.6705721616744995,21.048744201660156,0.10185763984918594,0.07377474755048752,0.01603849045932293,0.808329164981842
1465,blur,high,0.06899084150791168,0.598395049571991,21.052322387695312,0.09444031119346619,0.011755932122468948,0.8726420998573303,0.021161677315831184
1466,occlusion,medium,0.07345065474510193,0.5981922149658203,19.04964256286621,0.07127683609724045,0.08288069069385529,0.009035327471792698,0.836807131767273
1467,blur,low,0.03320836275815964,0.8537771105766296,26.50888442993164,0.13877856731414795,0.014684942550957203,0.823772668838501,0.022763889282941818
1468,blur,high,0.06412109732627869,0.5584707856178284,21.499679565429688,0.09514643251895905,0.01371536124497652,0.8665834069252014,0.02455485612154007
1469,clean,none,0.00973663292825222,0.9941167831420898,37.7491569519043,0.8355527520179749,0.026229174807667732,0.08141535520553589,0.056802667677402496
1470,blur,low,0.030803462490439415,0.8700897097587585,26.67734146118164,0.13941186666488647,0.017503522336483,0.8143582344055176,0.028726426884531975
1471,salt_pepper,medium,0.06066734343767166,0.7198013067245483,21.767929077148438,0.04690088331699371,0.8480290770530701,0.07470941543579102,0.03036060370504856
1472,blur,low,0.05543845146894455,0.7461241483688354,22.66139793395996,0.18034912645816803,0.01749955303966999,0.7751359343528748,0.027015380561351776
1473,blur,high,0.045154817402362823,0.718664824962616,23.817846298217773,0.09454958885908127,0.01472334936261177,0.8646097183227539,0.02611733227968216
1474,clean,none,0.00605590408667922,0.9962629675865173,41.636375427246094,0.8683618903160095,0.02427031472325325,0.052551042288541794,0.05481676384806633
1475,clean,none,0.0036875316873192787,0.998633086681366,45.267616271972656,0.9023815393447876,0.02146504819393158,0.03581828996539116,0.040335141122341156
1476,salt_pepper,low,0.04841465875506401,0.7108446955680847,22.780447006225586,0.050597529858350754,0.8335849642753601,0.08142363280057907,0.03439395874738693
1477,salt_pepper,high,0.05860007926821709,0.7243337631225586,20.741416931152344,0.04908955469727516,0.8408040404319763,0.07859868556261063,0.031507737934589386
1478,clean,none,0.0029836646281182766,0.9989385604858398,48.0223503112793,0.8947009444236755,0.020830515772104263,0.03929414227604866,0.045174386352300644
1479,blur,low,0.03471572324633598,0.825154185295105,26.672361373901367,0.150919109582901,0.013958146795630455,0.814055860042572,0.02106694132089615
1480,clean,none,0.00569489598274231,0.9977766871452332,42.32221221923828,0.9040548205375671,0.0230199433863163,0.02638937719166279,0.046535808593034744
1481,clean,none,0.00787025410681963,0.9954161643981934,39.89994430541992,0.8814867734909058,0.027377288788557053,0.035224273800849915,0.055911749601364136
1482,salt_pepper,low,0.03700907900929451,0.7754383087158203,25.645118713378906,0.04953593388199806,0.8376368284225464,0.08021680265665054,0.03261040896177292
1483,clean,none,0.0068903579376637936,0.9898993372917175,40.48076629638672,0.7480573654174805,0.03299950808286667,0.15474574267864227,0.0641973689198494
1484,occlusion,low,0.055650532245635986,0.7448582649230957,21.244829177856445,0.0009536300203762949,0.017345895990729332,0.0012799238320440054,0.9804204702377319
1485,clean,none,0.003810536814853549,0.9979240298271179,46.00651168823242,0.8904120922088623,0.01940378174185753,0.041601065546274185,0.04858306795358658
1486,occlusion,high,0.06665171682834625,0.6686417460441589,20.10023307800293,5.7797118643065915e-05,0.005368098150938749,0.00011859108053613454,0.9944555163383484
1487,blur,medium,0.05237141251564026,0.7154955267906189,22.898786544799805,0.08910036087036133,0.013314669020473957,0.8743656277656555,0.02321936935186386
1488,salt_pepper,low,0.03387054055929184,0.8137854933738708,27.073801040649414,0.04476381838321686,0.8565322756767273,0.06808563321828842,0.030618317425251007
1489,blur,low,0.03460400924086571,0.7534564733505249,26.697952270507812,0.15553218126296997,0.016929347068071365,0.8017879128456116,0.025750616565346718
1490,blur,low,0.016499683260917664,0.9486249685287476,32.46479797363281,0.11174758523702621,0.014831801876425743,0.8491643667221069,0.024256164208054543
1491,blur,high,0.02632289193570614,0.8375670909881592,28.636837005615234,0.09709231555461884,0.01680096797645092,0.8561583757400513,0.029948357492685318
1492,salt_pepper,low,0.037011466920375824,0.7901875376701355,26.079605102539062,0.05399484187364578,0.8325856924057007,0.07803566753864288,0.03538385033607483
1493,occlusion,low,0.02546517178416252,0.8556839227676392,26.991409301757812,0.002445295685902238,0.017347054556012154,0.0048257471062242985,0.9753819704055786
1494,salt_pepper,medium,0.040653377771377563,0.6939233541488647,25.308401107788086,0.03963948413729668,0.8677464127540588,0.06624111533164978,0.026372991502285004
1495,salt_pepper,low,0.03171925991773605,0.7582713961601257,27.613868713378906,0.05147547647356987,0.8397079110145569,0.07422047853469849,0.03459615632891655
1496,blur,low,0.04050698131322861,0.8424750566482544,25.245969772338867,0.13898643851280212,0.02036484144628048,0.8092821836471558,0.03136647120118141
1497,clean,none,0.003339160932227969,0.9979289770126343,46.11209487915039,0.8947688937187195,0.02710161730647087,0.02852475456893444,0.04960472136735916
1498,salt_pepper,high,0.03664052113890648,0.7119810581207275,26.122400283813477,0.05148214474320412,0.8365467190742493,0.07806574553251266,0.03390529006719589
1499,clean,none,0.00610948633402586,0.9936447143554688,41.600093841552734,0.774590253829956,0.03387774899601936,0.12017709761857986,0.07135491073131561
1500,blur,high,0.036024414002895355,0.8189429044723511,25.452144622802734,0.09738582372665405,0.01387778390198946,0.8644629716873169,0.024273404851555824
1501,occlusion,high,0.06096339225769043,0.666454553604126,20.82935333251953,5.518201760423835e-06,0.003052680753171444,3.310128522571176e-05,0.9969087243080139
1502,clean,none,0.007704851217567921,0.9945899844169617,39.384925842285156,0.809465765953064,0.034575480967760086,0.08637553453445435,0.06958320736885071
1503,blur,high,0.04338774085044861,0.8035984039306641,23.782325744628906,0.09976354241371155,0.017123626545071602,0.8525151014328003,0.030597683042287827
1504,blur,high,0.042785316705703735,0.7774976491928101,24.57094383239746,0.10312438756227493,0.014644044451415539,0.8564668297767639,0.025764696300029755
1505,blur,low,0.031552158296108246,0.8900896310806274,27.821800231933594,0.1035773903131485,0.015510644763708115,0.8549746870994568,0.025937331840395927
1506,salt_pepper,high,0.03092317283153534,0.7971619367599487,27.456592559814453,0.04002503305673599,0.8668920993804932,0.06712253391742706,0.02596038021147251
1507,occlusion,low,0.05064626783132553,0.7657789587974548,20.427473068237305,0.006939029321074486,0.04031520336866379,0.013303130865097046,0.9394426941871643
1508,occlusion,low,0.04532758891582489,0.7807936668395996,22.497291564941406,0.03707628324627876,0.06487473100423813,0.01732170581817627,0.8807272911071777
1509,blur,low,0.030776746571063995,0.7895557880401611,27.523414611816406,0.15774832665920258,0.019815467298030853,0.7933276891708374,0.029108498245477676
1510,salt_pepper,low,0.03432190790772438,0.8373637199401855,26.199007034301758,0.02893063798546791,0.8933363556861877,0.05747611075639725,0.020256811752915382
1511,occlusion,low,0.062035635113716125,0.7667786478996277,19.48149871826172,0.1539248377084732,0.0988166406750679,0.026797983795404434,0.7204604744911194
1512,salt_pepper,medium,0.0338335782289505,0.8003050684928894,26.66656494140625,0.05642072483897209,0.8180095553398132,0.08891003578901291,0.03665965795516968
1513,blur,low,0.029354572296142578,0.7905470728874207,27.865474700927734,0.12226718664169312,0.014754906296730042,0.8403717875480652,0.022606072947382927
1514,occlusion,high,0.05067756026983261,0.7200425863265991,21.59201431274414,2.6868415261560585e-06,0.0016943613300099969,1.961182351806201e-05,0.9982833862304688
1515,clean,none,0.007481131702661514,0.9918934106826782,39.510009765625,0.7651570439338684,0.030971620231866837,0.14364606142044067,0.06022521108388901
1516,clean,none,0.008076380006968975,0.9873690605163574,38.81340026855469,0.7996196746826172,0.03472062945365906,0.09128414839506149,0.07437554001808167
1517,blur,medium,0.0387008935213089,0.7872138023376465,25.36139488220215,0.10305241495370865,0.016468148678541183,0.8520331382751465,0.02844632975757122
1518,occlusion,high,0.051427505910396576,0.6843532919883728,21.49383544921875,2.6499969862925354e-06,0.001805978245101869,1.799756682885345e-05,0.9981733560562134
1519,clean,none,0.009724498726427555,0.9933836460113525,37.06266784667969,0.8320826292037964,0.037893764674663544,0.04957590252161026,0.08044776320457458
1520,clean,none,0.026307856664061546,0.9724737405776978,29.685413360595703,0.7254323363304138,0.030456596985459328,0.18586602807044983,0.05824502184987068
1521,clean,none,0.008036887273192406,0.9868924617767334,39.014217376708984,0.7276179790496826,0.034476388245821,0.16898509860038757,0.06892053037881851
1522,salt_pepper,low,0.0278443805873394,0.9170098304748535,29.148563385009766,0.04273594543337822,0.8537861108779907,0.07588309794664383,0.02759493514895439
1523,blur,low,0.029430782422423363,0.9289599657058716,27.894689559936523,0.12651799619197845,0.013702244497835636,0.8377739787101746,0.022005805745720863
1524,occlusion,high,0.0678500086069107,0.6444052457809448,20.027423858642578,8.335124448421993e-07,0.0012314851628616452,4.227785666444106e-06,0.9987634420394897
1525,occlusion,high,0.06925874948501587,0.654078483581543,18.939088821411133,0.000629554851911962,0.016983462497591972,0.0013095798203721642,0.9810774922370911
1526,salt_pepper,low,0.048064377158880234,0.7983216643333435,23.70618438720703,0.04845458269119263,0.8504392504692078,0.06951499730348587,0.03159106522798538
1527,blur,low,0.030881866812705994,0.8874439001083374,27.316295623779297,0.12107844650745392,0.014765119180083275,0.8408937454223633,0.023262690752744675
1528,occlusion,high,0.05090981721878052,0.6819597482681274,21.225727081298828,0.0007334338733926415,0.015016677789390087,0.0008660071762278676,0.9833837747573853
1529,clean,none,0.009176090359687805,0.9768304228782654,37.326053619384766,0.6894554495811462,0.03340177610516548,0.20939010381698608,0.06775272637605667
1530,salt_pepper,low,0.02932632528245449,0.8801140189170837,27.276264190673828,0.032826561480760574,0.8803454041481018,0.06299193948507309,0.023836178705096245
1531,occlusion,low,0.048608820885419846,0.7301098704338074,23.301305770874023,0.01724230870604515,0.039552703499794006,0.0037318251561373472,0.9394732117652893
1532,salt_pepper,medium,0.025087906047701836,0.8702012896537781,29.091825485229492,0.035969700664281845,0.8792158365249634,0.0622340552508831,0.022580400109291077
1533,salt_pepper,low,0.031686410307884216,0.8751093745231628,26.703109741210938,0.05722930282354355,0.8233447074890137,0.08373568952083588,0.03569033741950989
1534,blur,medium,0.03417656570672989,0.8305816650390625,26.393970489501953,0.09690006822347641,0.015761731192469597,0.8599466681480408,0.027391502633690834
1535,salt_pepper,high,0.021693533286452293,0.8803545832633972,30.525684356689453,0.04207766056060791,0.8634766340255737,0.06804855912923813,0.02639717049896717
1536,occlusion,high,0.0829392522573471,0.6043834686279297,16.86601448059082,8.952280040830374e-05,0.004926476627588272,0.00012142550986027345,0.9948624968528748
1537,clean,none,0.006414949893951416,0.9956662654876709,41.540225982666016,0.870586633682251,0.0247635617852211,0.052590738981962204,0.052059076726436615
1538,salt_pepper,low,0.04842080920934677,0.7053139209747314,23.911808013916016,0.041198741644620895,0.858725368976593,0.07210832834243774,0.02796752378344536
1539,salt_pepper,high,0.03395036607980728,0.8021001815795898,27.00722885131836,0.03708330914378166,0.8785582780838013,0.06138414889574051,0.02297431416809559
1540,clean,none,0.00818774662911892,0.993651270866394,38.80195999145508,0.8089226484298706,0.03536707162857056,0.08239272981882095,0.0733175203204155
1541,salt_pepper,medium,0.02757973037660122,0.874048113822937,27.93132972717285,0.0379362478852272,0.8728487491607666,0.06575410068035126,0.023460960015654564
1542,blur,high,0.02285405993461609,0.8889116048812866,29.871402740478516,0.0964975580573082,0.016708962619304657,0.8572294116020203,0.029564058408141136
1543,clean,none,0.013319434598088264,0.9675257205963135,35.10409164428711,0.35863444209098816,0.03331625834107399,0.5493016839027405,0.058747582137584686
1544,clean,none,0.006166956387460232,0.992622971534729,41.32341384887695,0.7173586487770081,0.04544279724359512,0.11759886145591736,0.11959962546825409
1545,salt_pepper,medium,0.026353687047958374,0.8865164518356323,28.356935501098633,0.0349697545170784,0.8782483339309692,0.06411591917276382,0.022666040807962418
1546,salt_pepper,low,0.020484400913119316,0.8888207674026489,30.9046573638916,0.03433149680495262,0.8766090869903564,0.06597243249416351,0.023086976259946823
1547,occlusion,high,0.05192096158862114,0.6590414047241211,21.05940818786621,0.00036514061503112316,0.009729281067848206,0.0005668442463502288,0.9893386960029602
1548,clean,none,0.005698733031749725,0.9955806136131287,41.84035873413086,0.8201234936714172,0.026242034509778023,0.09675226360559464,0.0568821094930172
1549,salt_pepper,low,0.03928108885884285,0.7224482297897339,25.568817138671875,0.04995591565966606,0.837250828742981,0.07975298166275024,0.03304030001163483
1550,salt_pepper,low,0.03888985514640808,0.7227928042411804,25.787458419799805,0.04299609735608101,0.8543043732643127,0.07372167706489563,0.02897789515554905
1551,clean,none,0.009657727554440498,0.9916623830795288,37.853973388671875,0.7951261401176453,0.033201295882463455,0.10560264438390732,0.06606987863779068
1552,salt_pepper,medium,0.06170552223920822,0.7747496366500854,21.429235458374023,0.05056409165263176,0.835844099521637,0.08056172728538513,0.033030129969120026
1553,salt_pepper,low,0.046780675649642944,0.7768669128417969,24.27025604248047,0.062108926475048065,0.8179140090942383,0.07920549064874649,0.040771517902612686
1554,clean,none,0.004712601657956839,0.9966825842857361,44.06483459472656,0.8772347569465637,0.031407345086336136,0.030357707291841507,0.06100020557641983
1555,occlusion,medium,0.041635315865278244,0.7349734306335449,23.586334228515625,0.0002287519018864259,0.01005900464951992,0.00037145434180274606,0.9893408417701721
1556,blur,low,0.03576738014817238,0.7666541934013367,26.45062255859375,0.17765584588050842,0.023569529876112938,0.7631329894065857,0.035641707479953766
1557,occlusion,high,0.06747978180646896,0.7163419723510742,19.81149673461914,2.681681053218199e-06,0.002806389704346657,1.992024772334844e-05,0.9971711039543152
1558,occlusion,medium,0.04167502373456955,0.7955450415611267,23.713253021240234,0.00013511921861208975,0.00955928210169077,0.00025770170032046735,0.9900479316711426
1559,occlusion,low,0.05954168364405632,0.7619915008544922,20.176055908203125,0.050948914140462875,0.0723676010966301,0.017991406843066216,0.8586920499801636
1560,clean,none,0.004184333607554436,0.9979697465896606,45.66986083984375,0.8706526160240173,0.020586306229233742,0.05977359414100647,0.04898751154541969
1561,blur,high,0.017879143357276917,0.8802245855331421,30.577716827392578,0.10608962178230286,0.016049541532993317,0.8501818776130676,0.027678972110152245
1562,blur,high,0.07079053670167923,0.5954281687736511,20.70891571044922,0.09598597884178162,0.015401797369122505,0.8621234893798828,0.026488736271858215
1563,salt_pepper,low,0.052997760474681854,0.7928136587142944,22.01746940612793,0.05624379217624664,0.830365002155304,0.07441484183073044,0.03897633031010628
1564,salt_pepper,low,0.04416631907224655,0.877936065196991,24.97663688659668,0.030022479593753815,0.8886697888374329,0.06027393788099289,0.021033838391304016
1565,clean,none,0.005314989946782589,0.9965560436248779,42.838645935058594,0.8716456890106201,0.030467495322227478,0.034543201327323914,0.06334368139505386
1566,clean,none,0.00378932012245059,0.998131513595581,45.88591766357422,0.8820690512657166,0.022607607766985893,0.046866074204444885,0.04845729097723961
1567,occlusion,medium,0.049567461013793945,0.7336091995239258,23.370561599731445,0.009484357200562954,0.03477100282907486,0.006827167235314846,0.9489175081253052
1568,salt_pepper,medium,0.032848190516233444,0.869964599609375,24.697912216186523,0.02335946634411812,0.9151852130889893,0.04631057009100914,0.015144695527851582
1569,blur,low,0.050860654562711716,0.7154990434646606,23.458213806152344,0.10940515995025635,0.014439745806157589,0.8532500863075256,0.022905055433511734
1570,occlusion,high,0.0804404616355896,0.4841422438621521,17.606426239013672,9.564866923028603e-05,0.007276442367583513,0.00012549312668852508,0.9925024509429932
1571,occlusion,high,0.06203906238079071,0.6274765729904175,19.752071380615234,0.016080910339951515,0.033863283693790436,0.009517933242022991,0.9405378103256226
1572,occlusion,high,0.05124732851982117,0.6401407718658447,22.97542381286621,6.104683507146547e-06,0.0017359466291964054,1.8500664737075567e-05,0.9982393980026245
1573,salt_pepper,medium,0.029689809307456017,0.8885544538497925,28.21030616760254,0.03192642331123352,0.8882887363433838,0.059497591108083725,0.020287225022912025
1574,blur,medium,0.03689808398485184,0.7954715490341187,26.060503005981445,0.09444696456193924,0.01474956888705492,0.864603579044342,0.026199882850050926
1575,salt_pepper,low,0.03654351830482483,0.798893928527832,26.0606689453125,0.040295038372278214,0.8567474484443665,0.076285719871521,0.02667182683944702
1576,salt_pepper,medium,0.030652590095996857,0.8395982980728149,27.424104690551758,0.04177025333046913,0.8628140091896057,0.0699983537197113,0.025417476892471313
1577,blur,high,0.0604282021522522,0.6327595114707947,22.48617935180664,0.08767968416213989,0.013322991319000721,0.8756000399589539,0.023397328332066536
1578,blur,low,0.03369823843240738,0.8184207677841187,26.704282760620117,0.1750037521123886,0.020600438117980957,0.7722673416137695,0.03212844952940941
1579,clean,none,0.0076108891516923904,0.9969244003295898,39.761680603027344,0.8976062536239624,0.03229088336229324,0.015156730078160763,0.05494604632258415
1580,occlusion,high,0.06968507170677185,0.5456540584564209,19.12064552307129,1.3809831216349266e-05,0.0031524228397756815,4.0093367715599015e-05,0.9967935681343079
1581,salt_pepper,high,0.03731105476617813,0.7086696624755859,25.35192108154297,0.03854259476065636,0.8712189197540283,0.06585132330656052,0.02438720315694809
1582,occlusion,high,0.04265965148806572,0.7085791826248169,23.024747848510742,1.876539499789942e-06,0.0015018968842923641,1.2660705579037312e-05,0.9984835982322693
1583,clean,none,0.00307561457157135,0.9991225600242615,47.61514663696289,0.9164320230484009,0.01798800751566887,0.03130186349153519,0.03427810221910477
1584,blur,high,0.03051946684718132,0.7177538275718689,27.531375885009766,0.10410729795694351,0.013580757193267345,0.8586230278015137,0.02368897758424282
1585,clean,none,0.0047309380024671555,0.9970057010650635,43.56368637084961,0.858876645565033,0.02582395076751709,0.061178382486104965,0.05412108823657036
1586,blur,medium,0.03598734736442566,0.7374855279922485,26.40983772277832,0.0936957523226738,0.012750023975968361,0.8707353472709656,0.02281883731484413
1587,salt_pepper,high,0.056881099939346313,0.689598560333252,22.481246948242188,0.036998964846134186,0.8809404969215393,0.059844549745321274,0.02221595123410225
1588,blur,medium,0.03335752338171005,0.8293139934539795,27.161266326904297,0.0933769941329956,0.013527221977710724,0.8694547414779663,0.023641008883714676
1589,blur,high,0.07313494384288788,0.584723174571991,20.672033309936523,0.09353986382484436,0.014395732432603836,0.8666368722915649,0.025427548214793205
1590,occlusion,high,0.08378591388463974,0.5397395491600037,17.853816986083984,0.0004704736638814211,0.010091137140989304,0.00028650619788095355,0.9891518354415894
1591,blur,high,0.03833858296275139,0.8083276152610779,25.248708724975586,0.09729259461164474,0.012472361326217651,0.867864727973938,0.022370314225554466
1592,blur,low,0.03807632625102997,0.7967988848686218,25.62992286682129,0.1502549797296524,0.014879515394568443,0.8118746280670166,0.022990772500634193
1593,clean,none,0.007777573075145483,0.9941388964653015,39.742462158203125,0.8331987261772156,0.027778388932347298,0.08363225311040878,0.055390626192092896
1594,clean,none,0.005018377676606178,0.9977811574935913,42.948150634765625,0.9050239324569702,0.026316316798329353,0.015844162553548813,0.052815549075603485
1595,occlusion,low,0.06261630356311798,0.7462068796157837,20.623027801513672,0.1599443554878235,0.09200403094291687,0.014807426370680332,0.7332441806793213
1596,salt_pepper,medium,0.04135347157716751,0.7337371706962585,25.385841369628906,0.053258735686540604,0.829390823841095,0.08216632157564163,0.035184044390916824
1597,occlusion,high,0.09710826724767685,0.5109476447105408,15.216235160827637,5.097423490951769e-05,0.008365663699805737,0.00010010794358095154,0.9914832711219788
1598,blur,medium,0.026623224839568138,0.7945728302001953,28.94769287109375,0.09851579368114471,0.012876125983893871,0.8656564354896545,0.02295169048011303
1599,salt_pepper,medium,0.03587506711483002,0.806801974773407,26.247352600097656,0.0424778088927269,0.8600432276725769,0.07069435715675354,0.026784561574459076
1600,clean,none,0.010684294626116753,0.9827768206596375,37.0704231262207,0.7171687483787537,0.032564807683229446,0.1921161413192749,0.05815025046467781
1601,blur,low,0.035240769386291504,0.8233933448791504,26.111032485961914,0.12711897492408752,0.01702144369482994,0.8304405212402344,0.025418998673558235
1602,salt_pepper,medium,0.04762215539813042,0.7456381320953369,23.788997650146484,0.03724236413836479,0.8747263550758362,0.06488149613142014,0.02314981445670128
1603,clean,none,0.005810096859931946,0.9951530694961548,41.67618179321289,0.8457188010215759,0.030834786593914032,0.0611896887421608,0.062256745994091034
1604,occlusion,low,0.04006306827068329,0.6761617064476013,25.342742919921875,0.08384740352630615,0.0918864980340004,0.020671550184488297,0.8035945892333984
1605,occlusion,high,0.10697349160909653,0.5614081621170044,16.070043563842773,6.617181952606188e-06,0.003000580007210374,2.7203765057493e-05,0.9969655871391296
1606,occlusion,low,0.05020863562822342,0.7999695539474487,22.21473503112793,0.053481072187423706,0.07740272581577301,0.022508986294269562,0.8466071486473083
1607,salt_pepper,low,0.0482959970831871,0.7807146310806274,23.926095962524414,0.05604245141148567,0.8289204835891724,0.07945876568555832,0.03557836636900902
1608,occlusion,high,0.08602272719144821,0.43141114711761475,17.582124710083008,9.781805420061573e-05,0.006663148291409016,0.00015150588296819478,0.9930874705314636
1609,clean,none,0.0069306581281125546,0.9949845671653748,40.83242416381836,0.8565235733985901,0.03145232051610947,0.050353262573480606,0.06167084351181984
1610,salt_pepper,high,0.03655962273478508,0.792341411113739,25.88347625732422,0.041950590908527374,0.8648350834846497,0.066433846950531,0.026780439540743828
1611,occlusion,medium,0.05560452863574028,0.7024843096733093,20.593914031982422,3.091971666435711e-05,0.00630654813721776,7.11056127329357e-05,0.9935914874076843
1612,blur,medium,0.04035593569278717,0.7375494837760925,25.443151473999023,0.0948583260178566,0.013299454934895039,0.8679880499839783,0.02385425940155983
1613,salt_pepper,low,0.04366401955485344,0.7147554755210876,24.76586151123047,0.08387453854084015,0.7706851363182068,0.09275822341442108,0.052682049572467804
1614,blur,low,0.03522981330752373,0.8230074644088745,26.600669860839844,0.12551045417785645,0.015126051381230354,0.8360156416893005,0.023347802460193634
1615,salt_pepper,low,0.03918297216296196,0.7888523936271667,25.267963409423828,0.07856442034244537,0.7782273888587952,0.09213915467262268,0.05106903240084648
1616,blur,high,0.054951976984739304,0.6783245801925659,22.592979431152344,0.09683406352996826,0.011675581336021423,0.8706104755401611,0.020879846066236496
1617,occlusion,low,0.04496263712644577,0.7292532324790955,23.101009368896484,0.004159683361649513,0.027163300663232803,0.003961033187806606,0.9647160172462463
1618,blur,high,0.053240012377500534,0.7166954278945923,23.039520263671875,0.09468504786491394,0.015190339647233486,0.8616667985916138,0.028457820415496826
1619,blur,medium,0.036260854452848434,0.8054589033126831,25.153196334838867,0.09546609222888947,0.015936274081468582,0.8610140085220337,0.02758365496993065
1620,blur,high,0.028162013739347458,0.7664715647697449,28.218082427978516,0.10218165069818497,0.01869579590857029,0.8457074761390686,0.03341508284211159
1621,salt_pepper,medium,0.040425680577754974,0.8125687837600708,24.915523529052734,0.03029385209083557,0.8956976532936096,0.05468308925628662,0.019325371831655502
1622,clean,none,0.0082430150359869,0.9946624040603638,39.10354995727539,0.8214659094810486,0.030204614624381065,0.08601414412260056,0.06231531873345375
1623,blur,low,0.02832799032330513,0.8658565282821655,29.315494537353516,0.13874028623104095,0.013860423117876053,0.8258523941040039,0.021546989679336548
1624,clean,none,0.01087239757180214,0.9903167486190796,37.324378967285156,0.7780070304870605,0.03413364663720131,0.12039021402597427,0.06746912002563477
1625,salt_pepper,high,0.028645997866988182,0.813745379447937,26.988344192504883,0.036720048636198044,0.8823574185371399,0.05818604677915573,0.02273649163544178
1626,occlusion,high,0.06822392344474792,0.5224490165710449,19.811723709106445,0.00010638429375831038,0.005947354715317488,0.00020742682681884617,0.9937388896942139
1627,clean,none,0.007626811042428017,0.9927616119384766,39.448760986328125,0.6968597173690796,0.032754749059677124,0.19977422058582306,0.07061123847961426
1628,clean,none,0.004780821036547422,0.9954648017883301,44.30882263183594,0.7748867869377136,0.033273015171289444,0.11947022378444672,0.07236994057893753
1629,occlusion,medium,0.04115733131766319,0.7656487226486206,23.992595672607422,4.296475890441798e-05,0.00862825009971857,0.0001495782344136387,0.9911791682243347
1630,clean,none,0.0052282861433923244,0.997765302658081,42.38606262207031,0.8821139335632324,0.023046616464853287,0.04663509503006935,0.04820437356829643
1631,salt_pepper,low,0.039240654557943344,0.8101887702941895,24.869232177734375,0.03837059810757637,0.8661118745803833,0.06876220554113388,0.026755312457680702
1632,occlusion,medium,0.03736458346247673,0.7537804841995239,25.815174102783203,0.06685756891965866,0.059096939861774445,0.020756257697939873,0.8532892465591431
1633,salt_pepper,high,0.05979083105921745,0.6677395701408386,21.989826202392578,0.04487971216440201,0.856363832950592,0.06959351897239685,0.029162943363189697
1634,blur,medium,0.08041781187057495,0.6000885963439941,19.370649337768555,0.08810947835445404,0.012090731412172318,0.8785685896873474,0.021231239661574364
1635,occlusion,low,0.06089188903570175,0.7217789888381958,20.47724151611328,0.07941748201847076,0.10509061068296432,0.01800510101020336,0.7974867820739746
1636,blur,medium,0.030191749334335327,0.8906307220458984,28.235837936401367,0.10094398260116577,0.015188443474471569,0.8576734662055969,0.02619418315589428
1637,blur,high,0.034027520567178726,0.735825777053833,26.425180435180664,0.09728524088859558,0.012601912021636963,0.8673525452613831,0.022760335355997086
1638,clean,none,0.007020312361419201,0.9942046999931335,40.121761322021484,0.7984580993652344,0.029141513630747795,0.10429301857948303,0.06810737401247025
1639,clean,none,0.006452823989093304,0.9964916110038757,40.835243225097656,0.8763388991355896,0.02862313576042652,0.027668513357639313,0.0673694983124733
1640,clean,none,0.009779142215847969,0.9955331683158875,37.83088302612305,0.8777360916137695,0.028234468773007393,0.03465105593204498,0.05937844514846802
1641,salt_pepper,high,0.03828198462724686,0.8160268664360046,25.25701904296875,0.04176028072834015,0.8636038899421692,0.06846088916063309,0.026174893602728844
1642,salt_pepper,low,0.05825074762105942,0.7931353449821472,21.398685455322266,0.08092175424098969,0.7819238901138306,0.08523638546466827,0.051917899399995804
1643,blur,medium,0.028765534982085228,0.8183080554008484,27.660903930664062,0.10030027478933334,0.015803853049874306,0.8566885590553284,0.027207333594560623
1644,salt_pepper,medium,0.023639053106307983,0.8568072319030762,30.094608306884766,0.042734161019325256,0.859017014503479,0.07215570658445358,0.026093052700161934
1645,occlusion,medium,0.033962786197662354,0.7351891994476318,25.5546875,0.005046128761023283,0.02437431924045086,0.0018729217117652297,0.9687066078186035
1646,clean,none,0.004914808087050915,0.994961142539978,43.10104751586914,0.8567784428596497,0.026826076209545135,0.03642287477850914,0.07997255027294159
1647,salt_pepper,low,0.05712572857737541,0.7592496275901794,21.932523727416992,0.058487627655267715,0.8262563943862915,0.07746732234954834,0.03778867796063423
1648,salt_pepper,low,0.03537844866514206,0.7840878367424011,26.489763259887695,0.07084258645772934,0.7961381673812866,0.08878453075885773,0.04423464089632034
1649,clean,none,0.0025693532079458237,0.9983468055725098,48.457069396972656,0.9109804630279541,0.02362370677292347,0.019884083420038223,0.04551170393824577
1650,occlusion,medium,0.0407240092754364,0.7599525451660156,22.900781631469727,0.007672518491744995,0.03713225945830345,0.0038686254993081093,0.9513265490531921
1651,occlusion,high,0.04121231660246849,0.729314923286438,23.53241729736328,1.1234536941628903e-05,0.003044494893401861,4.9337490054313093e-05,0.9968948364257812
1652,occlusion,high,0.10685032606124878,0.43868324160575867,15.761411666870117,0.0005590118234977126,0.010229797102510929,0.0002479930408298969,0.98896324634552
1653,occlusion,low,0.05211801454424858,0.7650680541992188,22.205581665039062,0.019091535359621048,0.0519702173769474,0.016180330887436867,0.912757933139801
1654,occlusion,high,0.0707131028175354,0.4054778516292572,20.76685905456543,9.612461872166023e-05,0.007754548452794552,0.00010696399112930521,0.9920423626899719
1655,clean,none,0.00838584452867508,0.9929081201553345,38.477848052978516,0.7811087369918823,0.03254242613911629,0.12163092195987701,0.06471797078847885
1656,occlusion,high,0.1077871322631836,0.4571898579597473,16.81728172302246,5.56892337044701e-05,0.005753524601459503,0.000177917187102139,0.9940128922462463
1657,salt_pepper,medium,0.03171391785144806,0.7981582880020142,27.089744567871094,0.032053135335445404,0.8891109228134155,0.05837877467274666,0.02045721560716629
1658,clean,none,0.0036101413425058126,0.9990295171737671,46.26738739013672,0.9265965223312378,0.017416207119822502,0.020984938368201256,0.03500233590602875
1659,clean,none,0.0044872332364320755,0.9974302053451538,44.183982849121094,0.8833237886428833,0.025340821593999863,0.04171561822295189,0.049619853496551514
1660,occlusion,low,0.05232623219490051,0.7715522646903992,21.139604568481445,0.10626095533370972,0.10585777461528778,0.02918815426528454,0.7586930990219116
1661,occlusion,medium,0.048710089176893234,0.7807729244232178,22.200345993041992,0.00018814562645275146,0.008298932574689388,0.00035190428025089204,0.9911609888076782
1662,blur,medium,0.025936752557754517,0.9183241724967957,29.513629913330078,0.10065675526857376,0.012368894182145596,0.865096926689148,0.021877383813261986
1663,blur,medium,0.04862968251109123,0.7899526953697205,22.729900360107422,0.10211049020290375,0.012141764163970947,0.8647926449775696,0.020955054089426994
1664,salt_pepper,low,0.033724114298820496,0.8669666647911072,25.950658798217773,0.03694552928209305,0.8700742721557617,0.06730145961046219,0.025678686797618866
1665,blur,high,0.11981051415205002,0.5664638876914978,15.993634223937988,0.09054902195930481,0.014607393182814121,0.8700017333030701,0.02484186924993992
1666,salt_pepper,high,0.02669341489672661,0.8390402793884277,28.043134689331055,0.03229755535721779,0.8912460803985596,0.05636486038565636,0.020091427490115166
1667,occlusion,medium,0.0606737956404686,0.6786785125732422,19.651453018188477,0.0006149032269604504,0.02208462357521057,0.0007237402023747563,0.9765766859054565
1668,clean,none,0.00880748312920332,0.9933202266693115,38.66769027709961,0.8529720902442932,0.03227406367659569,0.05114275589585304,0.06361105293035507
1669,salt_pepper,high,0.05115002393722534,0.7216438055038452,23.10603141784668,0.04493548721075058,0.8559019565582275,0.0708165243268013,0.0283459834754467
1670,clean,none,0.004437183495610952,0.996600329875946,44.191200256347656,0.8773968815803528,0.023289967328310013,0.04577016457915306,0.053542979061603546
1671,occlusion,high,0.09506841748952866,0.4574318826198578,17.159517288208008,0.00010480710625415668,0.007518910802900791,0.000165844481671229,0.9922105073928833
1672,occlusion,medium,0.0450233519077301,0.8069883584976196,22.94503402709961,5.790893919765949e-05,0.007515397854149342,0.0001305772311752662,0.9922961592674255
1673,blur,low,0.0360240712761879,0.798445463180542,25.407272338867188,0.18773482739925385,0.01562836766242981,0.7724648118019104,0.024171916767954826
1674,salt_pepper,medium,0.05559415742754936,0.7058149576187134,23.047256469726562,0.04107114300131798,0.8624321818351746,0.07117211818695068,0.025324586778879166
1675,occlusion,low,0.07965099811553955,0.5905026197433472,18.321575164794922,0.042576905339956284,0.08529789745807648,0.04088901728391647,0.8312361836433411
1676,occlusion,low,0.07112626731395721,0.7069064974784851,20.128875732421875,0.01680854707956314,0.05266987532377243,0.005639153067022562,0.9248824715614319
1677,blur,low,0.044639281928539276,0.7061640024185181,24.876949310302734,0.1808653324842453,0.020884081721305847,0.7673576474189758,0.03089286759495735
1678,occlusion,medium,0.05925767868757248,0.766208827495575,22.27577018737793,0.0009548802627250552,0.016390835866332054,0.0010832165135070682,0.9815710186958313
1679,clean,none,0.0057983542792499065,0.9956998825073242,42.128448486328125,0.8438156247138977,0.026202257722616196,0.07379329949617386,0.05618884786963463
1680,salt_pepper,high,0.04223068058490753,0.7994537353515625,24.726057052612305,0.03994816541671753,0.8701797723770142,0.06443560123443604,0.02543642930686474
1681,blur,low,0.03846806287765503,0.8257198333740234,25.882680892944336,0.1245512068271637,0.015645332634449005,0.8363319635391235,0.023471463471651077
1682,occlusion,medium,0.05033993721008301,0.8063552379608154,19.38420295715332,0.02129513770341873,0.04180266708135605,0.010553178377449512,0.9263489842414856
1683,clean,none,0.007084894925355911,0.9924498796463013,40.4920654296875,0.7648255228996277,0.03341883793473244,0.1360570341348648,0.06569857150316238
1684,occlusion,high,0.040910106152296066,0.7585819959640503,23.46830177307129,5.4939584515523165e-05,0.004980657249689102,0.00018625622033141553,0.9947781562805176
1685,blur,medium,0.043224625289440155,0.8162084817886353,24.369609832763672,0.09616109728813171,0.013261179439723492,0.8674669861793518,0.023110780864953995
1686,salt_pepper,low,0.031098684296011925,0.8723151087760925,27.76495361328125,0.04148382693529129,0.8588220477104187,0.07108066231012344,0.028613479807972908
1687,clean,none,0.003589740488678217,0.9982778429985046,46.06687927246094,0.8865686655044556,0.027075663208961487,0.03501961752772331,0.05133602395653725
1688,salt_pepper,low,0.036023207008838654,0.8300632834434509,25.655155181884766,0.04848214238882065,0.8469394445419312,0.07344469428062439,0.03113374672830105
1689,salt_pepper,high,0.024925634264945984,0.8611173629760742,29.073558807373047,0.030218524858355522,0.9004634618759155,0.051629748195409775,0.01768820360302925
1690,occlusion,low,0.01547352783381939,0.9227138757705688,28.342912673950195,0.6458197236061096,0.05495284125208855,0.06979978829622269,0.22942766547203064
1691,salt_pepper,high,0.037173300981521606,0.8261483907699585,24.8715763092041,0.025992993265390396,0.9112635254859924,0.04696054756641388,0.01578294113278389
1692,clean,none,0.004674520343542099,0.9963371157646179,43.39342498779297,0.8282743692398071,0.029065100476145744,0.0819191262125969,0.06074139475822449
1693,salt_pepper,high,0.03213033825159073,0.8236547708511353,26.961441040039062,0.03194402530789375,0.8924457430839539,0.05618539825081825,0.01942477375268936
1694,salt_pepper,high,0.026454787701368332,0.8394960165023804,28.028648376464844,0.025976678356528282,0.9134743809700012,0.04510248824954033,0.015446520410478115
1695,salt_pepper,medium,0.029531873762607574,0.9084224700927734,27.293298721313477,0.027045564725995064,0.9059946537017822,0.050009530037641525,0.016950292512774467
1696,salt_pepper,low,0.034781575202941895,0.8776564598083496,26.900188446044922,0.044682662934064865,0.8490075469017029,0.0775878056883812,0.028721971437335014
1697,clean,none,0.005596667528152466,0.99263995885849,42.271942138671875,0.8124713897705078,0.02989846095442772,0.09590952843427658,0.0617205910384655
1698,occlusion,medium,0.05230870470404625,0.7188724279403687,21.960552215576172,0.0014276363654062152,0.01995551772415638,0.0011603800812736154,0.9774563908576965
1699,clean,none,0.003493409138172865,0.9978382587432861,45.788902282714844,0.8752703666687012,0.02499127946794033,0.04496084153652191,0.05477749556303024
1700,salt_pepper,low,0.02875588834285736,0.9000031352043152,27.64631462097168,0.03772282600402832,0.8680782318115234,0.06777467578649521,0.02642425149679184
1701,blur,high,0.08581556379795074,0.777686595916748,19.023752212524414,0.08227742463350296,0.011107680387794971,0.8870294094085693,0.019585486501455307
1702,blur,high,0.024396389722824097,0.8813318014144897,29.24211311340332,0.08941291272640228,0.013340363278985023,0.8722743988037109,0.02497236430644989
1703,blur,high,0.04174153134226799,0.6370556354522705,25.334693908691406,0.09186568856239319,0.016214992851018906,0.8634048104286194,0.02851451374590397
1704,clean,none,0.006512641906738281,0.9946789145469666,40.6180534362793,0.8018175363540649,0.03163732588291168,0.10024786740541458,0.06629727780818939
1705,blur,high,0.04277306795120239,0.7825024127960205,24.137392044067383,0.0958177000284195,0.015852708369493484,0.8607883453369141,0.027541179209947586
1706,blur,medium,0.029605161398649216,0.8566064238548279,26.665912628173828,0.0950290709733963,0.01484628114849329,0.8631150126457214,0.027009570971131325
1707,occlusion,high,0.06947124004364014,0.6283191442489624,17.601964950561523,0.0007830026443116367,0.017075687646865845,0.0016927040414884686,0.9804485440254211
1708,salt_pepper,medium,0.03965950384736061,0.7379659414291382,25.191638946533203,0.04317644611001015,0.8569535613059998,0.07203177362680435,0.02783820778131485
1709,occlusion,medium,0.048190727829933167,0.7729999423027039,21.828527450561523,0.002995224902406335,0.02027321234345436,0.005384052637964487,0.971347451210022
1710,occlusion,medium,0.06192411482334137,0.637750506401062,17.96808433532715,0.01091612409800291,0.041224513202905655,0.006960365455597639,0.9408990144729614
1711,occlusion,low,0.030963195487856865,0.8450555801391602,26.653547286987305,0.004685224499553442,0.026346972212195396,0.00936803687363863,0.9595998525619507
1712,occlusion,low,0.03635189309716225,0.7669577598571777,24.69184112548828,0.026087574660778046,0.05355001613497734,0.017223980277776718,0.9031383991241455
1713,blur,medium,0.025958295911550522,0.9097318649291992,28.622446060180664,0.09527332335710526,0.01516764611005783,0.8638285398483276,0.02573046088218689
1714,salt_pepper,low,0.028860120102763176,0.8871663808822632,27.942241668701172,0.049261827021837234,0.8394324779510498,0.07900597155094147,0.032299794256687164
1715,clean,none,0.0057006655260920525,0.9963260889053345,40.136695861816406,0.8197449445724487,0.028476284816861153,0.08641615509986877,0.06536261737346649
1716,occlusion,low,0.02947956696152687,0.8146507740020752,27.14655303955078,0.1694491058588028,0.0920233279466629,0.07348480820655823,0.6650427579879761
1717,clean,none,0.009658819064497948,0.9912965297698975,37.37326431274414,0.8050341606140137,0.04754655063152313,0.07308758050203323,0.07433177530765533
1718,salt_pepper,low,0.0279067512601614,0.8959102630615234,27.800065994262695,0.05034298077225685,0.8366513848304749,0.07958753407001495,0.033418163657188416
1719,occlusion,high,0.13499568402767181,0.37457188963890076,15.00594711303711,5.5035343393683434e-05,0.004927252419292927,0.00019876737496815622,0.9948189854621887
1720,blur,low,0.026980018243193626,0.7819799184799194,28.953807830810547,0.13655072450637817,0.015668082982301712,0.8234311938285828,0.024350015446543694
1721,salt_pepper,medium,0.059910617768764496,0.6498267650604248,22.282089233398438,0.05584496259689331,0.8223360180854797,0.08479762822389603,0.03702136501669884
1722,occlusion,medium,0.0509626679122448,0.744808554649353,19.66031265258789,0.0006225230172276497,0.013198415748775005,0.000732008891645819,0.9854471683502197
1723,blur,low,0.027274368330836296,0.8866207599639893,28.7177734375,0.11522407829761505,0.013177108950912952,0.8508130311965942,0.020785782486200333
1724,salt_pepper,medium,0.04341886565089226,0.7545303702354431,24.794933319091797,0.045929331332445145,0.8504531383514404,0.07345480471849442,0.03016272559762001
1725,occlusion,medium,0.0761517882347107,0.6447916030883789,17.99618148803711,0.01655019260942936,0.0451386533677578,0.004725253209471703,0.9335858821868896
1726,blur,medium,0.08195580542087555,0.6120126247406006,19.521352767944336,0.09500852227210999,0.01484414841979742,0.8650377988815308,0.02510952390730381
1727,blur,high,0.06612842530012131,0.6274527907371521,21.64037322998047,0.08889646828174591,0.011354291811585426,0.8792847990989685,0.020464465022087097
1728,occlusion,medium,0.07066842913627625,0.6803185939788818,19.18181610107422,0.000259998778346926,0.010657916776835918,0.0004481523938011378,0.9886338710784912
1729,clean,none,0.006952684372663498,0.9939867854118347,40.40312194824219,0.7954283356666565,0.03461124375462532,0.09570025652647018,0.07426013797521591
1730,occlusion,high,0.07074889540672302,0.7021373510360718,17.337890625,2.162625787605066e-05,0.0031284159049391747,5.437022264231928e-05,0.9967955946922302
1731,salt_pepper,low,0.051358308643102646,0.8178247809410095,23.061153411865234,0.05124723166227341,0.8381737470626831,0.07532288134098053,0.03525609150528908
1732,blur,high,0.04096835106611252,0.8331844806671143,24.488811492919922,0.09163039177656174,0.01306485291570425,0.8717784285545349,0.02352626994252205
1733,occlusion,low,0.041420936584472656,0.8424026370048523,24.345909118652344,0.046469371765851974,0.054338160902261734,0.012694824486970901,0.8864977359771729
1734,blur,low,0.030224110931158066,0.8472115397453308,27.144710540771484,0.12883733212947845,0.017243633046746254,0.8278984427452087,0.026020551100373268
1735,blur,high,0.037569500505924225,0.784064531326294,25.352737426757812,0.09612113237380981,0.015376944094896317,0.8616036772727966,0.026898296549916267
1736,occlusion,high,0.05020362138748169,0.7383236885070801,20.949020385742188,0.00022932724095880985,0.007172517012804747,0.0005637569120153785,0.992034375667572
1737,clean,none,0.005102483555674553,0.9962097406387329,43.50629425048828,0.8028538227081299,0.030170023441314697,0.1069655567407608,0.060010556131601334
1738,clean,none,0.005458097439259291,0.9962506294250488,42.382102966308594,0.8733153343200684,0.027218898758292198,0.04631459340453148,0.05315109342336655
1739,blur,low,0.027052786201238632,0.8420135378837585,28.608779907226562,0.13797318935394287,0.018576757982373238,0.8153741955757141,0.02807578817009926
1740,clean,none,0.003477969206869602,0.9977795481681824,46.58983612060547,0.8690688610076904,0.02596328780055046,0.04762481153011322,0.057343050837516785
1741,occlusion,low,0.029364749789237976,0.8439478278160095,24.675724029541016,0.18877699971199036,0.07952059805393219,0.03479534387588501,0.696907103061676
1742,blur,medium,0.03173220157623291,0.8529542684555054,26.85647201538086,0.09306258708238602,0.013486472889780998,0.869966983795166,0.023483946919441223
1743,clean,none,0.008457422256469727,0.989773154258728,38.525550842285156,0.66178297996521,0.03751998767256737,0.21675685048103333,0.08394014090299606
1744,blur,high,0.03249416872859001,0.8108603358268738,26.161954879760742,0.10004595667123795,0.015243951231241226,0.8578898906707764,0.026820145547389984
1745,clean,none,0.006801310461014509,0.992698073387146,40.466644287109375,0.8591526746749878,0.027057694271206856,0.06309570372104645,0.05069391056895256
1746,blur,high,0.04954687878489494,0.720920979976654,22.68400001525879,0.09393849968910217,0.013934202492237091,0.8676677942276001,0.024459529668092728
1747,clean,none,0.013970062136650085,0.986303985118866,34.97148513793945,0.5864333510398865,0.03407786786556244,0.3116473853588104,0.06784137338399887
1748,clean,none,0.006403693929314613,0.9941672086715698,41.78020095825195,0.7352595925331116,0.034524425864219666,0.15473142266273499,0.07548460364341736
1749,blur,high,0.03238407522439957,0.808403491973877,26.454559326171875,0.09490907192230225,0.01644747704267502,0.8566586375236511,0.03198486566543579
1750,blur,medium,0.0408906415104866,0.8485071063041687,23.964527130126953,0.09485220909118652,0.016654713079333305,0.8599129319190979,0.02858007699251175
1751,occlusion,medium,0.04716555401682854,0.8099047541618347,20.568164825439453,2.3236660126713105e-05,0.00335700367577374,0.00011995631939498708,0.99649977684021
1752,occlusion,medium,0.07124596834182739,0.5932454466819763,19.971057891845703,0.03451564162969589,0.06481470167636871,0.008324997499585152,0.8923446536064148
1753,blur,high,0.05112197622656822,0.7522937655448914,23.13959503173828,0.09245909005403519,0.012924465350806713,0.8714174032211304,0.023199012503027916
1754,occlusion,high,0.040256891399621964,0.7545764446258545,22.724382400512695,0.00015494311810471117,0.00856680329889059,0.0003417466941755265,0.9909364581108093
1755,clean,none,0.014293174259364605,0.9904814958572388,32.37169647216797,0.6976137757301331,0.0464245080947876,0.1570281833410263,0.09893348067998886
1756,clean,none,0.019505959004163742,0.9707220792770386,30.790306091308594,0.6422795057296753,0.03495825454592705,0.24992474913597107,0.07283749431371689
1757,clean,none,0.006819016300141811,0.9916330575942993,40.483970642089844,0.7716649174690247,0.033800747245550156,0.12362804263830185,0.07090623676776886
1758,occlusion,high,0.08178184926509857,0.6121195554733276,17.622356414794922,9.928890904120635e-06,0.002953161485493183,3.291861139587127e-05,0.997003972530365
1759,salt_pepper,low,0.02728406712412834,0.8831415176391602,28.808422088623047,0.04061933606863022,0.8549332618713379,0.07601135224103928,0.0284359659999609
1760,blur,medium,0.03866790235042572,0.8341895937919617,24.627788543701172,0.098820760846138,0.017739668488502502,0.8531017899513245,0.030337756499648094
1761,salt_pepper,low,0.041878148913383484,0.788837194442749,24.361167907714844,0.0363602451980114,0.8721775412559509,0.06501386314630508,0.0264483243227005
1762,salt_pepper,medium,0.03532733768224716,0.8821094036102295,26.304283142089844,0.03790438547730446,0.8729690313339233,0.06539803743362427,0.023728597909212112
1763,salt_pepper,medium,0.03171657398343086,0.8283064365386963,27.150882720947266,0.026812858879566193,0.9049108028411865,0.05133118852972984,0.016945108771324158
1764,salt_pepper,medium,0.031635768711566925,0.8364918231964111,27.369382858276367,0.029291275888681412,0.8976927995681763,0.05446657910943031,0.018549416214227676
1765,blur,low,0.04987507313489914,0.6676223278045654,23.865365982055664,0.15457530319690704,0.01954895444214344,0.7959696650505066,0.0299061331897974
1766,clean,none,0.004643409978598356,0.9983901381492615,43.94260025024414,0.8564021587371826,0.022137178108096123,0.07056254148483276,0.05089816451072693
1767,occlusion,low,0.038939885795116425,0.8148979544639587,23.570934295654297,0.06598424911499023,0.06289194524288177,0.029708098620176315,0.8414157032966614
1768,clean,none,0.006648855283856392,0.9966028928756714,40.765869140625,0.8901858925819397,0.030104083940386772,0.021787000820040703,0.05792306736111641
1769,occlusion,high,0.06812442094087601,0.5721961855888367,19.545045852661133,6.974133430048823e-05,0.005832168273627758,0.00017030202434398234,0.9939277172088623
1770,occlusion,medium,0.06178370118141174,0.6508035659790039,21.07060432434082,0.0014117491664364934,0.02086588740348816,0.0012900937581434846,0.976432204246521
1771,blur,high,0.024423932656645775,0.8705259561538696,29.5457820892334,0.09672900289297104,0.01738640107214451,0.8551990389823914,0.030685624107718468
1772,clean,none,0.018248237669467926,0.9765481948852539,32.51383972167969,0.6165575981140137,0.03429204225540161,0.2748645544052124,0.07428581267595291
1773,clean,none,0.018962634727358818,0.9832115173339844,32.73719024658203,0.7187846302986145,0.034223638474941254,0.16700439155101776,0.0799873024225235
1774,occlusion,high,0.04539982229471207,0.7108297348022461,22.365816116333008,0.00015852961223572493,0.011791869066655636,0.00039186642970889807,0.9876577854156494
1775,clean,none,0.006277625914663076,0.9966259002685547,41.369728088378906,0.8808552026748657,0.024947872385382652,0.03957297280430794,0.05462393909692764
1776,blur,low,0.029910266399383545,0.8656984567642212,27.332653045654297,0.14540565013885498,0.019662071019411087,0.8046438694000244,0.030288442969322205
1777,occlusion,high,0.08216271549463272,0.46654123067855835,18.186084747314453,3.029257095477078e-05,0.004819908645004034,9.41763719310984e-05,0.9950556755065918
1778,blur,high,0.05558636039495468,0.7520655393600464,21.672582626342773,0.097680002450943,0.012096506543457508,0.8683414459228516,0.021882088854908943
1779,blur,low,0.045499980449676514,0.8317336440086365,24.367218017578125,0.10064023733139038,0.015409043058753014,0.858161985874176,0.025788746774196625
1780,clean,none,0.006138147320598364,0.9960542917251587,41.38597869873047,0.8553918600082397,0.028064580634236336,0.06262843310832977,0.0539151206612587
1781,occlusion,medium,0.036667805165052414,0.8078398704528809,24.85816192626953,0.0025767635088413954,0.023707864806056023,0.0025319817941635847,0.9711833596229553
1782,blur,medium,0.05030469596385956,0.7399144172668457,23.42532730102539,0.09566424787044525,0.012073406018316746,0.8705234527587891,0.02173878625035286
1783,salt_pepper,high,0.05326823890209198,0.7194732427597046,22.894100189208984,0.04303061589598656,0.8619054555892944,0.06792654097080231,0.027137333527207375
1784,occlusion,high,0.07062587141990662,0.6386589407920837,19.627614974975586,4.939544669468887e-05,0.008914394304156303,0.000129786814795807,0.9909063577651978
1785,salt_pepper,low,0.028973577544093132,0.8520511388778687,28.113622665405273,0.04557417333126068,0.8431581258773804,0.0813060998916626,0.029961561784148216
1786,salt_pepper,medium,0.029920566827058792,0.8879681825637817,27.103763580322266,0.03010593168437481,0.8976214528083801,0.05299055948853493,0.019282057881355286
1787,blur,low,0.04126384109258652,0.7874049544334412,25.33307647705078,0.1279883086681366,0.014752852730453014,0.8346232771873474,0.022635595872998238
1788,blur,low,0.031379736959934235,0.8653032779693604,27.32745361328125,0.1767624318599701,0.019366547465324402,0.7725993990898132,0.03127163276076317
1789,salt_pepper,medium,0.05853649228811264,0.7259893417358398,21.653240203857422,0.04694569855928421,0.8478587865829468,0.07383287698030472,0.0313626229763031
1790,occlusion,high,0.057650960981845856,0.7220723032951355,20.632675170898438,0.0022257077507674694,0.031995102763175964,0.0026549112517386675,0.9631242752075195
1791,blur,medium,0.052075400948524475,0.6418423652648926,22.792112350463867,0.09401004016399384,0.011607998982071877,0.8737736344337463,0.020608358085155487
1792,clean,none,0.010858960449695587,0.9846086502075195,36.7200813293457,0.6535320281982422,0.036509934812784195,0.2382597178220749,0.07169833034276962
1793,clean,none,0.0068016997538506985,0.9954155683517456,40.61826705932617,0.7925588488578796,0.02766268327832222,0.12294677644968033,0.05683173984289169
1794,clean,none,0.004147556144744158,0.9982938170433044,44.307594299316406,0.9021875262260437,0.02219747193157673,0.028104402124881744,0.04751060903072357
1795,clean,none,0.007549530826508999,0.9920003414154053,39.86081314086914,0.7833907604217529,0.031635213643312454,0.1242707148194313,0.06070328503847122
1796,occlusion,high,0.08901903033256531,0.5380831956863403,17.936689376831055,0.0006711506866849959,0.020041797310113907,0.0006059716688469052,0.9786810278892517
1797,salt_pepper,high,0.0414402112364769,0.7810494303703308,25.07777976989746,0.04971873015165329,0.8429229855537415,0.07522133737802505,0.03213689848780632
1798,clean,none,0.029113663360476494,0.9581665992736816,29.079307556152344,0.659021258354187,0.03168351575732231,0.2513711154460907,0.05792409926652908
1799,salt_pepper,high,0.062373094260692596,0.663749635219574,22.06110382080078,0.054484475404024124,0.8287832140922546,0.08123194426298141,0.03550030291080475
1800,occlusion,medium,0.08228714019060135,0.5113817453384399,19.177108764648438,0.001171635463833809,0.028747009113430977,0.0014457347569987178,0.968635618686676
1801,clean,none,0.010159125551581383,0.989841103553772,37.62971496582031,0.76864093542099,0.03705116733908653,0.11675716936588287,0.07755078375339508
1802,occlusion,medium,0.05744305998086929,0.67413729429245,21.594648361206055,0.0007528478745371103,0.014092111960053444,0.0012066151248291135,0.9839484095573425
1803,salt_pepper,high,0.02672886848449707,0.8437697887420654,28.91953468322754,0.026864828541874886,0.9069368243217468,0.04950001463294029,0.016698261722922325
1804,blur,high,0.03527568280696869,0.7770262956619263,26.163116455078125,0.09945397078990936,0.015871459618210793,0.8564080595970154,0.028266532346606255
1805,occlusion,medium,0.05516485869884491,0.5897790193557739,21.62236213684082,0.0010840733302757144,0.02142888307571411,0.0016616792418062687,0.975825309753418
1806,blur,low,0.05491935461759567,0.7048141956329346,22.239439010620117,0.20877334475517273,0.02295316569507122,0.7298630475997925,0.03841036558151245
1807,clean,none,0.01343197375535965,0.9803649187088013,34.509307861328125,0.548739492893219,0.03495645523071289,0.3475949764251709,0.06870905309915543
1808,occlusion,low,0.06446917355060577,0.6547134518623352,21.417278289794922,0.056792810559272766,0.07567252963781357,0.03395107761025429,0.8335835337638855
1809,salt_pepper,high,0.04722416400909424,0.7333091497421265,24.073774337768555,0.054582975804805756,0.8268194198608398,0.08001993596553802,0.03857763111591339
1810,clean,none,0.01209191046655178,0.9774710536003113,35.989349365234375,0.6068862676620483,0.032491762191057205,0.29544681310653687,0.06517521291971207
1811,blur,high,0.04645048826932907,0.7014497518539429,24.092723846435547,0.0959542766213417,0.012370753102004528,0.8690148591995239,0.022660041227936745
1812,blur,high,0.03137276694178581,0.8420629501342773,26.844179153442383,0.10183041542768478,0.012456935830414295,0.8631746172904968,0.022537974640727043
1813,blur,high,0.06250450015068054,0.5898568630218506,21.730060577392578,0.0892319604754448,0.013687747530639172,0.8722187280654907,0.024861587211489677
1814,clean,none,0.004343928769230843,0.9975079298019409,45.17620849609375,0.8600935935974121,0.022123921662569046,0.07012628763914108,0.04765621945261955
1815,salt_pepper,low,0.029230356216430664,0.8679400682449341,27.362680435180664,0.04102987051010132,0.8586585521697998,0.07227851450443268,0.028033075854182243
1816,blur,high,0.03610379993915558,0.8235718011856079,26.640674591064453,0.10322916507720947,0.015861721709370613,0.8530756235122681,0.027833444997668266
1817,clean,none,0.03919360414147377,0.9380914568901062,25.7616024017334,0.5643996596336365,0.03537748381495476,0.33752623200416565,0.06269663572311401
1818,blur,low,0.08036690950393677,0.583382248878479,20.1236629486084,0.09300383925437927,0.01193331740796566,0.8763726949691772,0.01869022287428379
1819,salt_pepper,high,0.08600926399230957,0.6240962743759155,18.929357528686523,0.04663142189383507,0.8488138318061829,0.07504695653915405,0.029507815837860107
1820,clean,none,0.015283344313502312,0.9884589910507202,34.205902099609375,0.8227486610412598,0.032370150089263916,0.07761222124099731,0.06726901233196259
1821,clean,none,0.018200520426034927,0.9805606603622437,32.21091842651367,0.7425127625465393,0.03571109101176262,0.15400274097919464,0.06777344644069672
1822,occlusion,high,0.0930166244506836,0.6668243408203125,15.251931190490723,0.005994785577058792,0.03040093183517456,0.006717645563185215,0.9568866491317749
1823,occlusion,medium,0.06044052541255951,0.6564606428146362,21.367761611938477,0.0008632304379716516,0.019631067290902138,0.001802717219106853,0.9777029156684875
1824,clean,none,0.008435689844191074,0.9825546741485596,38.86957931518555,0.6859433650970459,0.03787870705127716,0.20374330878257751,0.07243459671735764
1825,salt_pepper,low,0.03875294700264931,0.7296134829521179,25.594436645507812,0.04214376211166382,0.8572847247123718,0.07103373855352402,0.029537802562117577
1826,clean,none,0.005254872143268585,0.9957402944564819,43.04563903808594,0.8162111639976501,0.028548359870910645,0.09516388177871704,0.06007661670446396
1827,occlusion,medium,0.04698733612895012,0.7017390727996826,23.40920639038086,0.0031795089598745108,0.023822112008929253,0.0011979967821389437,0.9718003869056702
1828,salt_pepper,high,0.05132531374692917,0.7066168785095215,23.328094482421875,0.048656951636075974,0.8436137437820435,0.07604909688234329,0.031680312007665634
1829,occlusion,medium,0.05517664551734924,0.6734430193901062,21.662376403808594,0.004254177678376436,0.030265063047409058,0.004304362926632166,0.9611764550209045
1830,clean,none,0.003952587489038706,0.9974054098129272,45.566429138183594,0.8667070865631104,0.025576651096343994,0.05712961032986641,0.05058674141764641
1831,blur,high,0.06591726839542389,0.5817698240280151,21.666500091552734,0.08792231976985931,0.01340222917497158,0.8744565844535828,0.024218864738941193
1832,occlusion,medium,0.0506894513964653,0.6365399360656738,23.49521255493164,0.009461337700486183,0.045908015221357346,0.008293548598885536,0.9363371729850769
1833,clean,none,0.008068925701081753,0.9900693893432617,39.91545867919922,0.741892397403717,0.02947293035686016,0.175530344247818,0.05310430750250816
1834,salt_pepper,low,0.03680811822414398,0.7826623320579529,25.87798309326172,0.03430015221238136,0.8780061602592468,0.06463144719600677,0.023062223568558693
1835,salt_pepper,low,0.03470234200358391,0.8616947531700134,26.604745864868164,0.04107994958758354,0.8631252646446228,0.0677158385515213,0.02807898074388504
1836,occlusion,high,0.08045932650566101,0.5788462162017822,18.526670455932617,0.00034113667788915336,0.016515251249074936,0.0010703571606427431,0.982073187828064
1837,salt_pepper,medium,0.02852463349699974,0.9067575335502625,28.316543579101562,0.029381264001131058,0.8983514308929443,0.053553175181150436,0.018714100122451782
1838,occlusion,medium,0.08001942187547684,0.5078739523887634,18.866947174072266,0.0023303613997995853,0.023678435012698174,0.0014605263713747263,0.9725307822227478
1839,salt_pepper,low,0.031100623309612274,0.8502142429351807,27.78019142150879,0.05166539549827576,0.8288594484329224,0.08599136024713516,0.03348380699753761
1840,blur,high,0.036215730011463165,0.7641881704330444,25.723369598388672,0.08429991453886032,0.015293053351342678,0.870450496673584,0.029956497251987457
1841,blur,medium,0.032271504402160645,0.8249515295028687,26.632814407348633,0.10319311171770096,0.014693020842969418,0.8567111492156982,0.025402691215276718
1842,clean,none,0.006795118562877178,0.9931425452232361,41.03836441040039,0.717607319355011,0.030627593398094177,0.18507809937000275,0.06668692827224731
1843,occlusion,high,0.08933301270008087,0.43793463706970215,18.41689682006836,4.116849959245883e-05,0.005807732697576284,0.00011256962170591578,0.9940385818481445
1844,occlusion,medium,0.063123419880867,0.653873085975647,20.40138053894043,0.0004779213049914688,0.015261813998222351,0.0006452958914451301,0.983614981174469
1845,clean,none,0.008258145302534103,0.9918867349624634,38.89402389526367,0.805243730545044,0.032019540667533875,0.09425428509712219,0.06848245114088058
1846,salt_pepper,medium,0.040802061557769775,0.7982620596885681,25.134872436523438,0.04642650485038757,0.8481578230857849,0.07503791898488998,0.03037773258984089
1847,salt_pepper,high,0.030345376580953598,0.8463653922080994,27.35227394104004,0.04371297359466553,0.8576340079307556,0.07186833024024963,0.02678469568490982
1848,salt_pepper,low,0.02925451658666134,0.8643534183502197,27.331439971923828,0.05274844914674759,0.8326051235198975,0.0793343335390091,0.035312071442604065
1849,clean,none,0.012295708060264587,0.9936766624450684,35.406959533691406,0.8587968945503235,0.03549008443951607,0.03642209991812706,0.06929085403680801
1850,blur,high,0.06118066608905792,0.706081748008728,21.510761260986328,0.09410162270069122,0.013454167172312737,0.8680841326713562,0.0243600495159626
1851,blur,low,0.030088629573583603,0.8786694407463074,27.97730255126953,0.12131958454847336,0.013173959217965603,0.8442686796188354,0.021237799897789955
1852,occlusion,medium,0.048101164400577545,0.7000414729118347,22.624204635620117,0.001513103605248034,0.017329853028059006,0.0009785247966647148,0.9801785349845886
1853,blur,low,0.04052609205245972,0.7694324254989624,25.448171615600586,0.14306920766830444,0.01788339391350746,0.8113325834274292,0.027714809402823448
1854,salt_pepper,low,0.04364246129989624,0.842593789100647,24.407550811767578,0.038063324987888336,0.8669958710670471,0.06733470410108566,0.027606191113591194
1855,blur,high,0.03473310172557831,0.83260178565979,26.567209243774414,0.09843725711107254,0.014201928861439228,0.8625266551971436,0.02483409084379673
1856,occlusion,medium,0.04960566759109497,0.7915902137756348,22.162464141845703,0.02458873763680458,0.05592828989028931,0.021403880789875984,0.8980791568756104
1857,clean,none,0.004402844235301018,0.9968082904815674,43.879539489746094,0.859868586063385,0.026308193802833557,0.05718192830681801,0.05664128065109253
1858,occlusion,low,0.03704162314534187,0.7890737056732178,25.02413558959961,0.022515946999192238,0.04849900305271149,0.007971162907779217,0.9210138320922852
1859,occlusion,high,0.11858105659484863,0.4628525376319885,15.983905792236328,0.0012351699406281114,0.016202177852392197,0.0019494169391691685,0.9806132316589355
1860,salt_pepper,medium,0.0250494834035635,0.8800927996635437,28.42696189880371,0.027989640831947327,0.9004445672035217,0.05380925536155701,0.017756516113877296
1861,salt_pepper,high,0.03080567717552185,0.8125502467155457,27.34503936767578,0.04721352085471153,0.8490272164344788,0.07230186462402344,0.03145737200975418
1862,clean,none,0.004923557862639427,0.9960042834281921,44.0069580078125,0.8409584760665894,0.02732166089117527,0.07304847985506058,0.05867137387394905
1863,clean,none,0.008318744599819183,0.9916976690292358,38.628753662109375,0.789810836315155,0.02750573493540287,0.12223542481660843,0.06044795736670494
1864,clean,none,0.005741753615438938,0.996015727519989,42.17585754394531,0.8481992483139038,0.02731427550315857,0.0665503516793251,0.05793624743819237
1865,clean,none,0.010674374178051949,0.9843331575393677,36.872135162353516,0.6389490365982056,0.03195443004369736,0.26346468925476074,0.06563185900449753
1866,occlusion,low,0.029318582266569138,0.8485774397850037,26.016386032104492,0.32944566011428833,0.0843014270067215,0.049586109817028046,0.5366668105125427
1867,salt_pepper,low,0.05545197054743767,0.7915284633636475,22.15118408203125,0.11949492245912552,0.733166515827179,0.0843731015920639,0.06296547502279282
1868,blur,medium,0.031246623024344444,0.8937408924102783,27.46216583251953,0.09800608456134796,0.01242845505475998,0.8672013878822327,0.022364061325788498
1869,blur,medium,0.04250019043684006,0.8286520838737488,24.713863372802734,0.09576508402824402,0.01622362621128559,0.8603817224502563,0.027629531919956207
1870,clean,none,0.006622295826673508,0.9963626861572266,40.82489013671875,0.8724238276481628,0.029683317989110947,0.038554828613996506,0.05933796614408493
1871,occlusion,medium,0.045303188264369965,0.7634190320968628,23.102130889892578,0.03450688719749451,0.060938019305467606,0.013598483987152576,0.8909565210342407
1872,blur,medium,0.023970482870936394,0.9166352152824402,27.041370391845703,0.10151544958353043,0.012305882759392262,0.8647273778915405,0.021451285108923912
1873,clean,none,0.004047193098813295,0.9968835115432739,43.91697311401367,0.8280941843986511,0.02662036195397377,0.08921244740486145,0.05607295036315918
1874,occlusion,high,0.05616094917058945,0.6062599420547485,21.16083526611328,5.3321382438298315e-06,0.0031014045234769583,2.6315728973713703e-05,0.9968670010566711
1875,blur,low,0.03890793025493622,0.7046356201171875,26.0023193359375,0.24048009514808655,0.025744527578353882,0.6937752366065979,0.04000012204051018
1876,salt_pepper,high,0.03592117875814438,0.8588730692863464,25.467679977416992,0.035347115248441696,0.8842538595199585,0.058738939464092255,0.021660026162862778
1877,occlusion,medium,0.052386634051799774,0.7219066023826599,21.42481231689453,0.011079331859946251,0.04433267563581467,0.00488886097446084,0.9396990537643433
1878,clean,none,0.006007523741573095,0.9960411787033081,40.50762939453125,0.8354493975639343,0.0315496064722538,0.07187285274267197,0.06112820655107498
1879,occlusion,high,0.047730159014463425,0.6880375146865845,22.42428970336914,1.4650533557869494e-05,0.005168684292584658,9.266992856282741e-05,0.9947239756584167
1880,clean,none,0.009171120822429657,0.9925245046615601,37.86078643798828,0.8190039396286011,0.03504631295800209,0.08189786970615387,0.06405181437730789
1881,clean,none,0.015865277498960495,0.9470725059509277,33.48956298828125,0.46740296483039856,0.029513388872146606,0.45316722989082336,0.04991645738482475
1882,occlusion,high,0.056872978806495667,0.5923797488212585,21.278427124023438,2.6823354346561246e-05,0.004033694509416819,0.00010601611575111747,0.9958333969116211
1883,clean,none,0.006823002360761166,0.9898773431777954,39.457820892333984,0.7183366417884827,0.035838477313518524,0.150028795003891,0.09579605609178543
1884,blur,medium,0.03274114802479744,0.8102307319641113,27.013397216796875,0.08587048947811127,0.011592304334044456,0.8798571228981018,0.02268005907535553
1885,clean,none,0.012378804385662079,0.9744095206260681,35.83554458618164,0.6617199182510376,0.028700971975922585,0.25585100054740906,0.05372816324234009
1886,clean,none,0.004991847090423107,0.995599627494812,42.90437316894531,0.8644192814826965,0.025183547288179398,0.05817531794309616,0.052221961319446564
1887,occlusion,low,0.09733336418867111,0.5546090602874756,17.913467407226562,0.006674069911241531,0.03933098167181015,0.007673552259802818,0.9463213682174683
1888,blur,medium,0.05604064092040062,0.7169040441513062,22.834951400756836,0.09132902324199677,0.012378205545246601,0.8740920424461365,0.02220071852207184
1889,salt_pepper,low,0.03294309601187706,0.8427729606628418,26.410499572753906,0.04609430953860283,0.8467168807983398,0.07739996910095215,0.029788823798298836
1890,clean,none,0.008521869778633118,0.9928970336914062,38.49988555908203,0.8672003149986267,0.027642156928777695,0.04508857801556587,0.060069020837545395
1891,blur,high,0.0411679670214653,0.7340664863586426,25.3189640045166,0.09351273626089096,0.012628558091819286,0.870419979095459,0.02343873307108879
1892,blur,low,0.03677971661090851,0.7144546508789062,26.571186065673828,0.20799046754837036,0.018683964386582375,0.7429097890853882,0.030415792018175125
1893,clean,none,0.034104540944099426,0.9642000198364258,27.3430233001709,0.703296422958374,0.031632691621780396,0.20684732496738434,0.058223579078912735
1894,occlusion,high,0.08164068311452866,0.4809153974056244,17.603191375732422,2.8786403163394425e-06,0.0024375549983233213,1.8351393009652384e-05,0.9975411891937256
1895,blur,low,0.04107446223497391,0.788433313369751,24.695158004760742,0.17939087748527527,0.016421930864453316,0.7787624597549438,0.02542467787861824
1896,occlusion,high,0.05435427278280258,0.7289544343948364,21.311553955078125,0.0011836502235382795,0.020140821114182472,0.0011259528109803796,0.9775495529174805
1897,salt_pepper,high,0.0421057790517807,0.7785487174987793,25.01129913330078,0.05412660539150238,0.8276362419128418,0.08359450846910477,0.03464268147945404
1898,occlusion,low,0.05180875584483147,0.7804688215255737,22.075279235839844,0.07262970507144928,0.06342284381389618,0.03456489369273186,0.829382598400116
1899,clean,none,0.005960529204457998,0.9951251745223999,41.52519607543945,0.8416062593460083,0.02724653109908104,0.07370719313621521,0.05744001269340515
1900,occlusion,medium,0.06463353335857391,0.761911153793335,21.16552734375,0.0005584395839832723,0.01666095294058323,0.001261640922166407,0.9815189838409424
1901,clean,none,0.004724804311990738,0.9966878294944763,42.52381896972656,0.792559027671814,0.025615304708480835,0.12080463021993637,0.06102106720209122
1902,salt_pepper,low,0.05355754494667053,0.7895179986953735,22.388906478881836,0.05039791762828827,0.8504663705825806,0.06636183708906174,0.03277397155761719
1903,blur,high,0.02555478736758232,0.8822740316390991,28.47176742553711,0.1035638079047203,0.012630914337933064,0.8612237572669983,0.022581499069929123
1904,occlusion,medium,0.06777845323085785,0.571683406829834,20.797624588012695,0.002937938552349806,0.033626727759838104,0.00561045715585351,0.9578248262405396
1905,salt_pepper,medium,0.04494146630167961,0.7934356927871704,24.128795623779297,0.044823355972766876,0.8516250252723694,0.07404128462076187,0.029510335996747017
1906,salt_pepper,medium,0.05957958102226257,0.7569467425346375,21.78316879272461,0.056816764175891876,0.827208399772644,0.07882393896579742,0.037150897085666656
1907,salt_pepper,high,0.05475514382123947,0.7648818492889404,21.79445457458496,0.05400034412741661,0.8276446461677551,0.08302478492259979,0.03533017635345459
1908,salt_pepper,medium,0.04058106243610382,0.8373200297355652,25.453149795532227,0.03368569165468216,0.8867473006248474,0.05807259678840637,0.021494504064321518
1909,clean,none,0.004622220527380705,0.9975780248641968,43.9827880859375,0.8785737156867981,0.027059780433773994,0.04455654323101044,0.04980994015932083
1910,occlusion,low,0.04285072535276413,0.7318481802940369,24.39505386352539,0.06422802805900574,0.07064123451709747,0.029444430023431778,0.8356862664222717
1911,blur,medium,0.04557269811630249,0.7858178615570068,23.61079216003418,0.0880831927061081,0.014137271791696548,0.8732768297195435,0.024502696469426155
1912,salt_pepper,high,0.05746264383196831,0.6257505416870117,22.4273681640625,0.05376443639397621,0.8378597497940063,0.07560963928699493,0.03276617079973221
1913,clean,none,0.005824666004627943,0.9951419234275818,41.560081481933594,0.819675862789154,0.03858806937932968,0.04390690103173256,0.09782912582159042
1914,salt_pepper,medium,0.03056923858821392,0.9108986258506775,28.26005744934082,0.024072948843240738,0.9132424592971802,0.04731842875480652,0.015366104431450367
1915,occlusion,medium,0.04761796444654465,0.7355613708496094,23.154523849487305,0.00031759432749822736,0.013497784733772278,0.0005895629292353988,0.9855949878692627
1916,blur,medium,0.0375981442630291,0.8036442995071411,25.892471313476562,0.09976138174533844,0.015999145805835724,0.8566216230392456,0.027617810294032097
1917,occlusion,low,0.07057763636112213,0.6263534426689148,20.31053924560547,0.007919849827885628,0.03991510346531868,0.004407381173223257,0.9477576613426208
1918,clean,none,0.008953931741416454,0.9917637705802917,38.35060119628906,0.795623242855072,0.03175230696797371,0.10760267078876495,0.06502175331115723
1919,salt_pepper,high,0.06988616287708282,0.7242693901062012,20.759113311767578,0.05663334205746651,0.8251383304595947,0.0807318165898323,0.03749646991491318
1920,salt_pepper,medium,0.03732190281152725,0.803748369216919,26.014915466308594,0.03736864775419235,0.874357283115387,0.0647495836019516,0.023524489253759384
1921,clean,none,0.015818804502487183,0.984131932258606,34.11067581176758,0.7698830962181091,0.033101778477430344,0.133218452334404,0.06379663199186325
1922,salt_pepper,high,0.07431984692811966,0.6396225690841675,20.648221969604492,0.05829475447535515,0.8154582977294922,0.08714158087968826,0.039105374366045
1923,salt_pepper,medium,0.05022294819355011,0.7200586199760437,22.77690887451172,0.04773459583520889,0.8452188968658447,0.07556886225938797,0.03147771209478378
1924,occlusion,medium,0.0551016740500927,0.6899546384811401,22.36903190612793,9.766119183041155e-05,0.008923816494643688,0.0002010516036534682,0.9907774925231934
1925,blur,medium,0.046229880303144455,0.7240997552871704,23.92697525024414,0.09055556356906891,0.01335014309734106,0.8725751042366028,0.023519186303019524
1926,occlusion,low,0.031344618648290634,0.8553239703178406,26.360145568847656,0.0010507303522899747,0.017527570948004723,0.005206167697906494,0.9762156009674072
1927,blur,medium,0.03186225891113281,0.8033708333969116,27.540903091430664,0.09561783820390701,0.012410423718392849,0.8702432513237,0.021728483960032463
1928,clean,none,0.006077497266232967,0.9945592880249023,41.63137435913086,0.7974982261657715,0.02722345106303692,0.1179940402507782,0.057284314185380936
1929,occlusion,low,0.05602046847343445,0.7070322036743164,21.931690216064453,0.06896087527275085,0.07299290597438812,0.030565353110432625,0.8274808526039124
1930,clean,none,0.00887688621878624,0.9935314059257507,38.503822326660156,0.8331398963928223,0.032595474272966385,0.06542187184095383,0.06884274631738663
1931,clean,none,0.0073723806999623775,0.9954113960266113,40.58997344970703,0.8736559152603149,0.029678376391530037,0.04177318513393402,0.054892536252737045
1932,clean,none,0.0228127371519804,0.968768835067749,31.38685417175293,0.6634899973869324,0.03409617021679878,0.23888935148715973,0.06352446228265762
1933,salt_pepper,medium,0.04375019669532776,0.7487813830375671,25.013038635253906,0.05196697637438774,0.8350589275360107,0.0792449414730072,0.03372912108898163
1934,clean,none,0.009400768205523491,0.9947696924209595,38.3270149230957,0.8542987704277039,0.025302518159151077,0.0626746118068695,0.057724107056856155
1935,blur,low,0.04301798343658447,0.7668468952178955,24.191516876220703,0.21334746479988098,0.01945326291024685,0.7377270460128784,0.029472239315509796
1936,occlusion,high,0.06139066815376282,0.6762418746948242,19.58036994934082,2.6847220624404144e-07,0.000889357179403305,2.2283770704234485e-06,0.9991081357002258
1937,clean,none,0.005304708611220121,0.9969100952148438,42.985687255859375,0.8836110830307007,0.02517816424369812,0.04170605540275574,0.04950463026762009
1938,blur,medium,0.055084750056266785,0.6559039354324341,22.99671173095703,0.08818649500608444,0.013086768798530102,0.8755043148994446,0.023222416639328003
1939,salt_pepper,medium,0.05680530518293381,0.7017366886138916,22.54413604736328,0.04590039327740669,0.8517036437988281,0.07256776839494705,0.029828131198883057
1940,clean,none,0.009288884699344635,0.988560676574707,37.933570861816406,0.743828296661377,0.03252093493938446,0.15792687237262726,0.06572391092777252
1941,clean,none,0.008328907191753387,0.9915789365768433,39.10719680786133,0.7592989206314087,0.03235394507646561,0.14695124328136444,0.061395853757858276
1942,occlusion,medium,0.04005590081214905,0.7716951370239258,23.85744857788086,0.0009959058370441198,0.01576174981892109,0.0014908225275576115,0.9817515015602112
1943,blur,low,0.050045549869537354,0.8061254024505615,22.97118377685547,0.12711261212825775,0.01254356000572443,0.8409285545349121,0.019415322691202164
1944,clean,none,0.014620151370763779,0.9908415079116821,33.9973258972168,0.8277591466903687,0.039976123720407486,0.05418083071708679,0.07808386534452438
1945,clean,none,0.008014834485948086,0.9941195845603943,39.072906494140625,0.8165706992149353,0.031138841062784195,0.0928499698638916,0.05944051593542099
1946,salt_pepper,low,0.050326865166425705,0.692520260810852,23.31854820251465,0.053671274334192276,0.8381222486495972,0.07153841853141785,0.03666805103421211
1947,salt_pepper,medium,0.05563082545995712,0.7893108129501343,21.71234130859375,0.049872756004333496,0.8365942239761353,0.0826132670044899,0.03091970458626747
1948,clean,none,0.022898495197296143,0.9708503484725952,30.77825927734375,0.6898831129074097,0.026926541700959206,0.2276666909456253,0.05552366003394127
1949,blur,medium,0.03183523938059807,0.8470590114593506,27.241626739501953,0.09901513159275055,0.012287318706512451,0.8667208552360535,0.02197672240436077
1950,blur,high,0.034527622163295746,0.8077792525291443,25.666229248046875,0.10344087332487106,0.012923498637974262,0.8602340817451477,0.023401577025651932
1951,salt_pepper,medium,0.07067256420850754,0.6712480783462524,20.624141693115234,0.05412730574607849,0.8272489309310913,0.0833066925406456,0.03531711548566818
1952,clean,none,0.008594646118581295,0.9944881796836853,38.4802131652832,0.8293070197105408,0.03036794252693653,0.07633368670940399,0.06399133801460266
1953,salt_pepper,low,0.04836000129580498,0.8561234474182129,23.257476806640625,0.06516581773757935,0.7988946437835693,0.09184585511684418,0.044093597680330276
1954,blur,medium,0.037092965096235275,0.8568706512451172,25.975448608398438,0.09294342994689941,0.013484667986631393,0.8702670931816101,0.023304840549826622
1955,blur,medium,0.04037603363394737,0.8178013563156128,25.18212127685547,0.096825011074543,0.013027699664235115,0.8672093749046326,0.02293785661458969
1956,blur,high,0.04186663031578064,0.7386840581893921,25.188777923583984,0.09888515621423721,0.013046073727309704,0.8644187450408936,0.02365003526210785
1957,occlusion,high,0.05921205133199692,0.6015630960464478,20.4213924407959,9.892019079416059e-06,0.0036167772486805916,3.595749512896873e-05,0.9963374137878418
1958,salt_pepper,low,0.04415526241064072,0.7702196836471558,24.605979919433594,0.07130249589681625,0.7883589863777161,0.09380292892456055,0.04653552174568176
1959,occlusion,low,0.03735850006341934,0.714097261428833,24.585439682006836,0.00431760074570775,0.04268665611743927,0.003864710219204426,0.9491310119628906
1960,occlusion,medium,0.05988237261772156,0.6369656920433044,21.43642807006836,0.002417704090476036,0.025548361241817474,0.0019186960998922586,0.9701152443885803
1961,occlusion,medium,0.06877518445253372,0.657265305519104,19.595516204833984,0.0011252732947468758,0.01852828450500965,0.002043197164312005,0.9783031344413757
1962,blur,low,0.05643027275800705,0.7173582911491394,22.47991943359375,0.1509375274181366,0.015245828777551651,0.8110368847846985,0.022779755294322968
1963,occlusion,medium,0.051274895668029785,0.7296146154403687,22.13144302368164,0.003791186725720763,0.033268898725509644,0.004537157714366913,0.9584027528762817
1964,clean,none,0.013804391026496887,0.9853523969650269,34.29328155517578,0.6944283246994019,0.03462456539273262,0.20434479415416718,0.06660228222608566
1965,clean,none,0.0075727771036326885,0.9968739748001099,39.723724365234375,0.8942980766296387,0.0272191371768713,0.028913872316479683,0.04956895112991333
1966,blur,medium,0.03931531310081482,0.8522251844406128,26.08240509033203,0.10224408656358719,0.012685084715485573,0.8625556230545044,0.02251516655087471
1967,salt_pepper,high,0.05952538549900055,0.716573178768158,21.716869354248047,0.044227153062820435,0.8573586344718933,0.07049346715211868,0.02792072668671608
1968,salt_pepper,medium,0.03708179295063019,0.7901344299316406,25.520023345947266,0.03526012971997261,0.8786328434944153,0.06225842237472534,0.023848669603466988
1969,salt_pepper,medium,0.038378309458494186,0.7999143004417419,25.07535743713379,0.03941678628325462,0.8673198223114014,0.06833663582801819,0.024926824495196342
1970,clean,none,0.00614956533536315,0.9950355887413025,41.030216217041016,0.8380072116851807,0.03556935861706734,0.0635192021727562,0.06290421634912491
1971,blur,medium,0.029882576316595078,0.8807468414306641,27.274215698242188,0.09645592421293259,0.011849073693156242,0.8709082007408142,0.02078675851225853
1972,blur,high,0.035721175372600555,0.780525803565979,26.54487419128418,0.10132088512182236,0.012620014138519764,0.863542377948761,0.022516630589962006
1973,salt_pepper,high,0.08579850196838379,0.6715549230575562,19.30198860168457,0.05586110055446625,0.8272037506103516,0.07971829921007156,0.03721683844923973
1974,salt_pepper,low,0.042215585708618164,0.7607867121696472,24.641525268554688,0.07358907163143158,0.7818291187286377,0.09636197239160538,0.04821985587477684
1975,occlusion,low,0.04355541989207268,0.8348708152770996,21.3868408203125,0.38494035601615906,0.09267940372228622,0.07177726924419403,0.4506029784679413
1976,occlusion,low,0.06738729774951935,0.5919327139854431,20.37401008605957,0.020643625408411026,0.055494364351034164,0.004254777450114489,0.9196071624755859
1977,clean,none,0.013973012566566467,0.9870111346244812,33.958763122558594,0.6918815970420837,0.034372299909591675,0.20960471034049988,0.06414136290550232
1978,salt_pepper,high,0.04500700160861015,0.7696151733398438,24.031227111816406,0.03742991015315056,0.8764467835426331,0.06294425576925278,0.023179026320576668
1979,blur,low,0.042955994606018066,0.8227801322937012,24.726659774780273,0.17456771433353424,0.01906590163707733,0.7772241830825806,0.029142243787646294
1980,blur,high,0.04486921429634094,0.5764492750167847,24.729202270507812,0.09616340696811676,0.013270905241370201,0.8663291335105896,0.024236492812633514
1981,occlusion,low,0.04404132813215256,0.7887641191482544,22.456146240234375,0.1330794095993042,0.07878823578357697,0.09089232981204987,0.6972400546073914
1982,salt_pepper,low,0.02799924835562706,0.8416077494621277,28.464982986450195,0.02376404218375683,0.9040005207061768,0.05395960807800293,0.018275778740644455
1983,occlusion,medium,0.0422852449119091,0.7016364336013794,23.434743881225586,0.0010068289702758193,0.012653341516852379,0.0008008520817384124,0.9855390787124634
1984,blur,medium,0.026117106899619102,0.8695279955863953,29.56787872314453,0.10210484266281128,0.017553312703967094,0.8504875898361206,0.029854238033294678
1985,clean,none,0.010572873055934906,0.9866139888763428,37.09598922729492,0.5619875192642212,0.04445498064160347,0.2903476655483246,0.10320988297462463
1986,clean,none,0.006636639591306448,0.9946664571762085,40.9599609375,0.8116269111633301,0.02300349622964859,0.11814340949058533,0.04722617566585541
1987,salt_pepper,high,0.0388961061835289,0.7765960693359375,25.9366455078125,0.04298358038067818,0.8586940765380859,0.07072701305150986,0.027595331892371178
1988,occlusion,high,0.06418263167142868,0.6263324022293091,18.62561798095703,0.0003876997216138989,0.00821087509393692,0.0003605365927796811,0.9910410046577454
1989,clean,none,0.006213176995515823,0.9934422373771667,41.346092224121094,0.8217436075210571,0.029976731166243553,0.08550817519426346,0.06277152895927429
1990,clean,none,0.005834890529513359,0.9953596591949463,42.120662689208984,0.8132230639457703,0.030163336545228958,0.09244140982627869,0.06417224556207657
1991,salt_pepper,medium,0.039692290127277374,0.8316506743431091,23.780380249023438,0.033712320029735565,0.8828542232513428,0.06253837049007416,0.020895104855298996
1992,occlusion,high,0.08511366695165634,0.4868914783000946,17.95438003540039,7.081417425069958e-05,0.005305842030793428,7.761626329738647e-05,0.9945456981658936
1993,blur,medium,0.0326802060008049,0.8576579093933105,26.78541374206543,0.09841638803482056,0.01308908499777317,0.8651525974273682,0.023341955617070198
1994,clean,none,0.00801981519907713,0.9904360175132751,39.00685119628906,0.7857477068901062,0.03654823452234268,0.10160686075687408,0.07609725743532181
1995,occlusion,low,0.029725288972258568,0.8743438720703125,24.967329025268555,0.5315213203430176,0.08665008097887039,0.04981067031621933,0.3320179283618927
1996,salt_pepper,medium,0.03547806665301323,0.8132070302963257,26.30535316467285,0.041046734899282455,0.8609436750411987,0.07174773514270782,0.026261910796165466
1997,occlusion,low,0.03838096559047699,0.82207190990448,24.962181091308594,0.0634445771574974,0.07325770705938339,0.03348373994231224,0.8298140168190002
1998,clean,none,0.005933225154876709,0.9958169460296631,42.77813720703125,0.7582387924194336,0.02502652071416378,0.16253086924552917,0.05420387163758278
1999,clean,none,0.00511937914416194,0.9973310232162476,43.36217498779297,0.8417702913284302,0.02511543408036232,0.07765199989080429,0.055462293326854706
2000,occlusion,medium,0.047044746577739716,0.7540920972824097,20.494558334350586,0.00012400999548844993,0.011811886914074421,0.00026354132569395006,0.9878005981445312
2001,occlusion,medium,0.1038394570350647,0.610007643699646,16.8587646484375,0.0002342388324905187,0.008188141509890556,0.0005061402334831655,0.9910714626312256
2002,occlusion,low,0.04849458858370781,0.8699390888214111,18.71710968017578,0.5735170245170593,0.07922951877117157,0.0717405453324318,0.2755128741264343
2003,occlusion,low,0.046803951263427734,0.7005996704101562,21.56597900390625,0.048276226967573166,0.05205266922712326,0.005140673369169235,0.8945303559303284
2004,occlusion,medium,0.02933446690440178,0.8407149314880371,22.945215225219727,5.6509179557906464e-05,0.007500052452087402,0.0002034007484326139,0.9922400712966919
2005,blur,medium,0.027732782065868378,0.8352124691009521,28.525531768798828,0.10425940155982971,0.01630472205579281,0.8483107089996338,0.03112511895596981
2006,clean,none,0.004001874942332506,0.9924134612083435,44.927982330322266,0.8495034575462341,0.029659179970622063,0.05925466865301132,0.06158267706632614
2007,salt_pepper,low,0.02975413203239441,0.8245927691459656,28.02577781677246,0.03167087212204933,0.8859394192695618,0.059395015239715576,0.022994590923190117
2008,clean,none,0.007205713540315628,0.9964494109153748,40.722412109375,0.8746629357337952,0.021491320803761482,0.052130650728940964,0.05171506479382515
2009,salt_pepper,low,0.036439165472984314,0.8558835983276367,25.519311904907227,0.045664284378290176,0.8507950901985168,0.07399386912584305,0.029546722769737244
2010,blur,high,0.035869669169187546,0.7984597086906433,25.97415542602539,0.0993112176656723,0.013337799347937107,0.8638600707054138,0.023491019383072853
2011,clean,none,0.011615044437348843,0.9886059761047363,36.614986419677734,0.7892104387283325,0.03764417767524719,0.10259519517421722,0.07055012881755829
2012,occlusion,high,0.08824865520000458,0.5325273275375366,17.811147689819336,7.502453081542626e-05,0.006473294924944639,0.00028543491498567164,0.9931661486625671
2013,occlusion,low,0.03984304890036583,0.797426700592041,24.173175811767578,0.016453566029667854,0.04739978164434433,0.005501363426446915,0.9306453466415405
2014,clean,none,0.0027028806507587433,0.9994293451309204,48.86224365234375,0.9449719786643982,0.01701493002474308,0.008521231822669506,0.029491819441318512
2015,blur,high,0.025152526795864105,0.8849666118621826,28.60543441772461,0.09397976100444794,0.017312753945589066,0.8565266728401184,0.03218084201216698
2016,blur,low,0.03010263666510582,0.8611156940460205,27.63819694519043,0.1962859332561493,0.026169303804636,0.7367997169494629,0.040744926780462265
2017,blur,medium,0.057645704597234726,0.6176602840423584,22.465065002441406,0.10286907851696014,0.012946313247084618,0.8612950444221497,0.02288961037993431
2018,clean,none,0.0070850541815161705,0.9921636581420898,39.06358337402344,0.8118085861206055,0.03636474907398224,0.07725986838340759,0.0745667964220047
2019,salt_pepper,high,0.03387302905321121,0.8051866292953491,26.54045295715332,0.035962287336587906,0.8794457912445068,0.061228785663843155,0.023363102227449417
2020,blur,high,0.053445965051651,0.6407148838043213,22.77631950378418,0.09819496423006058,0.015224718488752842,0.8594160676002502,0.027164272964000702
2021,blur,medium,0.05764847621321678,0.7115877866744995,21.642932891845703,0.09208819270133972,0.01227822620421648,0.8743160367012024,0.021317515522241592
2022,occlusion,high,0.06323115527629852,0.6461135745048523,19.577495574951172,0.0001235262316185981,0.009648353792726994,0.0001294859976042062,0.9900985360145569
2023,salt_pepper,low,0.037466663867235184,0.8167825937271118,25.844898223876953,0.04566838964819908,0.8514372706413269,0.0723380446434021,0.030556274577975273
2024,salt_pepper,low,0.02814764529466629,0.8116636276245117,28.404495239257812,0.02786186710000038,0.8937925696372986,0.05701939016580582,0.021326158195734024
2025,blur,medium,0.06706137210130692,0.8089269399642944,21.301061630249023,0.08969099074602127,0.012619638815522194,0.8759782910346985,0.021711034700274467
2026,salt_pepper,low,0.043898582458496094,0.7748107314109802,23.689315795898438,0.04187581688165665,0.8590606451034546,0.07031109184026718,0.028752407059073448
2027,occlusion,high,0.04426240548491478,0.6663147807121277,22.93064308166504,0.006029708776623011,0.028942009434103966,0.0038082897663116455,0.9612199664115906
2028,salt_pepper,medium,0.04282021149992943,0.7422651052474976,23.553712844848633,0.037498097866773605,0.875141978263855,0.06344162672758102,0.023918332532048225
2029,clean,none,0.011980689130723476,0.9753150939941406,35.89436721801758,0.7244924902915955,0.053872812539339066,0.09589925408363342,0.12573546171188354
2030,occlusion,low,0.0234804879873991,0.8872205018997192,28.838947296142578,0.0012582092313095927,0.014070038683712482,0.002848984207957983,0.9818227291107178
2031,salt_pepper,high,0.03869060426950455,0.8449397087097168,23.896102905273438,0.024950087070465088,0.915205717086792,0.044746704399585724,0.015097501687705517
2032,blur,low,0.02032405696809292,0.889176070690155,30.207687377929688,0.141433447599411,0.020332854241132736,0.8024536967277527,0.03578002005815506
2033,blur,medium,0.030265137553215027,0.8822706937789917,27.468698501586914,0.09184905141592026,0.011464000679552555,0.8758726119995117,0.020814236253499985
2034,occlusion,low,0.03048492781817913,0.8798300623893738,25.917518615722656,0.020672541111707687,0.04952818900346756,0.01215225551277399,0.9176469445228577
2035,clean,none,0.009369101375341415,0.991127610206604,35.90682601928711,0.8034458756446838,0.05039350688457489,0.020286094397306442,0.12587453424930573
2036,salt_pepper,high,0.03994672745466232,0.837903618812561,24.43565559387207,0.050869591534137726,0.836058497428894,0.08039690554141998,0.032675016671419144
2037,occlusion,medium,0.0476522371172905,0.7267811298370361,22.5562686920166,0.0021391543559730053,0.020820509642362595,0.002318259561434388,0.9747220277786255
2038,clean,none,0.0029859382193535566,0.997449517250061,46.87052917480469,0.8940309286117554,0.024281324818730354,0.014546630904078484,0.06714105606079102
2039,salt_pepper,high,0.050369393080472946,0.7368115782737732,22.788326263427734,0.05069391056895256,0.8400821685791016,0.07637616246938705,0.03284779191017151
2040,occlusion,high,0.09256277978420258,0.4629313349723816,16.56897735595703,0.006224452052265406,0.021288476884365082,0.0017769759288057685,0.9707100987434387
2041,clean,none,0.0038427324034273624,0.9980832934379578,45.39591979980469,0.8934860229492188,0.025289613753557205,0.031358372420072556,0.049865931272506714
2042,salt_pepper,low,0.03998781740665436,0.7955772280693054,24.759483337402344,0.04420500248670578,0.8497718572616577,0.07399731874465942,0.03202579542994499
2043,clean,none,0.008486124686896801,0.9940311908721924,38.410484313964844,0.7497609853744507,0.039276331663131714,0.12560351192951202,0.08535920828580856
2044,occlusion,medium,0.041949041187763214,0.7766141891479492,21.539670944213867,0.09038589149713516,0.06875335425138474,0.060741446912288666,0.7801193594932556
2045,occlusion,high,0.05220383405685425,0.6674456596374512,21.570953369140625,0.0013061814242973924,0.01493400614708662,0.001106025418266654,0.982653796672821
2046,blur,low,0.04042324051260948,0.8331300616264343,24.987180709838867,0.23729856312274933,0.01922585628926754,0.7122458815574646,0.031229771673679352
2047,clean,none,0.005693207494914532,0.9972943067550659,41.92852020263672,0.877766489982605,0.03268061578273773,0.028583159670233727,0.06096966937184334
2048,clean,none,0.0042397272773087025,0.9985103011131287,44.964073181152344,0.9019103050231934,0.018255585804581642,0.035958703607320786,0.04387534037232399
2049,blur,high,0.056114792823791504,0.7851154208183289,21.2115478515625,0.09997092932462692,0.01245020516216755,0.8652921915054321,0.02228672243654728
2050,clean,none,0.003368567442521453,0.9985670447349548,46.769412994384766,0.9046102166175842,0.02158590964972973,0.03104335255920887,0.04276054725050926
2051,salt_pepper,medium,0.03374505043029785,0.7830469608306885,26.13724708557129,0.059365127235651016,0.8140872120857239,0.0879133939743042,0.03863419592380524
2052,blur,medium,0.07195007055997849,0.7126705646514893,21.301433563232422,0.10007132589817047,0.017405090853571892,0.8531549572944641,0.029368549585342407
2053,clean,none,0.004403404891490936,0.9982330203056335,44.30482482910156,0.8972868919372559,0.022789595648646355,0.033505603671073914,0.04641788452863693
2054,salt_pepper,medium,0.03396546468138695,0.8039813041687012,26.419008255004883,0.048712145537137985,0.8412162065505981,0.0796634703874588,0.03040812350809574
2055,occlusion,low,0.030057473108172417,0.8704058527946472,25.316730499267578,0.41424795985221863,0.09180853515863419,0.025895150378346443,0.46804842352867126
2056,blur,medium,0.051154591143131256,0.7130414843559265,22.96334457397461,0.10014238208532333,0.013111041858792305,0.8636860847473145,0.023060418665409088
2057,blur,high,0.03833001106977463,0.7918012142181396,25.299476623535156,0.09913547337055206,0.0164964497089386,0.8539457321166992,0.030422380194067955
2058,clean,none,0.007440399378538132,0.9939591884613037,40.031410217285156,0.8031740784645081,0.025984982028603554,0.11604804545640945,0.054792921990156174
2059,occlusion,low,0.043875884264707565,0.7923020720481873,22.928489685058594,0.003630921943113208,0.029291478917002678,0.004155102651566267,0.9629224538803101
2060,clean,none,0.007963595911860466,0.9962283968925476,40.16727066040039,0.848425030708313,0.028143825009465218,0.0395345613360405,0.08389660716056824
2061,blur,high,0.04637071490287781,0.6984536647796631,23.361766815185547,0.10153252631425858,0.018899578601121902,0.8458355665206909,0.033732328563928604
2062,salt_pepper,low,0.041201770305633545,0.8249387741088867,24.791805267333984,0.03731657192111015,0.8684248328208923,0.06810132414102554,0.02615729533135891
2063,occlusion,low,0.037616532295942307,0.736900806427002,24.91098403930664,0.010213624686002731,0.049341652542352676,0.007766105234622955,0.9326785802841187
2064,salt_pepper,high,0.037946753203868866,0.7916008830070496,25.49527359008789,0.03489527478814125,0.8851161003112793,0.05926573649048805,0.02072281576693058
2065,salt_pepper,low,0.04275861382484436,0.8283512592315674,24.48674964904785,0.07972955703735352,0.767187237739563,0.10225117206573486,0.05083204060792923
2066,clean,none,0.007316048257052898,0.9950210452079773,39.627655029296875,0.8195540904998779,0.031001390889286995,0.07907454669475555,0.07036992162466049
2067,salt_pepper,high,0.0341307632625103,0.7698075175285339,26.660430908203125,0.041535504162311554,0.8655917644500732,0.06711035966873169,0.025762353092432022
2068,salt_pepper,low,0.054487477988004684,0.7044248580932617,22.713106155395508,0.06060905382037163,0.8167059421539307,0.0836583748459816,0.03902659937739372
2069,blur,high,0.07861024141311646,0.74929279088974,20.515012741088867,0.0913262814283371,0.015104524791240692,0.8671740293502808,0.026395102962851524
2070,clean,none,0.03303854539990425,0.8315190672874451,28.39739227294922,0.647727906703949,0.04701296612620354,0.2026495635509491,0.10260956734418869
2071,salt_pepper,low,0.06131394952535629,0.7557777166366577,21.951818466186523,0.056693047285079956,0.8273124098777771,0.0785720944404602,0.03742239996790886
2072,occlusion,medium,0.03630471229553223,0.8076729774475098,25.515300750732422,0.0009679258801043034,0.013108874671161175,0.002021642867475748,0.9839015603065491
2073,blur,low,0.04576120898127556,0.7131595611572266,24.559513092041016,0.16810302436351776,0.02221943996846676,0.7771430015563965,0.032534580677747726
2074,clean,none,0.00438261590898037,0.9933125376701355,43.94985580444336,0.8374847173690796,0.024773040786385536,0.0801784098148346,0.05756380409002304
2075,blur,low,0.03615386784076691,0.865447998046875,26.145689010620117,0.18375954031944275,0.022163301706314087,0.7575798034667969,0.03649727627635002
2076,blur,medium,0.03309990093111992,0.8447209596633911,26.907384872436523,0.09682656824588776,0.01594948023557663,0.8586932420730591,0.028530726209282875
2077,clean,none,0.00984690710902214,0.9939576983451843,36.74845886230469,0.7928616404533386,0.05002235248684883,0.05545956268906593,0.10165640711784363
2078,blur,medium,0.027246326208114624,0.8791791796684265,27.34899139404297,0.0943988561630249,0.015321178361773491,0.8626896739006042,0.027590306475758553
2079,salt_pepper,medium,0.03775376081466675,0.8215212821960449,26.170804977416992,0.0405917726457119,0.8634031414985657,0.07047194987535477,0.025533150881528854
2080,salt_pepper,low,0.03776512295007706,0.8126057386398315,25.65690803527832,0.031090861186385155,0.8861677050590515,0.05896168574690819,0.02377975732088089
2081,occlusion,high,0.09210076183080673,0.6112200021743774,17.185626983642578,5.88287718983338e-07,0.002000599866732955,4.624127086572116e-06,0.9979941844940186
2082,occlusion,medium,0.04806656762957573,0.7754248380661011,21.816999435424805,3.1385421607410535e-05,0.006906776688992977,0.00018572306726127863,0.9928761720657349
2083,salt_pepper,low,0.03167184442281723,0.8924704790115356,26.840801239013672,0.028273675590753555,0.8938642740249634,0.058264147490262985,0.019597820937633514
2084,clean,none,0.003462377469986677,0.9981788396835327,45.265907287597656,0.8834663033485413,0.02151446044445038,0.049706000834703445,0.045313239097595215
2085,occlusion,high,0.11940078437328339,0.46128925681114197,15.379196166992188,0.0030828749295324087,0.023488188162446022,0.0016494799638167024,0.9717794060707092
2086,clean,none,0.012601472437381744,0.9894071817398071,34.65477752685547,0.7425664067268372,0.03097333386540413,0.16127990186214447,0.06518037617206573
2087,occlusion,medium,0.05350326746702194,0.7189797163009644,21.355497360229492,0.0011466952273622155,0.01583986170589924,0.0006686846609227359,0.9823448657989502
2088,salt_pepper,low,0.029222330078482628,0.8751620054244995,28.05728530883789,0.03435498848557472,0.8737131357192993,0.06750337034463882,0.024428600445389748
2089,clean,none,0.0031661707907915115,0.9987711906433105,45.39482498168945,0.8928241729736328,0.02114752121269703,0.041982561349868774,0.044045720249414444
2090,occlusion,high,0.07161780446767807,0.6423764228820801,17.51092529296875,6.808953457948519e-06,0.003158649429678917,2.3380425773211755e-05,0.9968112111091614
2091,clean,none,0.0065616099163889885,0.9966859817504883,40.82138442993164,0.8726251125335693,0.02490312233567238,0.043408382683992386,0.05906342342495918
2092,blur,low,0.029883479699492455,0.8657147884368896,26.941062927246094,0.10400606691837311,0.016008134931325912,0.8514316082000732,0.028554173186421394
2093,occlusion,medium,0.08399216830730438,0.6436527967453003,17.640579223632812,0.0005290817352943122,0.016131235286593437,0.0008427670109085739,0.9824969172477722
2094,blur,medium,0.038296669721603394,0.7990655899047852,24.442956924438477,0.09756822139024734,0.01281839981675148,0.8661510348320007,0.023462338373064995
2095,clean,none,0.006328657269477844,0.995540976524353,40.59159851074219,0.8398973941802979,0.02557220868766308,0.08401156961917877,0.050518810749053955
2096,occlusion,high,0.05684029310941696,0.6348943710327148,21.173938751220703,0.0001031257415888831,0.005840487312525511,0.00020854431204497814,0.9938477873802185
2097,occlusion,medium,0.052311234176158905,0.7204229235649109,22.297060012817383,0.0028097357135266066,0.02171465940773487,0.0015628173714503646,0.97391277551651
2098,clean,none,0.004529663361608982,0.9976272583007812,43.26732635498047,0.8717471957206726,0.025789614766836166,0.05219284072518349,0.050270289182662964
2099,salt_pepper,low,0.04510746896266937,0.7806932330131531,24.515954971313477,0.05108528584241867,0.8330533504486084,0.08193482458591461,0.03392655402421951
2100,clean,none,0.004445856437087059,0.9981646537780762,43.919654846191406,0.9000980854034424,0.028722859919071198,0.022269725799560547,0.04890938475728035
2101,blur,medium,0.07799668610095978,0.7065102458000183,19.965030670166016,0.09873632341623306,0.011758139356970787,0.8685317635536194,0.020973706617951393
2102,salt_pepper,medium,0.05860354006290436,0.7601094245910645,21.800622940063477,0.050458140671253204,0.8361930847167969,0.08066058903932571,0.032688241451978683
2103,blur,high,0.045851826667785645,0.776777982711792,23.455772399902344,0.0943639874458313,0.012789254076778889,0.8704736828804016,0.022373007610440254
2104,clean,none,0.0037587168626487255,0.998211145401001,46.01456069946289,0.8848929405212402,0.022291427478194237,0.030171407386660576,0.06264428049325943
2105,occlusion,high,0.06862257421016693,0.6773840188980103,18.632205963134766,1.7271263459406327e-06,0.0019734438974410295,9.44150178838754e-06,0.9980154037475586
2106,clean,none,0.006115584634244442,0.9955573081970215,41.15864181518555,0.8258707523345947,0.03033318929374218,0.08118079602718353,0.06261526793241501
2107,blur,high,0.0715046375989914,0.6362823843955994,20.347749710083008,0.09708704054355621,0.014654980972409248,0.8596711754798889,0.02858675830066204
2108,clean,none,0.005311460234224796,0.9960693717002869,42.327857971191406,0.8816052675247192,0.023346509784460068,0.04511692374944687,0.0499313585460186
2109,blur,low,0.04174385592341423,0.8257886171340942,23.995555877685547,0.16803060472011566,0.015209738165140152,0.7935750484466553,0.023184562101960182
2110,salt_pepper,high,0.03812285512685776,0.7745770812034607,24.988235473632812,0.03377734124660492,0.8882758617401123,0.0570552721619606,0.02089151181280613
2111,clean,none,0.004925678484141827,0.9974159002304077,42.43140411376953,0.8832319974899292,0.02668391354382038,0.038755059242248535,0.05132906511425972
2112,salt_pepper,medium,0.05653540417551994,0.8015169501304626,21.84935760498047,0.04889834299683571,0.8446624279022217,0.07461781054735184,0.03182133659720421
2113,clean,none,0.019302094355225563,0.9850618243217468,31.836261749267578,0.807734489440918,0.033683594316244125,0.09444698691368103,0.06413493305444717
2114,clean,none,0.010603129863739014,0.9909996390342712,36.23326873779297,0.7575724720954895,0.025671208277344704,0.16360501945018768,0.053151313215494156
2115,clean,none,0.004009630996733904,0.9984340071678162,44.84775161743164,0.8685305118560791,0.027591759338974953,0.030830584466457367,0.07304717600345612
2116,clean,none,0.0032065086998045444,0.9987581968307495,45.61473846435547,0.8814771175384521,0.02271697111427784,0.04654135927557945,0.04926462844014168
2117,salt_pepper,low,0.0385906845331192,0.8116931915283203,25.286951065063477,0.04967929422855377,0.8348482847213745,0.0825837180018425,0.03288876265287399
2118,salt_pepper,low,0.022866442799568176,0.8383802175521851,30.297086715698242,0.062123626470565796,0.8022904992103577,0.09636648744344711,0.03921940550208092
2119,salt_pepper,medium,0.05992468446493149,0.5862672328948975,22.16900062561035,0.05906177684664726,0.8140880465507507,0.08670532703399658,0.0401449054479599
2120,occlusion,low,0.0552537739276886,0.73321932554245,20.999710083007812,0.019554918631911278,0.06223395839333534,0.0035668034106492996,0.9146443009376526
2121,occlusion,high,0.07654698938131332,0.3696589469909668,19.243816375732422,3.722327846844564e-06,0.0027999598532915115,1.1146507858939003e-05,0.9971851706504822
2122,blur,low,0.0878351628780365,0.726961076259613,18.674644470214844,0.11667609959840775,0.02180209755897522,0.8263890743255615,0.035132624208927155
2123,blur,high,0.06955227255821228,0.6600950956344604,20.413415908813477,0.09113359451293945,0.01361237745732069,0.8703014850616455,0.024952532723546028
2124,clean,none,0.003851792775094509,0.998367190361023,44.352317810058594,0.8953747749328613,0.027390746399760246,0.021175427362322807,0.05605902150273323
2125,blur,medium,0.02853991836309433,0.8392513990402222,27.5926570892334,0.10219906270503998,0.01234801858663559,0.8640451431274414,0.02140771597623825
2126,blur,low,0.02807290479540825,0.9154624938964844,28.60919189453125,0.14475128054618835,0.015578029677271843,0.8151372671127319,0.024533363059163094
2127,blur,high,0.04592183232307434,0.7589794397354126,23.357749938964844,0.097495436668396,0.012428597547113895,0.8679526448249817,0.02212335728108883
2128,clean,none,0.017309345304965973,0.9862245321273804,33.396484375,0.776650071144104,0.0316268615424633,0.12177713960409164,0.06994588673114777
2129,occlusion,low,0.05734699219465256,0.6992335319519043,19.831073760986328,0.0894322395324707,0.09043221920728683,0.015669770538806915,0.8044658899307251
2130,blur,low,0.049396853893995285,0.7591925859451294,23.3101863861084,0.30622443556785583,0.024086661636829376,0.6302064657211304,0.039482396095991135
2131,salt_pepper,medium,0.087281733751297,0.5794877409934998,18.94820213317871,0.06880373507738113,0.7944156527519226,0.09098547697067261,0.04579520225524902
2132,blur,low,0.024706535041332245,0.8633208274841309,28.389053344726562,0.12938685715198517,0.016364198178052902,0.8279293775558472,0.02631952613592148
2133,blur,medium,0.03649044781923294,0.8792423009872437,25.166261672973633,0.09683278203010559,0.012704120948910713,0.8681968450546265,0.022266346961259842
2134,salt_pepper,low,0.02488299272954464,0.8888875842094421,28.907634735107422,0.055249471217393875,0.8206920027732849,0.08802791684865952,0.03603065013885498
2135,blur,medium,0.032597221434116364,0.8101634979248047,26.856077194213867,0.1002735048532486,0.012417029589414597,0.8645780086517334,0.02273149974644184
2136,blur,medium,0.023783838376402855,0.8846379518508911,28.0850887298584,0.10166452825069427,0.014192398637533188,0.859666109085083,0.024476950988173485
2137,salt_pepper,low,0.054387167096138,0.796364963054657,22.242229461669922,0.056041400879621506,0.8237258195877075,0.0825389176607132,0.0376938134431839
2138,blur,high,0.03794091194868088,0.7546664476394653,24.396028518676758,0.09976641088724136,0.012532753869891167,0.8654745817184448,0.02222626656293869
2139,occlusion,medium,0.1081894263625145,0.5826409459114075,16.64020538330078,0.00043709875899367034,0.011307972483336926,0.00048460139078088105,0.9877701997756958
2140,occlusion,medium,0.0714150071144104,0.6279990077018738,18.434185028076172,0.0014064973220229149,0.022364431992173195,0.0007393488194793463,0.9754897356033325
2141,blur,high,0.03834312781691551,0.8164963126182556,23.434959411621094,0.09418822824954987,0.012345057912170887,0.8715962767601013,0.021870361641049385
2142,clean,none,0.005859698634594679,0.9961109161376953,41.628143310546875,0.8353909254074097,0.025178946554660797,0.08807164430618286,0.0513584204018116
2143,blur,high,0.034773848950862885,0.8057049512863159,25.759994506835938,0.09737914055585861,0.012764699757099152,0.8676945567131042,0.022161582484841347
2144,blur,high,0.06333444267511368,0.6705930233001709,20.79043960571289,0.09591489285230637,0.015215320512652397,0.8624749183654785,0.026394877582788467
2145,occlusion,low,0.01681654527783394,0.8988243341445923,26.153160095214844,0.8012841939926147,0.039070989936590195,0.02475377544760704,0.13489104807376862
2146,salt_pepper,high,0.032380782067775726,0.8695754408836365,26.343158721923828,0.027094818651676178,0.9082160592079163,0.04804354906082153,0.01664557494223118
2147,salt_pepper,medium,0.026814309880137444,0.7551323771476746,28.196819305419922,0.05225856229662895,0.8311921954154968,0.08420819789171219,0.03234099969267845
2148,salt_pepper,low,0.033151209354400635,0.8532328605651855,26.58405303955078,0.04308099299669266,0.8533100485801697,0.07491235435009003,0.028696507215499878
2149,blur,medium,0.031572114676237106,0.7699339389801025,27.3486328125,0.09939558058977127,0.01498965173959732,0.8595360517501831,0.026078756898641586
2150,blur,high,0.047228626906871796,0.6791238784790039,23.704607009887695,0.09586024284362793,0.015264738351106644,0.8614968061447144,0.027378257364034653
2151,clean,none,0.007306355517357588,0.9871994256973267,40.2299919128418,0.8789017796516418,0.030136780813336372,0.028320150449872017,0.06264126300811768
2152,clean,none,0.00446596322581172,0.9937566518783569,44.162200927734375,0.9100532531738281,0.02263508178293705,0.01999182626605034,0.047319795936346054
2153,occlusion,high,0.07345515489578247,0.6852847933769226,18.204713821411133,0.00037303732824511826,0.012136319652199745,0.0007339798612520099,0.9867566823959351
2154,blur,medium,0.05600467324256897,0.7468582987785339,21.570728302001953,0.09767625480890274,0.015270775184035301,0.8605812788009644,0.026471655815839767
2155,occlusion,medium,0.09464043378829956,0.5521389842033386,17.19222640991211,0.07474277168512344,0.06895244121551514,0.009305193088948727,0.8469995260238647
2156,occlusion,high,0.09636533260345459,0.5527480840682983,17.682395935058594,2.4669965569046326e-05,0.003562075551599264,2.2897685994394124e-05,0.9963904023170471
2157,occlusion,medium,0.08704519271850586,0.535142183303833,18.19858169555664,0.004285966511815786,0.022288694977760315,0.0007468641852028668,0.9726784825325012
2158,occlusion,medium,0.03657543659210205,0.8191384077072144,24.347810745239258,0.0003773646312765777,0.01394059881567955,0.0012599476613104343,0.9844220876693726
2159,occlusion,high,0.09548809379339218,0.5297163724899292,16.697904586791992,0.00010576113709248602,0.008319801650941372,0.0001236053358297795,0.991450846195221
2160,salt_pepper,high,0.037182435393333435,0.7654449343681335,25.3211612701416,0.05469917505979538,0.8262759447097778,0.08419180661439896,0.03483302891254425
2161,clean,none,0.006671188399195671,0.9970294833183289,40.08222579956055,0.8817043304443359,0.030591867864131927,0.03265858441591263,0.055045247077941895
2162,clean,none,0.008501949720084667,0.9930150508880615,39.412261962890625,0.8539940714836121,0.03172369301319122,0.05086754262447357,0.06341467797756195
2163,blur,high,0.025555938482284546,0.7914719581604004,28.24300765991211,0.0972447618842125,0.012545804493129253,0.868066668510437,0.022142749279737473
2164,blur,low,0.05817095935344696,0.7712172269821167,21.66254234313965,0.12320441752672195,0.014386260882019997,0.8402491211891174,0.022160183638334274
2165,clean,none,0.008996617048978806,0.994766116142273,37.725399017333984,0.8379477858543396,0.0317021869122982,0.061153728514909744,0.06919622421264648
2166,blur,low,0.07504723966121674,0.7992187738418579,20.42384910583496,0.11824791878461838,0.01343049481511116,0.8452746868133545,0.023046843707561493
2167,clean,none,0.010954844765365124,0.9551212191581726,36.003875732421875,0.8402259945869446,0.02707337588071823,0.08222716301679611,0.050473377108573914
2168,occlusion,medium,0.07048551738262177,0.6876088380813599,18.805099487304688,0.00028559452039189637,0.010652481578290462,0.000344872911227867,0.9887170791625977
2169,clean,none,0.021037686616182327,0.975905179977417,30.042682647705078,0.7143843173980713,0.03566476330161095,0.17880043387413025,0.07115042209625244
2170,clean,none,0.00821703765541315,0.9919698238372803,37.191162109375,0.7433163523674011,0.028689568862318993,0.16635730862617493,0.061636749655008316
2171,salt_pepper,medium,0.07453224062919617,0.7747818827629089,19.832759857177734,0.04540973901748657,0.8480177521705627,0.07613115012645721,0.030441276729106903
2172,occlusion,high,0.07826989889144897,0.6081434488296509,18.91714096069336,0.00011661731696221977,0.00660413084551692,0.00016642581613268703,0.9931127429008484
2173,blur,medium,0.08373089879751205,0.7945752143859863,19.42331314086914,0.09141184389591217,0.013819529674947262,0.8716030716896057,0.023165538907051086
2174,occlusion,medium,0.0643659457564354,0.5261725783348083,21.37021827697754,0.006249736994504929,0.04822881147265434,0.0034146851394325495,0.9421067237854004
2175,blur,medium,0.03947017714381218,0.7929944396018982,24.250438690185547,0.10202578455209732,0.013699720613658428,0.8602743148803711,0.02400018647313118
2176,occlusion,medium,0.0376460924744606,0.7753919363021851,24.827468872070312,5.915696601732634e-05,0.007338038180023432,0.00014241792086977512,0.992460310459137
2177,blur,low,0.032178156077861786,0.8333675265312195,26.684642791748047,0.1414038985967636,0.017206814140081406,0.8151242136955261,0.026265038177371025
2178,occlusion,medium,0.08310718834400177,0.4296586215496063,19.273269653320312,0.014338595792651176,0.06459695100784302,0.004140100907534361,0.9169243574142456
2179,blur,low,0.029358215630054474,0.8820629119873047,26.790786743164062,0.13031747937202454,0.014206865802407265,0.832061767578125,0.02341385930776596
2180,occlusion,low,0.0684020146727562,0.7761897444725037,19.81389808654785,0.001461033709347248,0.019785933196544647,0.003138984553515911,0.975614070892334
2181,occlusion,low,0.04370129108428955,0.792455792427063,24.11531639099121,0.30252575874328613,0.09778448939323425,0.05824309214949608,0.5414466261863708
2182,occlusion,low,0.025517446920275688,0.8948712348937988,27.827491760253906,0.3321484923362732,0.07887828350067139,0.09057161957025528,0.49840158224105835
2183,occlusion,high,0.0528232716023922,0.6596108675003052,20.90957260131836,0.00621986947953701,0.026726316660642624,0.005113551858812571,0.9619402885437012
2184,clean,none,0.004701775498688221,0.995801568031311,42.878868103027344,0.849580705165863,0.027959274128079414,0.067642942070961,0.054817114025354385
2185,occlusion,low,0.05364884063601494,0.7957958579063416,20.163516998291016,0.1766016036272049,0.0794072225689888,0.022559501230716705,0.7214317321777344
2186,clean,none,0.0072624292224645615,0.9941768646240234,40.00337219238281,0.7770777344703674,0.03087373822927475,0.12700630724430084,0.0650421753525734
2187,clean,none,0.0073690228164196014,0.9965881109237671,39.79304885864258,0.8650363683700562,0.027247756719589233,0.05293494462966919,0.05478087440133095
2188,clean,none,0.011291712522506714,0.9910251498222351,36.9383544921875,0.8195270299911499,0.029688633978366852,0.08743588626384735,0.06334852427244186
2189,blur,low,0.03502867743372917,0.7514996528625488,26.869905471801758,0.1187380999326706,0.01369237620383501,0.8461205363273621,0.021448995918035507
2190,blur,medium,0.023675616830587387,0.8684868812561035,29.225818634033203,0.07560783624649048,0.013058415614068508,0.8839449882507324,0.027388770133256912
2191,salt_pepper,medium,0.02327406033873558,0.8738017082214355,29.873085021972656,0.024303210899233818,0.915321946144104,0.04550139978528023,0.01487347949296236
2192,clean,none,0.007893863134086132,0.9974749088287354,39.391685485839844,0.8914961814880371,0.02502686344087124,0.03642274811863899,0.04705425724387169
2193,blur,high,0.04530337080359459,0.6111092567443848,24.22745704650879,0.09730129688978195,0.012493661604821682,0.8677846789360046,0.022420339286327362
2194,clean,none,0.011176097206771374,0.9826402068138123,36.8349494934082,0.7556085586547852,0.03376030549407005,0.1423487812280655,0.06828238815069199
2195,salt_pepper,low,0.04835575819015503,0.6799799799919128,23.97662353515625,0.07215237617492676,0.7859447598457336,0.09233181178569794,0.0495709590613842
2196,clean,none,0.004939126316457987,0.9973263740539551,43.4632682800293,0.9040085077285767,0.025958029553294182,0.022692596539855003,0.04734085127711296
2197,salt_pepper,medium,0.05477048456668854,0.7293382883071899,22.6607723236084,0.03769909590482712,0.8786951303482056,0.05917796120047569,0.024427838623523712
2198,blur,medium,0.041350264102220535,0.8425037860870361,24.716644287109375,0.09814062714576721,0.014319582842290401,0.8622543811798096,0.02528538927435875
2199,occlusion,high,0.0732053890824318,0.5963899493217468,18.898418426513672,6.549231329699978e-06,0.002693773480132222,2.419792508590035e-05,0.9972754120826721
2200,blur,high,0.054814498871564865,0.708582878112793,21.765254974365234,0.09470377117395401,0.01378939300775528,0.867241621017456,0.024265119805932045
2201,occlusion,low,0.051045581698417664,0.7231158018112183,22.20292854309082,0.2661057710647583,0.09667738527059555,0.03207330033183098,0.6051435470581055
2202,clean,none,0.008255037479102612,0.995460033416748,37.65235137939453,0.8168824315071106,0.03336944431066513,0.0815071240067482,0.06824100762605667
2203,blur,low,0.042626988142728806,0.8416290283203125,24.391033172607422,0.1402914971113205,0.017939941957592964,0.813607394695282,0.02816111221909523
2204,clean,none,0.02610265277326107,0.9659765958786011,29.371658325195312,0.6988219022750854,0.10085591673851013,0.058896053582429886,0.14142616093158722
2205,blur,low,0.05451541766524315,0.7595211863517761,21.910675048828125,0.15472806990146637,0.016848251223564148,0.8008633852005005,0.027560332790017128
2206,clean,none,0.004645181819796562,0.9980354309082031,43.956512451171875,0.9062201380729675,0.023960206657648087,0.02223965898156166,0.04757992923259735
2207,salt_pepper,low,0.025940170511603355,0.828521728515625,29.30129051208496,0.0281994491815567,0.8882378339767456,0.06233135610818863,0.02123129740357399
2208,salt_pepper,high,0.03493037074804306,0.8216199278831482,24.758682250976562,0.0344901941716671,0.8890460133552551,0.05531947314739227,0.02114427089691162
2209,salt_pepper,medium,0.04388725385069847,0.802194356918335,23.58097267150879,0.022719062864780426,0.9171731472015381,0.045693181455135345,0.014414566569030285
2210,blur,high,0.0796101987361908,0.6580450534820557,19.312030792236328,0.0855431854724884,0.010749527253210545,0.8836924433708191,0.020014844834804535
2211,clean,none,0.006503826938569546,0.9965094923973083,40.711273193359375,0.8867925405502319,0.028078345581889153,0.031258951872587204,0.053870104253292084
2212,clean,none,0.012323344126343727,0.9831520318984985,34.89377212524414,0.6542567610740662,0.026790430769324303,0.26675036549568176,0.05220242589712143
2213,clean,none,0.008996894583106041,0.9929701685905457,37.655948638916016,0.7977874875068665,0.029096011072397232,0.11459480971097946,0.05852171778678894
2214,clean,none,0.006579123437404633,0.994982898235321,40.661529541015625,0.8235684633255005,0.02641228400170803,0.09603702276945114,0.05398217588663101
2215,occlusion,high,0.10306429117918015,0.5283303260803223,16.010847091674805,4.9341851990902796e-05,0.004671755246818066,8.281918417196721e-05,0.9951960444450378
2216,salt_pepper,medium,0.07371533662080765,0.7242922186851501,20.269290924072266,0.041567668318748474,0.860725462436676,0.07039068639278412,0.027316154912114143
2217,salt_pepper,high,0.041065435856580734,0.6975871324539185,24.736801147460938,0.04468704015016556,0.8581724166870117,0.06982392817735672,0.027316639199852943
2218,clean,none,0.003535217372700572,0.9981803894042969,46.10545349121094,0.8987669348716736,0.02278551273047924,0.03493206948041916,0.04351552575826645
2219,occlusion,low,0.05267172306776047,0.7406613826751709,21.986431121826172,0.1333398073911667,0.07338587194681168,0.027553869411349297,0.7657204270362854
2220,salt_pepper,high,0.03465382009744644,0.68341463804245,26.898563385009766,0.03613137826323509,0.8805891871452332,0.06056786701083183,0.022711580619215965
2221,salt_pepper,medium,0.08483599126338959,0.6493015289306641,19.229854583740234,0.06390012800693512,0.8054327368736267,0.088201604783535,0.04246559366583824
2222,occlusion,high,0.0951748713850975,0.5142660140991211,18.162628173828125,0.00043036186252720654,0.01183893159031868,0.0012174523435533047,0.9865131974220276
2223,blur,medium,0.09953612089157104,0.5245760679244995,17.83916664123535,0.08937115222215652,0.010465895757079124,0.8818372488021851,0.018325766548514366
2224,salt_pepper,low,0.0415358692407608,0.7484276294708252,25.545066833496094,0.04095744714140892,0.8623192310333252,0.06788034737110138,0.028842978179454803
2225,blur,low,0.06602159142494202,0.7208871841430664,19.35214614868164,0.19390587508678436,0.03447999805212021,0.7115852236747742,0.06002889946103096
2226,clean,none,0.009591290727257729,0.9914547801017761,37.277339935302734,0.8114454746246338,0.024631395936012268,0.11390761286020279,0.05001545324921608
2227,salt_pepper,medium,0.0684613287448883,0.6410356760025024,20.984722137451172,0.04906893149018288,0.8458141684532166,0.07228438556194305,0.032832518219947815
2228,salt_pepper,low,0.027335211634635925,0.8582282066345215,29.019071578979492,0.04586184397339821,0.8490030765533447,0.0746738538146019,0.03046116977930069
2229,clean,none,0.005092226900160313,0.9957816004753113,41.67557144165039,0.8650868535041809,0.022386647760868073,0.060997698456048965,0.051528818905353546
2230,clean,none,0.00926905032247305,0.9926587343215942,37.249088287353516,0.8300642967224121,0.026920318603515625,0.08575354516506195,0.057261817157268524
2231,clean,none,0.00801693182438612,0.9921054840087891,39.093414306640625,0.7940195798873901,0.030477143824100494,0.10827495157718658,0.06722832471132278
2232,clean,none,0.014241805300116539,0.9848443865776062,34.09048843383789,0.7424826622009277,0.03574298322200775,0.15036840736865997,0.07140588760375977
2233,salt_pepper,high,0.08167222142219543,0.6617655754089355,19.589275360107422,0.05209401994943619,0.8343663811683655,0.07900545001029968,0.03453407436609268
2234,salt_pepper,high,0.03514762967824936,0.8191061019897461,25.955305099487305,0.03254551813006401,0.8932782411575317,0.05328671634197235,0.02088961936533451
2235,salt_pepper,high,0.06870287656784058,0.5966407656669617,20.697620391845703,0.05141168832778931,0.8357435464859009,0.08010906726121902,0.03273574262857437
2236,salt_pepper,high,0.06241942569613457,0.6200731992721558,21.38634490966797,0.047743815928697586,0.8494793772697449,0.07290568202733994,0.029871119186282158
2237,clean,none,0.005976483225822449,0.9948320388793945,40.823265075683594,0.7990232110023499,0.027886372059583664,0.1170324832201004,0.05605795606970787
2238,blur,medium,0.047263115644454956,0.7663546800613403,23.291141510009766,0.07547127455472946,0.012792268767952919,0.8844305276870728,0.027305874973535538
2239,clean,none,0.015048479661345482,0.9821416735649109,34.127010345458984,0.7468318939208984,0.03487043082714081,0.15233850479125977,0.06595918536186218
2240,blur,low,0.036605432629585266,0.7936218976974487,25.83013343811035,0.17432639002799988,0.018670525401830673,0.7789511680603027,0.02805195190012455
2241,salt_pepper,low,0.06061813235282898,0.7075867056846619,21.503009796142578,0.041752204298973083,0.8656960725784302,0.06528255343437195,0.02726920135319233
2242,occlusion,medium,0.08200348913669586,0.5542508363723755,18.298355102539062,0.005287977866828442,0.03151455894112587,0.0026565594598650932,0.9605409502983093
2243,salt_pepper,low,0.036191605031490326,0.6927711367607117,26.315807342529297,0.05798900127410889,0.8278169631958008,0.07610218226909637,0.038091834634542465
2244,clean,none,0.01598319411277771,0.9796957969665527,32.99296188354492,0.6121167540550232,0.02755354344844818,0.30898353457450867,0.05134610831737518
2245,occlusion,medium,0.09176897257566452,0.5019633769989014,17.42554473876953,0.004776351153850555,0.03369550034403801,0.001775156008079648,0.9597529172897339
2246,occlusion,high,0.07001253962516785,0.5073031783103943,20.484909057617188,3.9404636481776834e-05,0.006550706923007965,5.6489712733309716e-05,0.9933533668518066
2247,clean,none,0.012073101475834846,0.9917118549346924,35.810264587402344,0.818690299987793,0.026163944974541664,0.09754154086112976,0.05760422721505165
2248,salt_pepper,low,0.05308764427900314,0.7646182775497437,22.953887939453125,0.04150502011179924,0.8592168688774109,0.0693935826420784,0.02988450601696968
2249,occlusion,medium,0.047961652278900146,0.7562278509140015,22.290266036987305,0.00602572038769722,0.0421949066221714,0.004188140854239464,0.9475911855697632
2250,salt_pepper,low,0.05686821788549423,0.7196954488754272,22.663230895996094,0.06441911309957504,0.8115642666816711,0.08124128729104996,0.04277538135647774
2251,blur,high,0.04758908599615097,0.8386520147323608,22.68845558166504,0.09006671607494354,0.011494654230773449,0.8767080307006836,0.021730590611696243
2252,blur,high,0.05511017143726349,0.6901262998580933,21.543664932250977,0.10212242603302002,0.012610280886292458,0.8625435829162598,0.022723672911524773
2253,salt_pepper,low,0.050137098878622055,0.703700065612793,23.324825286865234,0.06360878795385361,0.8105558753013611,0.0846061035990715,0.04122922942042351
2254,blur,medium,0.05062481015920639,0.6944886445999146,23.317899703979492,0.09528402984142303,0.01248994842171669,0.870671272277832,0.02155466377735138
2255,blur,medium,0.04158210754394531,0.7247027158737183,24.975860595703125,0.0943075641989708,0.013016050681471825,0.8699676990509033,0.02270866557955742
2256,clean,none,0.010386541485786438,0.993492603302002,36.32884216308594,0.8404818177223206,0.025688614696264267,0.08290982991456985,0.05091972276568413
2257,salt_pepper,low,0.05199330672621727,0.7581157088279724,22.60601806640625,0.04516955092549324,0.8459218144416809,0.07689625769853592,0.03201240301132202
2258,clean,none,0.010124903172254562,0.992428719997406,36.43661117553711,0.831843376159668,0.025872359052300453,0.08846047520637512,0.05382378771901131
2259,clean,none,0.006324657704681158,0.9955534338951111,41.55585479736328,0.8647473454475403,0.024828894063830376,0.06371341645717621,0.0467103086411953
2260,occlusion,medium,0.04287278652191162,0.7668797969818115,24.06403350830078,0.22289815545082092,0.06844600290060043,0.045974407345056534,0.6626814007759094
2261,salt_pepper,low,0.0528409443795681,0.7262505292892456,22.834102630615234,0.058142296969890594,0.8228989243507385,0.07611585408449173,0.04284287244081497
2262,clean,none,0.014704319648444653,0.9924188852310181,34.0555419921875,0.8370143175125122,0.04174022749066353,0.05200523883104324,0.06924013793468475
2263,blur,high,0.10368295758962631,0.5739524364471436,16.73745346069336,0.08966831117868423,0.01462955866008997,0.8707125782966614,0.02498953975737095
2264,clean,none,0.009977771900594234,0.9937865138053894,37.324222564697266,0.8463038802146912,0.02396356128156185,0.0816531777381897,0.04807933419942856
2265,salt_pepper,medium,0.08807220309972763,0.6052793264389038,18.36515235900879,0.058761682361364365,0.8179250359535217,0.08386301249265671,0.03945018723607063
2266,clean,none,0.009068125858902931,0.9946576356887817,38.1506462097168,0.8485537171363831,0.0298002939671278,0.059738125652074814,0.06190788745880127
2267,clean,none,0.0071039265021681786,0.9964787364006042,40.073463439941406,0.8743026852607727,0.026864325627684593,0.04541584849357605,0.0534171536564827
2268,occlusion,medium,0.07396570593118668,0.6454308032989502,20.07941436767578,0.00027873547514900565,0.010121800005435944,0.0004425242659635842,0.9891568422317505
2269,blur,high,0.06471899151802063,0.7356986403465271,20.967533111572266,0.08794579654932022,0.011428209953010082,0.8798184394836426,0.020807594060897827
2270,clean,none,0.008760861121118069,0.9936790466308594,39.098453521728516,0.8506159782409668,0.02628193609416485,0.06853039562702179,0.0545717217028141
2271,blur,high,0.044881515204906464,0.7574109435081482,23.265262603759766,0.10875624418258667,0.019393712282180786,0.8382723331451416,0.033577725291252136
2272,blur,medium,0.08307578414678574,0.59389728307724,19.551185607910156,0.08545418828725815,0.010559803806245327,0.8854378461837769,0.01854819245636463
2273,clean,none,0.00648651784285903,0.9952952265739441,40.826759338378906,0.7999333143234253,0.02287008985877037,0.12664735317230225,0.05054930970072746
2274,clean,none,0.01256833877414465,0.9932307004928589,34.606929779052734,0.8428599834442139,0.03374722599983215,0.05898686870932579,0.0644058957695961
2275,clean,none,0.0030175677966326475,0.9982192516326904,47.636932373046875,0.9204843640327454,0.021992646157741547,0.015146125108003616,0.04237687587738037
2276,blur,low,0.03403759375214577,0.8589326739311218,26.163122177124023,0.09803914278745651,0.012702887877821922,0.8672999739646912,0.02195798233151436
2277,blur,low,0.04763805493712425,0.7829176187515259,23.718721389770508,0.19975455105304718,0.019122760742902756,0.7533122897148132,0.027810385450720787
2278,occlusion,medium,0.05664778873324394,0.6833972930908203,21.643016815185547,0.0025315447710454464,0.026356127113103867,0.0025526408571749926,0.9685596823692322
2279,occlusion,low,0.09973323345184326,0.6596623659133911,16.864051818847656,0.1331140547990799,0.08728522807359695,0.03687864542007446,0.7427220940589905
2280,clean,none,0.004631027579307556,0.9964700937271118,44.37209701538086,0.8640612363815308,0.024743754416704178,0.059161193668842316,0.05203380063176155
2281,blur,high,0.0429326593875885,0.7436341047286987,24.530851364135742,0.09672686457633972,0.014452812261879444,0.8634417057037354,0.025378640741109848
2282,clean,none,0.013998693786561489,0.9898476004600525,35.3565673828125,0.6499411463737488,0.033977337181568146,0.24547627568244934,0.07060523331165314
2283,blur,high,0.06055479496717453,0.7049387693405151,21.917495727539062,0.09863785654306412,0.014588220976293087,0.8608602285385132,0.025913648307323456
2284,occlusion,low,0.036025822162628174,0.8516287803649902,26.586410522460938,0.10410748422145844,0.01880979910492897,0.8327797055244446,0.044303081929683685
2285,salt_pepper,low,0.030450165271759033,0.8638743162155151,27.930007934570312,0.04395366832613945,0.8483891487121582,0.07581069320440292,0.03184646740555763
2286,blur,medium,0.03191359341144562,0.8458124995231628,26.175235748291016,0.09718677401542664,0.015503151342272758,0.8609085083007812,0.026401568204164505
2287,clean,none,0.008980453945696354,0.9886519312858582,38.03290939331055,0.7248631119728088,0.03640041500329971,0.16977490484714508,0.06896159052848816
2288,blur,low,0.023290371522307396,0.8816594481468201,29.947525024414062,0.1532115936279297,0.016504619270563126,0.8041996955871582,0.02608407661318779
2289,salt_pepper,medium,0.08403678238391876,0.6218743324279785,18.941204071044922,0.035848140716552734,0.8795918226242065,0.0615273155272007,0.02303280308842659
2290,blur,medium,0.025268709287047386,0.9199673533439636,29.995668411254883,0.104071706533432,0.012713653966784477,0.8611891865730286,0.022025473415851593
2291,blur,high,0.035538967698812485,0.8590027689933777,25.524320602416992,0.09902118146419525,0.014619037508964539,0.8607438206672668,0.025616012513637543
2292,salt_pepper,low,0.03178359195590019,0.9053565263748169,28.199356079101562,0.038572046905756,0.8682714104652405,0.06707318872213364,0.026083318516612053
2293,clean,none,0.009231703355908394,0.9913859367370605,38.610652923583984,0.7577612400054932,0.02671154960989952,0.16007688641548157,0.055450234562158585
2294,clean,none,0.012590987607836723,0.9699937701225281,35.513031005859375,0.5022007822990417,0.04217668995261192,0.37883907556533813,0.07678339630365372
2295,salt_pepper,medium,0.02984239161014557,0.8051631450653076,27.501285552978516,0.02466849982738495,0.9131455421447754,0.04693193733692169,0.015253973193466663
2296,salt_pepper,medium,0.03127152845263481,0.880325436592102,27.511810302734375,0.024366844445466995,0.9120028614997864,0.04834560677409172,0.015284625813364983
2297,clean,none,0.006314508616924286,0.9955284595489502,41.18393325805664,0.8211325407028198,0.03227471560239792,0.0841495618224144,0.0624430775642395
2298,blur,high,0.030689850449562073,0.8700108528137207,27.78000259399414,0.100498728454113,0.013111252337694168,0.8631001114845276,0.02328992821276188
2299,clean,none,0.007559514604508877,0.990287184715271,39.931419372558594,0.7456548810005188,0.027581142261624336,0.17190051078796387,0.05486345291137695
2300,blur,low,0.03267398476600647,0.8760234713554382,26.651824951171875,0.13393224775791168,0.014885888434946537,0.8272770047187805,0.023904887959361076
2301,salt_pepper,low,0.021024733781814575,0.8589205741882324,31.09991455078125,0.043899718672037125,0.848447859287262,0.07860427349805832,0.02904810756444931
2302,blur,high,0.026728546246886253,0.8709167838096619,28.076269149780273,0.10679546743631363,0.01416526548564434,0.854122519493103,0.024916736409068108
2303,occlusion,medium,0.06060178205370903,0.7229613661766052,21.518253326416016,0.00032175055821426213,0.015110550448298454,0.00038035045145079494,0.9841873645782471
2304,blur,medium,0.037265464663505554,0.7746654748916626,25.23151206970215,0.0971214771270752,0.015374467708170414,0.8596331477165222,0.027870889753103256
2305,salt_pepper,medium,0.04931015893816948,0.8384661078453064,23.581884384155273,0.03577475622296333,0.8784816265106201,0.06313910335302353,0.022604545578360558
2306,occlusion,medium,0.0880778431892395,0.6940509676933289,16.034421920776367,0.002505915006622672,0.024657825008034706,0.002712453715503216,0.9701237678527832
2307,occlusion,medium,0.06038276478648186,0.775671124458313,21.587589263916016,0.0001167805094155483,0.006236193235963583,0.0001703262241790071,0.9934768080711365
2308,blur,medium,0.04164709150791168,0.7344932556152344,25.087581634521484,0.09680977463722229,0.01652662083506584,0.8583621978759766,0.028301473706960678
2309,blur,medium,0.04190422594547272,0.8542649745941162,24.805950164794922,0.10039550065994263,0.01574709452688694,0.8561501502990723,0.027707219123840332
2310,blur,low,0.02450474724173546,0.8848358988761902,28.89404296875,0.11620870977640152,0.014707423746585846,0.8447625041007996,0.02432142198085785
2311,salt_pepper,high,0.028203723952174187,0.8487939834594727,28.53790283203125,0.030956268310546875,0.8960813283920288,0.054183073341846466,0.01877940073609352
2312,blur,medium,0.025139037519693375,0.8846666216850281,28.399635314941406,0.09176260977983475,0.011276114732027054,0.8769465088844299,0.02001471444964409
2313,occlusion,medium,0.042226456105709076,0.7374585866928101,24.404870986938477,0.00022706003801431507,0.014632318168878555,0.0003729394229594618,0.984767735004425
2314,salt_pepper,medium,0.028589338064193726,0.8824787139892578,28.319358825683594,0.03163120523095131,0.890392541885376,0.05790320783853531,0.02007298916578293
2315,salt_pepper,low,0.033869098871946335,0.8249227404594421,26.650964736938477,0.04913711920380592,0.8364998698234558,0.0810612216591835,0.033301759511232376
2316,blur,high,0.03258484601974487,0.8189826011657715,27.218429565429688,0.10390424728393555,0.017008595168590546,0.8494811654090881,0.029606008902192116
2317,occlusion,high,0.041962020099163055,0.6948354244232178,24.06869888305664,0.12808386981487274,0.06726206094026566,0.04027555510401726,0.7643784880638123
2318,occlusion,medium,0.0469735711812973,0.6555713415145874,23.525121688842773,0.00770877581089735,0.035145197063684464,0.0026129374746233225,0.9545331001281738
2319,occlusion,medium,0.06407560408115387,0.723493218421936,21.08072280883789,0.0011607067426666617,0.014462122693657875,0.0010706109460443258,0.9833065867424011
2320,occlusion,low,0.048047494143247604,0.8375737071037292,20.643325805664062,0.1451873928308487,0.10786941647529602,0.09655511379241943,0.6503880620002747
2321,clean,none,0.015384464524686337,0.9510374069213867,33.83894348144531,0.5407305359840393,0.041636813431978226,0.332670122385025,0.08496257662773132
2322,occlusion,low,0.0433095321059227,0.7342867255210876,24.071447372436523,0.012904803268611431,0.04579222574830055,0.008683321997523308,0.9326196908950806
2323,blur,medium,0.03415921330451965,0.8183311820030212,26.228775024414062,0.09850829094648361,0.013144896365702152,0.8650487661361694,0.023298107087612152
2324,blur,low,0.037610385566949844,0.9106339812278748,24.105234146118164,0.12047997117042542,0.017250536009669304,0.8341162800788879,0.028153154999017715
2325,blur,high,0.04525481164455414,0.7396228313446045,23.283536911010742,0.0944288969039917,0.01592055894434452,0.8609668016433716,0.02868366427719593
2326,clean,none,0.02606862783432007,0.9725608825683594,28.537601470947266,0.7168076038360596,0.03547842428088188,0.17936742305755615,0.06834656745195389
2327,occlusion,low,0.03019607625901699,0.7995462417602539,27.65252113342285,0.043759215623140335,0.05605453625321388,0.020768383517861366,0.879417896270752
2328,blur,medium,0.029956813901662827,0.8174442052841187,27.75958824157715,0.10602229088544846,0.014040589332580566,0.8555104732513428,0.02442663162946701
2329,clean,none,0.04613300412893295,0.8812050223350525,21.02657699584961,0.2788429856300354,0.1702355295419693,0.07100722193717957,0.47991421818733215
2330,occlusion,low,0.04209793731570244,0.8079366683959961,23.937252044677734,0.0405782088637352,0.06517039239406586,0.010020460933446884,0.8842309713363647
2331,clean,none,0.006756667047739029,0.9931427836418152,41.05775833129883,0.7495759725570679,0.03302961215376854,0.14985954761505127,0.06753486394882202
2332,salt_pepper,medium,0.043297044932842255,0.7969412207603455,23.014095306396484,0.03447709605097771,0.8834064602851868,0.060351889580488205,0.021764570847153664
2333,salt_pepper,low,0.039324428886175156,0.8490651845932007,25.156387329101562,0.0374322235584259,0.8664160370826721,0.06955510377883911,0.02659669704735279
2334,blur,low,0.031505584716796875,0.8694003820419312,26.389881134033203,0.13003234565258026,0.016664622351527214,0.8263161778450012,0.026986900717020035
2335,clean,none,0.004319672007113695,0.9976644515991211,44.34684753417969,0.8781153559684753,0.02582133375108242,0.04238881915807724,0.05367453396320343
2336,occlusion,high,0.066758893430233,0.5855776071548462,20.636844635009766,7.94075385783799e-05,0.009169645607471466,0.000237889020354487,0.9905130863189697
2337,clean,none,0.0026304840575903654,0.9987939596176147,49.326324462890625,0.9091368317604065,0.018457546830177307,0.027896836400032043,0.044508859515190125
2338,salt_pepper,low,0.027733242139220238,0.8772411346435547,28.75186538696289,0.04772033914923668,0.8382084369659424,0.0824475884437561,0.031623728573322296
2339,blur,high,0.03512612357735634,0.8300485014915466,25.543006896972656,0.10214606672525406,0.013152475468814373,0.8613840937614441,0.02331729419529438
2340,occlusion,low,0.02549177035689354,0.8510289192199707,27.631786346435547,0.007373228203505278,0.03016122616827488,0.007174776401370764,0.9552907943725586
2341,clean,none,0.00643495749682188,0.9916692972183228,40.54176330566406,0.6725172400474548,0.035821475088596344,0.20839855074882507,0.08326279371976852
2342,blur,medium,0.026733240112662315,0.8960210084915161,28.891456604003906,0.10008915513753891,0.013830895535647869,0.8617579936981201,0.02432197332382202
2343,occlusion,high,0.07691913098096848,0.6082807779312134,19.173410415649414,1.8654625819181092e-05,0.004130705259740353,7.09844462107867e-05,0.9957796335220337
2344,salt_pepper,low,0.035941824316978455,0.7975566387176514,26.386516571044922,0.04919439181685448,0.8457162380218506,0.07350993156433105,0.03157937526702881
2345,blur,low,0.03101187013089657,0.8120850920677185,27.265777587890625,0.1400057077407837,0.01650213450193405,0.8174608945846558,0.026031268760561943
2346,salt_pepper,medium,0.051951609551906586,0.8352488279342651,23.29362678527832,0.04803069308400154,0.8431317806243896,0.07758539170026779,0.031252142041921616
2347,salt_pepper,low,0.06929217278957367,0.7440469264984131,20.565570831298828,0.07175026088953018,0.8068841695785522,0.07755199074745178,0.043813545256853104
2348,occlusion,low,0.04563454911112785,0.7996783256530762,23.603778839111328,0.02848079241812229,0.043650832027196884,0.012552439235150814,0.9153159260749817
2349,occlusion,medium,0.0883093774318695,0.5589004755020142,18.34713363647461,0.00017979773110710084,0.010244028642773628,0.00026824016822502017,0.9893079400062561
2350,blur,medium,0.025155309587717056,0.8352302312850952,29.41339683532715,0.09311724454164505,0.01564524881541729,0.8632875084877014,0.027950014919042587
2351,occlusion,medium,0.04027361050248146,0.7430993318557739,23.595685958862305,0.001865788595750928,0.02038123458623886,0.0019189224112778902,0.9758340120315552
2352,occlusion,low,0.07496269792318344,0.7001861333847046,19.782724380493164,0.031233424320816994,0.057988304644823074,0.02173670567572117,0.8890416026115417
2353,salt_pepper,low,0.04431329295039177,0.7500602602958679,24.05853271484375,0.056018758565187454,0.8236526846885681,0.08227875083684921,0.03804976865649223
2354,clean,none,0.004173991736024618,0.9940826892852783,42.911399841308594,0.8408994674682617,0.0253415796905756,0.025785258039832115,0.10797373205423355
2355,salt_pepper,medium,0.033067479729652405,0.7865940928459167,27.270565032958984,0.04793759807944298,0.8409836888313293,0.08063767105340958,0.03044108860194683
2356,clean,none,0.004922775086015463,0.9959275722503662,42.96253204345703,0.8518281579017639,0.02956329472362995,0.056406185030937195,0.06220230460166931
2357,blur,high,0.038147322833538055,0.805504560470581,25.942352294921875,0.10065313428640366,0.0140750827267766,0.8607048988342285,0.02456693723797798
2358,occlusion,high,0.061219535768032074,0.7136639952659607,19.017173767089844,5.2955067076254636e-05,0.005898813251405954,0.0001657699467614293,0.9938825368881226
2359,occlusion,low,0.03768673166632652,0.8586906790733337,19.88347053527832,0.3345133662223816,0.07164856046438217,0.07646599411964417,0.5173720717430115
2360,clean,none,0.0037948573008179665,0.9982032179832458,45.58897399902344,0.889732301235199,0.02273653820157051,0.039052143692970276,0.04847903177142143
2361,blur,medium,0.02397902123630047,0.8969861268997192,29.558351516723633,0.10064652562141418,0.017068784683942795,0.8510705232620239,0.031214192509651184
2362,clean,none,0.014130081050097942,0.9709160327911377,34.43877410888672,0.6023289561271667,0.028063129633665085,0.3178403377532959,0.05176762118935585
2363,salt_pepper,high,0.04519630968570709,0.8441005945205688,24.399118423461914,0.0397154875099659,0.8690297603607178,0.06665053963661194,0.024604182690382004
2364,blur,low,0.03125014901161194,0.8407945036888123,27.458858489990234,0.1269174963235855,0.014208645559847355,0.8360658288002014,0.022807981818914413
2365,salt_pepper,medium,0.03183258697390556,0.8300217390060425,27.59934425354004,0.046914517879486084,0.845798134803772,0.07840973138809204,0.02887764573097229
2366,salt_pepper,medium,0.03452272340655327,0.8784147500991821,26.668397903442383,0.025304481387138367,0.9087586998939514,0.0496770516037941,0.0162596944719553
2367,occlusion,high,0.037247251719236374,0.7646300196647644,25.522968292236328,2.104037776007317e-05,0.005745713599026203,0.0001175274228444323,0.9941157102584839
2368,clean,none,0.010609343647956848,0.9903208613395691,36.455291748046875,0.7288172245025635,0.030611921101808548,0.18025748431682587,0.06031340733170509
2369,salt_pepper,low,0.03217558190226555,0.8358375430107117,27.383634567260742,0.04609224945306778,0.8457983732223511,0.07683457434177399,0.03127485141158104
2370,salt_pepper,high,0.03628820180892944,0.804259717464447,26.001178741455078,0.04005636274814606,0.8698632717132568,0.06503745913505554,0.025042900815606117
2371,clean,none,0.01793949119746685,0.9714905619621277,32.82455062866211,0.46821117401123047,0.03046516329050064,0.44356656074523926,0.057757169008255005
2372,salt_pepper,low,0.040276654064655304,0.826366126537323,25.443391799926758,0.05836425721645355,0.8127349615097046,0.09032409638166428,0.038576725870370865
2373,clean,none,0.00883873738348484,0.9884588122367859,38.1490478515625,0.6987969875335693,0.0427711047232151,0.17535506188869476,0.0830768570303917
2374,salt_pepper,high,0.033791422843933105,0.8447084426879883,26.754165649414062,0.046664610505104065,0.8501222133636475,0.07310570776462555,0.030107557773590088
2375,blur,high,0.03330562263727188,0.8579328060150146,26.728336334228516,0.09906710684299469,0.01599103771150112,0.8567777276039124,0.028164181858301163
2376,clean,none,0.008272731676697731,0.9954950213432312,36.861263275146484,0.8416966199874878,0.03671204671263695,0.04658106341958046,0.0750102698802948
2377,occlusion,high,0.07802318781614304,0.7006664276123047,17.90806007385254,3.20460071634443e-06,0.0038787766825407743,2.0747689632116817e-05,0.9960972666740417
2378,salt_pepper,medium,0.03363903984427452,0.858880877494812,26.868221282958984,0.03278188407421112,0.8865661025047302,0.05917784944176674,0.021474111825227737
2379,salt_pepper,high,0.05256179720163345,0.8106966018676758,21.16111946105957,0.0350920632481575,0.8804271817207336,0.06345868855714798,0.021022088825702667
2380,clean,none,0.0030556682031601667,0.9988313913345337,47.686065673828125,0.9024085998535156,0.019953884184360504,0.03253022953867912,0.04510728642344475
2381,occlusion,low,0.0406186580657959,0.7859253287315369,24.616233825683594,0.03111965022981167,0.05775567889213562,0.03403320163488388,0.8770914673805237
2382,occlusion,medium,0.048628997057676315,0.768255352973938,23.540142059326172,9.2740410764236e-05,0.005574407987296581,0.0002515966771170497,0.9940811991691589
2383,clean,none,0.006588878110051155,0.989751935005188,39.037601470947266,0.6952172517776489,0.03194420784711838,0.20302638411521912,0.06981219351291656
2384,salt_pepper,medium,0.047463905066251755,0.7795557379722595,23.901622772216797,0.04305586963891983,0.859499454498291,0.07028548419475555,0.027159105986356735
2385,occlusion,low,0.03775172680616379,0.8191303014755249,23.325443267822266,0.0022665029391646385,0.02133237011730671,0.0031734199728816748,0.9732276201248169
2386,blur,medium,0.033855803310871124,0.7694291472434998,26.970863342285156,0.09712221473455429,0.013963934034109116,0.8642600178718567,0.02465377002954483
2387,occlusion,high,0.053427256643772125,0.7909685969352722,21.477535247802734,2.6016559786512516e-05,0.003701167181134224,7.39025417715311e-05,0.9961989521980286
2388,salt_pepper,low,0.03271087631583214,0.8731634616851807,26.37533187866211,0.047219350934028625,0.8430836200714111,0.07854361832141876,0.03115333802998066
2389,salt_pepper,low,0.03244272619485855,0.8636583089828491,26.839069366455078,0.056547876447439194,0.8211924433708191,0.08455950021743774,0.037700191140174866
2390,occlusion,high,0.0806838646531105,0.6379261016845703,17.218997955322266,4.437711140781175e-06,0.0032712009269744158,1.954976141860243e-05,0.9967047572135925
2391,salt_pepper,medium,0.023349616676568985,0.8692581057548523,29.631288528442383,0.04000266268849373,0.8662130236625671,0.06822129338979721,0.025562962517142296
2392,occlusion,medium,0.06183456629514694,0.5036671161651611,21.57003402709961,0.0018474829848855734,0.02921576425433159,0.0012211069697514176,0.9677156209945679
2393,clean,none,0.004871865268796682,0.9970943331718445,43.434814453125,0.8841862082481384,0.0255768820643425,0.03806480020284653,0.05217212438583374
2394,blur,medium,0.05045762658119202,0.7647615671157837,22.53717803955078,0.09593798220157623,0.014166375622153282,0.8651832342147827,0.024712340906262398
2395,occlusion,medium,0.02441571280360222,0.8923351168632507,29.314050674438477,0.0011068852618336678,0.023355409502983093,0.0036837058141827583,0.9718540906906128
2396,clean,none,0.007047879509627819,0.9902414083480835,40.3529167175293,0.7082999348640442,0.04029875248670578,0.17117027938365936,0.08023101091384888
2397,clean,none,0.01020015962421894,0.9921494722366333,37.01985549926758,0.8350809812545776,0.03147103264927864,0.07072746753692627,0.06272050738334656
2398,salt_pepper,medium,0.022581307217478752,0.8959514498710632,28.9520263671875,0.040525179356336594,0.8658897876739502,0.06797029823064804,0.025614643469452858
2399,salt_pepper,low,0.06250187754631042,0.7290219664573669,20.99210548400879,0.08464648574590683,0.76657634973526,0.0983501672744751,0.05042705684900284
2400,salt_pepper,high,0.034011244773864746,0.7616413831710815,25.91728973388672,0.042054083198308945,0.8623448610305786,0.06961154192686081,0.025989556685090065
2401,blur,low,0.045265525579452515,0.8412477970123291,23.088401794433594,0.1587090641260147,0.02170819602906704,0.7855019569396973,0.03408082574605942
2402,clean,none,0.007190215401351452,0.996502161026001,38.63576126098633,0.8469974994659424,0.029342928901314735,0.06213441118597984,0.061525192111730576
2403,blur,low,0.03292274475097656,0.8825860023498535,26.44757843017578,0.1156596690416336,0.01846305839717388,0.8364990949630737,0.029378172010183334
2404,blur,high,0.1037677526473999,0.5559951663017273,16.909292221069336,0.08673135936260223,0.011827131733298302,0.8804640173912048,0.020977387204766273
2405,blur,high,0.03542904183268547,0.7189532518386841,26.189987182617188,0.09905286133289337,0.013792784884572029,0.862736701965332,0.024417679756879807
2406,occlusion,low,0.03111180290579796,0.8544032573699951,26.448822021484375,0.04187387973070145,0.05306690186262131,0.02946200780570507,0.8755972981452942
2407,clean,none,0.015260649845004082,0.9768321514129639,33.15934753417969,0.6594560742378235,0.04212604835629463,0.2166171371936798,0.08180072158575058
2408,clean,none,0.006683005951344967,0.9960646629333496,39.93547821044922,0.8741766810417175,0.028552420437335968,0.042770709842443466,0.054500188678503036
2409,clean,none,0.007626184727996588,0.9929937720298767,39.787689208984375,0.7589888572692871,0.034582316875457764,0.1366306096315384,0.06979823857545853
2410,blur,medium,0.036726996302604675,0.8182356357574463,25.5263671875,0.09643755108118057,0.013936921022832394,0.8653228282928467,0.024302814155817032
2411,salt_pepper,low,0.03346174582839012,0.8081234693527222,26.17223358154297,0.0604180283844471,0.817173182964325,0.08200562745332718,0.04040311276912689
2412,clean,none,0.011279210448265076,0.98708575963974,36.77242660522461,0.5944376587867737,0.03198225796222687,0.31600654125213623,0.05757354199886322
2413,salt_pepper,high,0.03634929284453392,0.8631868362426758,25.843753814697266,0.03969153016805649,0.8700333833694458,0.06490637362003326,0.02536875195801258
2414,clean,none,0.00427148537710309,0.9965314865112305,44.68907928466797,0.7805162072181702,0.028630612418055534,0.129252091050148,0.061601147055625916
2415,blur,high,0.02209610864520073,0.8874272108078003,30.04888153076172,0.09486961364746094,0.012721175327897072,0.8704913854598999,0.02191774547100067
2416,salt_pepper,low,0.029241859912872314,0.8277454376220703,27.050975799560547,0.04697546362876892,0.8421485424041748,0.07903866469860077,0.0318373367190361
2417,salt_pepper,high,0.05839955806732178,0.6277346611022949,22.528732299804688,0.04891440272331238,0.8428052067756653,0.07702812552452087,0.031252238899469376
2418,occlusion,low,0.03067394718527794,0.8589092493057251,26.279502868652344,0.0010387138463556767,0.017481312155723572,0.002430892316624522,0.9790490865707397
2419,blur,high,0.03755601495504379,0.7932262420654297,25.449501037597656,0.09585626423358917,0.01469196006655693,0.8635693192481995,0.0258824210613966
2420,occlusion,high,0.06647937744855881,0.6754958629608154,19.0323543548584,0.000219632827793248,0.009431478567421436,0.0003653486492112279,0.9899835586547852
2421,occlusion,medium,0.03477513790130615,0.7850983142852783,24.429685592651367,2.7045767637901008e-05,0.0043229940347373486,0.00010556521010585129,0.9955444931983948
2422,occlusion,high,0.03506702929735184,0.7238807082176208,24.679594039916992,8.14776576589793e-05,0.012038552202284336,0.0001989830780075863,0.9876810312271118
2423,occlusion,high,0.05263102054595947,0.7235956192016602,21.62299919128418,0.0002010976168094203,0.008609944023191929,0.0005022420664317906,0.9906867146492004
2424,occlusion,medium,0.054072558879852295,0.7131587862968445,22.059261322021484,0.0014702576445415616,0.017871392890810966,0.003206724300980568,0.977451741695404
2425,clean,none,0.01061989925801754,0.9906575679779053,36.77791976928711,0.7839638590812683,0.03257879987359047,0.11785619705915451,0.06560119986534119
2426,clean,none,0.014079379849135876,0.973786473274231,34.535831451416016,0.4098709523677826,0.03686369210481644,0.49125054478645325,0.062014803290367126
2427,clean,none,0.006510687526315451,0.9950790405273438,41.22718811035156,0.815692663192749,0.029620738700032234,0.09338361769914627,0.06130298599600792
2428,clean,none,0.009686470031738281,0.9826726913452148,37.90947341918945,0.6237403750419617,0.028519947081804276,0.29253023862838745,0.055209457874298096
2429,occlusion,medium,0.03790080547332764,0.791192889213562,23.295673370361328,9.420445712748915e-05,0.006781401112675667,0.00017262921028304845,0.9929518103599548
2430,salt_pepper,high,0.026989838108420372,0.8553027510643005,28.08854103088379,0.04142322391271591,0.8651342988014221,0.06798503547906876,0.025457434356212616
2431,occlusion,medium,0.060949474573135376,0.711129367351532,20.529579162597656,1.8332448235014454e-05,0.006745561957359314,7.198811363196e-05,0.9931641221046448
2432,blur,high,0.0329212062060833,0.8091226816177368,27.150352478027344,0.10417965054512024,0.012881383299827576,0.860173225402832,0.0227657537907362
2433,clean,none,0.01678827404975891,0.9730557203292847,33.19361114501953,0.5494831204414368,0.029797710478305817,0.3671170771121979,0.05360214039683342
2434,occlusion,medium,0.03997765854001045,0.8314744830131531,23.86553955078125,9.708638390293345e-05,0.006530911196023226,0.0003392710932530463,0.993032693862915
2435,occlusion,high,0.049485594034194946,0.7608336210250854,21.67168617248535,6.80959658438951e-07,0.0012783774873241782,8.856204658513889e-06,0.9987120628356934
2436,occlusion,low,0.04222295805811882,0.8002996444702148,23.575607299804688,0.0242480281740427,0.05314183235168457,0.013172818347811699,0.9094372987747192
2437,occlusion,medium,0.0856723040342331,0.6761684417724609,17.70652961730957,0.0013765866169705987,0.021499263122677803,0.0029982917476445436,0.974125862121582
2438,occlusion,high,0.09088515490293503,0.6049277782440186,15.480622291564941,0.004840311594307423,0.019621126353740692,0.0026825766544789076,0.9728560447692871
2439,occlusion,high,0.04547107219696045,0.7122251391410828,23.31230926513672,4.4827885403719847e-07,0.0016930514248088002,4.506636287260335e-06,0.9983018636703491
2440,blur,medium,0.029729079455137253,0.8831369280815125,28.021129608154297,0.09558291733264923,0.012696392834186554,0.8689903616905212,0.02273033931851387
2441,occlusion,medium,0.06119038164615631,0.6415318250656128,20.510772705078125,0.0017859847284853458,0.022928399965167046,0.0008421094389632344,0.9744434952735901
2442,blur,medium,0.03485475108027458,0.7751129865646362,26.79682159423828,0.09751079976558685,0.01443432830274105,0.8627416491508484,0.025313159450888634
2443,clean,none,0.011071771383285522,0.9891650080680847,36.454463958740234,0.74278724193573,0.024608785286545753,0.18223804235458374,0.05036594346165657
2444,occlusion,medium,0.057319581508636475,0.6935839653015137,20.12389373779297,0.0005930496845394373,0.014121709391474724,0.0006933833938091993,0.9845919013023376
2445,occlusion,high,0.038769498467445374,0.767663836479187,23.783748626708984,6.419310466299066e-06,0.0025223467964679003,3.824106897809543e-05,0.9974330067634583
2446,blur,high,0.021036913618445396,0.8491222262382507,31.091552734375,0.10206224769353867,0.013867492787539959,0.8597378134727478,0.02433241903781891
2447,occlusion,low,0.03027905523777008,0.8551248908042908,26.46894073486328,0.07885237038135529,0.09106507152318954,0.07127007097005844,0.7588124871253967
2448,blur,medium,0.025153320282697678,0.8870736956596375,28.368932723999023,0.09765617549419403,0.014532456174492836,0.8628004193305969,0.025010960176587105
2449,salt_pepper,high,0.06250201910734177,0.6497074961662292,21.36825180053711,0.054239872843027115,0.827354371547699,0.08354683220386505,0.03485887497663498
2450,salt_pepper,medium,0.041154928505420685,0.8372601270675659,23.59593963623047,0.03421115502715111,0.8843640089035034,0.060174521058797836,0.02125028520822525
2451,occlusion,low,0.07485692203044891,0.6524022817611694,19.587499618530273,0.03280811011791229,0.06058526411652565,0.029609795659780502,0.8769968152046204
2452,clean,none,0.010286430828273296,0.988640546798706,37.2943000793457,0.6731674671173096,0.03010263852775097,0.2329443246126175,0.06378556787967682
2453,clean,none,0.007552029099315405,0.9936988353729248,38.99662780761719,0.8041041493415833,0.03176611289381981,0.1014726385474205,0.06265709549188614
2454,blur,low,0.03232260048389435,0.7740546464920044,27.397262573242188,0.16097667813301086,0.02120860107243061,0.7862029671669006,0.03161173686385155
2455,blur,medium,0.04232650250196457,0.695990264415741,25.035491943359375,0.0967295691370964,0.015502093359827995,0.8608357906341553,0.026932522654533386
2456,salt_pepper,low,0.0345914326608181,0.8968197703361511,26.291946411132812,0.036695536226034164,0.8736315965652466,0.06488679349422455,0.024786105379462242
2457,clean,none,0.008648633025586605,0.9871988296508789,37.41611099243164,0.6809950470924377,0.03864029794931412,0.19770139455795288,0.08266324549913406
2458,clean,none,0.006023876368999481,0.9947482347488403,42.39482879638672,0.8207623362541199,0.02663852646946907,0.1012139692902565,0.05138519033789635
2459,occlusion,high,0.07064428180456161,0.5579771995544434,19.695629119873047,6.5824983721540775e-06,0.0032508736476302147,2.8488493626355194e-05,0.9967141151428223
2460,occlusion,high,0.07011997699737549,0.7003473043441772,19.171127319335938,9.690668775874656e-06,0.002906878013163805,3.567792009562254e-05,0.9970477223396301
2461,blur,low,0.034369081258773804,0.8255769610404968,26.171772003173828,0.12183898687362671,0.01815832033753395,0.830633282661438,0.029369443655014038
2462,salt_pepper,high,0.03590748831629753,0.7402886152267456,26.677520751953125,0.03489689901471138,0.8841196894645691,0.0598510205745697,0.02113237790763378
2463,blur,low,0.02642851136624813,0.8788592219352722,28.567094802856445,0.16768218576908112,0.01981586031615734,0.7759958505630493,0.036506108939647675
2464,blur,low,0.038519904017448425,0.9025925993919373,25.79524803161621,0.12422758340835571,0.013957260176539421,0.838945209980011,0.022869927808642387
2465,blur,low,0.026391416788101196,0.8666552305221558,29.124942779541016,0.12000775337219238,0.013594580814242363,0.8448702692985535,0.021527301520109177
2466,clean,none,0.014874408952891827,0.9693005084991455,33.06386947631836,0.6174503564834595,0.03573279827833176,0.27127793431282043,0.07553894817829132
2467,clean,none,0.006140193901956081,0.9958860874176025,40.587738037109375,0.8038915991783142,0.02691473625600338,0.11165229976177216,0.05754135549068451
2468,salt_pepper,medium,0.027376441285014153,0.8388029932975769,28.85003089904785,0.05069921538233757,0.8339909315109253,0.0822528600692749,0.033056970685720444
2469,clean,none,0.013033481314778328,0.9726054072380066,34.344261169433594,0.6074582934379578,0.0303293876349926,0.3065740764141083,0.05563826486468315
2470,occlusion,low,0.04180239886045456,0.8101555109024048,22.618526458740234,0.12414684891700745,0.10206056386232376,0.06260538101196289,0.7111871838569641
2471,salt_pepper,low,0.0454106330871582,0.7667602300643921,23.97039794921875,0.0324481762945652,0.8833787441253662,0.060749758034944534,0.023423340171575546
2472,occlusion,medium,0.0980476588010788,0.5724839568138123,17.437170028686523,0.005000360310077667,0.027453504502773285,0.004086961038410664,0.9634591937065125
2473,salt_pepper,low,0.03119421750307083,0.8487960696220398,27.05441665649414,0.0415617898106575,0.8662063479423523,0.0653809979557991,0.026850854977965355
2474,clean,none,0.007697620894759893,0.9899332523345947,40.005531311035156,0.632046639919281,0.030630188062787056,0.27823910117149353,0.059084098786115646
2475,blur,medium,0.025818318128585815,0.900112509727478,29.028217315673828,0.10081851482391357,0.012665238231420517,0.8644775152206421,0.022038765251636505
2476,clean,none,0.007122209295630455,0.9924163222312927,40.238197326660156,0.7769497036933899,0.027285894379019737,0.13439354300498962,0.06137082353234291
2477,salt_pepper,medium,0.07764841616153717,0.7105082869529724,20.035154342651367,0.06530829519033432,0.7976532578468323,0.09229709953069687,0.04474138841032982
2478,salt_pepper,low,0.02767082117497921,0.8014765977859497,28.245342254638672,0.04115507751703262,0.863352358341217,0.06780032068490982,0.027692310512065887
2479,occlusion,high,0.07557198405265808,0.5249214172363281,19.59662437438965,0.0016967423725873232,0.019782984629273415,0.004082240629941225,0.9744380712509155
2480,salt_pepper,medium,0.031360410153865814,0.8314165472984314,27.580394744873047,0.03212004154920578,0.8897635340690613,0.05772222951054573,0.020394153892993927
2481,blur,medium,0.025955557823181152,0.8525049090385437,28.885698318481445,0.07960935682058334,0.013377873227000237,0.880759060382843,0.02625369466841221
2482,blur,low,0.029364921152591705,0.8627157211303711,27.569124221801758,0.1030065044760704,0.015062060207128525,0.858493983745575,0.023437537252902985
2483,occlusion,medium,0.09803564846515656,0.5043691396713257,17.224910736083984,0.0015828696778044105,0.040645960718393326,0.0014947454910725355,0.9562764167785645
2484,occlusion,low,0.04105836898088455,0.8076584339141846,23.03306770324707,0.18888521194458008,0.10388722270727158,0.04625246301293373,0.6609750986099243
2485,salt_pepper,low,0.052619364112615585,0.7129135131835938,22.961849212646484,0.06990458816289902,0.791257917881012,0.09366700798273087,0.04517047479748726
2486,blur,high,0.03298347443342209,0.7116760015487671,27.23788833618164,0.10406754165887833,0.013479739427566528,0.8584389686584473,0.024013733491301537
2487,blur,low,0.027239229530096054,0.8548774123191833,28.27399444580078,0.13987882435321808,0.01937679946422577,0.8112384676933289,0.029506007209420204
2488,clean,none,0.0044350456446409225,0.9974517822265625,44.17539596557617,0.8638392090797424,0.022695953026413918,0.06519659608602524,0.048268187791109085
2489,occlusion,high,0.08579397201538086,0.6205031275749207,17.884204864501953,0.00011707093653967604,0.012454717420041561,0.0003736605285666883,0.9870545268058777
2490,clean,none,0.00515752425417304,0.9943448305130005,41.78173065185547,0.7768771648406982,0.030629321932792664,0.12922987341880798,0.06326358020305634
2491,occlusion,low,0.03673745319247246,0.8684978485107422,23.995573043823242,0.11882440745830536,0.10191410779953003,0.08497819304466248,0.6942832469940186
2492,salt_pepper,high,0.07286900281906128,0.6168460249900818,20.590702056884766,0.03359575197100639,0.8891416788101196,0.0570368729531765,0.02022564597427845
2493,salt_pepper,medium,0.034083422273397446,0.7964286208152771,26.447105407714844,0.03699305281043053,0.8736407160758972,0.06567873060703278,0.023687532171607018
2494,salt_pepper,medium,0.05041884630918503,0.6896425485610962,23.24150276184082,0.046351928263902664,0.8453860878944397,0.07743790745735168,0.030824141576886177
2495,clean,none,0.005866372026503086,0.9969958066940308,41.40534973144531,0.8483442068099976,0.024290798231959343,0.07565377652645111,0.05171119049191475
2496,occlusion,low,0.07352937757968903,0.7937168478965759,17.59052848815918,0.3092750012874603,0.13162173330783844,0.029966222122311592,0.5291370749473572
2497,blur,high,0.047328248620033264,0.8509570956230164,24.041980743408203,0.09125896543264389,0.013227090239524841,0.8720515370368958,0.023462453857064247
2498,occlusion,low,0.039250388741493225,0.8462209105491638,23.8791446685791,0.10589668899774551,0.06653013825416565,0.017636172473430634,0.8099370002746582
2499,salt_pepper,low,0.03156083822250366,0.9174904823303223,27.61732292175293,0.028288662433624268,0.8929154276847839,0.05822369456291199,0.02057223953306675
2500,occlusion,low,0.054814212024211884,0.7396315932273865,21.826786041259766,0.03140762075781822,0.061766497790813446,0.012622145004570484,0.894203782081604
2501,clean,none,0.005509625189006329,0.9951046705245972,41.72796630859375,0.7989501953125,0.02756313607096672,0.1117822527885437,0.061704371124506
2502,salt_pepper,medium,0.04190022498369217,0.8295035362243652,24.930543899536133,0.039755795150995255,0.8672155141830444,0.06765613704919815,0.025372443720698357
2503,clean,none,0.005279372446238995,0.9975010752677917,42.71089172363281,0.8420506715774536,0.025867970660328865,0.07189305871725082,0.06018834188580513
2504,clean,none,0.006082247011363506,0.9969722628593445,41.714866638183594,0.880699872970581,0.030219944193959236,0.03168053925037384,0.05739965662360191
2505,occlusion,low,0.05860026180744171,0.704622745513916,22.123916625976562,0.06306679546833038,0.06249254569411278,0.02810208685696125,0.8463385105133057
2506,salt_pepper,low,0.05192752927541733,0.7597531080245972,22.78465461730957,0.04856695234775543,0.8448207378387451,0.07585442811250687,0.030757850036025047
2507,blur,high,0.04960217699408531,0.747497022151947,23.056547164916992,0.09375054389238358,0.012978349812328815,0.8700157403945923,0.02325534261763096
2508,clean,none,0.00578408082947135,0.9964584708213806,42.46190643310547,0.8862022757530212,0.02791004255414009,0.03225152939558029,0.053636178374290466
2509,blur,medium,0.0736304447054863,0.6801311373710632,20.329988479614258,0.08861225843429565,0.011043586768209934,0.8811632394790649,0.019180940464138985
2510,clean,none,0.005040615797042847,0.9975767135620117,43.448692321777344,0.9037125706672668,0.024173175916075706,0.021580079570412636,0.05053416267037392
2511,occlusion,medium,0.07000618427991867,0.5015443563461304,20.554645538330078,0.00039931831997819245,0.014444262720644474,0.000508248689584434,0.9846482276916504
2512,occlusion,medium,0.047674935311079025,0.7491857409477234,21.93270492553711,0.0043622879311442375,0.030978510156273842,0.00566930091008544,0.9589897990226746
2513,blur,medium,0.04004168510437012,0.7428829669952393,24.728103637695312,0.09971699863672256,0.01224854402244091,0.8665179014205933,0.0215165875852108
2514,occlusion,high,0.05995672568678856,0.7066411375999451,20.185434341430664,4.973092472937424e-06,0.002610573312267661,1.5914138202788308e-05,0.9973684549331665
2515,blur,low,0.035706330090761185,0.8434101939201355,26.40377426147461,0.11249396204948425,0.013957062736153603,0.851983368396759,0.02156558446586132
2516,clean,none,0.0060484521090984344,0.9962249994277954,41.84254455566406,0.8859454989433289,0.032872460782527924,0.022523706778883934,0.058658238500356674
2517,salt_pepper,medium,0.05315541476011276,0.7285196781158447,22.47555923461914,0.03564511612057686,0.8792534470558167,0.061675332486629486,0.02342607080936432
2518,blur,medium,0.05165571719408035,0.8248388171195984,23.283702850341797,0.08942219614982605,0.012237626127898693,0.8764382004737854,0.021901994943618774
2519,salt_pepper,low,0.03406098112463951,0.7652179598808289,26.306556701660156,0.02730940841138363,0.8928202390670776,0.05552959814667702,0.024340728297829628
2520,clean,none,0.004223392345011234,0.9972905516624451,44.678428649902344,0.8924589157104492,0.022931627929210663,0.035337287932634354,0.04927223175764084
2521,occlusion,high,0.06957577913999557,0.6470608711242676,18.38966941833496,0.004760661628097296,0.03295785188674927,0.005165979266166687,0.9571154713630676
2522,salt_pepper,low,0.028461238369345665,0.892755925655365,27.73569107055664,0.03352440521121025,0.8800660967826843,0.06337010860443115,0.023039454594254494
2523,occlusion,low,0.031166695058345795,0.8244580030441284,25.00105094909668,0.18442761898040771,0.07982611656188965,0.03821180388331413,0.697534441947937
2524,occlusion,low,0.03375176340341568,0.805496871471405,25.612640380859375,0.00797443650662899,0.029921703040599823,0.003935398533940315,0.9581683874130249
2525,clean,none,0.004818524233996868,0.9965662360191345,43.26097106933594,0.8437406420707703,0.026373811066150665,0.07465168088674545,0.055233925580978394
2526,salt_pepper,medium,0.04806812107563019,0.8558596968650818,22.859508514404297,0.032752446830272675,0.888620913028717,0.05836612731218338,0.020260505378246307
2527,salt_pepper,medium,0.044412486255168915,0.8399542570114136,20.506593704223633,0.04037095233798027,0.8641985654830933,0.07069539278745651,0.024735169485211372
2528,salt_pepper,high,0.030896887183189392,0.838169515132904,27.287757873535156,0.03659480810165405,0.8777170777320862,0.06266716867685318,0.023020893335342407
2529,salt_pepper,high,0.0456492155790329,0.6810585856437683,24.27274513244629,0.034326959401369095,0.8872051239013672,0.05787207931280136,0.020595790818333626
2530,clean,none,0.004149749409407377,0.9945005178451538,44.629051208496094,0.884981632232666,0.023594815284013748,0.036751989275217056,0.05467154458165169
2531,occlusion,high,0.0641394779086113,0.6071798801422119,19.46721839904785,0.03605106472969055,0.0393991619348526,0.010841543786227703,0.9137083292007446
2532,blur,high,0.04187144339084625,0.7427150011062622,24.941547393798828,0.0981249138712883,0.012130443938076496,0.8680819869041443,0.021662740036845207
2533,occlusion,low,0.07213641703128815,0.6675372123718262,20.008235931396484,0.034244272857904434,0.05201675742864609,0.008183407597243786,0.9055554866790771
2534,clean,none,0.011158216744661331,0.9887455701828003,36.77418518066406,0.780998945236206,0.03212824463844299,0.12703275680541992,0.05984010174870491
2535,blur,low,0.02857382595539093,0.8972824811935425,26.90159797668457,0.15980233252048492,0.01750011183321476,0.7902297377586365,0.032467857003211975
2536,salt_pepper,low,0.03887386620044708,0.8462528586387634,23.79642105102539,0.03659696504473686,0.87392258644104,0.06567472219467163,0.023805774748325348
2537,clean,none,0.00720308069139719,0.9925352931022644,40.290618896484375,0.7657464742660522,0.024363702163100243,0.15925659239292145,0.05063319951295853
2538,salt_pepper,low,0.05624024569988251,0.7300710678100586,22.294837951660156,0.07867415249347687,0.7843541502952576,0.08587387204170227,0.0510978139936924
2539,salt_pepper,medium,0.025763660669326782,0.8744266033172607,28.400577545166016,0.036356814205646515,0.8777729868888855,0.06266901642084122,0.02320115640759468
2540,clean,none,0.006432211957871914,0.9945248961448669,40.32584762573242,0.787173867225647,0.02945629507303238,0.11431433260440826,0.06905543059110641
2541,blur,medium,0.03522137552499771,0.8303189277648926,25.787052154541016,0.09529360383749008,0.013562559150159359,0.867438554763794,0.02370517887175083
2542,blur,high,0.046575553715229034,0.7350144386291504,24.07394027709961,0.09708750993013382,0.01593022793531418,0.8587990999221802,0.0281831007450819
2543,blur,high,0.04720968008041382,0.8234350681304932,24.038936614990234,0.09912941604852676,0.016591057181358337,0.8550626039505005,0.029216885566711426
2544,salt_pepper,medium,0.04997938871383667,0.7229966521263123,22.756223678588867,0.04284800589084625,0.8586752414703369,0.07083582878112793,0.02764093689620495
2545,clean,none,0.005137420725077391,0.9974302053451538,42.4614143371582,0.8841435313224792,0.02183852158486843,0.04540408030152321,0.048613935708999634
2546,clean,none,0.009608849883079529,0.9867538213729858,37.17934036254883,0.8048473596572876,0.05099579319357872,0.030618121847510338,0.11353863775730133
2547,clean,none,0.007216040976345539,0.9937316179275513,39.29388427734375,0.7538206577301025,0.02842728979885578,0.15064288675785065,0.06710920482873917
2548,blur,medium,0.04344949871301651,0.89864182472229,23.010177612304688,0.09990619868040085,0.012866160832345486,0.8649423718452454,0.022285329177975655
2549,blur,medium,0.038783930242061615,0.8059172034263611,24.892728805541992,0.1006278395652771,0.01693682372570038,0.8532947301864624,0.029140612110495567
2550,blur,medium,0.035470232367515564,0.8571375608444214,25.193424224853516,0.09715407341718674,0.01621900126338005,0.8587972521781921,0.027829613536596298
2551,salt_pepper,low,0.05393380671739578,0.7734545469284058,22.197452545166016,0.04986419156193733,0.8388348817825317,0.07865726947784424,0.03264366090297699
2552,occlusion,medium,0.04181724786758423,0.8048335313796997,23.16643714904785,0.00010891733836615458,0.008483882993459702,0.00022245892614591867,0.991184651851654
2553,salt_pepper,medium,0.07399827986955643,0.7029943466186523,19.209291458129883,0.04971500113606453,0.8384602665901184,0.07709840685129166,0.0347263440489769
2554,occlusion,low,0.05036332458257675,0.746719479560852,22.4074649810791,0.04004643112421036,0.06100068241357803,0.011833553202450275,0.8871192932128906
2555,blur,medium,0.03852815553545952,0.8267542123794556,25.349632263183594,0.10809334367513657,0.01286020316183567,0.8569111824035645,0.0221352931112051
2556,occlusion,high,0.09495046734809875,0.5462331175804138,17.511178970336914,3.9713933801976964e-05,0.004464664030820131,0.00010294146341038868,0.9953926801681519
2557,clean,none,0.011041570454835892,0.9910116195678711,35.7835693359375,0.7708640098571777,0.027289338409900665,0.14594192802906036,0.05590472370386124
2558,clean,none,0.007742502726614475,0.9962393045425415,37.76567840576172,0.8198177218437195,0.031285133212804794,0.08376722782850266,0.06512989103794098
2559,salt_pepper,medium,0.030977731570601463,0.8102705478668213,27.81986427307129,0.03410128504037857,0.8826501965522766,0.06142169237136841,0.021826718002557755
2560,clean,none,0.004862540401518345,0.9981927871704102,43.42387771606445,0.908078134059906,0.023720068857073784,0.021926838904619217,0.04627496376633644
2561,occlusion,low,0.041441481560468674,0.8381305932998657,22.977792739868164,0.010038835927844048,0.0523524172604084,0.01025476399809122,0.9273539185523987
2562,occlusion,high,0.09151141345500946,0.6675769090652466,15.496990203857422,1.3641088116855826e-06,0.0012938337167724967,9.115397006098647e-06,0.9986956715583801
2563,salt_pepper,low,0.04011937230825424,0.7274524569511414,25.179744720458984,0.050047483295202255,0.837892472743988,0.07546640187501907,0.03659370169043541
2564,occlusion,low,0.05081279203295708,0.8541447520256042,20.338123321533203,0.013097034767270088,0.05317096784710884,0.01389067992568016,0.9198413491249084
2565,salt_pepper,high,0.0387478768825531,0.8427519798278809,25.26089096069336,0.03886612504720688,0.8735230565071106,0.06402695924043655,0.02358381822705269
2566,clean,none,0.010574905201792717,0.9907177686691284,32.641273498535156,0.6793534755706787,0.04121072590351105,0.20243752002716064,0.07699821144342422
2567,blur,medium,0.0273982435464859,0.8898999094963074,28.450910568237305,0.09576205164194107,0.01518500316888094,0.8630138635635376,0.02603902481496334
2568,occlusion,low,0.05412852764129639,0.8578537702560425,19.88479232788086,0.04672839120030403,0.06857465952634811,0.012417622841894627,0.8722794055938721
2569,blur,low,0.030810579657554626,0.8774304389953613,27.488004684448242,0.14673011004924774,0.014562910422682762,0.8158001899719238,0.02290680631995201
2570,blur,medium,0.06441598385572433,0.6630865335464478,20.32256317138672,0.095029316842556,0.015491084195673466,0.862200140953064,0.027279537171125412
2571,blur,low,0.02991895005106926,0.853209376335144,27.11630630493164,0.14451266825199127,0.016052141785621643,0.8147221207618713,0.02471301704645157
2572,salt_pepper,medium,0.0769604742527008,0.7281073927879333,20.402015686035156,0.04543497785925865,0.8488072156906128,0.0770542323589325,0.028703510761260986
2573,clean,none,0.005222746636718512,0.9971470832824707,43.036376953125,0.8892831802368164,0.024866942316293716,0.03309039771556854,0.05275951325893402
2574,blur,low,0.02483227849006653,0.9062463045120239,29.89475440979004,0.11867495626211166,0.017069097608327866,0.8378933668136597,0.026362605392932892
2575,clean,none,0.008616523817181587,0.9932062029838562,38.27346420288086,0.7430302500724792,0.028648139908909798,0.16344386339187622,0.06487775593996048
2576,blur,low,0.0313609354197979,0.9009568095207214,26.091903686523438,0.13884924352169037,0.014170851558446884,0.8250581622123718,0.02192176692187786
2577,salt_pepper,medium,0.05435149371623993,0.8206269145011902,22.871000289916992,0.029422730207443237,0.8988974690437317,0.05346407741308212,0.018215706571936607
2578,clean,none,0.0061203851364552975,0.9963765144348145,40.73814392089844,0.8712120652198792,0.025893954560160637,0.04614095017313957,0.0567530132830143
2579,occlusion,medium,0.0466950498521328,0.7905927896499634,22.11603546142578,0.00037916924338787794,0.014183832332491875,0.0005120293353684247,0.9849249720573425
2580,blur,low,0.04942072555422783,0.8178731799125671,22.092267990112305,0.15095126628875732,0.014443695545196533,0.8122611045837402,0.022343875840306282
2581,salt_pepper,high,0.05097588896751404,0.7403237819671631,23.882417678833008,0.04775486886501312,0.8488442897796631,0.07400595396757126,0.029394790530204773
2582,salt_pepper,high,0.027971874922513962,0.840700626373291,28.68422508239746,0.04590044170618057,0.8512660264968872,0.07290831953287125,0.02992519736289978
2583,salt_pepper,high,0.03034978173673153,0.8628289699554443,27.807899475097656,0.044401150196790695,0.8561949729919434,0.0707840695977211,0.028619835153222084
2584,clean,none,0.005656427703797817,0.9955214858055115,42.60076141357422,0.8720890283584595,0.03321608901023865,0.037594497203826904,0.05710037797689438
2585,salt_pepper,low,0.030430961400270462,0.8492035269737244,27.509634017944336,0.05069933086633682,0.8370737433433533,0.07910497486591339,0.03312201052904129
2586,salt_pepper,high,0.03589487075805664,0.8535007238388062,26.48106575012207,0.024692388251423836,0.9162440299987793,0.04380757734179497,0.015255965292453766
2587,blur,medium,0.024192219600081444,0.9034897685050964,29.835285186767578,0.09149431437253952,0.012652815319597721,0.8734564781188965,0.022396445274353027
2588,clean,none,0.008002957329154015,0.9942493438720703,38.944889068603516,0.7637019157409668,0.03365892916917801,0.13140015304088593,0.07123898714780807
2589,clean,none,0.0072417110204696655,0.9883724451065063,40.38307571411133,0.6827823519706726,0.03633343055844307,0.2097998857498169,0.07108435779809952
2590,occlusion,low,0.036909133195877075,0.9004610776901245,25.037120819091797,0.029982291162014008,0.052652206271886826,0.018907610327005386,0.898457944393158
2591,blur,medium,0.02836572751402855,0.8658871650695801,27.96936798095703,0.0984732061624527,0.013899991288781166,0.8633097410202026,0.024317121133208275
2592,salt_pepper,low,0.03625372797250748,0.8412901759147644,26.206680297851562,0.06912726908922195,0.7986372113227844,0.0893862396478653,0.04284931346774101
2593,occlusion,low,0.04057873785495758,0.7379165887832642,25.069820404052734,0.043135907500982285,0.05296787992119789,0.009028129279613495,0.8948680758476257
2594,blur,medium,0.027595093473792076,0.8703181147575378,28.45124053955078,0.09970271587371826,0.013202833943068981,0.8640190362930298,0.023075386881828308
2595,clean,none,0.0045658014714717865,0.9967131614685059,43.92516326904297,0.8338534832000732,0.028149660676717758,0.07772887498140335,0.06026802211999893
2596,clean,none,0.009167670272290707,0.993377149105072,39.133296966552734,0.7213100790977478,0.04004776477813721,0.15063628554344177,0.0880059078335762
2597,occlusion,low,0.028988664969801903,0.8923665881156921,28.179210662841797,0.007167876698076725,0.03790125623345375,0.01664784550666809,0.9382829666137695
2598,blur,low,0.023318296298384666,0.908447265625,29.82459831237793,0.11019585281610489,0.015245162881910801,0.8497458696365356,0.02481304295361042
2599,salt_pepper,low,0.027985652908682823,0.8347906470298767,28.06802749633789,0.05432269722223282,0.825931966304779,0.08423446863889694,0.035510797053575516
2600,salt_pepper,high,0.03812184929847717,0.8255354762077332,26.508838653564453,0.04434596002101898,0.8534201383590698,0.07438207417726517,0.02785184048116207
2601,blur,low,0.03092098794877529,0.9100439548492432,28.035072326660156,0.11771290749311447,0.014548889361321926,0.8444763422012329,0.023261820897459984
2602,salt_pepper,low,0.034445878118276596,0.7874934077262878,25.497241973876953,0.06279128044843674,0.8066321611404419,0.09076433628797531,0.03981220722198486
2603,clean,none,0.008433893322944641,0.9947798252105713,38.44922637939453,0.8155293464660645,0.02979533188045025,0.09161021560430527,0.06306514143943787
2604,clean,none,0.004379850346595049,0.9981597661972046,44.4804801940918,0.8662765622138977,0.026217203587293625,0.04400709271430969,0.06349912285804749
2605,salt_pepper,high,0.024433717131614685,0.8861269950866699,29.77853012084961,0.03781812638044357,0.8759461641311646,0.06290251761674881,0.023333203047513962
2606,occlusion,low,0.03941170871257782,0.8619287014007568,24.831235885620117,0.04966089874505997,0.06395114958286285,0.032624535262584686,0.8537634015083313
2607,salt_pepper,medium,0.03832447528839111,0.8253527879714966,25.841825485229492,0.041657671332359314,0.8622833490371704,0.06875228881835938,0.027306728065013885
2608,clean,none,0.010516799986362457,0.9865212440490723,36.52574157714844,0.7087264060974121,0.0397135429084301,0.16896666586399078,0.0825934186577797
2609,salt_pepper,high,0.02925591729581356,0.8514384031295776,27.155445098876953,0.04777932167053223,0.8473882079124451,0.07556942105293274,0.0292629674077034
2610,salt_pepper,medium,0.057157695293426514,0.8393851518630981,22.598098754882812,0.04043872281908989,0.8670291304588318,0.06713343411684036,0.025398720055818558
2611,clean,none,0.006485441699624062,0.9953712224960327,41.75962448120117,0.7697133421897888,0.027715744450688362,0.13799895346164703,0.06457193940877914
2612,occlusion,high,0.10297771543264389,0.71226966381073,17.98659896850586,3.6726055441249628e-06,0.0017130515770986676,2.012733784795273e-05,0.9982631802558899
2613,clean,none,0.006766928359866142,0.994412362575531,40.324806213378906,0.7949987053871155,0.03210246190428734,0.10527129471302032,0.06762745976448059
2614,blur,high,0.027242600917816162,0.9042749404907227,28.095012664794922,0.10479053854942322,0.015944333747029305,0.8517431020736694,0.027522040531039238
2615,occlusion,medium,0.06589438021183014,0.622882604598999,20.981529235839844,0.0006857512053102255,0.01826113648712635,0.0009512848337180912,0.9801018238067627
2616,blur,medium,0.029252968728542328,0.9113237261772156,28.173965454101562,0.10005718469619751,0.014351516962051392,0.8601734638214111,0.025417903438210487
2617,occlusion,high,0.055868521332740784,0.7726297378540039,20.095252990722656,3.059008690797782e-08,0.0004995411727577448,4.527654766661726e-07,0.9994999170303345
2618,clean,none,0.005557788070291281,0.9967522621154785,42.03018569946289,0.8545397520065308,0.028290346264839172,0.05934674292802811,0.057823147624731064
2619,blur,high,0.03526785597205162,0.869288444519043,25.77945899963379,0.10077998787164688,0.016434744000434875,0.8546962738037109,0.028089016675949097
2620,salt_pepper,high,0.03200561925768852,0.8460911512374878,26.505340576171875,0.045299287885427475,0.8520084619522095,0.07407137006521225,0.028620831668376923
2621,clean,none,0.02860366925597191,0.9789397120475769,29.247228622436523,0.5995792746543884,0.049703702330589294,0.23531880974769592,0.11539825797080994
2622,salt_pepper,low,0.03287893161177635,0.8902010917663574,27.10070037841797,0.03701481968164444,0.8705583810806274,0.06684757024049759,0.025579288601875305
2623,salt_pepper,high,0.02616264671087265,0.843239963054657,29.029142379760742,0.025392809882760048,0.9138169288635254,0.04541875422000885,0.015371517278254032
2624,occlusion,low,0.03293867036700249,0.8117554187774658,26.408817291259766,0.07978794723749161,0.06715857982635498,0.021256376057863235,0.8317971229553223
2625,blur,high,0.04245660454034805,0.7118083238601685,24.79436492919922,0.10305376350879669,0.01692761667072773,0.8509752154350281,0.02904338389635086
2626,occlusion,medium,0.03393871709704399,0.832726240158081,26.0372257232666,0.0008117094403132796,0.02089371345937252,0.0008872881880961359,0.9774073362350464
2627,blur,medium,0.035818517208099365,0.8394150733947754,25.506418228149414,0.09477672725915909,0.014990847557783127,0.8635526895523071,0.02667975425720215
2628,occlusion,low,0.030663451179862022,0.8276000022888184,25.852981567382812,0.1417887657880783,0.07883988320827484,0.03697557747364044,0.74239581823349
2629,blur,low,0.07359995692968369,0.8395885229110718,20.40838623046875,0.11467581242322922,0.01585412584245205,0.8435608744621277,0.0259091816842556
2630,blur,high,0.03187525272369385,0.8815239667892456,26.97230339050293,0.10214176028966904,0.012574460357427597,0.8630567789077759,0.022227035835385323
2631,blur,low,0.028824519366025925,0.9643200635910034,29.243236541748047,0.12033077329397202,0.01344032771885395,0.8440876603126526,0.02214127406477928
2632,occlusion,low,0.026471689343452454,0.8828227519989014,27.886249542236328,0.14518311619758606,0.07737395167350769,0.019163407385349274,0.7582795023918152
2633,blur,high,0.050604552030563354,0.8104087710380554,23.311702728271484,0.09150144457817078,0.013588069006800652,0.8709398508071899,0.02397063374519348
2634,blur,high,0.02777732163667679,0.8474292755126953,28.14546775817871,0.10036865621805191,0.012466473504900932,0.8650341629981995,0.022130779922008514
2635,blur,high,0.035254787653684616,0.8034849166870117,25.92749786376953,0.1054459810256958,0.013393739238381386,0.8570681214332581,0.024092240259051323
2636,blur,low,0.03273661062121391,0.8763968348503113,26.947776794433594,0.13277983665466309,0.014851406216621399,0.8281474709510803,0.024221282452344894
2637,blur,medium,0.037887878715991974,0.8795706033706665,25.377464294433594,0.09906074404716492,0.017232270911335945,0.8530694246292114,0.030637521296739578
2638,blur,medium,0.029628856107592583,0.8713124990463257,27.79911231994629,0.09494417905807495,0.012841212563216686,0.869186520576477,0.023028092458844185
2639,blur,low,0.018116366118192673,0.8939234018325806,32.0329704284668,0.11927761882543564,0.017395898699760437,0.8328415155410767,0.030484957620501518
2640,blur,low,0.029135067015886307,0.9303954839706421,28.22271156311035,0.11970294266939163,0.019473878666758537,0.8297417163848877,0.031081505119800568
2641,clean,none,0.003711535595357418,0.9986822605133057,45.06218719482422,0.9020182490348816,0.025384146720170975,0.02356347069144249,0.04903419688344002
2642,salt_pepper,medium,0.039478790014982224,0.8159364461898804,25.15865135192871,0.03923043981194496,0.8673557043075562,0.06879912316799164,0.024614792317152023
2643,blur,high,0.03073277696967125,0.8445515632629395,26.574241638183594,0.09393460303544998,0.014140461571514606,0.8665503859519958,0.025374554097652435
2644,clean,none,0.004548804368823767,0.9966107606887817,41.96063995361328,0.8922801613807678,0.025902705267071724,0.031730372458696365,0.05008680745959282
2645,clean,none,0.004247857257723808,0.9965974688529968,44.7639045715332,0.8286254405975342,0.024226214736700058,0.09235124289989471,0.054797034710645676
2646,clean,none,0.004374861251562834,0.9977883100509644,43.815956115722656,0.8442625403404236,0.027291515842080116,0.07347066700458527,0.0549752376973629
2647,salt_pepper,medium,0.023237621411681175,0.8732327818870544,29.8626708984375,0.04225104674696922,0.8594721555709839,0.07161381840705872,0.026662996038794518
2648,blur,medium,0.03320308029651642,0.8820701837539673,26.70010757446289,0.10261093080043793,0.018411871045827866,0.8471998572349548,0.03177732974290848
2649,occlusion,high,0.053523074835538864,0.7636920213699341,21.621601104736328,6.991733698669123e-07,0.0010899396147578955,4.2072201722476166e-06,0.9989051818847656
2650,clean,none,0.008267918601632118,0.9883045554161072,38.71198654174805,0.6863669157028198,0.036187794059515,0.20908884704113007,0.06835644692182541
2651,salt_pepper,high,0.024067994207143784,0.8557657599449158,29.523752212524414,0.04019895941019058,0.8691815137863159,0.06555323302745819,0.02506634034216404
2652,blur,high,0.023848524317145348,0.8207072019577026,28.032672882080078,0.08425667136907578,0.015097963623702526,0.8639682531356812,0.03667714074254036
2653,occlusion,medium,0.038908496499061584,0.7644134759902954,23.064220428466797,0.010370043106377125,0.029959022998809814,0.004946056287735701,0.9547248482704163
2654,clean,none,0.004879738204181194,0.9949022531509399,43.6749267578125,0.8170894384384155,0.028595028445124626,0.09424998611211777,0.06006549671292305
2655,blur,medium,0.024667611345648766,0.9002232551574707,29.561664581298828,0.09874502569437027,0.012586287222802639,0.866110622882843,0.022558029741048813
2656,salt_pepper,medium,0.03570084273815155,0.7783534526824951,25.49167251586914,0.028751034289598465,0.900001585483551,0.053185708820819855,0.018061693757772446
2657,salt_pepper,medium,0.04305557534098625,0.8122692108154297,23.660484313964844,0.03027893789112568,0.8925462961196899,0.05745941400527954,0.01971537247300148
2658,clean,none,0.004118029959499836,0.9972311854362488,44.947418212890625,0.8482078909873962,0.026470813900232315,0.06554055213928223,0.05978081002831459
2659,blur,low,0.02329103648662567,0.8880774974822998,30.28824234008789,0.13726270198822021,0.02066255733370781,0.8079314231872559,0.03414330258965492
2660,occlusion,high,0.08491408824920654,0.7011500597000122,18.16871452331543,0.00024658252368681133,0.008825862780213356,0.0002832398749887943,0.9906443357467651
2661,blur,high,0.034778062254190445,0.8147732615470886,25.63962173461914,0.09634118527173996,0.015041392296552658,0.8623101115226746,0.02630729228258133
2662,blur,high,0.029745392501354218,0.8597216010093689,26.873210906982422,0.09613014757633209,0.012314270250499249,0.8693350553512573,0.022220494225621223
2663,salt_pepper,medium,0.03200921416282654,0.7609010934829712,26.712528228759766,0.029321301728487015,0.8980017304420471,0.054087840020656586,0.01858912594616413
2664,salt_pepper,medium,0.04566587135195732,0.7751216292381287,22.9281005859375,0.029313120990991592,0.8964350819587708,0.05557502806186676,0.018676789477467537
2665,clean,none,0.004554410465061665,0.9968189597129822,44.538238525390625,0.8244059681892395,0.03159094229340553,0.07425134629011154,0.06975176930427551
2666,blur,high,0.0268947072327137,0.926621675491333,29.25091552734375,0.10401759296655655,0.01355743408203125,0.8584736585617065,0.02395126409828663
2667,occlusion,low,0.032094210386276245,0.850411593914032,24.988719940185547,0.004135679919272661,0.025476397946476936,0.010228343307971954,0.9601595997810364
2668,salt_pepper,high,0.027006877586245537,0.8641011118888855,29.099075317382812,0.04883112758398056,0.8433433175086975,0.07550226151943207,0.03232327848672867
2669,occlusion,medium,0.05141278728842735,0.7771572470664978,21.558265686035156,0.021259836852550507,0.044594764709472656,0.025294525548815727,0.9088508486747742
2670,salt_pepper,high,0.022160079330205917,0.8817369937896729,30.610065460205078,0.05511406809091568,0.8293389678001404,0.08041524142026901,0.035131677985191345
2671,salt_pepper,high,0.03399863839149475,0.7834633588790894,27.046459197998047,0.03863554447889328,0.8734760284423828,0.0638720840215683,0.02401634119451046
2672,occlusion,high,0.05778839439153671,0.6832574605941772,20.284711837768555,0.0017046021530404687,0.014478062279522419,0.0009518267470411956,0.9828655123710632
2673,blur,high,0.03469642996788025,0.7887659072875977,25.16729164123535,0.09592337906360626,0.014403948560357094,0.8646561503410339,0.025016523897647858
2674,salt_pepper,low,0.019448058679699898,0.915854811668396,31.478002548217773,0.05052129924297333,0.8381549119949341,0.07827414572238922,0.03304961696267128
2675,blur,medium,0.04061543941497803,0.7950735092163086,25.426925659179688,0.10434529930353165,0.016161998733878136,0.8518269658088684,0.027665719389915466
2676,clean,none,0.007644632365554571,0.9890223741531372,39.04180908203125,0.6973146796226501,0.03476976603269577,0.20135782659053802,0.06655775010585785
2677,occlusion,low,0.04814522713422775,0.841342568397522,21.07236099243164,0.3453926742076874,0.09816908091306686,0.06805942952632904,0.4883788526058197
2678,clean,none,0.0059579163789749146,0.9955490827560425,41.25825500488281,0.8312482237815857,0.03129727393388748,0.07688126713037491,0.060573238879442215
2679,clean,none,0.003685690462589264,0.9983677268028259,45.41596984863281,0.8822150826454163,0.023807020857930183,0.040942344814538956,0.05303565412759781
2680,clean,none,0.00928216241300106,0.9913966059684753,37.76741027832031,0.72165846824646,0.03245356306433678,0.17258569598197937,0.073302261531353
2681,clean,none,0.0025357548147439957,0.9992222785949707,48.860008239746094,0.9110371470451355,0.021648049354553223,0.022868266329169273,0.04444658383727074
2682,salt_pepper,medium,0.027195196598768234,0.8878452181816101,27.944643020629883,0.04326514154672623,0.8573880791664124,0.07191452383995056,0.027432149276137352
2683,occlusion,medium,0.03896595537662506,0.7630892992019653,24.675262451171875,0.003189651994034648,0.024134818464517593,0.004207011312246323,0.9684685468673706
2684,occlusion,high,0.04897128790616989,0.7087467908859253,20.909090042114258,0.0005124245653860271,0.008144346997141838,0.00031036787549965084,0.9910327792167664
2685,occlusion,low,0.03448569029569626,0.7979492545127869,23.736268997192383,0.2494080811738968,0.08526349067687988,0.024984311312437057,0.6403441429138184
2686,clean,none,0.03445841372013092,0.9472836256027222,27.436946868896484,0.589596688747406,0.03006119281053543,0.32494962215423584,0.055392421782016754
2687,occlusion,high,0.06054180860519409,0.6536082029342651,19.304670333862305,3.7113611597305862e-06,0.001954086357727647,1.0222146556770895e-05,0.9980320334434509
2688,occlusion,high,0.05375385284423828,0.764804482460022,21.263933181762695,0.008313464932143688,0.03521484136581421,0.006848137825727463,0.9496235847473145
2689,occlusion,high,0.07157821953296661,0.6690857410430908,18.575233459472656,2.5301091227447614e-05,0.006460265722125769,7.283285958692431e-05,0.9934415817260742
2690,blur,medium,0.05702647194266319,0.8246714472770691,22.245676040649414,0.09018237888813019,0.012937311083078384,0.8742594122886658,0.02262093313038349
2691,salt_pepper,medium,0.03189985454082489,0.7420591711997986,27.485660552978516,0.05386031046509743,0.8249461054801941,0.08566203713417053,0.035531576722860336
2692,blur,medium,0.020893266424536705,0.9018740653991699,29.031749725341797,0.10250663012266159,0.012630916200578213,0.8628549575805664,0.022007543593645096
2693,occlusion,medium,0.04005499929189682,0.7849099040031433,22.84979248046875,0.0006894313846714795,0.016905169934034348,0.000732290733139962,0.9816731214523315
2694,salt_pepper,high,0.045837145298719406,0.7610615491867065,23.529340744018555,0.03264571353793144,0.8903365731239319,0.0561552532017231,0.020862504839897156
2695,blur,medium,0.02689061313867569,0.8357559442520142,28.091468811035156,0.10360835492610931,0.013754449784755707,0.8583870530128479,0.024250157177448273
2696,occlusion,medium,0.04635585471987724,0.7499189376831055,22.462499618530273,0.00142062793020159,0.02292328141629696,0.0025731483474373817,0.9730829000473022
2697,clean,none,0.005060463212430477,0.9974402189254761,43.01862716674805,0.8517700433731079,0.02325788326561451,0.06924441456794739,0.055727552622556686
2698,occlusion,high,0.04487551376223564,0.6804737448692322,23.632266998291016,0.0003099989553447813,0.006414542905986309,0.00028731883503496647,0.9929881691932678
2699,blur,high,0.03821519762277603,0.7555090188980103,25.613298416137695,0.10105030238628387,0.01734934374690056,0.8511149883270264,0.030485352501273155
2700,blur,medium,0.02963288500905037,0.8798871040344238,27.37278175354004,0.09618999809026718,0.01363078411668539,0.8660326600074768,0.024146562442183495
2701,salt_pepper,medium,0.026036769151687622,0.8645730018615723,29.277589797973633,0.03676433488726616,0.8764386177062988,0.06360358744859695,0.023193463683128357
2702,blur,medium,0.032295312732458115,0.8780545592308044,27.32959747314453,0.09745325148105621,0.01428598165512085,0.8634604215621948,0.02480040304362774
2703,occlusion,high,0.06150921434164047,0.6515214443206787,19.818157196044922,2.0858387870248407e-05,0.003817903809249401,3.485093475319445e-05,0.9961264729499817
2704,blur,low,0.02290719375014305,0.8775863647460938,30.81524085998535,0.11419374495744705,0.013308566063642502,0.8509047031402588,0.021593017503619194
2705,salt_pepper,medium,0.03519147261977196,0.7594196200370789,26.258737564086914,0.04974070191383362,0.8364920020103455,0.08205053955316544,0.03171667084097862
2706,blur,low,0.0327099971473217,0.8744347095489502,26.387632369995117,0.13441066443920135,0.015544622205197811,0.825160026550293,0.024884747341275215
2707,salt_pepper,medium,0.03216759115457535,0.8739606738090515,27.890111923217773,0.03675425797700882,0.8765743374824524,0.06386306881904602,0.0228082537651062
2708,clean,none,0.0027179880999028683,0.9992762804031372,48.47571563720703,0.9171255230903625,0.01752690225839615,0.022970274090766907,0.04237723350524902
2709,salt_pepper,low,0.03411915898323059,0.8733831644058228,26.624980926513672,0.04960111156105995,0.8400694131851196,0.07724229991436005,0.03308720514178276
2710,clean,none,0.004474985413253307,0.9959791898727417,44.57726287841797,0.8335141539573669,0.02690703608095646,0.08425132930278778,0.055327482521533966
2711,clean,none,0.005804418586194515,0.9933153986930847,41.99646759033203,0.829417884349823,0.02805033139884472,0.07953204959630966,0.06299980729818344
2712,clean,none,0.0038310992531478405,0.9967173337936401,45.34928894042969,0.8569496273994446,0.028676655143499374,0.057821959257125854,0.05655181035399437
2713,clean,none,0.016179708763957024,0.9918512105941772,33.412296295166016,0.8546202778816223,0.028751278296113014,0.06349414587020874,0.05313434451818466
2714,blur,high,0.05526532977819443,0.7466354370117188,21.8001651763916,0.09072638303041458,0.01364695280790329,0.8715229630470276,0.024103689938783646
2715,salt_pepper,low,0.05746431648731232,0.7041783332824707,22.17228126525879,0.06829547882080078,0.7948072552680969,0.09119211882352829,0.0457051619887352
2716,salt_pepper,low,0.0321006253361702,0.8615244626998901,27.349300384521484,0.05077151209115982,0.8362405896186829,0.07885142415761948,0.034136466681957245
2717,salt_pepper,medium,0.04884279891848564,0.8187083005905151,23.089845657348633,0.03776144981384277,0.8725525140762329,0.06581956893205643,0.023866498842835426
2718,occlusion,high,0.0797334834933281,0.5407450199127197,19.242326736450195,6.848530028946698e-05,0.006220636889338493,0.00015338993398472667,0.9935575127601624
2719,clean,none,0.0031083382200449705,0.998681902885437,46.6374626159668,0.8784707188606262,0.02128519117832184,0.04351930320262909,0.05672481656074524
2720,blur,high,0.0718262642621994,0.7248870730400085,20.718507766723633,0.09836789965629578,0.016203518956899643,0.8563084006309509,0.029120152816176414
2721,clean,none,0.004831868223845959,0.9967877268791199,42.641136169433594,0.8708701729774475,0.027946781367063522,0.04812394827604294,0.05305909365415573
2722,occlusion,low,0.02821885049343109,0.8390406370162964,26.688547134399414,0.04486001282930374,0.057448986917734146,0.031812917441129684,0.8658779859542847
2723,blur,low,0.04028446599841118,0.8451597690582275,25.13406753540039,0.14105774462223053,0.014372870326042175,0.8222188353538513,0.022350555285811424
2724,salt_pepper,medium,0.029481854289770126,0.7846104502677917,28.07316017150879,0.044268567115068436,0.8522518873214722,0.07493314146995544,0.028546331450343132
2725,salt_pepper,high,0.03186190500855446,0.8290495872497559,26.816957473754883,0.029177410528063774,0.9018377661705017,0.05089966952800751,0.018085215240716934
2726,salt_pepper,high,0.037215977907180786,0.8340365290641785,25.500032424926758,0.02845408208668232,0.902830958366394,0.05149158835411072,0.017223363742232323
2727,clean,none,0.007807885762304068,0.9964134097099304,38.88517379760742,0.8746605515480042,0.04300865903496742,0.025327250361442566,0.05700355023145676
2728,blur,medium,0.029195217415690422,0.8465551137924194,28.090307235717773,0.09489703923463821,0.012786892242729664,0.8692349791526794,0.023081066086888313
2729,clean,none,0.0040201786905527115,0.9975172877311707,45.30409240722656,0.8589333891868591,0.02406970225274563,0.06305861473083496,0.053938232362270355
2730,occlusion,high,0.06830842792987823,0.7269548177719116,20.29770278930664,3.075904896832071e-05,0.0034229110460728407,7.457969331881031e-05,0.9964717626571655
2731,salt_pepper,low,0.030311649665236473,0.8393284678459167,27.802589416503906,0.047616004943847656,0.8434610366821289,0.07605098187923431,0.032871976494789124
2732,clean,none,0.007594785653054714,0.994991660118103,39.098480224609375,0.7680501341819763,0.03000088781118393,0.13450045883655548,0.06744857132434845
2733,blur,medium,0.030791526660323143,0.9325695037841797,27.84593391418457,0.10344124585390091,0.012550163082778454,0.8622471690177917,0.021761463955044746
2734,clean,none,0.005887386854737997,0.9966511726379395,41.771888732910156,0.79816734790802,0.030043406412005424,0.09492941200733185,0.07685982435941696
2735,occlusion,low,0.048950791358947754,0.8688861727714539,18.769075393676758,0.6256101131439209,0.07324296236038208,0.051839109510183334,0.24930784106254578
2736,occlusion,high,0.07420021295547485,0.5816475749015808,19.849327087402344,3.2697778806323186e-05,0.0029833046719431877,4.4519856601255015e-05,0.9969394207000732
2737,clean,none,0.002253746148198843,0.9989122152328491,49.49112319946289,0.9138205051422119,0.021193796768784523,0.01895611360669136,0.046029604971408844
2738,occlusion,medium,0.053213752806186676,0.7338168025016785,21.26896095275879,8.613875252194703e-06,0.0029207002371549606,3.8880971260368824e-05,0.9970316886901855
2739,salt_pepper,low,0.030359013006091118,0.8927325010299683,27.944961547851562,0.0538334958255291,0.8285398483276367,0.08214057981967926,0.03548603132367134
2740,salt_pepper,low,0.08402512967586517,0.6769113540649414,19.51651382446289,0.1880825161933899,0.6389698386192322,0.08966507762670517,0.08328258991241455
2741,blur,medium,0.07480386644601822,0.6873941421508789,19.884246826171875,0.09113099426031113,0.011554214172065258,0.8768800497055054,0.020434709265828133
2742,clean,none,0.008425427600741386,0.9941247701644897,37.93718719482422,0.7995433211326599,0.02851301245391369,0.10939280688762665,0.06255082041025162
2743,blur,high,0.0857657790184021,0.6069749593734741,18.42554473876953,0.09584417194128036,0.013948831707239151,0.8656811714172363,0.024525875225663185
2744,clean,none,0.0026900358498096466,0.9971176385879517,48.12066650390625,0.919306755065918,0.01914873532950878,0.01864907518029213,0.042895518243312836
2745,occlusion,medium,0.05765105411410332,0.7445211410522461,18.9145565032959,0.09254875034093857,0.08328843116760254,0.008721139281988144,0.8154417276382446
2746,salt_pepper,low,0.03701561689376831,0.8659662008285522,26.108291625976562,0.041136760264635086,0.862079381942749,0.06864267587661743,0.028141271322965622
2747,occlusion,low,0.07197520136833191,0.8857487440109253,14.657782554626465,0.38561034202575684,0.10425710678100586,0.07102761417627335,0.4391048848628998
2748,clean,none,0.008419262245297432,0.9914669394493103,38.806880950927734,0.7463757395744324,0.036206673830747604,0.15080159902572632,0.06661592423915863
2749,occlusion,low,0.034366246312856674,0.8970252871513367,26.267513275146484,0.022547852247953415,0.04303347319364548,0.014951336197555065,0.9194672703742981
2750,clean,none,0.003711988916620612,0.998624324798584,44.63923645019531,0.8573079109191895,0.02288980595767498,0.0684293806552887,0.05137280374765396
2751,salt_pepper,high,0.031796108931303024,0.7677814364433289,26.801456451416016,0.05652755871415138,0.8202868700027466,0.08621926605701447,0.0369662381708622
2752,occlusion,medium,0.05056436359882355,0.6992518305778503,22.915916442871094,0.0003591912391129881,0.012027311138808727,0.00044380626059137285,0.987169623374939
2753,blur,medium,0.044835709035396576,0.8119738101959229,23.84926986694336,0.09499481320381165,0.01569080539047718,0.8610559105873108,0.028258444741368294
2754,blur,low,0.03294104337692261,0.8870986700057983,27.14625358581543,0.14280906319618225,0.02126307599246502,0.8001890778541565,0.0357387438416481
2755,blur,medium,0.030483689159154892,0.9199861288070679,26.962085723876953,0.10121170431375504,0.012150265276432037,0.8652961254119873,0.02134191058576107
2756,clean,none,0.00719321658834815,0.9968898296356201,40.207069396972656,0.8774669766426086,0.023624874651432037,0.05286248028278351,0.04604567214846611
2757,occlusion,low,0.03525615483522415,0.8695072531700134,25.593900680541992,0.012206208892166615,0.037010516971349716,0.006523322779685259,0.9442599415779114
2758,blur,low,0.02992492914199829,0.9039099216461182,27.789424896240234,0.12385527044534683,0.015067445114254951,0.8370363712310791,0.02404094487428665
2759,clean,none,0.0032107445877045393,0.9993211627006531,46.25394821166992,0.9290921092033386,0.01711663417518139,0.017131809145212173,0.03665947914123535
2760,clean,none,0.023884762078523636,0.9816330671310425,30.562362670898438,0.7407469153404236,0.028532177209854126,0.17336851358413696,0.05735239014029503
2761,occlusion,high,0.06849214434623718,0.7382781505584717,16.7213191986084,0.15380284190177917,0.06719116866588593,0.02461220882833004,0.7543937563896179
2762,occlusion,medium,0.05522088333964348,0.7082006335258484,21.432567596435547,0.0005145040340721607,0.01529433112591505,0.0006144827930256724,0.9835767149925232
2763,blur,low,0.03416135162115097,0.8743095397949219,26.287261962890625,0.13166362047195435,0.014595003798604012,0.8309826850891113,0.02275867946445942
2764,blur,low,0.0335896760225296,0.8733450770378113,26.47243309020996,0.1391172856092453,0.016665330156683922,0.8174232840538025,0.026794124394655228
2765,clean,none,0.004827974364161491,0.9977325797080994,43.48997497558594,0.861239492893219,0.023483410477638245,0.057436682283878326,0.05784047394990921
2766,salt_pepper,high,0.046418458223342896,0.7763159275054932,24.065200805664062,0.049580156803131104,0.8436822891235352,0.07526581734418869,0.03147178888320923
2767,clean,none,0.005683954805135727,0.9969406127929688,42.39799499511719,0.8780307173728943,0.022448737174272537,0.05284454673528671,0.04667601361870766
2768,occlusion,high,0.08861210197210312,0.46590912342071533,18.55908966064453,3.1650038181396667e-06,0.0023282512556761503,1.707429692032747e-05,0.9976515173912048
2769,salt_pepper,low,0.0397820770740509,0.8339089155197144,24.91330337524414,0.02886327914893627,0.8908571004867554,0.05880815163254738,0.0214715376496315
2770,clean,none,0.007409459911286831,0.9970748424530029,39.447265625,0.8892275094985962,0.030165895819664,0.021618299186229706,0.058988288044929504
2771,blur,medium,0.05050038546323776,0.7711713314056396,22.462200164794922,0.09610490500926971,0.012815633788704872,0.8687061667442322,0.022373313084244728
2772,blur,low,0.026499617844820023,0.892077624797821,28.80800437927246,0.12135089188814163,0.014166800305247307,0.8414936065673828,0.022988706827163696
2773,clean,none,0.004393403884023428,0.9981993436813354,44.254966735839844,0.8693732023239136,0.022112539038062096,0.05442577600479126,0.054088447242975235
2774,clean,none,0.006783645134419203,0.994651198387146,40.19076919555664,0.7717253565788269,0.0339476577937603,0.11959585547447205,0.07473108917474747
2775,salt_pepper,high,0.03068452887237072,0.791048526763916,26.91829490661621,0.040086038410663605,0.8695640563964844,0.06540755927562714,0.02494233101606369
2776,occlusion,low,0.08876495063304901,0.6989278197288513,18.102937698364258,0.13977134227752686,0.0904742106795311,0.02236294373869896,0.7473915219306946
2777,clean,none,0.009456044062972069,0.9678751230239868,37.58361053466797,0.5954710841178894,0.043705906718969345,0.2578909397125244,0.10293206572532654
2778,clean,none,0.008108261972665787,0.99725741147995,37.758541107177734,0.8786008954048157,0.032980430871248245,0.02875862456858158,0.05966012924909592
2779,salt_pepper,low,0.038631096482276917,0.8531725406646729,22.574508666992188,0.044302571564912796,0.8436187505722046,0.08451242744922638,0.02756630815565586
2780,occlusion,low,0.02712899260222912,0.888007640838623,27.609798431396484,0.07305306941270828,0.06735752522945404,0.02877967618405819,0.8308096528053284
2781,blur,medium,0.03776274621486664,0.836786687374115,25.78891944885254,0.09285525232553482,0.014531204476952553,0.8676843047142029,0.02492918074131012
2782,clean,none,0.00823786947876215,0.9939705729484558,39.140865325927734,0.844478964805603,0.03162826970219612,0.059025127440690994,0.06486771255731583
2783,occlusion,low,0.0793629139661789,0.6390910148620605,18.195556640625,0.0103559959679842,0.045931823551654816,0.00619664927944541,0.9375155568122864
2784,occlusion,high,0.08581888675689697,0.44812798500061035,17.81777572631836,0.0003036020789295435,0.01760776713490486,0.00027977561694569886,0.9818089604377747
2785,clean,none,0.00759089644998312,0.9937220811843872,40.13554382324219,0.8235970735549927,0.030461251735687256,0.08502289652824402,0.060918793082237244
2786,clean,none,0.00565244909375906,0.9951364398002625,41.866703033447266,0.8312739133834839,0.03158767893910408,0.07149638235569,0.06564202159643173
2787,salt_pepper,high,0.05461198091506958,0.753646969795227,22.53473663330078,0.04132083058357239,0.8666849136352539,0.06634312123060226,0.02565114013850689
2788,salt_pepper,low,0.05359606072306633,0.7922302484512329,22.2407169342041,0.06960992515087128,0.7964698672294617,0.08889658004045486,0.04502355679869652
2789,salt_pepper,low,0.04215313121676445,0.7881547808647156,23.583641052246094,0.06350678950548172,0.8048747181892395,0.08732780069112778,0.04429072514176369
2790,occlusion,low,0.035481102764606476,0.8166661262512207,25.830297470092773,0.03004186972975731,0.05576621741056442,0.026344632729887962,0.8878473043441772
2791,salt_pepper,low,0.039787255227565765,0.8152753114700317,24.508991241455078,0.032326050102710724,0.882831335067749,0.062088873237371445,0.02275368571281433
2792,salt_pepper,low,0.040342122316360474,0.8160998225212097,24.719581604003906,0.055688951164484024,0.8234430551528931,0.0846099704504013,0.03625806048512459
2793,blur,low,0.03691038116812706,0.7925770282745361,24.841096878051758,0.27688026428222656,0.020871376618742943,0.668666660785675,0.03358163684606552
2794,salt_pepper,high,0.03721325844526291,0.8013561964035034,24.722681045532227,0.035042766481637955,0.8844547271728516,0.05863981321454048,0.021862778812646866
2795,blur,high,0.075972780585289,0.6301723718643188,19.776023864746094,0.0907411053776741,0.012590779922902584,0.8743056058883667,0.022362563759088516
2796,occlusion,medium,0.06154286116361618,0.6396961212158203,20.896923065185547,0.0003493723052088171,0.015652772039175034,0.0003262364480178803,0.9836716055870056
2797,blur,medium,0.05362488329410553,0.799297034740448,22.0212459564209,0.08927661925554276,0.011926106177270412,0.8777170777320862,0.021080130711197853
2798,clean,none,0.0039595551788806915,0.9976835250854492,44.25475311279297,0.8918373584747314,0.023022089153528214,0.03612685203552246,0.04901370033621788
2799,clean,none,0.01034078374505043,0.9883965253829956,37.59157180786133,0.7753136157989502,0.032262515276670456,0.12298381328582764,0.06944002956151962
2800,occlusion,high,0.06650400906801224,0.6460204124450684,17.46097183227539,1.1887295841006562e-06,0.002289423020556569,8.605356924817897e-06,0.9977008700370789
2801,occlusion,high,0.07932954281568527,0.6327010989189148,16.81995391845703,1.2008043995592743e-05,0.0033358463551849127,3.549701068550348e-05,0.9966166615486145
2802,salt_pepper,low,0.06239344924688339,0.7156047821044922,21.78622817993164,0.05334341153502464,0.8241410851478577,0.08558496832847595,0.03693056106567383
2803,clean,none,0.0065536536276340485,0.9941854476928711,40.21656036376953,0.8398423790931702,0.030630694702267647,0.06965173035860062,0.059875212609767914
2804,clean,none,0.036482278257608414,0.9474186301231384,26.957305908203125,0.5997824668884277,0.03596632927656174,0.29844415187835693,0.06580708175897598
2805,occlusion,low,0.048634715378284454,0.6842551231384277,21.725379943847656,0.007146485149860382,0.03454722836613655,0.009339303709566593,0.9489669799804688
2806,occlusion,low,0.033572275191545486,0.8301529884338379,25.391422271728516,0.04572790116071701,0.059085797518491745,0.015573927201330662,0.879612386226654
2807,occlusion,medium,0.022602401673793793,0.9102247953414917,28.746746063232422,4.146543506067246e-05,0.005729987286031246,0.00013703829608857632,0.9940915703773499
2808,clean,none,0.006623523309826851,0.9972643852233887,40.75723648071289,0.9002055525779724,0.02570417709648609,0.022060897201299667,0.052029334008693695
2809,clean,none,0.014403538778424263,0.9844976663589478,33.986392974853516,0.5702851414680481,0.029819848015904427,0.34139350056648254,0.05850154533982277
2810,clean,none,0.008018003776669502,0.9956645965576172,39.53007507324219,0.8592425584793091,0.02636493183672428,0.05830439180135727,0.056088078767061234
2811,salt_pepper,high,0.05336382985115051,0.6957141757011414,23.247276306152344,0.053373295813798904,0.8282033205032349,0.08248329907655716,0.035940151661634445
2812,occlusion,high,0.06437844038009644,0.5131420493125916,20.795108795166016,4.87189799969201e-06,0.0018211908172816038,1.4803577869315632e-05,0.9981592297554016
2813,clean,none,0.011272008530795574,0.9902762174606323,36.25640106201172,0.7953799366950989,0.03369198739528656,0.10307901352643967,0.06784908473491669
2814,blur,low,0.039783477783203125,0.812140703201294,24.64209747314453,0.11813865602016449,0.017028329893946648,0.8396126627922058,0.025220336392521858
2815,occlusion,high,0.12025927007198334,0.6135558485984802,14.737884521484375,1.614724169485271e-05,0.0031172020826488733,4.245189484208822e-05,0.9968242645263672
2816,blur,high,0.0448700413107872,0.8607484102249146,24.05612564086914,0.09424281865358353,0.012051030062139034,0.8722547292709351,0.02145143784582615
2817,clean,none,0.00717316335067153,0.9922339916229248,39.76757049560547,0.7560873031616211,0.03298517316579819,0.14452704787254333,0.0664004534482956
2818,clean,none,0.016141492873430252,0.9813672304153442,32.57611083984375,0.6802462935447693,0.03906431794166565,0.20965084433555603,0.07103855162858963
2819,salt_pepper,high,0.03958355635404587,0.744604766368866,25.112865447998047,0.04101265221834183,0.8668711185455322,0.06663570553064346,0.025480544194579124
2820,salt_pepper,high,0.05451417714357376,0.637129008769989,22.610366821289062,0.04828436300158501,0.8447371125221252,0.07731514424085617,0.02966335602104664
2821,salt_pepper,low,0.046430185437202454,0.8061794638633728,23.482772827148438,0.026832755655050278,0.8981318473815918,0.0542762391269207,0.020759152248501778
2822,clean,none,0.008563470095396042,0.9965723752975464,39.01643753051758,0.8820043206214905,0.025320962071418762,0.0418095700442791,0.05086522921919823
2823,clean,none,0.014461088925600052,0.9884735941886902,34.5978889465332,0.7470721006393433,0.03245748579502106,0.14497783780097961,0.07549252361059189
2824,occlusion,medium,0.07535918056964874,0.6924196481704712,17.5465145111084,0.009593166410923004,0.04280947521328926,0.021006403490900993,0.9265909790992737
2825,blur,high,0.040544524788856506,0.8216851949691772,24.055940628051758,0.09892699867486954,0.012815810739994049,0.8655958771705627,0.022661352530121803
2826,occlusion,low,0.04380610212683678,0.8770985007286072,20.253158569335938,0.47147423028945923,0.08426164835691452,0.10516947507858276,0.3390946388244629
2827,occlusion,high,0.05988280102610588,0.6755026578903198,19.480337142944336,0.00016110230353660882,0.010073015466332436,0.00044114195043221116,0.9893247485160828
2828,blur,low,0.054637566208839417,0.7806465029716492,22.29425621032715,0.13619759678840637,0.01423428114503622,0.8281984329223633,0.021369755268096924
2829,salt_pepper,high,0.04158952459692955,0.8324243426322937,24.157920837402344,0.035041265189647675,0.8850536942481995,0.0581817589700222,0.021723298355937004
2830,clean,none,0.011693229898810387,0.9896377921104431,34.5599250793457,0.7065906524658203,0.03282175958156586,0.19158418476581573,0.06900341808795929
2831,blur,medium,0.04813016578555107,0.769138514995575,22.982723236083984,0.09582410007715225,0.01381546538323164,0.8664085268974304,0.023952005431056023
2832,salt_pepper,medium,0.04626107215881348,0.7996308207511902,23.202180862426758,0.03921164199709892,0.8683823347091675,0.06662367284297943,0.025782426819205284
2833,clean,none,0.01812012493610382,0.9853487014770508,32.51318359375,0.8012394905090332,0.03539702296257019,0.10296958684921265,0.06039389595389366
2834,clean,none,0.007281807716935873,0.9954323172569275,40.06093978881836,0.7744306921958923,0.030071182176470757,0.1258476972579956,0.06965042650699615
2835,blur,medium,0.03539397940039635,0.7482999563217163,25.706592559814453,0.10501956939697266,0.013255775906145573,0.8590964078903198,0.02262824773788452
2836,clean,none,0.007431976497173309,0.9935692548751831,39.18804931640625,0.8131238222122192,0.028097916394472122,0.09920230507850647,0.05957595631480217
2837,clean,none,0.005330537911504507,0.996920108795166,43.0521354675293,0.864316999912262,0.028536032885313034,0.05121435970067978,0.055932559072971344
2838,salt_pepper,medium,0.031770769506692886,0.7833062410354614,26.56287384033203,0.04606865346431732,0.8491644859313965,0.07549561560153961,0.029271278530359268
2839,blur,low,0.03629720211029053,0.8658038973808289,25.98468780517578,0.13926087319850922,0.014228897169232368,0.8248679637908936,0.0216422937810421
2840,clean,none,0.014404002577066422,0.9850486516952515,34.53990936279297,0.7104538679122925,0.0369977168738842,0.18035399913787842,0.07219445705413818
2841,clean,none,0.007691698148846626,0.993964672088623,39.64496994018555,0.8021255135536194,0.024581337347626686,0.12054372578859329,0.05274943262338638
2842,salt_pepper,medium,0.06831833720207214,0.6386611461639404,20.688016891479492,0.05158882960677147,0.8317397236824036,0.08307439833879471,0.03359705209732056
2843,clean,none,0.01273103803396225,0.9921071529388428,35.13243103027344,0.800529956817627,0.0295470729470253,0.11264380067586899,0.057279158383607864
2844,blur,high,0.04087086766958237,0.7033302187919617,24.375993728637695,0.10126381367444992,0.013194337487220764,0.8625724911689758,0.022969411686062813
2845,salt_pepper,medium,0.03368237242102623,0.7852937579154968,26.207073211669922,0.036478109657764435,0.8755255341529846,0.0637664645910263,0.024229831993579865
2846,salt_pepper,medium,0.04992087185382843,0.7333770990371704,23.39860725402832,0.037273842841386795,0.8752461075782776,0.06249219551682472,0.024987932294607162
2847,salt_pepper,low,0.03267756104469299,0.8576952815055847,27.37798500061035,0.040234487503767014,0.8616676926612854,0.07028314471244812,0.0278147105127573
2848,blur,high,0.0491032600402832,0.7479371428489685,23.343120574951172,0.09629832953214645,0.015781348571181297,0.8598846197128296,0.028035631403326988
2849,occlusion,high,0.10916735231876373,0.5251865386962891,16.458433151245117,7.05383990862174e-06,0.003434911137446761,3.569497857824899e-05,0.9965223073959351
2850,salt_pepper,high,0.0396597795188427,0.8295513391494751,25.431625366210938,0.04668668285012245,0.8482022285461426,0.0750851184129715,0.030025947839021683
2851,salt_pepper,medium,0.047245513647794724,0.7985055446624756,23.340736389160156,0.039018888026475906,0.8674701452255249,0.0688219964504242,0.024688951671123505
2852,occlusion,medium,0.04781797155737877,0.7037741541862488,22.486665725708008,0.00044325084309093654,0.011880925856530666,0.0013940399512648582,0.98628169298172
2853,blur,low,0.07417329400777817,0.7028724551200867,20.607696533203125,0.11299119889736176,0.013780663721263409,0.852289617061615,0.0209384523332119
2854,clean,none,0.010363472625613213,0.996175229549408,37.68635940551758,0.8948055505752563,0.02415810339152813,0.03442619368433952,0.04661018028855324
2855,occlusion,low,0.06188017129898071,0.7948314547538757,20.59617805480957,0.02007013000547886,0.04586758092045784,0.015132118947803974,0.9189301133155823
2856,clean,none,0.0054594664834439754,0.9960309267044067,42.268310546875,0.8472277522087097,0.027991529554128647,0.0644010454416275,0.06037969887256622
2857,occlusion,low,0.05040694400668144,0.725989043712616,21.983068466186523,0.004186500329524279,0.02790174074470997,0.0027020853012800217,0.9652097225189209
2858,blur,high,0.05726764723658562,0.5344241857528687,22.455656051635742,0.10065075010061264,0.013856224715709686,0.8611422777175903,0.024350734427571297
2859,occlusion,medium,0.050682663917541504,0.6111278533935547,22.861854553222656,0.00014114583609625697,0.010628247633576393,0.00031525007216259837,0.9889153838157654
2860,blur,high,0.0587923638522625,0.7324553728103638,21.70749855041504,0.09618064016103745,0.015448720194399357,0.8611950278282166,0.02717556804418564
2861,salt_pepper,low,0.026611125096678734,0.8867751955986023,28.382030487060547,0.03602736070752144,0.8717948794364929,0.06672497093677521,0.02545284293591976
2862,salt_pepper,high,0.05376007780432701,0.7471009492874146,22.678157806396484,0.04737081378698349,0.8482007384300232,0.07503139227628708,0.029397031292319298
2863,clean,none,0.004828859120607376,0.9966505765914917,43.807289123535156,0.8615903258323669,0.0285518616437912,0.05123887583613396,0.05861901491880417
2864,clean,none,0.005178587976843119,0.998450756072998,42.85477066040039,0.8931317925453186,0.02088802680373192,0.043064553290605545,0.042915668338537216
2865,occlusion,medium,0.04846181720495224,0.6881113052368164,22.07076072692871,0.0014354867162182927,0.02124836854636669,0.0023215357214212418,0.9749945998191833
2866,salt_pepper,medium,0.053377799689769745,0.7541886568069458,23.07952117919922,0.03316601365804672,0.8848801255226135,0.059888750314712524,0.02206515707075596
2867,salt_pepper,low,0.043610330671072006,0.7616455554962158,24.64617156982422,0.052283402532339096,0.8316963911056519,0.07927866280078888,0.0367414765059948
2868,blur,high,0.04363522678613663,0.7478234767913818,24.462543487548828,0.09414491802453995,0.013139772228896618,0.8684566020965576,0.024258749559521675
2869,occlusion,low,0.047470927238464355,0.8335145711898804,20.930870056152344,0.4154571294784546,0.07781942188739777,0.07332292944192886,0.43340054154396057
2870,blur,medium,0.03518490865826607,0.8923461437225342,26.031198501586914,0.10170860588550568,0.014201727695763111,0.8603426814079285,0.02374698966741562
2871,clean,none,0.012522476725280285,0.9919980764389038,35.02670669555664,0.803764283657074,0.03351108729839325,0.09564179182052612,0.06708289682865143
2872,occlusion,medium,0.04419991374015808,0.7578443884849548,21.30181312561035,0.005050093866884708,0.03202008083462715,0.005756796337664127,0.9571730494499207
2873,blur,high,0.06945662200450897,0.6910580396652222,20.326969146728516,0.09350216388702393,0.012645725160837173,0.8711411356925964,0.02271099016070366
2874,clean,none,0.016868237406015396,0.986458957195282,33.08070373535156,0.7861281633377075,0.0346837155520916,0.11658020317554474,0.06260788440704346
2875,clean,none,0.013506135903298855,0.9839822053909302,34.678123474121094,0.6385869383811951,0.04331265389919281,0.24372465908527374,0.07437574863433838
2876,clean,none,0.008964459411799908,0.9938216209411621,37.9154167175293,0.7968467473983765,0.03586600720882416,0.09582483768463135,0.07146245241165161
2877,blur,low,0.02655470371246338,0.8937961459159851,27.98661231994629,0.12875422835350037,0.013545336201786995,0.8363316655158997,0.02136877179145813
2878,blur,high,0.03709106147289276,0.8806090354919434,24.987051010131836,0.10298565775156021,0.014241336844861507,0.8584170937538147,0.024355890229344368
2879,salt_pepper,medium,0.07149748504161835,0.7185763120651245,20.23908233642578,0.03917830437421799,0.8692193031311035,0.0661044716835022,0.02549787610769272
2880,occlusion,low,0.04770701751112938,0.8084565997123718,22.082883834838867,0.10832434147596359,0.10384894907474518,0.04593059793114662,0.7418961524963379
2881,blur,high,0.05703417584300041,0.6562992930412292,22.491744995117188,0.0926799476146698,0.014406157657504082,0.8669431805610657,0.02597077377140522
2882,clean,none,0.00743176368996501,0.9954042434692383,40.37705993652344,0.8669675588607788,0.029131073504686356,0.046229470521211624,0.05767195299267769
2883,clean,none,0.006636543199419975,0.9934186339378357,40.34818649291992,0.8230123519897461,0.02934517152607441,0.07934621721506119,0.06829613447189331
2884,clean,none,0.007370410021394491,0.9942318797111511,38.33611297607422,0.7758386731147766,0.031754232943058014,0.12697188556194305,0.06543529778718948
2885,clean,none,0.005997815635055304,0.9967638850212097,41.80354690551758,0.8926742672920227,0.029228605329990387,0.029022639617323875,0.04907442629337311
2886,blur,high,0.046842314302921295,0.7439919710159302,23.531034469604492,0.09514028578996658,0.016921671107411385,0.8581039309501648,0.029834188520908356
2887,blur,low,0.03824383765459061,0.8438553810119629,25.308269500732422,0.11811652034521103,0.013712003827095032,0.8450831174850464,0.02308840863406658
2888,blur,low,0.03637604042887688,0.8952702879905701,25.430221557617188,0.13730821013450623,0.019429534673690796,0.8130974769592285,0.030164770781993866
2889,occlusion,low,0.049367643892765045,0.8103221654891968,23.0823974609375,0.008169959299266338,0.03571243956685066,0.01590857096016407,0.9402090311050415
2890,blur,medium,0.02008894458413124,0.9071816802024841,31.064672470092773,0.09799208492040634,0.01446729525923729,0.8621829152107239,0.02535763382911682
2891,blur,medium,0.04438299685716629,0.7181696891784668,24.349788665771484,0.09479818493127823,0.01605808362364769,0.861554741859436,0.027588969096541405
2892,salt_pepper,low,0.03116157278418541,0.9217669367790222,27.187740325927734,0.040350526571273804,0.8619027137756348,0.07020604610443115,0.0275406576693058
2893,clean,none,0.006838874891400337,0.9945194721221924,39.73603820800781,0.7582064270973206,0.03407207503914833,0.13865947723388672,0.0690620169043541
2894,salt_pepper,low,0.021161910146474838,0.9261002540588379,31.584909439086914,0.03617129102349281,0.8681131601333618,0.06976308673620224,0.025952452793717384
2895,occlusion,low,0.035672660917043686,0.8904843330383301,21.49355125427246,0.061546072363853455,0.07698286324739456,0.07026487588882446,0.7912061214447021
2896,salt_pepper,low,0.0314486064016819,0.8749170303344727,27.11564064025879,0.02776177227497101,0.8924033045768738,0.05802945792675018,0.02180553413927555
2897,salt_pepper,medium,0.033352144062519073,0.8655714988708496,26.59439468383789,0.02906087413430214,0.8989350199699402,0.05416106432676315,0.017843041568994522
2898,occlusion,low,0.04386463016271591,0.7592927813529968,23.36563491821289,0.009977536275982857,0.039136458188295364,0.008640480227768421,0.942245602607727
2899,clean,none,0.013392015360295773,0.9830791354179382,35.628517150878906,0.4935111105442047,0.02837749570608139,0.42539212107658386,0.052719250321388245
2900,clean,none,0.010155729949474335,0.9925068616867065,36.879966735839844,0.7834544777870178,0.038267266005277634,0.09943144768476486,0.07884678244590759
2901,blur,medium,0.02790560945868492,0.8837084770202637,28.157032012939453,0.1002008318901062,0.013629401102662086,0.862860381603241,0.023309431970119476
2902,blur,high,0.027185481041669846,0.9054071307182312,28.237707138061523,0.09811791777610779,0.015192038379609585,0.860736072063446,0.02595393918454647
2903,occlusion,low,0.037697888910770416,0.8686983585357666,23.422252655029297,0.005212964955717325,0.025801314041018486,0.003077072324231267,0.9659087061882019
2904,occlusion,high,0.05212284252047539,0.7093621492385864,20.772897720336914,6.534821295645088e-06,0.004475119523704052,4.721189907286316e-05,0.9954711198806763
2905,clean,none,0.009554050862789154,0.9913930892944336,37.928916931152344,0.6875215172767639,0.037493228912353516,0.20281179249286652,0.07217349857091904
2906,blur,medium,0.041689883917570114,0.8334867358207703,24.87632942199707,0.10097125172615051,0.01246561948210001,0.8646581172943115,0.021904995664954185
2907,clean,none,0.006291805766522884,0.9923039674758911,40.97110366821289,0.7277845740318298,0.03136448562145233,0.17955736815929413,0.0612935833632946
2908,blur,low,0.027159443125128746,0.8707625269889832,28.83441925048828,0.1434679478406906,0.01979769393801689,0.8049557209014893,0.03177855536341667
2909,blur,low,0.019332684576511383,0.9278437495231628,31.55452537536621,0.1070292741060257,0.015723777934908867,0.8517052531242371,0.02554166316986084
2910,clean,none,0.004692495334893465,0.9978720545768738,43.992889404296875,0.8631411194801331,0.02561035379767418,0.051130276173353195,0.06011822447180748
2911,occlusion,medium,0.04023457318544388,0.8097840547561646,23.47200584411621,8.799787610769272e-05,0.011004348285496235,0.00029603001894429326,0.9886115193367004
2912,salt_pepper,low,0.029111191630363464,0.9015158414840698,27.604894638061523,0.03350188583135605,0.8776648044586182,0.06525202840566635,0.023581337183713913
2913,salt_pepper,high,0.03784993290901184,0.839911699295044,24.691495895385742,0.031444236636161804,0.8933674693107605,0.055991798639297485,0.019196517765522003
2914,salt_pepper,high,0.030407626181840897,0.8653151988983154,27.463287353515625,0.030020933598279953,0.8987040519714355,0.052830345928668976,0.01844467595219612
2915,occlusion,high,0.10045012831687927,0.7293928861618042,14.226984024047852,0.00013957703777123243,0.009050209075212479,0.00037895081914030015,0.9904312491416931
2916,salt_pepper,medium,0.022298570722341537,0.9332079887390137,29.7706241607666,0.035654205828905106,0.8803465366363525,0.06117410585284233,0.022825196385383606
2917,occlusion,high,0.0875130295753479,0.5782279968261719,16.740751266479492,0.0014386165421456099,0.01809265837073326,0.0017279392341151834,0.9787407517433167
2918,salt_pepper,medium,0.033736225217580795,0.8874937295913696,25.68039894104004,0.0257511455565691,0.9085657000541687,0.04918268322944641,0.016500558704137802
2919,blur,high,0.03705913946032524,0.7103067636489868,25.24408721923828,0.0991099551320076,0.015487641096115112,0.8574014902114868,0.02800089307129383
2920,blur,low,0.05420732498168945,0.6864525079727173,22.91425323486328,0.2500188946723938,0.024898815900087357,0.6882196068763733,0.03686273470520973
2921,clean,none,0.0039527234621346,0.9976639747619629,45.266082763671875,0.8734357357025146,0.030336560681462288,0.041546180844306946,0.05468146502971649
2922,blur,low,0.024196919053792953,0.9292251467704773,30.008726119995117,0.10974662005901337,0.016187414526939392,0.8484535813331604,0.02561240643262863
2923,salt_pepper,low,0.024508964270353317,0.9151028394699097,29.60232162475586,0.04259375110268593,0.8551291227340698,0.07377553731203079,0.02850165218114853
2924,clean,none,0.005202820524573326,0.9946813583374023,42.86220932006836,0.8110677003860474,0.035099759697914124,0.08547671139240265,0.06835576146841049
2925,clean,none,0.00759241683408618,0.9921804666519165,39.741912841796875,0.7327573299407959,0.03756063058972359,0.1570214182138443,0.07266058027744293
2926,clean,none,0.0047750393860042095,0.9973494410514832,43.7333984375,0.8810102939605713,0.0306390430778265,0.025437649339437485,0.0629129633307457
2927,blur,low,0.033055223524570465,0.826125979423523,26.91250991821289,0.1329655945301056,0.019049284979701042,0.8175262808799744,0.030458828434348106
2928,salt_pepper,low,0.02133665606379509,0.9100152254104614,30.09921646118164,0.043842729181051254,0.8550235033035278,0.07188147306442261,0.029252376407384872
2929,salt_pepper,high,0.032116957008838654,0.837121844291687,26.901233673095703,0.027902821078896523,0.9063794612884521,0.048969049006700516,0.01674867421388626
2930,blur,low,0.02498442493379116,0.9053782820701599,29.059226989746094,0.12873131036758423,0.017115198075771332,0.8270633816719055,0.027090059593319893
2931,salt_pepper,medium,0.04305620491504669,0.8140885233879089,25.124923706054688,0.0376119464635849,0.8711801767349243,0.0673278346657753,0.023880047723650932
2932,blur,medium,0.031033959239721298,0.8752833604812622,26.897106170654297,0.09649644792079926,0.015639586374163628,0.8610723614692688,0.026791643351316452
2933,salt_pepper,low,0.04917161911725998,0.7549262046813965,23.167030334472656,0.07562439143657684,0.7754261493682861,0.10080485045909882,0.04814470559358597
2934,salt_pepper,low,0.049930404871702194,0.7359451055526733,23.158523559570312,0.06523701548576355,0.806117594242096,0.08389125764369965,0.044754188507795334
2935,salt_pepper,medium,0.03827882930636406,0.7129294872283936,25.793731689453125,0.03194631263613701,0.8916391730308533,0.05689649656414986,0.019518008455634117
2936,occlusion,low,0.03420642018318176,0.7908182144165039,24.596698760986328,0.14127002656459808,0.07616975158452988,0.03359280899167061,0.7489674091339111
2937,salt_pepper,medium,0.03409949690103531,0.855724573135376,25.932682037353516,0.042332589626312256,0.86013263463974,0.07090478390455246,0.026629991829395294
2938,salt_pepper,high,0.03254956007003784,0.85547935962677,27.240928649902344,0.03648114576935768,0.8796740770339966,0.062336795032024384,0.021508025005459785
2939,occlusion,medium,0.05654853582382202,0.7313640117645264,21.677324295043945,8.099876868072897e-05,0.006357147358357906,0.00017346256936434656,0.993388295173645
2940,occlusion,high,0.0651005357503891,0.6854064464569092,18.5383243560791,1.4158105841488577e-05,0.00340309739112854,4.1576335206627846e-05,0.9965412020683289
2941,clean,none,0.006558428984135389,0.9955073595046997,40.525367736816406,0.7918135523796082,0.03309085965156555,0.10659147053956985,0.06850418448448181
2942,clean,none,0.008794727735221386,0.9907642602920532,37.88945388793945,0.7516986131668091,0.03187451511621475,0.15466643869876862,0.06176040321588516
2943,blur,medium,0.08404842019081116,0.5679185390472412,18.782001495361328,0.08989895135164261,0.012450220063328743,0.8767295479774475,0.020921282470226288
2944,occlusion,high,0.07467788457870483,0.5469952821731567,18.33142852783203,0.001018954673781991,0.015881991013884544,0.0004439411568455398,0.9826551675796509
2945,salt_pepper,high,0.025908906012773514,0.8287813663482666,29.41407012939453,0.029255863279104233,0.9038772583007812,0.04949302226305008,0.017373891547322273
2946,occlusion,high,0.06309022009372711,0.5497824549674988,20.60610580444336,0.0034003430046141148,0.020885007455945015,0.0015936805866658688,0.9741209149360657
2947,occlusion,medium,0.045019179582595825,0.7655909061431885,21.926631927490234,4.291406003176235e-05,0.0045362175442278385,0.00016309207421727479,0.9952577948570251
2948,blur,medium,0.028033655136823654,0.8060873746871948,27.433794021606445,0.10102761536836624,0.015636194497346878,0.8565212488174438,0.026815038174390793
2949,blur,medium,0.06946634501218796,0.7039141654968262,20.861778259277344,0.09341113269329071,0.0119895339012146,0.8739737272262573,0.02062559314072132
2950,occlusion,high,0.09789346158504486,0.6522614359855652,14.54443359375,3.5474522519507445e-06,0.0024899158161133528,1.976765452127438e-05,0.9974867105484009
2951,clean,none,0.006476793438196182,0.9940726161003113,41.03559875488281,0.8315801620483398,0.03165172040462494,0.06846971809864044,0.06829841434955597
2952,occlusion,low,0.0269380584359169,0.8671536445617676,25.498432159423828,0.49827879667282104,0.08315498381853104,0.07062550634145737,0.34794074296951294
2953,salt_pepper,high,0.034308694303035736,0.8538966178894043,26.8716983795166,0.03862305358052254,0.8741512298583984,0.06344649940729141,0.023779183626174927
2954,salt_pepper,medium,0.026669185608625412,0.83344566822052,28.68441390991211,0.02289808914065361,0.9177618622779846,0.0444842167198658,0.014855814166367054
2955,blur,low,0.04145093262195587,0.8551082611083984,24.923246383666992,0.11476118862628937,0.016821082681417465,0.8412280082702637,0.027189752086997032
2956,clean,none,0.006504019256681204,0.9938492178916931,40.99311065673828,0.7689222693443298,0.033267293125391006,0.13286760449409485,0.06494281440973282
2957,occlusion,low,0.07640354335308075,0.6257013082504272,20.161760330200195,0.005494958255439997,0.036815498024225235,0.013762532733380795,0.9439269304275513
2958,clean,none,0.010248886421322823,0.9882075786590576,37.11150360107422,0.6979809999465942,0.030981270596385002,0.20651203393936157,0.06452566385269165
2959,salt_pepper,low,0.023217473179101944,0.9239699244499207,29.5320987701416,0.042895227670669556,0.8529726266860962,0.07588551193475723,0.028246652334928513
2960,salt_pepper,high,0.06986109912395477,0.6953252553939819,20.375370025634766,0.03930825740098953,0.872769296169281,0.0635560154914856,0.024366451427340508
2961,blur,low,0.02515062317252159,0.9531745910644531,30.835735321044922,0.12167810648679733,0.013564420863986015,0.8425200581550598,0.022237490862607956
2962,blur,low,0.027583718299865723,0.8719881772994995,28.189802169799805,0.12623395025730133,0.013782544992864132,0.8373052477836609,0.022678246721625328
2963,salt_pepper,medium,0.02536347508430481,0.9006582498550415,29.233165740966797,0.03249594569206238,0.886669397354126,0.06043905019760132,0.02039562165737152
2964,clean,none,0.008477184921503067,0.9920030832290649,38.78639602661133,0.8017316460609436,0.033245813101530075,0.09403999149799347,0.07098255306482315
2965,occlusion,high,0.07782541960477829,0.6630377769470215,17.4486141204834,2.437607463434688e-06,0.0020434241741895676,1.3593938092526514e-05,0.9979404807090759
2966,clean,none,0.004189834464341402,0.9973019361495972,44.081878662109375,0.8447179198265076,0.03710564225912094,0.04384275898337364,0.07433365285396576
2967,clean,none,0.004889724310487509,0.9964949488639832,43.14905548095703,0.8764169216156006,0.0298071950674057,0.034584902226924896,0.05919094383716583
2968,salt_pepper,medium,0.027310390025377274,0.8883395195007324,27.575462341308594,0.03821282833814621,0.8709709644317627,0.0666663646697998,0.024149803444743156
2969,occlusion,medium,0.03619349002838135,0.8582234382629395,24.554115295410156,4.1758405131986365e-05,0.008543859235942364,0.00017375937022734433,0.9912406802177429
2970,occlusion,high,0.05287116765975952,0.693672776222229,19.853925704956055,4.687214095611125e-05,0.0047562215477228165,0.0001446325477445498,0.9950523972511292
2971,clean,none,0.01535903662443161,0.9567946195602417,33.915382385253906,0.6193541288375854,0.03122585453093052,0.29439857602119446,0.05502144619822502
2972,blur,high,0.03865525871515274,0.668186366558075,25.75318145751953,0.1038978323340416,0.012849309481680393,0.8607971668243408,0.022455675527453423
2973,salt_pepper,high,0.023451080545783043,0.843513011932373,29.634084701538086,0.03888274356722832,0.875629723072052,0.06175386160612106,0.023733729496598244
2974,clean,none,0.009272086434066296,0.9927804470062256,38.437198638916016,0.7775125503540039,0.039790019392967224,0.10217787325382233,0.08051960915327072
2975,clean,none,0.004329191520810127,0.9969850778579712,44.101444244384766,0.8591197729110718,0.02921154722571373,0.05335240066051483,0.058316268026828766
2976,salt_pepper,high,0.02581484243273735,0.8376871347427368,28.668224334716797,0.027294175699353218,0.9082289934158325,0.048009924590587616,0.016466854140162468
2977,occlusion,high,0.066522978246212,0.7180016040802002,18.560791015625,4.915908903058153e-06,0.0021447045728564262,3.190371717209928e-05,0.9978184700012207
2978,salt_pepper,medium,0.04134940356016159,0.6720859408378601,25.283700942993164,0.04551985487341881,0.8509292602539062,0.07407218217849731,0.02947871945798397
2979,clean,none,0.01134542003273964,0.9695433378219604,36.17424392700195,0.374491810798645,0.03497055172920227,0.5320172309875488,0.05852041020989418
2980,blur,low,0.02292080596089363,0.9098496437072754,29.737546920776367,0.11412440985441208,0.01856491155922413,0.8358904719352722,0.03142017498612404
2981,clean,none,0.006358630023896694,0.9924226999282837,42.0072021484375,0.7765557765960693,0.03170428425073624,0.12123457342386246,0.07050536572933197
2982,blur,high,0.029114356264472008,0.8466245532035828,26.95561981201172,0.09462575614452362,0.014194736257195473,0.8659419417381287,0.02523752860724926
2983,occlusion,medium,0.05112644284963608,0.7297534346580505,19.589336395263672,0.0005717701860703528,0.018211649730801582,0.00035286330967210233,0.9808636903762817
2984,occlusion,high,0.08422061800956726,0.3948023021221161,18.92980194091797,0.0005960963317193091,0.016832217574119568,0.0003689090663101524,0.9822027683258057
2985,salt_pepper,low,0.04235541447997093,0.8044752478599548,24.18144989013672,0.10208239406347275,0.7376060485839844,0.10229600965976715,0.058015573769807816
2986,blur,low,0.03664063662290573,0.8147670030593872,25.911272048950195,0.14316487312316895,0.014172290451824665,0.8210960626602173,0.02156677283346653
2987,occlusion,low,0.0335095077753067,0.8299146890640259,26.4208984375,0.007120417430996895,0.025170957669615746,0.006508470978587866,0.9612001180648804
2988,salt_pepper,high,0.039411693811416626,0.840072512626648,25.28262710571289,0.03318757936358452,0.8882693648338318,0.05829047039151192,0.020252617076039314
2989,occlusion,high,0.060577135533094406,0.6759250164031982,20.242141723632812,0.0001795540883904323,0.008366342633962631,0.00031774118542671204,0.9911363124847412
2990,occlusion,high,0.10600313544273376,0.5531240701675415,14.114702224731445,4.237660050421255e-06,0.002414918504655361,9.900260920403525e-06,0.9975709319114685
2991,blur,low,0.07397297024726868,0.693993091583252,20.311992645263672,0.08839504420757294,0.01117799710482359,0.8820306658744812,0.018396267667412758
2992,occlusion,high,0.06928830593824387,0.5316847562789917,20.653026580810547,0.0006507354555651546,0.011200575157999992,0.00040334355435334146,0.9877453446388245
2993,salt_pepper,high,0.026874354109168053,0.8890866041183472,27.761011123657227,0.02966298907995224,0.9002229571342468,0.05178285390138626,0.018331220373511314
2994,clean,none,0.006826495751738548,0.9945835471153259,41.02759552001953,0.8489768505096436,0.02727404236793518,0.07294461876153946,0.050804536789655685
2995,salt_pepper,low,0.04204298555850983,0.7397023439407349,24.233352661132812,0.04319564625620842,0.8533015847206116,0.07142700999975204,0.03207578882575035
2996,salt_pepper,high,0.0434686653316021,0.7406512498855591,24.702844619750977,0.033392198383808136,0.888171911239624,0.05763706564903259,0.02079883962869644
2997,blur,low,0.04042553901672363,0.7645255327224731,24.829710006713867,0.14140671491622925,0.014329611323773861,0.8225194811820984,0.02174423076212406
2998,blur,medium,0.03756029158830643,0.8597075343132019,25.318849563598633,0.09398164600133896,0.014109375886619091,0.8661684989929199,0.02574041858315468
2999,salt_pepper,high,0.06847688555717468,0.6641868352890015,20.495004653930664,0.04304737597703934,0.8632897138595581,0.06658577173948288,0.02707710489630699
3000,clean,none,0.017682267352938652,0.9828760027885437,32.44922637939453,0.7681742310523987,0.02644925005733967,0.1469096541404724,0.05846685543656349
3001,clean,none,0.0038998685777187347,0.9978968501091003,45.54342269897461,0.904714047908783,0.025308001786470413,0.02467481791973114,0.04530314728617668
3002,occlusion,high,0.06346344947814941,0.6725836992263794,20.49436378479004,2.7639612198981922e-06,0.002491607563570142,1.672576217970345e-05,0.9974888563156128
3003,clean,none,0.006511831656098366,0.9966148138046265,40.54197311401367,0.8520665764808655,0.023396160453557968,0.07252540439367294,0.052011869847774506
3004,blur,low,0.08558975160121918,0.6681944727897644,18.93362808227539,0.11664783954620361,0.013125840574502945,0.8496979475021362,0.02052842639386654
3005,clean,none,0.003046018537133932,0.9975060224533081,46.896934509277344,0.8754756450653076,0.023087402805685997,0.03975362330675125,0.06168339028954506
3006,occlusion,high,0.05623817443847656,0.691283106803894,20.008020401000977,9.598561882739887e-05,0.007108032237738371,0.00012557374429889023,0.9926704168319702
3007,clean,none,0.008830208331346512,0.9931151270866394,38.11772918701172,0.8030080795288086,0.02879558689892292,0.09276095032691956,0.07543540745973587
3008,salt_pepper,high,0.05488286539912224,0.7691298723220825,22.037796020507812,0.03749650716781616,0.8767615556716919,0.062202807515859604,0.023539137095212936
3009,salt_pepper,medium,0.03570770472288132,0.8443887233734131,25.85184097290039,0.026167554780840874,0.9067977070808411,0.05048197880387306,0.016552751883864403
3010,occlusion,medium,0.08598443120718002,0.563349187374115,18.274564743041992,0.0056784325279295444,0.025832653045654297,0.001985042355954647,0.9665038585662842
3011,clean,none,0.008367886766791344,0.9897035956382751,38.30166244506836,0.7521181106567383,0.03145650029182434,0.1544279158115387,0.0619974322617054
3012,clean,none,0.024063780903816223,0.9477976560592651,29.850727081298828,0.698858916759491,0.03727508336305618,0.18010959029197693,0.0837564617395401
3013,occlusion,low,0.032640911638736725,0.860188364982605,26.110939025878906,0.004442546982318163,0.03445983678102493,0.0028315389063209295,0.958266019821167
3014,salt_pepper,low,0.035072412341833115,0.8436069488525391,26.478515625,0.039378583431243896,0.8621650338172913,0.07174535095691681,0.02671096846461296
3015,salt_pepper,low,0.05670545622706413,0.762096643447876,21.725662231445312,0.09876494109630585,0.7723480463027954,0.07847301661968231,0.05041394755244255
3016,salt_pepper,high,0.049010228365659714,0.707626461982727,23.500560760498047,0.03818761929869652,0.875400185585022,0.06207447126507759,0.024337736889719963
3017,salt_pepper,low,0.05751868337392807,0.7693924307823181,21.770347595214844,0.05160268768668175,0.8376617431640625,0.07549874484539032,0.03523673862218857
3018,blur,medium,0.0426594540476799,0.804665744304657,23.684350967407227,0.0988159105181694,0.011657612398266792,0.8694028258323669,0.020123682916164398
3019,salt_pepper,low,0.05380707606673241,0.7635306715965271,22.59281349182129,0.039132412523031235,0.8630125522613525,0.07006270438432693,0.027792267501354218
3020,salt_pepper,high,0.04564778506755829,0.7434138655662537,23.74017906188965,0.035668499767780304,0.8846271634101868,0.05777047201991081,0.021933890879154205
3021,clean,none,0.009416984394192696,0.9943790435791016,37.82635498046875,0.8502394556999207,0.02576492913067341,0.07328327000141144,0.05071231350302696
3022,blur,high,0.06956806033849716,0.6017862558364868,20.739437103271484,0.09383127838373184,0.012351686134934425,0.8715887069702148,0.022228403016924858
3023,clean,none,0.00742340600118041,0.9958164691925049,40.13872146606445,0.8757526874542236,0.02976926974952221,0.04109844192862511,0.05337963625788689
3024,occlusion,medium,0.03777972236275673,0.7562558054924011,24.336435317993164,0.09115155786275864,0.07244836539030075,0.05771506205201149,0.7786849737167358
3025,occlusion,high,0.11836302280426025,0.4058351218700409,16.784717559814453,0.0001421366905560717,0.007446989882737398,0.0001831932895584032,0.9922277331352234
3026,occlusion,medium,0.03099253587424755,0.8103049993515015,26.363605499267578,0.0011417679488658905,0.01441512256860733,0.0013828101800754666,0.9830601811408997
3027,occlusion,high,0.07120826095342636,0.544135332107544,19.77429962158203,0.001127227209508419,0.01944514736533165,0.0009456302504986525,0.9784819483757019
3028,clean,none,0.005982946138828993,0.9960554838180542,41.68742752075195,0.8616288900375366,0.028049301356077194,0.05187545344233513,0.058446306735277176
3029,clean,none,0.003013638313859701,0.9984123706817627,47.35027313232422,0.8884894251823425,0.023442143574357033,0.031584661453962326,0.05648379400372505
3030,salt_pepper,low,0.09489715099334717,0.6858135461807251,18.201753616333008,0.12001785635948181,0.7271406054496765,0.0862327292561531,0.06660885363817215
3031,salt_pepper,medium,0.09141125530004501,0.6512753367424011,18.262365341186523,0.07891134172677994,0.7685170769691467,0.10134190320968628,0.05122973024845123
3032,salt_pepper,low,0.08243202418088913,0.7113215327262878,19.596982955932617,0.07061461359262466,0.8124802112579346,0.07541826367378235,0.04148685932159424
3033,occlusion,low,0.07292495667934418,0.6747522354125977,19.83404541015625,0.007551988586783409,0.04223445802927017,0.016815023496747017,0.9333986043930054
3034,blur,low,0.07590027153491974,0.720862865447998,20.37335205078125,0.15521632134914398,0.015643879771232605,0.8044150471687317,0.024724755436182022
3035,salt_pepper,low,0.036409202963113785,0.7936564683914185,26.275684356689453,0.036913350224494934,0.8752633333206177,0.0615796335041523,0.02624369226396084
3036,clean,none,0.019362282007932663,0.9784285426139832,32.24755859375,0.7506837844848633,0.03099820762872696,0.16018515825271606,0.05813285708427429
3037,salt_pepper,high,0.03521256148815155,0.8769054412841797,26.688425064086914,0.026916854083538055,0.9072906374931335,0.04921449348330498,0.016577916219830513
3038,salt_pepper,medium,0.08046910166740417,0.6838324069976807,18.93720245361328,0.05773535743355751,0.8247922658920288,0.07996377348899841,0.03750861436128616
3039,salt_pepper,high,0.035999003797769547,0.835146427154541,24.98615074157715,0.03442496433854103,0.8856805562973022,0.0591481477022171,0.02074635773897171
3040,occlusion,low,0.04326982796192169,0.7731751203536987,22.948795318603516,0.04757976531982422,0.05403786152601242,0.014613742008805275,0.883768618106842
3041,blur,low,0.02667170763015747,0.9073522090911865,28.310375213623047,0.1381872147321701,0.01394871436059475,0.8262224793434143,0.021641558036208153
3042,salt_pepper,medium,0.03822933882474899,0.8639606237411499,25.77682876586914,0.03946884721517563,0.8667021989822388,0.06937822699546814,0.024450741708278656
3043,clean,none,0.004945460706949234,0.9978065490722656,43.24848556518555,0.9024195671081543,0.023070024326443672,0.027432778850197792,0.047077715396881104
3044,clean,none,0.0066415369510650635,0.9979917407035828,40.51306915283203,0.8770493865013123,0.02818482741713524,0.03872377425432205,0.05604197829961777
3045,clean,none,0.006754921283572912,0.9972041845321655,40.403656005859375,0.85542231798172,0.020488141104578972,0.08339981734752655,0.04068971052765846
3046,salt_pepper,low,0.06132977455854416,0.7524763345718384,21.40209197998047,0.062308866530656815,0.813833475112915,0.07999574393033981,0.04386194795370102
3047,clean,none,0.004066416993737221,0.9973013401031494,44.21564483642578,0.8506866097450256,0.02604580856859684,0.06957335770130157,0.0536942295730114
3048,blur,medium,0.035188980400562286,0.8736674189567566,25.86265754699707,0.10060908645391464,0.012588024139404297,0.8644591569900513,0.022343767806887627
3049,blur,medium,0.07644189894199371,0.609358012676239,20.19523811340332,0.09358026832342148,0.011017689481377602,0.8757761716842651,0.01962592452764511
3050,occlusion,medium,0.0685039535164833,0.6371885538101196,19.868410110473633,0.00028269857284612954,0.01340289693325758,0.00041612479253672063,0.9858982563018799
3051,occlusion,high,0.07755696773529053,0.585200309753418,18.527944564819336,0.0010064919479191303,0.01936112344264984,0.0012866078177466989,0.9783456921577454
3052,occlusion,low,0.05494228005409241,0.7354287505149841,20.948719024658203,0.003658370580524206,0.026079067960381508,0.0026111160404980183,0.9676515460014343
3053,blur,low,0.03764259070158005,0.815739631652832,25.248794555664062,0.17328107357025146,0.023436345160007477,0.7668359875679016,0.03644665703177452
3054,clean,none,0.004351748153567314,0.9973532557487488,44.407691955566406,0.8796902894973755,0.023383358493447304,0.04849349707365036,0.04843291640281677
3055,salt_pepper,low,0.04232212156057358,0.8397943377494812,24.209972381591797,0.052724678069353104,0.8301922678947449,0.08229613304138184,0.03478684276342392
3056,salt_pepper,high,0.047183021903038025,0.7388250827789307,23.736888885498047,0.035756368190050125,0.8820715546607971,0.05975707247853279,0.02241509035229683
3057,blur,high,0.03515584021806717,0.8237668871879578,26.239727020263672,0.09720361977815628,0.013464076444506645,0.8653548359870911,0.023977452889084816
3058,salt_pepper,high,0.10810073465108871,0.5935571789741516,16.86408805847168,0.06576903909444809,0.8087759613990784,0.08172339200973511,0.04373156279325485
3059,occlusion,low,0.03213758394122124,0.8355333805084229,24.9046630859375,0.04322058707475662,0.05775799602270126,0.026320191100239754,0.8727012872695923
3060,clean,none,0.003914760425686836,0.9971026182174683,45.56157684326172,0.8848657011985779,0.02637726254761219,0.03689531236886978,0.0518617182970047
3061,clean,none,0.003324595047160983,0.9989856481552124,46.083961486816406,0.9149389863014221,0.01696375012397766,0.023929081857204437,0.044168177992105484
3062,occlusion,low,0.027102753520011902,0.8936713933944702,24.03826904296875,0.5788611769676208,0.0471230112016201,0.018239013850688934,0.3557767868041992
3063,clean,none,0.007158567663282156,0.9954814910888672,39.84829330444336,0.8627769947052002,0.027998223900794983,0.05369957163929939,0.05552520975470543
3064,occlusion,medium,0.041623953729867935,0.8034348487854004,23.989002227783203,0.0009049128275364637,0.015542469918727875,0.0011383857345208526,0.982414186000824
3065,clean,none,0.0031282815616577864,0.9991227388381958,46.4509162902832,0.9147174954414368,0.018307814374566078,0.024170728400349617,0.04280393198132515
3066,clean,none,0.007112657185643911,0.9934877157211304,40.42437744140625,0.8054128885269165,0.02821922115981579,0.1057925671339035,0.06057531014084816
3067,blur,high,0.04048089683055878,0.7506905794143677,25.52709197998047,0.1015050932765007,0.012242844328284264,0.8647317290306091,0.021520297974348068
3068,clean,none,0.006999368779361248,0.9965877532958984,40.20016098022461,0.8982359766960144,0.028350451961159706,0.01307561993598938,0.060337893664836884
3069,occlusion,high,0.05895763635635376,0.7341393232345581,18.842363357543945,2.4097211280604824e-05,0.0035095561761409044,2.7796675567515194e-05,0.9964385032653809
3070,occlusion,high,0.07573633641004562,0.5516910552978516,18.39940643310547,6.509749073302373e-05,0.005150556564331055,8.693247946212068e-05,0.9946974515914917
3071,blur,low,0.05004756897687912,0.6668736338615417,23.636062622070312,0.15232205390930176,0.018370136618614197,0.802439272403717,0.02686854638159275
3072,occlusion,medium,0.06119851395487785,0.7177145481109619,20.69786262512207,0.0507638119161129,0.06625355780124664,0.01344276499003172,0.8695399165153503
3073,occlusion,low,0.035945646464824677,0.8438887596130371,25.46743392944336,0.20982851088047028,0.10868962109088898,0.030328921973705292,0.6511529684066772
3074,occlusion,low,0.02861989103257656,0.8251795768737793,27.600719451904297,0.017194518819451332,0.04590931162238121,0.02054038643836975,0.9163558483123779
3075,salt_pepper,medium,0.04207807406783104,0.7446589469909668,25.047950744628906,0.04834446683526039,0.8432590961456299,0.0778694823384285,0.030526937916874886
3076,occlusion,high,0.06489831209182739,0.5928256511688232,19.812911987304688,1.0807838407345116e-05,0.004019638989120722,4.1249164496548474e-05,0.9959283471107483
3077,occlusion,low,0.05988616868853569,0.61127108335495,21.169696807861328,0.09554152935743332,0.10792963951826096,0.01611865684390068,0.7804101705551147
3078,occlusion,low,0.01638922095298767,0.8862991333007812,26.217636108398438,0.8112526535987854,0.042836181819438934,0.03346170112490654,0.11244943737983704
3079,occlusion,medium,0.03931911662220955,0.8129310011863708,23.272212982177734,0.0036548285279423,0.019953573122620583,0.001499136327765882,0.9748924374580383
3080,occlusion,high,0.088222436606884,0.4788340926170349,17.639463424682617,4.690672722063027e-05,0.005618663039058447,6.884500908199698e-05,0.9942654967308044
3081,blur,medium,0.03651866316795349,0.7710273265838623,26.206501007080078,0.10066238045692444,0.018039770424365997,0.8501124382019043,0.031185351312160492
3082,clean,none,0.005421855486929417,0.9963980913162231,42.9945182800293,0.888020932674408,0.029391882941126823,0.02201135642826557,0.06057581678032875
3083,salt_pepper,low,0.040628015995025635,0.7982428073883057,24.912731170654297,0.03532300516963005,0.8772510886192322,0.062121812254190445,0.025304121896624565
3084,occlusion,low,0.06465722620487213,0.7638804316520691,20.045875549316406,0.025054778903722763,0.06019119918346405,0.00792869832366705,0.9068253636360168
3085,clean,none,0.004473146051168442,0.9975647926330566,44.23006057739258,0.9079917669296265,0.02669219672679901,0.016178345307707787,0.049137651920318604
3086,blur,high,0.040267214179039,0.6426436901092529,24.938642501831055,0.09999782592058182,0.018090389668941498,0.8506121635437012,0.03129967674612999
3087,blur,medium,0.05171802267432213,0.6997339725494385,22.768104553222656,0.09709125012159348,0.01305609941482544,0.8673535585403442,0.02249911241233349
3088,clean,none,0.005405814852565527,0.995730996131897,42.359432220458984,0.8520354628562927,0.030307885259389877,0.06025432422757149,0.057402294129133224
3089,blur,low,0.01874121092259884,0.9135081171989441,30.90334129333496,0.11432953178882599,0.016958968713879585,0.8418749570846558,0.026836548000574112
3090,blur,high,0.02491830289363861,0.8717988729476929,28.910755157470703,0.096082903444767,0.015945974737405777,0.8589383363723755,0.029032744467258453
3091,clean,none,0.011923196725547314,0.9765004515647888,34.35435485839844,0.723372220993042,0.03838467597961426,0.13987234234809875,0.09837067872285843
3092,blur,medium,0.03085695020854473,0.8546563982963562,27.659757614135742,0.10015875101089478,0.012709747068583965,0.8645756244659424,0.02255585603415966
3093,occlusion,low,0.07997908443212509,0.6569201946258545,19.494274139404297,0.014645376242697239,0.0400528721511364,0.007167203817516565,0.938134491443634
3094,blur,low,0.039404287934303284,0.8334071040153503,24.59285545349121,0.16536593437194824,0.020122231915593147,0.7846418023109436,0.02986999601125717
3095,blur,medium,0.039970092475414276,0.7906646728515625,24.304153442382812,0.09973177313804626,0.0132124163210392,0.8636250495910645,0.02343069389462471
3096,occlusion,high,0.13854645192623138,0.5793681144714355,12.670700073242188,0.0006769387982785702,0.0192868672311306,0.0020397361367940903,0.9779964685440063
3097,blur,medium,0.033165473490953445,0.8394734263420105,26.830001831054688,0.10021251440048218,0.013545475900173187,0.8624085187911987,0.023833582177758217
3098,clean,none,0.007926505990326405,0.9897276163101196,39.28801727294922,0.8019793033599854,0.031963612884283066,0.10204162448644638,0.0640154778957367
3099,occlusion,medium,0.046026811003685,0.7970354557037354,21.952974319458008,0.00011953250941587612,0.006926186848431826,0.000354871095623821,0.9925994873046875
3100,clean,none,0.0059544737450778484,0.9879443049430847,41.37565612792969,0.8662261962890625,0.024927055463194847,0.04949251934885979,0.059354208409786224
3101,occlusion,high,0.0661986917257309,0.47817787528038025,20.161937713623047,1.601287476660218e-05,0.004158377647399902,4.67024692625273e-05,0.9957789182662964
3102,clean,none,0.011014988645911217,0.9859224557876587,36.520843505859375,0.6955843567848206,0.03094388172030449,0.20470519363880157,0.06876657158136368
3103,clean,none,0.007310261484235525,0.995520293712616,39.48318862915039,0.7898911237716675,0.03322051092982292,0.09306930005550385,0.08381903171539307
3104,salt_pepper,low,0.03221402317285538,0.9172062277793884,28.11456871032715,0.029385190457105637,0.892643392086029,0.05771661549806595,0.020254861563444138
3105,salt_pepper,high,0.026666861027479172,0.8861721754074097,27.934398651123047,0.030753452330827713,0.8962201476097107,0.053947463631629944,0.019079025834798813
3106,occlusion,medium,0.05279013514518738,0.7089167833328247,19.317100524902344,0.0015532856341451406,0.01716465689241886,0.0029213454108685255,0.9783607721328735
3107,salt_pepper,high,0.03604966774582863,0.8650240898132324,26.026193618774414,0.04109776020050049,0.8677136898040771,0.06603281199932098,0.02515573240816593
3108,blur,medium,0.050619542598724365,0.653794527053833,23.47711753845215,0.09160186350345612,0.01598326861858368,0.8637902140617371,0.028624597936868668
3109,salt_pepper,medium,0.046601831912994385,0.8369061350822449,24.672901153564453,0.043745677918195724,0.850593626499176,0.077964648604393,0.027696017175912857
3110,blur,medium,0.036452099680900574,0.78556889295578,26.225120544433594,0.09819364547729492,0.014933346770703793,0.8607545495033264,0.02611849084496498
3111,occlusion,high,0.03884558379650116,0.7290546298027039,22.950424194335938,5.2719988161697984e-05,0.0047602406702935696,0.00022367894416674972,0.9949634075164795
3112,clean,none,0.007673259824514389,0.9810191988945007,38.8281364440918,0.5741022229194641,0.03288928419351578,0.3322603404521942,0.06074811890721321
3113,clean,none,0.006053340621292591,0.9954676628112793,41.63389205932617,0.7948218584060669,0.025435613468289375,0.12483031302690506,0.054912205785512924
3114,clean,none,0.013796381652355194,0.9785546064376831,34.137760162353516,0.6588900089263916,0.03316856920719147,0.243246927857399,0.06469451636075974
3115,blur,low,0.036036960780620575,0.835986852645874,26.304218292236328,0.13065510988235474,0.015549944713711739,0.8292821645736694,0.024512827396392822
3116,blur,low,0.03410039842128754,0.8909841775894165,26.017343521118164,0.10994533449411392,0.01559535227715969,0.8498585820198059,0.02460067719221115
3117,blur,high,0.031418897211551666,0.838747501373291,26.856203079223633,0.09708093106746674,0.01579839177429676,0.8601114153862,0.027009259909391403
3118,salt_pepper,high,0.05861106514930725,0.6616009473800659,22.19837188720703,0.06768956780433655,0.7880450487136841,0.09685814380645752,0.04740720987319946
3119,salt_pepper,high,0.09379726648330688,0.6275019645690918,18.843795776367188,0.06877167522907257,0.7881560325622559,0.09277098625898361,0.05030127987265587
3120,clean,none,0.004473135806620121,0.9976015090942383,44.57207489013672,0.844508945941925,0.02333061769604683,0.07937110960483551,0.05278931185603142
3121,blur,high,0.03740473836660385,0.8597399592399597,25.30731964111328,0.10217955708503723,0.013014428317546844,0.861596941947937,0.023209085687994957
3122,blur,high,0.05628307908773422,0.6578566431999207,22.231868743896484,0.09648346900939941,0.01432590652257204,0.8637481331825256,0.025442399084568024
3123,blur,medium,0.048323195427656174,0.8058210611343384,23.70130157470703,0.10041366517543793,0.015432978980243206,0.8570665121078491,0.027086813002824783
3124,occlusion,high,0.03276187926530838,0.8226966857910156,24.288734436035156,9.407896868651733e-06,0.002388061722740531,4.365157292340882e-05,0.9975588321685791
3125,salt_pepper,high,0.026695823296904564,0.8504365682601929,28.075565338134766,0.026817340403795242,0.9090113639831543,0.0479733981192112,0.01619778573513031
3126,occlusion,low,0.03791845962405205,0.789364755153656,24.541553497314453,0.34490740299224854,0.08342529833316803,0.12155980616807938,0.45010748505592346
3127,blur,medium,0.052672844380140305,0.644145131111145,23.51394271850586,0.0912928432226181,0.015075637958943844,0.8677007555961609,0.02593083307147026
3128,clean,none,0.009658154100179672,0.9917954206466675,37.246490478515625,0.7834559082984924,0.029607493430376053,0.12219706922769547,0.06473948061466217
3129,clean,none,0.02727748081088066,0.9621853828430176,30.06341552734375,0.637539267539978,0.030489424243569374,0.27250927686691284,0.059461984783411026
3130,occlusion,low,0.04204839468002319,0.7251949310302734,24.45943832397461,0.05499448627233505,0.08884824812412262,0.02147490531206131,0.8346824049949646
3131,occlusion,low,0.04815840721130371,0.6994533538818359,22.813844680786133,0.06514168530702591,0.09006749838590622,0.015822509303689003,0.8289682865142822
3132,occlusion,low,0.03547576069831848,0.798937201499939,24.936614990234375,0.004466034471988678,0.03661229833960533,0.009224651381373405,0.9496970176696777
3133,salt_pepper,medium,0.04515213891863823,0.8303664922714233,23.59955596923828,0.045049868524074554,0.8518929481506348,0.0741027295589447,0.02895442396402359
3134,salt_pepper,medium,0.045595042407512665,0.7808837890625,24.064563751220703,0.050980344414711,0.8334934115409851,0.08135601878166199,0.03417028486728668
3135,blur,high,0.0348234549164772,0.8347740173339844,26.487133026123047,0.10458745062351227,0.01298432145267725,0.8592246770858765,0.02320350892841816
3136,blur,medium,0.050223298370838165,0.8190037608146667,22.872730255126953,0.10283464938402176,0.015446123667061329,0.8548850417137146,0.026834147050976753
3137,clean,none,0.006169135682284832,0.9956883788108826,40.03715515136719,0.8481094241142273,0.04687172546982765,0.050721630454063416,0.05429718643426895
3138,blur,medium,0.058024629950523376,0.6299134492874146,21.645771026611328,0.1003076359629631,0.012061119079589844,0.8668301105499268,0.020801164209842682
3139,salt_pepper,low,0.041129838675260544,0.8663595914840698,24.826929092407227,0.05308642238378525,0.833855152130127,0.07688941061496735,0.03616902232170105
3140,occlusion,medium,0.04981042072176933,0.7955302000045776,20.74802017211914,7.217137863335665e-06,0.003898372408002615,2.705483893805649e-05,0.9960673451423645
3141,salt_pepper,medium,0.05486341938376427,0.7088865041732788,22.34247589111328,0.05628090351819992,0.8251715302467346,0.0808844193816185,0.03766314312815666
3142,clean,none,0.008226337842643261,0.9946052432060242,38.30681610107422,0.8000237941741943,0.03279602900147438,0.09958797693252563,0.06759214401245117
3143,salt_pepper,low,0.042128726840019226,0.7216804027557373,24.85672950744629,0.0445871539413929,0.849526584148407,0.07651897519826889,0.029367227107286453
3144,clean,none,0.007419008761644363,0.994464635848999,39.77955627441406,0.8182050585746765,0.030284691601991653,0.07545308768749237,0.07605721801519394
3145,blur,low,0.04663488268852234,0.7105457186698914,23.731746673583984,0.20319022238254547,0.019154073670506477,0.7477534413337708,0.029902279376983643
3146,blur,low,0.05043642967939377,0.776853084564209,22.94170379638672,0.20597562193870544,0.022145548835396767,0.7384941577911377,0.03338467702269554
3147,blur,medium,0.02611243724822998,0.9022314548492432,28.99774742126465,0.09705472737550735,0.017098650336265564,0.8564872145652771,0.029359344393014908
3148,salt_pepper,high,0.03697481006383896,0.8580038547515869,25.934831619262695,0.04874956235289574,0.8437765836715698,0.07701624929904938,0.03045768477022648
3149,salt_pepper,high,0.030600786209106445,0.8255448341369629,27.393157958984375,0.03740301728248596,0.8782157301902771,0.061399273574352264,0.022981960326433182
3150,blur,low,0.050133973360061646,0.6335144639015198,23.71138572692871,0.2797253727912903,0.022442933171987534,0.66254723072052,0.035284459590911865
3151,occlusion,high,0.06758762151002884,0.6932231783866882,19.026872634887695,2.0116681298532058e-07,0.0005751257413066924,1.6382916783186374e-06,0.9994231462478638
3152,clean,none,0.00730872992426157,0.99620121717453,39.56742477416992,0.8367348909378052,0.031089583411812782,0.06350963562726974,0.06866587698459625
3153,clean,none,0.0089156124740839,0.9770638346672058,37.796058654785156,0.5994947552680969,0.03338282182812691,0.3041510283946991,0.06297134608030319
3154,salt_pepper,medium,0.039700862020254135,0.8260473012924194,25.19466781616211,0.035360828042030334,0.8799267411231995,0.06132517755031586,0.023387271910905838
3155,salt_pepper,high,0.04597951099276543,0.796798586845398,23.862571716308594,0.03818357363343239,0.8719915747642517,0.06499401479959488,0.024830875918269157
3156,salt_pepper,medium,0.032391808927059174,0.8836841583251953,26.320056915283203,0.022612079977989197,0.9149015545845032,0.04760599508881569,0.014880407601594925
3157,clean,none,0.009705888107419014,0.9908816814422607,37.58229064941406,0.6828070878982544,0.03769880160689354,0.18391424417495728,0.09557979553937912
3158,salt_pepper,high,0.05223141238093376,0.6960684657096863,23.049707412719727,0.03963972255587578,0.8684951663017273,0.06759212166070938,0.024273084476590157
3159,blur,high,0.05235835909843445,0.7090798616409302,23.279008865356445,0.0947355404496193,0.01631728932261467,0.8594648241996765,0.029482336714863777
3160,salt_pepper,medium,0.03178904205560684,0.8025883436203003,27.701261520385742,0.04750095680356026,0.8442315459251404,0.07792637497186661,0.030341077595949173
3161,blur,medium,0.03261347860097885,0.8927172422409058,27.70570945739746,0.09435252845287323,0.014218613505363464,0.8663139343261719,0.025114919990301132
3162,salt_pepper,high,0.054319411516189575,0.667739748954773,22.75823974609375,0.041095148772001266,0.8686964511871338,0.06460452079772949,0.025603896006941795
3163,occlusion,medium,0.06032436341047287,0.5512034296989441,20.92576789855957,0.004149644635617733,0.040341299027204514,0.0029002928640693426,0.9526087641716003
3164,clean,none,0.004979118704795837,0.9986047744750977,42.72443389892578,0.9185475707054138,0.02316480502486229,0.01944979652762413,0.03883786499500275
3165,blur,low,0.027903735637664795,0.9036161303520203,28.680315017700195,0.11358656734228134,0.01273091696202755,0.8527791500091553,0.020903324708342552
3166,clean,none,0.010371191427111626,0.9902960658073425,36.750064849853516,0.7133793234825134,0.027779413387179375,0.1984015256166458,0.06043975427746773
3167,occlusion,high,0.060974933207035065,0.6983380317687988,19.178264617919922,1.8434766388963908e-05,0.005544044077396393,9.90711196209304e-05,0.9943384528160095
3168,blur,medium,0.05587085708975792,0.7628767490386963,22.391569137573242,0.0920519083738327,0.014027082361280918,0.8697935342788696,0.024127556011080742
3169,blur,low,0.027584370225667953,0.8977993726730347,28.286548614501953,0.1259245127439499,0.018155982717871666,0.8279627561569214,0.02795679122209549
3170,occlusion,high,0.06167302653193474,0.5909780859947205,18.805282592773438,0.0020670583471655846,0.01350440364331007,0.001916380482725799,0.9825122356414795
3171,salt_pepper,high,0.0474715530872345,0.7898222804069519,23.695756912231445,0.035287387669086456,0.8830689787864685,0.05999355390667915,0.021649999544024467
3172,salt_pepper,medium,0.02681158483028412,0.7721672058105469,28.057147979736328,0.043615128844976425,0.8555388450622559,0.07395206391811371,0.02689395099878311
3173,clean,none,0.014050524681806564,0.9877785444259644,34.56866455078125,0.6029384136199951,0.03062650002539158,0.30061420798301697,0.06582093983888626
3174,clean,none,0.02472841367125511,0.9031996726989746,29.140270233154297,0.6418277621269226,0.08735861629247665,0.02953113056719303,0.24128249287605286
3175,salt_pepper,low,0.03836948797106743,0.7802038192749023,24.480758666992188,0.04374595358967781,0.8523133993148804,0.07492494583129883,0.029015764594078064
3176,occlusion,medium,0.032742567360401154,0.8927655220031738,24.496366500854492,6.549297540914267e-05,0.009719016961753368,0.0002451246837154031,0.9899703860282898
3177,clean,none,0.017198577523231506,0.964881181716919,31.952606201171875,0.5663111209869385,0.08086510002613068,0.047233227640390396,0.30559056997299194
3178,occlusion,medium,0.04128631204366684,0.5821975469589233,24.299800872802734,0.0017769972328096628,0.02120819315314293,0.0009813543874770403,0.9760333895683289
3179,salt_pepper,low,0.028252234682440758,0.7959856986999512,27.465499877929688,0.028462650254368782,0.8944389820098877,0.05660826340317726,0.02049013413488865
3180,clean,none,0.004089885391294956,0.9980597496032715,45.356231689453125,0.8784636855125427,0.020936759188771248,0.04960361123085022,0.050995878875255585
3181,clean,none,0.010925889015197754,0.9892572164535522,36.05495834350586,0.6985000371932983,0.042116928845644,0.17246906459331512,0.0869140625
3182,blur,low,0.02566208504140377,0.9168793559074402,29.467527389526367,0.13539721071720123,0.016039974987506866,0.8224673271179199,0.02609551139175892
3183,clean,none,0.009845241904258728,0.9876675605773926,38.262447357177734,0.6106613874435425,0.03577253222465515,0.28178897500038147,0.07177712023258209
3184,blur,high,0.03845501318573952,0.8188210725784302,24.765119552612305,0.09386669844388962,0.016142813488841057,0.8624518513679504,0.027538670226931572
3185,clean,none,0.009429844096302986,0.9910893440246582,37.281280517578125,0.8741744756698608,0.025269361212849617,0.051252689212560654,0.049303408712148666
3186,clean,none,0.00611663144081831,0.9885296821594238,40.35485076904297,0.7123456001281738,0.032184481620788574,0.1808762103319168,0.07459370046854019
3187,occlusion,low,0.04334576427936554,0.6294355392456055,24.563501358032227,0.01693756878376007,0.036048147827386856,0.006433888338506222,0.940580427646637
3188,salt_pepper,medium,0.03732715919613838,0.8878436088562012,25.434215545654297,0.038046687841415405,0.8744465112686157,0.06357035785913467,0.023936470970511436
3189,blur,low,0.02498072385787964,0.9032222628593445,29.765228271484375,0.10762597620487213,0.016062667593359947,0.8502336144447327,0.02607773244380951
3190,occlusion,high,0.03515302762389183,0.791998565196991,25.01375389099121,1.904108103190083e-05,0.003932808060199022,7.398422894766554e-05,0.9959741234779358
3191,clean,none,0.0057201380841434,0.996631383895874,42.415382385253906,0.8448975682258606,0.024006955325603485,0.08384150266647339,0.04725387692451477
3192,occlusion,medium,0.048726242035627365,0.7937750816345215,21.031970977783203,0.00022698077373206615,0.010711520910263062,0.0006376624805852771,0.9884238839149475
3193,clean,none,0.0054775988683104515,0.996837317943573,42.49652862548828,0.8385317325592041,0.025022417306900024,0.08555138111114502,0.050894346088171005
3194,occlusion,high,0.043082498013973236,0.7460871934890747,23.435956954956055,0.0027838062960654497,0.018700867891311646,0.004412716720253229,0.9741025567054749
3195,blur,medium,0.04723598062992096,0.8023853302001953,23.210494995117188,0.09880108386278152,0.011969730257987976,0.8682913780212402,0.02093786746263504
3196,occlusion,medium,0.05671112984418869,0.6551241874694824,21.830364227294922,0.000859539199154824,0.015428033657371998,0.0007810003007762134,0.9829314351081848
3197,blur,high,0.056539446115493774,0.7960017919540405,21.726940155029297,0.09794642776250839,0.012822850607335567,0.8664253354072571,0.02280537597835064
3198,occlusion,low,0.03762318193912506,0.8562161326408386,23.226219177246094,0.12695658206939697,0.07755549252033234,0.012398291379213333,0.7830896973609924
3199,salt_pepper,high,0.028679942712187767,0.8580219745635986,28.900625228881836,0.035853538662195206,0.8810321092605591,0.06073688715696335,0.022377479821443558
3200,occlusion,high,0.07047419995069504,0.6525238752365112,18.868648529052734,0.00013065501116216183,0.0068967463448643684,0.00026056531351059675,0.9927120208740234
3201,salt_pepper,low,0.02720017358660698,0.8866431713104248,29.137989044189453,0.029021436348557472,0.8913187384605408,0.059630606323480606,0.02002917416393757
3202,salt_pepper,medium,0.030234312638640404,0.8436204195022583,27.50676155090332,0.056654538959264755,0.8217453956604004,0.08437579870223999,0.03722429275512695
3203,clean,none,0.02107590064406395,0.9551727175712585,30.794565200805664,0.18369877338409424,0.017790058627724648,0.7707170844078064,0.02779407426714897
3204,blur,low,0.030476829037070274,0.8884482383728027,27.38722038269043,0.12477459013462067,0.014958648942410946,0.836258590221405,0.024008236825466156
3205,occlusion,medium,0.03724488988518715,0.8247925043106079,25.28306007385254,7.766046110191382e-06,0.0031333332881331444,5.954301013844088e-05,0.9967993497848511
3206,clean,none,0.008292065933346748,0.99371737241745,38.9028434753418,0.74808669090271,0.046416524797677994,0.04261457547545433,0.1628822237253189
3207,blur,high,0.04262402653694153,0.7134563326835632,23.7144832611084,0.0827217623591423,0.016116056591272354,0.8691863417625427,0.031975824385881424
3208,salt_pepper,high,0.0255536288022995,0.8636107444763184,28.76198959350586,0.04254316911101341,0.862795889377594,0.06904832273721695,0.025612615048885345
3209,occlusion,medium,0.05931404232978821,0.7552993297576904,18.60683250427246,0.01876780204474926,0.049691084772348404,0.014502599835395813,0.9170385003089905
3210,occlusion,low,0.028677238151431084,0.8767131567001343,26.58199691772461,0.031838010996580124,0.049595437943935394,0.007740459404885769,0.9108260869979858
3211,occlusion,high,0.06635412573814392,0.7300739288330078,18.095516204833984,0.0006800929550081491,0.021558843553066254,0.0006479643634520471,0.9771131277084351
3212,salt_pepper,medium,0.04382869601249695,0.8745492696762085,24.23282241821289,0.03945695981383324,0.8691751956939697,0.06526882201433182,0.02609904669225216
3213,occlusion,medium,0.050536029040813446,0.7114951610565186,22.241037368774414,0.0015671179862692952,0.019085615873336792,0.0009538662852719426,0.9783933758735657
3214,salt_pepper,high,0.04225251078605652,0.7948740720748901,23.953027725219727,0.04058251157402992,0.8678181767463684,0.06645695120096207,0.025142313912510872
3215,occlusion,medium,0.07160570472478867,0.7705702781677246,19.690078735351562,0.011864075437188148,0.05021420493721962,0.009614315815269947,0.9283074736595154
3216,clean,none,0.004302072338759899,0.9990167021751404,45.05337142944336,0.8980196118354797,0.018145538866519928,0.04141382873058319,0.04242102801799774
3217,salt_pepper,high,0.04178961366415024,0.8145197629928589,24.89276885986328,0.03666262701153755,0.8802538514137268,0.06063306704163551,0.022450421005487442
3218,clean,none,0.008305108174681664,0.9916284084320068,39.51240539550781,0.821481466293335,0.03323156386613846,0.0818682312965393,0.06341877579689026
3219,occlusion,high,0.0719464123249054,0.6360882520675659,18.267078399658203,0.19750112295150757,0.06563451141119003,0.023607254028320312,0.7132570743560791
3220,blur,low,0.026645636186003685,0.906013011932373,28.766422271728516,0.11147918552160263,0.013469444587826729,0.853897750377655,0.021153530105948448
3221,blur,high,0.026587266474962234,0.8889066576957703,28.310110092163086,0.09965483099222183,0.017801886424422264,0.8519006967544556,0.030642665922641754
3222,occlusion,high,0.048305243253707886,0.7277328372001648,22.279340744018555,3.840044428216061e-06,0.004735798109322786,3.127222225884907e-05,0.9952291250228882
3223,clean,none,0.006334156729280949,0.995376467704773,40.870513916015625,0.802152693271637,0.030481189489364624,0.1033688336610794,0.06399732828140259
3224,salt_pepper,high,0.02235250174999237,0.8829596042633057,30.6984920501709,0.04226486012339592,0.8625268340110779,0.0684039443731308,0.026804311200976372
3225,clean,none,0.004868868738412857,0.9969075918197632,43.33835220336914,0.8273298144340515,0.029615305364131927,0.07333114743232727,0.06972375512123108
3226,occlusion,high,0.06299015879631042,0.6346471309661865,18.40070915222168,0.1142810583114624,0.06654109805822372,0.04704570397734642,0.772132158279419
3227,clean,none,0.006665898486971855,0.9940113425254822,40.70325469970703,0.7655834555625916,0.02789340913295746,0.14728255569934845,0.059240590780973434
3228,clean,none,0.005361804272979498,0.9964680671691895,42.622314453125,0.8513665199279785,0.028857169672846794,0.06207834929227829,0.05769788846373558
3229,occlusion,low,0.03648705780506134,0.8055269122123718,23.707246780395508,0.12296576797962189,0.08305355906486511,0.014055401086807251,0.7799253463745117
3230,salt_pepper,medium,0.029109805822372437,0.8447147607803345,28.368858337402344,0.037750083953142166,0.8739320635795593,0.06426110863685608,0.024056782945990562
3231,salt_pepper,medium,0.02435220591723919,0.9157520532608032,30.267715454101562,0.025537213310599327,0.909391462802887,0.04910867288708687,0.015962647274136543
3232,occlusion,high,0.05486679822206497,0.7048735618591309,21.50181007385254,4.4480555516202e-05,0.006307592615485191,5.72167664358858e-05,0.9935907125473022
3233,occlusion,low,0.043331973254680634,0.8911913633346558,18.39299201965332,0.7198034524917603,0.05827624350786209,0.04327903687953949,0.17864131927490234
3234,occlusion,low,0.0768534392118454,0.6487736701965332,19.00031280517578,0.020294595509767532,0.0787852331995964,0.006786592770367861,0.8941335678100586
3235,occlusion,medium,0.060386091470718384,0.6821689605712891,20.571514129638672,0.002970256144180894,0.026704009622335434,0.0015564090572297573,0.9687692523002625
3236,occlusion,medium,0.10706651210784912,0.4826401472091675,17.566513061523438,0.00021665359963662922,0.009615582413971424,0.00040961115155369043,0.9897581338882446
3237,clean,none,0.003622701857239008,0.9982494115829468,44.99969482421875,0.8685036897659302,0.02392132766544819,0.05425946041941643,0.053315598517656326
3238,salt_pepper,high,0.036511968821287155,0.819401741027832,25.004594802856445,0.03372640535235405,0.888467013835907,0.057366993278265,0.020439578220248222
3239,salt_pepper,high,0.03658173605799675,0.8845624923706055,25.709028244018555,0.030964188277721405,0.8953652381896973,0.05478903278708458,0.018881550058722496
3240,salt_pepper,medium,0.06166820228099823,0.7685204744338989,21.486957550048828,0.03910296410322189,0.8672927618026733,0.06829183548688889,0.02531246654689312
3241,occlusion,high,0.08083505928516388,0.6563045382499695,16.525890350341797,1.5343854101956822e-05,0.003386387135833502,2.800631773425266e-05,0.9965702295303345
3242,clean,none,0.005650718696415424,0.9944777488708496,42.36829376220703,0.8330733776092529,0.029134349897503853,0.0822983831167221,0.05549394711852074
3243,salt_pepper,high,0.05512576550245285,0.7519484758377075,22.734010696411133,0.05314323678612709,0.8317252397537231,0.08014356344938278,0.034987930208444595
3244,blur,low,0.02970069646835327,0.8789070844650269,28.094829559326172,0.11253318190574646,0.017888085916638374,0.841088593006134,0.028490159660577774
3245,clean,none,0.005536060780286789,0.9971835017204285,42.045867919921875,0.8677488565444946,0.025615418329834938,0.05282289534807205,0.053812768310308456
3246,clean,none,0.005844711791723967,0.997327446937561,41.76790237426758,0.8426724672317505,0.02544780820608139,0.07728581875562668,0.054593950510025024
3247,salt_pepper,medium,0.031177964061498642,0.8527657389640808,27.23452377319336,0.04538298398256302,0.8486009836196899,0.0761624425649643,0.02985362336039543
3248,clean,none,0.0029540942050516605,0.9990548491477966,47.03545379638672,0.9028986096382141,0.021087439730763435,0.03352386876940727,0.042490117251873016
3249,occlusion,high,0.08751165866851807,0.6196243166923523,16.145442962646484,0.0006262933020479977,0.012934817932546139,0.0007731717778369784,0.9856657385826111
3250,salt_pepper,high,0.042425334453582764,0.7954303622245789,24.595836639404297,0.04448332265019417,0.8579368591308594,0.06954673677682877,0.028033142909407616
3251,salt_pepper,high,0.03458142653107643,0.8503095507621765,26.398975372314453,0.03967147320508957,0.8687797784805298,0.06742069870233536,0.024128111079335213
3252,salt_pepper,medium,0.030842196196317673,0.8918324708938599,27.18777847290039,0.035308051854372025,0.880225419998169,0.06187998130917549,0.022586513310670853
3253,occlusion,low,0.08400192111730576,0.5557057857513428,19.59486198425293,0.01364880334585905,0.053878121078014374,0.019491421058773994,0.9129816889762878
3254,clean,none,0.0029958102386444807,0.9985977411270142,46.54841613769531,0.8964404463768005,0.023873060941696167,0.031454674899578094,0.0482318177819252
3255,blur,low,0.038758572190999985,0.7946301698684692,25.782949447631836,0.1740470677614212,0.0176138486713171,0.7798542976379395,0.02848479151725769
3256,salt_pepper,medium,0.06085839867591858,0.7289931178092957,21.042678833007812,0.03568190336227417,0.8777416944503784,0.06247697398066521,0.02409941516816616
3257,blur,low,0.027110975235700607,0.9116310477256775,28.720075607299805,0.11441714316606522,0.01344131026417017,0.8497989773750305,0.022342585027217865
3258,clean,none,0.00828822422772646,0.9960598945617676,39.17463684082031,0.8815181851387024,0.030090512707829475,0.03258836269378662,0.05580288544297218
3259,salt_pepper,low,0.03276386857032776,0.8783653974533081,26.378076553344727,0.05342546105384827,0.8286604285240173,0.08407006412744522,0.03384413197636604
3260,occlusion,high,0.06059112772345543,0.7247804999351501,19.747966766357422,8.001385867828503e-05,0.0051901377737522125,0.00018245204410050064,0.9945473670959473
3261,salt_pepper,low,0.06051987409591675,0.8138411045074463,21.679946899414062,0.0352865532040596,0.8813351392745972,0.060030002146959305,0.023348312824964523
3262,blur,low,0.1071709617972374,0.7924813032150269,16.786659240722656,0.10320235788822174,0.013042961247265339,0.8623535633087158,0.02140108495950699
3263,salt_pepper,medium,0.026487544178962708,0.8912614583969116,28.92998504638672,0.03608187288045883,0.8782695531845093,0.06294026225805283,0.02270839549601078
3264,salt_pepper,high,0.04281195253133774,0.8345984220504761,24.903221130371094,0.04084622114896774,0.8664195537567139,0.06733658164739609,0.025397682562470436
3265,clean,none,0.009180623106658459,0.9893293380737305,37.79589080810547,0.7214540839195251,0.0359056331217289,0.1735096126794815,0.06913062930107117
3266,clean,none,0.007634790614247322,0.9923256635665894,38.96158981323242,0.8080999255180359,0.028954746201634407,0.10206759721040726,0.060877759009599686
3267,blur,medium,0.03529788553714752,0.7850937843322754,25.354568481445312,0.09059760719537735,0.015238435938954353,0.8639112710952759,0.030252693220973015
3268,blur,medium,0.04032621160149574,0.874620795249939,24.544294357299805,0.09235556423664093,0.012555177323520184,0.872812032699585,0.022277185693383217
3269,clean,none,0.00501455320045352,0.9972790479660034,42.926551818847656,0.8162232041358948,0.026836123317480087,0.08510006219148636,0.07184065133333206
3270,clean,none,0.006693490780889988,0.9953593611717224,40.13645935058594,0.8109961748123169,0.03134164214134216,0.09644518792629242,0.061216969043016434
3271,occlusion,high,0.07797111570835114,0.614887535572052,17.32099723815918,6.140458572190255e-05,0.005408599507063627,0.0002046583394985646,0.9943252205848694
3272,blur,high,0.06446270644664764,0.5854567885398865,21.535842895507812,0.09351170063018799,0.015591047704219818,0.863364577293396,0.027532683685421944
3273,blur,low,0.03166140988469124,0.8664788603782654,27.223854064941406,0.12625029683113098,0.016497015953063965,0.8318773508071899,0.02537533827126026
3274,occlusion,high,0.09224414080381393,0.7487389445304871,16.545427322387695,6.4120599745365325e-06,0.0027186216320842505,2.193772525060922e-05,0.9972531199455261
3275,blur,low,0.026242641732096672,0.7890088558197021,29.05746841430664,0.13929107785224915,0.018067488446831703,0.8133276700973511,0.029313741251826286
3276,occlusion,medium,0.05632910132408142,0.7655926942825317,20.23113441467285,4.607678420143202e-05,0.008916971273720264,0.00013197588850744069,0.9909049868583679
3277,salt_pepper,medium,0.04886941239237785,0.7747993469238281,22.884443283081055,0.03339996933937073,0.8804605603218079,0.06432955712080002,0.02180996537208557
3278,blur,medium,0.023732542991638184,0.9082003831863403,29.912696838378906,0.09722214937210083,0.015431148000061512,0.8589465022087097,0.0284002423286438
3279,blur,medium,0.03514065966010094,0.8508034944534302,26.40834617614746,0.10062315315008163,0.014072983525693417,0.8606014847755432,0.02470233291387558
3280,salt_pepper,medium,0.04242032393813133,0.8006385564804077,23.58936309814453,0.03870968520641327,0.8694553971290588,0.06708205491304398,0.02475288137793541
3281,blur,low,0.02919074520468712,0.8694762587547302,27.562637329101562,0.15733805298805237,0.01754683628678322,0.7964629530906677,0.028652165085077286
3282,clean,none,0.009741118177771568,0.9869623184204102,37.75767517089844,0.6589411497116089,0.03798207268118858,0.22092069685459137,0.08215609937906265
3283,blur,medium,0.031105410307645798,0.915679931640625,27.076038360595703,0.09668325632810593,0.01219920627772808,0.869208812713623,0.02190876193344593
3284,salt_pepper,high,0.030460407957434654,0.8254906535148621,27.96612548828125,0.044204335659742355,0.857742428779602,0.07106436789035797,0.026988761499524117
3285,clean,none,0.010299019515514374,0.9776665568351746,36.83463668823242,0.6089541912078857,0.0395641028881073,0.2611793577671051,0.09030228853225708
3286,clean,none,0.006964463274925947,0.9911831617355347,40.326011657714844,0.7363549470901489,0.03435668721795082,0.1600928008556366,0.06919562071561813
3287,occlusion,high,0.09139019250869751,0.49344179034233093,18.104053497314453,3.321049007354304e-06,0.0026160902343690395,1.9155530026182532e-05,0.9973614811897278
3288,blur,low,0.03188682720065117,0.8292655348777771,27.466766357421875,0.14541389048099518,0.017002176493406296,0.810652494430542,0.026931462809443474
3289,occlusion,low,0.03263120353221893,0.8626366853713989,25.38677406311035,0.006000250577926636,0.0393938273191452,0.005016974173486233,0.9495889544487
3290,salt_pepper,medium,0.044435422867536545,0.8155585527420044,24.74431037902832,0.03840159252285957,0.8697647452354431,0.06640218943357468,0.025431403890252113
3291,occlusion,medium,0.03980224207043648,0.8066000938415527,24.771669387817383,0.0021325366105884314,0.029523342847824097,0.00197469349950552,0.9663693904876709
3292,occlusion,medium,0.0681757926940918,0.6506962776184082,20.173738479614258,0.0006905089248903096,0.014425217173993587,0.0005753483856096864,0.9843088984489441
3293,clean,none,0.006122499704360962,0.9907864332199097,41.004051208496094,0.826814591884613,0.030994528904557228,0.07658813893795013,0.06560272723436356
3294,salt_pepper,medium,0.04547225683927536,0.8254729509353638,24.230623245239258,0.05003468692302704,0.8363386392593384,0.08239324390888214,0.03123338147997856
3295,clean,none,0.004125028382986784,0.9979736804962158,43.54068374633789,0.8648377656936646,0.026021787896752357,0.056294191628694534,0.05284625291824341
3296,salt_pepper,low,0.0363917350769043,0.8359047770500183,25.837799072265625,0.05214245617389679,0.8348119854927063,0.07816728949546814,0.034878235310316086
3297,occlusion,high,0.0798596441745758,0.6399215459823608,18.995458602905273,3.305533027742058e-05,0.005003655329346657,0.00011909518798347563,0.9948441982269287
3298,clean,none,0.006267977878451347,0.9947618246078491,41.604347229003906,0.7651381492614746,0.028475446626544,0.14750386774539948,0.05888252705335617
3299,salt_pepper,high,0.026194002479314804,0.7282931208610535,27.305696487426758,0.027182430028915405,0.9110829830169678,0.04532909393310547,0.016405422240495682
3300,salt_pepper,medium,0.05584573745727539,0.7504857778549194,22.346343994140625,0.043528515845537186,0.857401430606842,0.07021524012088776,0.028854845091700554
3301,blur,high,0.04485095664858818,0.7872077822685242,24.13156509399414,0.09516802430152893,0.01607983186841011,0.8608593940734863,0.027892781421542168
3302,occlusion,high,0.05331188067793846,0.6018184423446655,22.253204345703125,1.478396006859839e-05,0.0033160196617245674,3.220638245693408e-05,0.9966368675231934
3303,blur,high,0.042141251266002655,0.7547240257263184,24.513195037841797,0.09459534287452698,0.015742221847176552,0.8625154495239258,0.027146996930241585
3304,occlusion,medium,0.040336690843105316,0.7370474338531494,23.964231491088867,0.016444995999336243,0.03886846452951431,0.007035285700112581,0.9376512765884399
3305,salt_pepper,high,0.04144365340471268,0.7540249228477478,23.405702590942383,0.028544960543513298,0.9053403735160828,0.04910493269562721,0.017009755596518517
3306,occlusion,high,0.07990957796573639,0.566650390625,16.92082977294922,0.0006063349428586662,0.010508978739380836,0.0004802705952897668,0.988404393196106
3307,salt_pepper,low,0.033716440200805664,0.7940878868103027,26.374553680419922,0.0263320654630661,0.8977931141853333,0.05521645396947861,0.020658312365412712
3308,occlusion,medium,0.05591884255409241,0.7450901865959167,20.915786743164062,2.448688610456884e-05,0.00952525157481432,9.98184405034408e-05,0.9903504252433777
3309,blur,medium,0.03611353039741516,0.8368288278579712,26.191970825195312,0.09630922973155975,0.01424333918839693,0.8645014762878418,0.024946007877588272
3310,clean,none,0.0033079013228416443,0.9988729357719421,46.741355895996094,0.8921689391136169,0.020544959232211113,0.03527086228132248,0.052015192806720734
3311,salt_pepper,high,0.03649315983057022,0.7515239715576172,25.1146297454834,0.034491512924432755,0.8871507048606873,0.057247407734394073,0.02111038751900196
3312,blur,low,0.04041142761707306,0.8090865015983582,25.011558532714844,0.14762508869171143,0.015354666858911514,0.8135778903961182,0.023442363366484642
3313,clean,none,0.008335627615451813,0.9954886436462402,39.89426040649414,0.8103782534599304,0.029029328376054764,0.10193046927452087,0.058661941438913345
3314,clean,none,0.004594798199832439,0.9990236163139343,45.18116760253906,0.8942127227783203,0.020462995395064354,0.03991193324327469,0.045412298291921616
3315,clean,none,0.021246325224637985,0.9762344360351562,31.27495574951172,0.5935231447219849,0.030680948868393898,0.3194563388824463,0.056339606642723083
3316,blur,high,0.08242383599281311,0.8089014887809753,17.811649322509766,0.0967445969581604,0.012709655798971653,0.8680629730224609,0.022482872009277344
3317,salt_pepper,low,0.04245881363749504,0.755964457988739,24.212841033935547,0.03506765514612198,0.8738250732421875,0.06413695216178894,0.026970384642481804
3318,occlusion,medium,0.053366489708423615,0.8047205805778503,22.394001007080078,1.039033304550685e-05,0.0040144966915249825,5.3785177442478016e-05,0.99592125415802
3319,clean,none,0.004200461320579052,0.998781144618988,44.6809196472168,0.8930618762969971,0.0204024538397789,0.04036761820316315,0.04616798087954521
3320,clean,none,0.010708754882216454,0.9905614852905273,36.68251419067383,0.7494552135467529,0.0312923938035965,0.15860921144485474,0.06064317747950554
3321,salt_pepper,medium,0.030519656836986542,0.8384648561477661,27.233314514160156,0.04208509996533394,0.8613228797912598,0.06993351876735687,0.026658514514565468
3322,blur,medium,0.028348272666335106,0.9171728491783142,28.194778442382812,0.09942802786827087,0.012106220237910748,0.8672800660133362,0.021185697987675667
3323,occlusion,high,0.06470096111297607,0.6703235507011414,19.547712326049805,0.0003211823059245944,0.008616660721600056,0.00048253382556140423,0.9905796647071838
3324,salt_pepper,low,0.021830132231116295,0.9234271049499512,28.012149810791016,0.025018686428666115,0.9065678119659424,0.05037829279899597,0.018035151064395905
3325,salt_pepper,medium,0.029089316725730896,0.8747662901878357,28.46999168395996,0.05435403808951378,0.8268558382987976,0.08517712354660034,0.0336129404604435
3326,salt_pepper,high,0.04415949434041977,0.8355047106742859,24.941612243652344,0.04128410294651985,0.8643287420272827,0.06869165599346161,0.02569548599421978
3327,clean,none,0.0037375790998339653,0.9959813356399536,44.094032287597656,0.8567793965339661,0.031735360622406006,0.033270079642534256,0.07821513712406158
3328,blur,low,0.04807523638010025,0.8894466161727905,22.162683486938477,0.17462603747844696,0.028034573420882225,0.7527095079421997,0.04462991654872894
3329,salt_pepper,low,0.037734031677246094,0.8476366996765137,25.871997833251953,0.05210709571838379,0.8335173726081848,0.08139409124851227,0.03298143297433853
3330,blur,high,0.04328977316617966,0.7780689597129822,24.395837783813477,0.09401340037584305,0.013357643038034439,0.8684987425804138,0.024130268022418022
3331,blur,high,0.023750923573970795,0.8637711405754089,29.33487319946289,0.09587578475475311,0.013618292286992073,0.8667399287223816,0.02376594766974449
3332,salt_pepper,medium,0.029013564810156822,0.882938027381897,27.932193756103516,0.03836387023329735,0.8708544969558716,0.06619855016469955,0.0245829951018095
3333,salt_pepper,medium,0.036791976541280746,0.8232759833335876,25.395885467529297,0.026504769921302795,0.9074578285217285,0.04943522438406944,0.01660221442580223
3334,clean,none,0.005462694447487593,0.9684915542602539,41.591407775878906,0.7796421647071838,0.0359363928437233,0.07934847474098206,0.10507296770811081
3335,occlusion,low,0.05947374552488327,0.7728449106216431,20.153446197509766,0.04934720695018768,0.0684371069073677,0.010834711603820324,0.8713809847831726
3336,clean,none,0.003474748693406582,0.9992653727531433,44.916603088378906,0.9280163645744324,0.018311258405447006,0.016054345294833183,0.03761808201670647
3337,clean,none,0.004496084060519934,0.9987359046936035,43.87482452392578,0.9046581983566284,0.02193002961575985,0.030866757035255432,0.042544957250356674
3338,clean,none,0.014624005183577538,0.9945201873779297,35.45383071899414,0.8256794810295105,0.030245745554566383,0.06197443976998329,0.08210032433271408
3339,occlusion,high,0.07016590237617493,0.7212585210800171,18.74885368347168,1.7907800042848976e-07,0.0007511923904530704,1.795648131519556e-06,0.9992468357086182
3340,salt_pepper,low,0.032311588525772095,0.8925513029098511,26.893264770507812,0.04786941036581993,0.8419080972671509,0.07915495336055756,0.03106759674847126
3341,occlusion,low,0.03552514314651489,0.845350444316864,25.51853370666504,0.006450250279158354,0.030003368854522705,0.0070609948597848415,0.9564853310585022
3342,clean,none,0.009748484939336777,0.9737445116043091,36.7690315246582,0.7310804128646851,0.04043453931808472,0.13884314894676208,0.08964186906814575
3343,occlusion,medium,0.05786987394094467,0.751985490322113,16.717994689941406,0.00044476069160737097,0.01226260606199503,0.00038835135637782514,0.9869043231010437
3344,salt_pepper,medium,0.04791256785392761,0.7373237609863281,22.238523483276367,0.03248664364218712,0.8886542320251465,0.05797301232814789,0.020886074751615524
3345,occlusion,medium,0.046852897852659225,0.7815014719963074,21.169639587402344,3.9920007111504674e-05,0.005435239523649216,0.00018248611013405025,0.9943423271179199
3346,clean,none,0.01421310007572174,0.9807184934616089,33.29409408569336,0.6316375732421875,0.043970223516225815,0.22695772349834442,0.09743447601795197
3347,clean,none,0.021833201870322227,0.988483190536499,32.179473876953125,0.676824688911438,0.03316417336463928,0.20636104047298431,0.08365006744861603
3348,salt_pepper,low,0.051515351980924606,0.7591559290885925,22.08706283569336,0.03430873528122902,0.8793855309486389,0.061591822654008865,0.024713914841413498
3349,salt_pepper,high,0.047436684370040894,0.8337641954421997,23.03603172302246,0.035077158361673355,0.8827993869781494,0.06082936003804207,0.021294012665748596
3350,occlusion,medium,0.04000098258256912,0.8019725680351257,24.701814651489258,0.10519963502883911,0.06400103121995926,0.028153805062174797,0.8026455640792847
3351,blur,high,0.039444826543331146,0.8269623517990112,24.867279052734375,0.09635835140943527,0.012854565866291523,0.8677399754524231,0.02304707281291485
3352,clean,none,0.004263421054929495,0.996551513671875,43.9759635925293,0.8176158666610718,0.02784748561680317,0.09771363437175751,0.05682303011417389
3353,salt_pepper,high,0.030130460858345032,0.842303454875946,26.5626220703125,0.033091768622398376,0.8921991586685181,0.055192217230796814,0.01951690763235092
3354,clean,none,0.0037131253629922867,0.9921585917472839,44.710968017578125,0.8374436497688293,0.02757938951253891,0.04811369627714157,0.08686330169439316
3355,blur,high,0.061245791614055634,0.843665599822998,22.015277862548828,0.09122190624475479,0.01550496555864811,0.8644054532051086,0.028867725282907486
3356,salt_pepper,high,0.02993858978152275,0.8547899127006531,27.363510131835938,0.045918598771095276,0.852912187576294,0.0728539228439331,0.028315244242548943
3357,salt_pepper,high,0.04915647953748703,0.8016198873519897,23.221511840820312,0.03060263581573963,0.9014474749565125,0.04907051473855972,0.018879374489188194
3358,salt_pepper,medium,0.030953459441661835,0.8148010969161987,25.96754264831543,0.022192973643541336,0.9203324913978577,0.0428861528635025,0.014588413760066032
3359,salt_pepper,medium,0.03040752187371254,0.7707948088645935,26.41545867919922,0.0328475721180439,0.8865838050842285,0.059284061193466187,0.02128448151051998
3360,occlusion,high,0.04727714881300926,0.7755513191223145,22.127079010009766,9.659067291067913e-05,0.004922263789921999,7.31848631403409e-05,0.9949080348014832
3361,clean,none,0.003892851760610938,0.9987174868583679,45.13982391357422,0.8964955806732178,0.020397791638970375,0.037590574473142624,0.045516081154346466
3362,blur,low,0.025908857583999634,0.8737722635269165,28.80718994140625,0.20389221608638763,0.022902533411979675,0.7370901703834534,0.036115024238824844
3363,salt_pepper,high,0.03665231168270111,0.8280019164085388,25.626707077026367,0.03846825659275055,0.8745744228363037,0.06351938843727112,0.023437991738319397
3364,salt_pepper,medium,0.04553903266787529,0.8525612354278564,22.365541458129883,0.03086017817258835,0.8931465148925781,0.05613912269473076,0.019854126498103142
3365,salt_pepper,low,0.03840683400630951,0.860167384147644,25.401729583740234,0.04040556773543358,0.8658183217048645,0.06686347723007202,0.02691260538995266
3366,clean,none,0.005611329339444637,0.9973496198654175,41.797767639160156,0.8921743631362915,0.02301820181310177,0.037748947739601135,0.04705846682190895
3367,clean,none,0.003558498341590166,0.9983615875244141,45.64204788208008,0.8861166834831238,0.022889062762260437,0.042438846081495285,0.04855544492602348
3368,blur,high,0.03121582232415676,0.7538003921508789,26.729297637939453,0.0813509002327919,0.015225577168166637,0.868319034576416,0.03510451316833496
3369,occlusion,high,0.07233510911464691,0.6040011644363403,19.532466888427734,8.48862255224958e-05,0.008235572837293148,0.00030230983975343406,0.9913772344589233
3370,salt_pepper,high,0.06649419665336609,0.7234930992126465,20.262697219848633,0.0494704432785511,0.8401666879653931,0.07787474989891052,0.03248811140656471
3371,salt_pepper,low,0.032371096312999725,0.9143535494804382,27.26189613342285,0.025681793689727783,0.9000813364982605,0.05543908849358559,0.01879778690636158
3372,clean,none,0.006830441765487194,0.9973107576370239,40.34889602661133,0.895738959312439,0.024854671210050583,0.027110256254673004,0.052296072244644165
3373,blur,high,0.08343549817800522,0.5884848833084106,19.701908111572266,0.08836632966995239,0.013181396760046482,0.875630259513855,0.02282208763062954
3374,salt_pepper,low,0.030726071447134018,0.8117455244064331,26.702342987060547,0.024526286870241165,0.9020416140556335,0.05457674711942673,0.018855374306440353
3375,blur,high,0.034902602434158325,0.750353217124939,26.410442352294922,0.10128205269575119,0.01467826496809721,0.858439564704895,0.02560005709528923
3376,clean,none,0.00561623927205801,0.9972727298736572,41.90536880493164,0.8945320248603821,0.02622055448591709,0.030889058485627174,0.048358332365751266
3377,blur,medium,0.03136637061834335,0.8803582191467285,27.395105361938477,0.09840160608291626,0.012523575685918331,0.866745114326477,0.022329652681946754
3378,blur,medium,0.02387804351747036,0.9527484178543091,29.877460479736328,0.10240424424409866,0.012876460328698158,0.8628077507019043,0.02191160060465336
3379,clean,none,0.00440260162577033,0.996965765953064,43.57673263549805,0.8844218850135803,0.027536680921912193,0.03504141420125961,0.05299993231892586
3380,salt_pepper,low,0.030813302844762802,0.8714184761047363,27.886211395263672,0.04740076884627342,0.84259033203125,0.07978777587413788,0.03022107295691967
3381,clean,none,0.006364780478179455,0.997573733329773,39.037384033203125,0.8866623640060425,0.028327494859695435,0.03051586262881756,0.054494231939315796
3382,clean,none,0.004674270283430815,0.9967397451400757,43.38603591918945,0.8683273196220398,0.027504481375217438,0.048588283360004425,0.05557994917035103
3383,clean,none,0.0029696617275476456,0.9989979267120361,47.383140563964844,0.9113748669624329,0.018527507781982422,0.02935948222875595,0.04073808342218399
3384,occlusion,medium,0.06446151435375214,0.5905784368515015,20.612628936767578,0.004529444966465235,0.030192013829946518,0.001982506364583969,0.9632959961891174
3385,occlusion,high,0.1621094048023224,0.44921135902404785,10.877666473388672,8.914830686990172e-05,0.009105289354920387,0.0003060642920900136,0.9904995560646057
3386,salt_pepper,high,0.04736661911010742,0.7117762565612793,23.61262321472168,0.04136938229203224,0.867260217666626,0.06504391878843307,0.026326488703489304
3387,clean,none,0.005281211342662573,0.9964558482170105,42.73974609375,0.8397454023361206,0.023674825206398964,0.08711346983909607,0.049466297030448914
3388,occlusion,medium,0.07343827933073044,0.6663438081741333,17.657487869262695,0.0003220931685063988,0.027511166408658028,0.000494184554554522,0.9716725945472717
3389,occlusion,low,0.05487970635294914,0.8153741359710693,19.258472442626953,0.5922343730926514,0.06447882950305939,0.037333548069000244,0.3059532642364502
3390,salt_pepper,low,0.08340977132320404,0.6682063937187195,19.44845199584961,0.06454984843730927,0.8020540475845337,0.08977671712636948,0.04361942410469055
3391,blur,medium,0.04119599610567093,0.7350531816482544,24.711721420288086,0.07852958887815475,0.010199738666415215,0.8930235505104065,0.018247133120894432
3392,blur,high,0.07095780223608017,0.4923219084739685,20.892732620239258,0.09080256521701813,0.01263396255671978,0.8726405501365662,0.023922979831695557
3393,clean,none,0.006972757633775473,0.9955731630325317,40.582603454589844,0.8628266453742981,0.03397542983293533,0.03410593420267105,0.06909198313951492
3394,blur,high,0.029738744720816612,0.8434243202209473,27.32154083251953,0.09532606601715088,0.01542242057621479,0.862626850605011,0.026624632999300957
3395,salt_pepper,high,0.03243562579154968,0.846012532711029,26.385799407958984,0.028644276782870293,0.9062312841415405,0.048062633723020554,0.017061786726117134
3396,blur,low,0.03445456549525261,0.7790902853012085,26.787193298339844,0.21940945088863373,0.01806623861193657,0.7341927289962769,0.028331583365797997
3397,occlusion,medium,0.12041284143924713,0.5032519698143005,16.056135177612305,0.013723842799663544,0.04411662369966507,0.012654595077037811,0.9295049905776978
3398,blur,medium,0.048097580671310425,0.8080360889434814,23.132137298583984,0.09173161536455154,0.013628385961055756,0.8710857629776001,0.02355428785085678
3399,salt_pepper,low,0.06721595674753189,0.8181334733963013,20.104768753051758,0.06768529862165451,0.7974695563316345,0.09253232926130295,0.04231281578540802
3400,blur,low,0.06023947149515152,0.7664017081260681,21.732940673828125,0.12701480090618134,0.014858642593026161,0.835660457611084,0.022466082125902176
3401,clean,none,0.004234896972775459,0.998757541179657,44.87630844116211,0.9158868789672852,0.01916590705513954,0.025059103965759277,0.03988808020949364
3402,clean,none,0.008881590329110622,0.9920568466186523,38.26512908935547,0.7950553297996521,0.037963274866342545,0.07179103046655655,0.09519042074680328
3403,salt_pepper,high,0.031238675117492676,0.7927605509757996,27.154972076416016,0.03745977580547333,0.8776835799217224,0.06111452728509903,0.02374221198260784
3404,clean,none,0.001760229468345642,0.9995949268341064,49.45928955078125,0.9401962757110596,0.01705310307443142,0.01141976285725832,0.031330835074186325
3405,occlusion,low,0.07193324714899063,0.720462441444397,19.456485748291016,0.24011126160621643,0.08166629076004028,0.023920174688100815,0.6543022990226746
3406,blur,low,0.028625264763832092,0.9195774793624878,28.4176082611084,0.14234085381031036,0.015986554324626923,0.8151711821556091,0.026501411572098732
3407,occlusion,high,0.0675542801618576,0.6938928365707397,18.345548629760742,7.025877857813612e-05,0.008004792034626007,0.00023712316760793328,0.9916878342628479
3408,salt_pepper,low,0.057412367314100266,0.80170738697052,22.79729461669922,0.06723593920469284,0.8031949996948242,0.08786319941282272,0.041705839335918427
3409,blur,high,0.03759501874446869,0.7934550046920776,25.97858428955078,0.09631500393152237,0.014883359894156456,0.862669825553894,0.026131773367524147
3410,blur,medium,0.046633850783109665,0.8176605105400085,23.3541202545166,0.09608349204063416,0.013244576752185822,0.867673397064209,0.022998500615358353
3411,clean,none,0.008845988661050797,0.9927164316177368,38.805416107177734,0.8495690226554871,0.029949359595775604,0.05865350365638733,0.061828091740608215
3412,salt_pepper,low,0.025730501860380173,0.8963726758956909,25.24091339111328,0.028821201995015144,0.8953689932823181,0.05584527179598808,0.01996462605893612
3413,blur,medium,0.051229190081357956,0.808533787727356,22.444969177246094,0.09402816742658615,0.014711950905621052,0.8651894927024841,0.02607037127017975
3414,occlusion,medium,0.08318701386451721,0.48795005679130554,19.024049758911133,0.011589000932872295,0.03932178020477295,0.0033046009484678507,0.9457846879959106
3415,clean,none,0.005200856830924749,0.9976457953453064,43.10995101928711,0.8350627422332764,0.023421889171004295,0.08910153806209564,0.05241383612155914
3416,clean,none,0.010690468363463879,0.9880741834640503,36.82157897949219,0.7694000601768494,0.034233927726745605,0.12829850614070892,0.0680675283074379
3417,clean,none,0.009031398221850395,0.9955105781555176,38.18278503417969,0.7796230316162109,0.028480704873800278,0.12442515045404434,0.06747108697891235
3418,occlusion,high,0.07854005694389343,0.5677272081375122,18.220083236694336,1.998097104660701e-05,0.00340191344730556,6.248644058359787e-05,0.9965156316757202
3419,clean,none,0.009759867563843727,0.996124267578125,37.52739334106445,0.8781444430351257,0.03225409984588623,0.026390373706817627,0.0632110983133316
3420,occlusion,low,0.06918241083621979,0.8373970985412598,17.17732048034668,0.4111732244491577,0.13062918186187744,0.03403376415371895,0.42416390776634216
3421,clean,none,0.00295395590364933,0.9977346658706665,47.35393142700195,0.8734312057495117,0.023772476240992546,0.04540934041142464,0.057387009263038635
3422,occlusion,low,0.051949720829725266,0.7485896944999695,22.25513458251953,0.05629631131887436,0.07679268717765808,0.007196192629635334,0.8597148060798645
3423,salt_pepper,low,0.0444812998175621,0.7284255027770996,24.57265853881836,0.047757916152477264,0.849017858505249,0.07121195644140244,0.032012227922677994
3424,occlusion,medium,0.05432308465242386,0.7050127387046814,21.929279327392578,7.848421955714002e-05,0.007487695664167404,0.00019242770213168114,0.9922415018081665
3425,occlusion,medium,0.07394637167453766,0.6489527225494385,18.986345291137695,0.0010091515723615885,0.020402824506163597,0.001387645723298192,0.9772003293037415
3426,blur,medium,0.05062917619943619,0.6904801726341248,23.38982582092285,0.09910093247890472,0.013999502174556255,0.8625243306159973,0.024375220760703087
3427,blur,high,0.06551625579595566,0.6874406337738037,20.650434494018555,0.09330916404724121,0.01279470045119524,0.8709697723388672,0.022926390171051025
3428,salt_pepper,medium,0.09555261582136154,0.6404576301574707,18.131977081298828,0.08778121322393417,0.7424707412719727,0.11005352437496185,0.05969453975558281
3429,blur,high,0.03494568541646004,0.7922219634056091,25.947589874267578,0.09851159900426865,0.015149069018661976,0.8595482110977173,0.02679116278886795
3430,salt_pepper,medium,0.03947767615318298,0.6716756820678711,25.171855926513672,0.050172530114650726,0.8360044956207275,0.08077960461378098,0.033043403178453445
3431,salt_pepper,medium,0.05964749678969383,0.8080455660820007,21.89920425415039,0.0590394027531147,0.8183113932609558,0.08434201776981354,0.03830723837018013
3432,salt_pepper,low,0.03332367166876793,0.8928813934326172,27.10631561279297,0.03240390494465828,0.8825868964195251,0.0619855634868145,0.023023659363389015
3433,salt_pepper,low,0.03861778602004051,0.8438982963562012,24.50176429748535,0.04605967178940773,0.8520388603210449,0.0705733522772789,0.03132813796401024
3434,occlusion,medium,0.06776808202266693,0.6716377139091492,19.476184844970703,0.006677176803350449,0.036372628062963486,0.0028009414672851562,0.9541492462158203
3435,clean,none,0.007407709490507841,0.9964889883995056,40.38151168823242,0.8978859186172485,0.028411783277988434,0.021212823688983917,0.0524895042181015
3436,occlusion,low,0.07684829831123352,0.6552201509475708,19.49874496459961,0.021469810977578163,0.06033929064869881,0.006613032892346382,0.9115778207778931
3437,blur,high,0.043403126299381256,0.7983924746513367,24.138315200805664,0.0953654795885086,0.012062703259289265,0.8713515996932983,0.021220194175839424
3438,salt_pepper,low,0.06174526736140251,0.824081301689148,20.866943359375,0.040059518069028854,0.8616095185279846,0.06994495540857315,0.028385985642671585
3439,salt_pepper,medium,0.03714064508676529,0.8276098966598511,25.61318588256836,0.0330180861055851,0.8852006196975708,0.05999608337879181,0.021785279735922813
3440,occlusion,low,0.05201176926493645,0.6901036500930786,22.843708038330078,0.041186098009347916,0.06402301788330078,0.014609290286898613,0.880181610584259
3441,blur,low,0.03641965612769127,0.8082813024520874,25.663270950317383,0.16315394639968872,0.015721505507826805,0.797350287437439,0.023774271830916405
3442,clean,none,0.008745888248085976,0.9952324628829956,38.068511962890625,0.873103678226471,0.02685483545064926,0.04651632532477379,0.053525157272815704
3443,clean,none,0.006688804365694523,0.9971413016319275,40.82578659057617,0.9120554327964783,0.025506572797894478,0.017300881445407867,0.045137155801057816
3444,salt_pepper,low,0.10210181772708893,0.6510095596313477,17.20979881286621,0.13356676697731018,0.7193154096603394,0.08843569457530975,0.05868212506175041
3445,occlusion,low,0.1003049835562706,0.6730383634567261,17.64205551147461,0.1269184947013855,0.06638296693563461,0.04056670144200325,0.7661318182945251
3446,occlusion,medium,0.05461867153644562,0.5521835088729858,22.442644119262695,0.0011084354482591152,0.016128357499837875,0.0005457083461806178,0.9822174906730652
3447,salt_pepper,medium,0.06609617173671722,0.6521676778793335,21.063274383544922,0.06519140303134918,0.7962234616279602,0.09419044852256775,0.044394657015800476
3448,occlusion,high,0.0758100301027298,0.6331750750541687,19.55172348022461,1.94460199054447e-06,0.001884888974018395,9.853320079855621e-06,0.9981032609939575
3449,blur,medium,0.026207204908132553,0.8691269755363464,28.408855438232422,0.08680901676416397,0.016128838062286377,0.8637514114379883,0.03331073001027107
3450,salt_pepper,high,0.07963870465755463,0.5811819434165955,20.044374465942383,0.07221627235412598,0.778454601764679,0.09644746780395508,0.05288169905543327
3451,salt_pepper,medium,0.08872358500957489,0.6795668005943298,18.37016487121582,0.06259073317050934,0.8004682064056396,0.09839382022619247,0.038547247648239136
3452,blur,low,0.041020944714546204,0.8680841326713562,25.03211784362793,0.13010451197624207,0.015243939124047756,0.8299075961112976,0.024743976071476936
3453,blur,medium,0.053508590906858444,0.7869243621826172,23.172603607177734,0.09282013028860092,0.014855430461466312,0.867228090763092,0.02509632520377636
3454,salt_pepper,low,0.03931640833616257,0.8294093012809753,24.871524810791016,0.04191938415169716,0.8582658767700195,0.0686669647693634,0.031147874891757965
3455,occlusion,high,0.08704802393913269,0.6675033569335938,16.996936798095703,1.2340287867118604e-06,0.0015051467344164848,1.0520932846702635e-05,0.9984831213951111
3456,blur,medium,0.06790965795516968,0.7526463270187378,21.101119995117188,0.08621902018785477,0.010787301696836948,0.884326696395874,0.0186670683324337
3457,blur,medium,0.048084989190101624,0.8208065032958984,23.04892349243164,0.09947715699672699,0.01208485011011362,0.8669686913490295,0.02146928757429123
3458,blur,high,0.0747612714767456,0.708663821220398,20.371932983398438,0.08572620898485184,0.011082814075052738,0.8836015462875366,0.019589465111494064
3459,clean,none,0.018368959426879883,0.986430823802948,32.77745819091797,0.7562935948371887,0.02659422531723976,0.15262512862682343,0.064487025141716
3460,clean,none,0.0009119423921220005,0.9998213648796082,54.35390090942383,0.9484350085258484,0.0133154122158885,0.009713283739984035,0.028536232188344002
3461,occlusion,high,0.08477215468883514,0.5211676359176636,17.276914596557617,0.0009956411086022854,0.012899479828774929,0.0009952132822945714,0.9851096868515015
3462,salt_pepper,high,0.04807288572192192,0.7126954793930054,24.002300262451172,0.05820281058549881,0.821445107460022,0.08337251842021942,0.03697962686419487
3463,occlusion,medium,0.09797906875610352,0.4909493923187256,17.33363151550293,0.003983320668339729,0.03348247706890106,0.003155711805447936,0.9593784809112549
3464,blur,low,0.052403371781110764,0.8070888519287109,22.252410888671875,0.16421785950660706,0.0158805213868618,0.7945671677589417,0.025334432721138
3465,blur,medium,0.04006021097302437,0.8053857088088989,25.690004348754883,0.09826579689979553,0.01396616455167532,0.86374831199646,0.02401970513164997
3466,blur,medium,0.04463101550936699,0.8077177405357361,23.81109046936035,0.0921129435300827,0.012089196592569351,0.8745429515838623,0.021255021914839745
3467,blur,medium,0.03874773904681206,0.7780527472496033,23.975183486938477,0.0988539382815361,0.012251289561390877,0.8681663870811462,0.02072831243276596
3468,blur,low,0.03518925979733467,0.9126001596450806,25.611183166503906,0.13757526874542236,0.017192967236042023,0.8184283375740051,0.026803482323884964
3469,occlusion,high,0.04679648205637932,0.6819159388542175,22.561115264892578,9.368950122734532e-05,0.00661929277703166,0.00021350441966205835,0.9930735230445862
3470,blur,medium,0.04318538308143616,0.7650706171989441,24.10421371459961,0.0953812375664711,0.016731806099414825,0.8590723872184753,0.028814559802412987
3471,clean,none,0.0042857094667851925,0.9971201419830322,44.44343185424805,0.8770917654037476,0.02447894960641861,0.048241861164569855,0.050187475979328156
3472,blur,medium,0.06196011230349541,0.6556833982467651,21.331363677978516,0.09764408320188522,0.013665887527167797,0.8647611141204834,0.023928934708237648
3473,blur,high,0.08471610397100449,0.5679246783256531,19.00899314880371,0.08927971124649048,0.013761471956968307,0.8733895421028137,0.023569252341985703
3474,clean,none,0.005201197229325771,0.9956328868865967,42.763710021972656,0.8385323286056519,0.030386634171009064,0.07298845052719116,0.058092620223760605
3475,clean,none,0.004400233738124371,0.9982749223709106,43.94558334350586,0.8995158076286316,0.02672523260116577,0.02384127490222454,0.04991776496171951
3476,blur,high,0.02963084541261196,0.816504180431366,27.890424728393555,0.09395145624876022,0.013349268585443497,0.8681044578552246,0.024594824761152267
3477,occlusion,low,0.04454578459262848,0.6682413816452026,24.557571411132812,0.006922745145857334,0.03810558095574379,0.007893119007349014,0.94707852602005
3478,occlusion,medium,0.08190285414457321,0.6665961146354675,16.635494232177734,0.0016097360057756305,0.01909748464822769,0.0022058840841054916,0.9770869612693787
3479,clean,none,0.003935487009584904,0.9981197714805603,45.72389602661133,0.8706663250923157,0.024234099313616753,0.04556596279144287,0.05953361093997955
3480,occlusion,low,0.03299243375658989,0.8747064471244812,26.64371681213379,0.006626242306083441,0.03477831184864044,0.007356662303209305,0.9512388110160828
3481,occlusion,high,0.06225736439228058,0.622438907623291,20.758541107177734,3.187509946656064e-06,0.0021602397318929434,1.3841014151694253e-05,0.9978227615356445
3482,clean,none,0.00525641068816185,0.9952548742294312,42.79912567138672,0.8172820806503296,0.03012268990278244,0.08247646689414978,0.070118747651577
3483,blur,low,0.045822709798812866,0.7128785848617554,23.74032211303711,0.1658315807580948,0.015560069121420383,0.7956763505935669,0.022931981831789017
3484,blur,high,0.02918078564107418,0.8542072772979736,28.133914947509766,0.10209917277097702,0.013041675090789795,0.8616967797279358,0.023162392899394035
3485,salt_pepper,high,0.05093421787023544,0.7885961532592773,23.3773193359375,0.037054549902677536,0.8787998557090759,0.061167798936367035,0.022977784276008606
3486,occlusion,medium,0.0798686146736145,0.6446815729141235,19.226675033569336,5.8382389397593215e-05,0.005601150449365377,0.00015547835209872574,0.9941850304603577
3487,salt_pepper,medium,0.029883911833167076,0.9251399040222168,28.77652359008789,0.026792773976922035,0.9060815572738647,0.05025384947657585,0.016871744766831398
3488,clean,none,0.013197562657296658,0.9898597598075867,33.329952239990234,0.7649883031845093,0.042925380170345306,0.12239456921815872,0.06969171017408371
3489,blur,medium,0.035833340138196945,0.8150272369384766,25.303630828857422,0.10090586543083191,0.012535257264971733,0.8640172481536865,0.022541670128703117
3490,blur,medium,0.059660326689481735,0.6916198134422302,21.77076530456543,0.08926254510879517,0.012811378575861454,0.8763388395309448,0.021587204188108444
3491,blur,high,0.03827735409140587,0.7177798748016357,25.424516677856445,0.09823354333639145,0.012971660122275352,0.865488588809967,0.02330619841814041
3492,occlusion,medium,0.03878873586654663,0.7297481894493103,24.03481674194336,0.03351140022277832,0.057717204093933105,0.02161725051701069,0.8871541023254395
3493,occlusion,medium,0.05100489780306816,0.6887482404708862,22.028549194335938,0.0005246045766398311,0.024574823677539825,0.0005760524654760957,0.9743245244026184
3494,occlusion,low,0.05388566851615906,0.756759762763977,21.286230087280273,0.12454859912395477,0.09947115182876587,0.023437166586518288,0.7525431513786316
3495,salt_pepper,high,0.031055843457579613,0.7973656058311462,27.53199005126953,0.046556320041418076,0.8523831963539124,0.07146525382995605,0.02959519810974598
3496,blur,high,0.042522333562374115,0.788116455078125,24.33792495727539,0.09316086024045944,0.012934272177517414,0.8707758784294128,0.023128991946578026
3497,blur,low,0.03991715982556343,0.7771012187004089,25.715829849243164,0.16077162325382233,0.01607542298734188,0.796805739402771,0.026347201317548752
3498,clean,none,0.0057779764756560326,0.9966187477111816,42.416526794433594,0.8860622048377991,0.024022113531827927,0.035500671714544296,0.05441500246524811
3499,salt_pepper,low,0.026979807764291763,0.8860030174255371,28.874488830566406,0.046349454671144485,0.8477363586425781,0.07469677925109863,0.031217483803629875
3500,blur,high,0.044968198984861374,0.7823306918144226,23.41935157775879,0.09263928234577179,0.011904086917638779,0.874009370803833,0.021447258070111275
3501,occlusion,high,0.04434352368116379,0.7039090394973755,24.977771759033203,1.677254658716265e-05,0.0035913772881031036,4.2942308937199414e-05,0.9963488578796387
3502,blur,medium,0.023897303268313408,0.8726343512535095,29.762365341186523,0.1054401695728302,0.012742521241307259,0.8591635227203369,0.022653784602880478
3503,salt_pepper,medium,0.04468938708305359,0.7443963289260864,24.148256301879883,0.050021279603242874,0.8368278741836548,0.0808115005493164,0.03233928978443146
3504,occlusion,high,0.086612269282341,0.3822070360183716,17.380271911621094,8.635222184238955e-05,0.008075985126197338,0.00013092537119518965,0.9917067289352417
3505,blur,high,0.07593735307455063,0.5873596668243408,19.942811965942383,0.08901572227478027,0.012905003502964973,0.875209629535675,0.022869594395160675
3506,occlusion,high,0.06248171627521515,0.6489718556404114,19.892864227294922,0.0006240967195481062,0.019891688600182533,0.0013082558289170265,0.9781760573387146
3507,occlusion,low,0.058123957365751266,0.7043561935424805,21.828598022460938,0.14521116018295288,0.0901884064078331,0.028871716931462288,0.7357286810874939
3508,occlusion,medium,0.07264144718647003,0.6089028120040894,19.926633834838867,0.006439062766730785,0.05322872847318649,0.012152534909546375,0.9281797409057617
3509,blur,medium,0.06183541938662529,0.5949205756187439,21.80049705505371,0.09652585536241531,0.013663029298186302,0.8662163615226746,0.023594742640852928
3510,salt_pepper,medium,0.06236223503947258,0.6945579051971436,21.961570739746094,0.03599559888243675,0.8755902051925659,0.06466498970985413,0.023749250918626785
3511,blur,low,0.028662901371717453,0.8688713908195496,27.229955673217773,0.1364089548587799,0.019111134111881256,0.8141732811927795,0.030306585133075714
3512,salt_pepper,low,0.02860068343579769,0.845073938369751,28.184900283813477,0.04622894898056984,0.8445728421211243,0.07686121761798859,0.03233698382973671
3513,clean,none,0.00599607964977622,0.996529757976532,41.853904724121094,0.8744916915893555,0.030379820615053177,0.03615910932421684,0.058969415724277496
3514,occlusion,high,0.04919523745775223,0.6848143339157104,21.96319580078125,0.002582941669970751,0.020471103489398956,0.002306860638782382,0.9746391177177429
3515,blur,high,0.05240713804960251,0.6995109915733337,22.35873794555664,0.09731817245483398,0.014518956653773785,0.862215518951416,0.025947343558073044
3516,occlusion,low,0.0349421501159668,0.8316344022750854,24.778461456298828,0.10473565012216568,0.08070965856313705,0.03378034755587578,0.7807744145393372
3517,occlusion,medium,0.05176438018679619,0.7465676069259644,21.734909057617188,0.0007781956228427589,0.017080586403608322,0.001676006126217544,0.9804651737213135
3518,salt_pepper,medium,0.049308426678180695,0.7725038528442383,23.174636840820312,0.04209740832448006,0.8610225915908813,0.07040384411811829,0.0264761820435524
3519,salt_pepper,low,0.044817835092544556,0.7209946513175964,24.199438095092773,0.044765327125787735,0.8486970067024231,0.075752854347229,0.03078478015959263
3520,clean,none,0.007191932760179043,0.9946810603141785,40.25355529785156,0.8765513896942139,0.03135162964463234,0.032747894525527954,0.05934903770685196
3521,salt_pepper,high,0.03692416101694107,0.7797183394432068,25.876060485839844,0.041359640657901764,0.8655837178230286,0.06692177057266235,0.02613488771021366
3522,occlusion,high,0.05003603547811508,0.689473032951355,21.048812866210938,0.0007441712077707052,0.012830235064029694,0.0010518584167584777,0.9853737354278564
3523,blur,high,0.05916095897555351,0.7518558502197266,22.364471435546875,0.09091666340827942,0.013829031959176064,0.8708646297454834,0.024389734491705894
3524,occlusion,low,0.05075662583112717,0.6666157245635986,22.925607681274414,0.012635555118322372,0.03530047833919525,0.0062733907252550125,0.9457905292510986
3525,clean,none,0.005969882942736149,0.9921292662620544,41.757999420166016,0.781571090221405,0.02845843695104122,0.13202974200248718,0.05794072896242142
3526,clean,none,0.018037330359220505,0.9822449684143066,32.753929138183594,0.7536147832870483,0.03392335772514343,0.1473430097103119,0.06511885672807693
3527,occlusion,low,0.036584269255399704,0.7782475352287292,24.954757690429688,0.019060911610722542,0.05362141132354736,0.010619964450597763,0.9166976809501648
3528,clean,none,0.0058387890458106995,0.9931671023368835,42.020118713378906,0.7700826525688171,0.03133269399404526,0.1335323303937912,0.06505227833986282
3529,occlusion,low,0.05772635340690613,0.7456279993057251,20.064796447753906,0.3239520192146301,0.09588321298360825,0.04167906194925308,0.5384857058525085
3530,salt_pepper,medium,0.0694802924990654,0.6498581767082214,20.872730255126953,0.058536428958177567,0.8178632259368896,0.08483661711215973,0.03876367583870888
3531,occlusion,low,0.033888187259435654,0.7302133440971375,25.079635620117188,0.008565524592995644,0.026901543140411377,0.004230979830026627,0.9603020548820496
3532,salt_pepper,medium,0.032287344336509705,0.8652714490890503,26.935636520385742,0.047174833714962006,0.845499575138092,0.07733596861362457,0.029989605769515038
3533,clean,none,0.008951356634497643,0.9725770950317383,38.96804428100586,0.8881977200508118,0.023656824603676796,0.024373652413487434,0.06377176195383072
3534,clean,none,0.004846598953008652,0.997002124786377,43.38136672973633,0.7945358753204346,0.031726084649562836,0.09964308142662048,0.0740949809551239
3535,salt_pepper,high,0.03580281138420105,0.8062219619750977,25.6728515625,0.036108773201704025,0.8836108446121216,0.0583236925303936,0.02195672132074833
3536,blur,medium,0.07130283117294312,0.6544958353042603,20.70862579345703,0.08911354094743729,0.014300411567091942,0.8722700476646423,0.02431592158973217
3537,blur,low,0.03353577107191086,0.8144959211349487,25.980422973632812,0.2070496678352356,0.02378172241151333,0.7328266501426697,0.03634193167090416
3538,occlusion,low,0.08460569381713867,0.5760462284088135,18.660905838012695,0.05780273675918579,0.09249035269021988,0.01389123871922493,0.8358156681060791
3539,blur,high,0.07685598731040955,0.6101940870285034,20.09537696838379,0.08796290308237076,0.012913375161588192,0.8759791254997253,0.023144667968153954
3540,blur,low,0.04050702601671219,0.7601630091667175,25.537689208984375,0.1236359030008316,0.015269570052623749,0.8383888006210327,0.022705715149641037
3541,blur,high,0.0581180602312088,0.6700904369354248,21.647111892700195,0.09372076392173767,0.013726991601288319,0.8682227730751038,0.024329394102096558
3542,occlusion,medium,0.04348760098218918,0.7167576551437378,22.863502502441406,0.00012207214604131877,0.00592244416475296,0.00013675866648554802,0.9938187003135681
3543,clean,none,0.011767109856009483,0.9877740740776062,36.054039001464844,0.7202469706535339,0.03139996901154518,0.1868779957294464,0.06147504970431328
3544,salt_pepper,low,0.0471244715154171,0.7870215773582458,23.754060745239258,0.04557047784328461,0.8457577228546143,0.0773778110742569,0.031294021755456924
3545,clean,none,0.006889242213219404,0.9958477020263672,39.430816650390625,0.858056366443634,0.03125109523534775,0.04832550138235092,0.06236708164215088
3546,clean,none,0.005616660229861736,0.9972466230392456,41.69599151611328,0.8612813353538513,0.026130352169275284,0.059196606278419495,0.05339174345135689
3547,occlusion,medium,0.05401558801531792,0.6883666515350342,22.03754234313965,0.004422962665557861,0.05377279222011566,0.0034963262733072042,0.9383078217506409
3548,salt_pepper,low,0.031136952340602875,0.822310209274292,27.227519989013672,0.04526247829198837,0.8483466506004333,0.07618612796068192,0.030204787850379944
3549,clean,none,0.006510777398943901,0.9742311835289001,40.91190719604492,0.9018238186836243,0.026464946568012238,0.026561066508293152,0.04515022784471512
3550,clean,none,0.00750909885391593,0.9944073557853699,39.895389556884766,0.874423086643219,0.032841846346855164,0.02233472280204296,0.07040029764175415
3551,blur,low,0.057150498032569885,0.7576702833175659,21.048538208007812,0.10548083484172821,0.014454677700996399,0.8559721112251282,0.02409239485859871
3552,salt_pepper,low,0.04630652070045471,0.782293438911438,22.50432777404785,0.05776488780975342,0.8288073539733887,0.07531724125146866,0.038110487163066864
3553,blur,low,0.040707267820835114,0.8429026007652283,24.705978393554688,0.12884940207004547,0.018129762262105942,0.8249363899230957,0.028084442019462585
3554,blur,low,0.11521198600530624,0.6230752468109131,15.505370140075684,0.10834339261054993,0.014382273890078068,0.854850709438324,0.02242365851998329
3555,salt_pepper,high,0.049603693187236786,0.6956131458282471,23.264429092407227,0.05042220652103424,0.8371261954307556,0.08033916354179382,0.03211243450641632
3556,salt_pepper,medium,0.030690010637044907,0.8262566924095154,27.458696365356445,0.047308072447776794,0.8436556458473206,0.0783185064792633,0.030717752873897552
3557,occlusion,high,0.05449536442756653,0.6821596026420593,21.148040771484375,3.229308276786469e-05,0.006031186319887638,0.0001659130648477003,0.9937706589698792
3558,clean,none,0.006064225919544697,0.9967942237854004,41.484825134277344,0.8923198580741882,0.02901187539100647,0.024158094078302383,0.054510120302438736
3559,salt_pepper,low,0.06536059081554413,0.7625658512115479,20.344114303588867,0.04805596545338631,0.839789867401123,0.08214771002531052,0.030006518587470055
3560,occlusion,high,0.07462237775325775,0.5652783513069153,19.9312744140625,0.0005169670330360532,0.011276409029960632,0.0005324368248693645,0.9876741766929626
3561,salt_pepper,high,0.03827882558107376,0.7746556997299194,25.717649459838867,0.04813269525766373,0.8458225727081299,0.0764717385172844,0.029573000967502594
3562,occlusion,low,0.0546393059194088,0.7439152598381042,20.56381607055664,0.08382557332515717,0.08783634006977081,0.02181050553917885,0.8065276145935059
3563,blur,medium,0.028383081778883934,0.8255865573883057,27.142866134643555,0.1001138687133789,0.012282508425414562,0.8657302856445312,0.021873241290450096
3564,blur,high,0.05861318111419678,0.6753534078598022,21.38498306274414,0.0994013175368309,0.01618081144988537,0.8558861613273621,0.02853172831237316
3565,blur,high,0.028621157631278038,0.7881528735160828,28.023273468017578,0.10241175442934036,0.013742475770413876,0.859693169593811,0.024152608588337898
3566,occlusion,low,0.03223980590701103,0.7886476516723633,25.98806381225586,0.0029906202107667923,0.022938018664717674,0.0034687351435422897,0.9706026315689087
3567,salt_pepper,high,0.03662080690264702,0.7330132722854614,26.222944259643555,0.04639182984828949,0.8535600304603577,0.07131142169237137,0.028736693784594536
3568,clean,none,0.004727962426841259,0.9955832958221436,43.914649963378906,0.8251892328262329,0.022565454244613647,0.10353143513202667,0.048713866621255875
3569,clean,none,0.003859782125800848,0.9986624121665955,45.21623229980469,0.9178206324577332,0.02054768055677414,0.01764584518969059,0.04398585855960846
3570,salt_pepper,medium,0.043106041848659515,0.722176194190979,24.771129608154297,0.052951350808143616,0.8267457485198975,0.08544280380010605,0.034860096871852875
3571,clean,none,0.008239103481173515,0.9931268692016602,39.041446685791016,0.8152774572372437,0.02761301025748253,0.09966930001974106,0.05744028091430664
3572,salt_pepper,high,0.017248524352908134,0.8351801633834839,32.68499755859375,0.04360755532979965,0.8617863655090332,0.06687014549970627,0.027735956013202667
3573,clean,none,0.00963438767939806,0.9946653246879578,37.300601959228516,0.8389594554901123,0.03229307755827904,0.0667855367064476,0.061961911618709564
3574,blur,medium,0.043364327400922775,0.8204411864280701,23.785085678100586,0.10053356736898422,0.012472191825509071,0.8649652004241943,0.022029060870409012
3575,salt_pepper,low,0.06604669988155365,0.7498554587364197,20.82331085205078,0.07218696177005768,0.808763325214386,0.07497218251228333,0.044077541679143906
3576,clean,none,0.010197833180427551,0.9955132007598877,37.24993896484375,0.8783156275749207,0.03124295175075531,0.03137367218732834,0.05906778573989868
3577,salt_pepper,low,0.08418992161750793,0.6644830703735352,19.04974937438965,0.13009436428546906,0.6780399084091187,0.11603294312953949,0.07583276182413101
3578,blur,low,0.03497876971960068,0.796604573726654,26.562978744506836,0.2081526219844818,0.020364755764603615,0.7405381798744202,0.030944399535655975
3579,occlusion,low,0.06010979041457176,0.7467886805534363,21.911317825317383,0.014799749478697777,0.041909754276275635,0.015685588121414185,0.9276049733161926
3580,occlusion,low,0.04897761344909668,0.7670329809188843,23.8113956451416,0.017819609493017197,0.06147157400846481,0.01067587174475193,0.9100329279899597
3581,clean,none,0.0037199007347226143,0.997990071773529,45.68065643310547,0.8970478177070618,0.021849747747182846,0.03548254817724228,0.045619841665029526
3582,clean,none,0.005093063693493605,0.9962164163589478,42.61600112915039,0.8651778697967529,0.02873898297548294,0.04717111587524414,0.058911971747875214
3583,blur,medium,0.03399583697319031,0.8285107612609863,26.700454711914062,0.0959773063659668,0.01644047722220421,0.8581948280334473,0.02938738465309143
3584,clean,none,0.013106442987918854,0.9914975166320801,34.87031555175781,0.8193235397338867,0.03830845281481743,0.06717705726623535,0.07519098371267319
3585,clean,none,0.004014076665043831,0.9977306723594666,42.474525451660156,0.9100117087364197,0.01875999942421913,0.021381787955760956,0.049846529960632324
3586,blur,medium,0.037590377032756805,0.8042805194854736,24.267414093017578,0.0939503088593483,0.013568290509283543,0.8684186339378357,0.024062735959887505
3587,clean,none,0.004235301166772842,0.9980449080467224,44.688621520996094,0.8983206152915955,0.020971348509192467,0.03675655648112297,0.04395146667957306
3588,occlusion,low,0.08083255589008331,0.7198187708854675,17.001935958862305,0.01050680223852396,0.04909462109208107,0.0027189990505576134,0.9376795887947083
3589,blur,high,0.05384531617164612,0.744566798210144,22.341453552246094,0.09757141768932343,0.014791896566748619,0.8613464832305908,0.026290172711014748
3590,clean,none,0.005070284008979797,0.9986984133720398,43.75242614746094,0.916384756565094,0.017825143411755562,0.025113191455602646,0.040676891803741455
3591,blur,low,0.04932604357600212,0.8095284700393677,23.498275756835938,0.12367544323205948,0.015329575166106224,0.837231457233429,0.023763593286275864
3592,occlusion,high,0.06895558536052704,0.5894984006881714,18.127782821655273,0.002027766080573201,0.017136774957180023,0.0008813389576971531,0.9799541234970093
3593,clean,none,0.011637860909104347,0.9951815605163574,36.29864501953125,0.862524151802063,0.03698137030005455,0.0252095814794302,0.07528483867645264
3594,clean,none,0.006802467163652182,0.9971575736999512,40.83480453491211,0.9032689332962036,0.032554157078266144,0.014521061442792416,0.04965589568018913
3595,salt_pepper,high,0.05168209597468376,0.8320598006248474,20.146520614624023,0.029666807502508163,0.8995357155799866,0.05211431160569191,0.018683142960071564
3596,salt_pepper,high,0.051569998264312744,0.7470202445983887,23.36432647705078,0.05139017850160599,0.8338750004768372,0.08056338131427765,0.03417148441076279
3597,salt_pepper,low,0.03925078362226486,0.7922459840774536,25.445465087890625,0.05922532454133034,0.8132567405700684,0.08869150280952454,0.03882639855146408
3598,occlusion,high,0.06630095839500427,0.5846819281578064,19.996227264404297,2.07340872293571e-05,0.005978765431791544,7.402875780826434e-05,0.993926465511322
3599,occlusion,low,0.04414119943976402,0.8162543773651123,23.35951805114746,0.00886291079223156,0.031408682465553284,0.003968376200646162,0.9557600021362305
3600,salt_pepper,medium,0.04645952582359314,0.7618790864944458,24.03693962097168,0.04950687289237976,0.8375608921051025,0.08108780533075333,0.0318443588912487
3601,blur,low,0.034731898456811905,0.8476046323776245,26.669265747070312,0.1144399344921112,0.015281419269740582,0.8462210893630981,0.024057503789663315
3602,blur,low,0.044846586883068085,0.8591265082359314,24.00058937072754,0.1403772234916687,0.014712341129779816,0.8212183117866516,0.023692093789577484
3603,occlusion,low,0.029048651456832886,0.8816765546798706,24.942489624023438,0.4442562460899353,0.08244408667087555,0.1032462790608406,0.37005338072776794
3604,salt_pepper,low,0.03904014080762863,0.827751100063324,25.403507232666016,0.056630320847034454,0.8230971097946167,0.08145619183778763,0.03881644457578659
3605,blur,medium,0.042824260890483856,0.7322661876678467,24.618343353271484,0.0954749658703804,0.01540662907063961,0.8619852662086487,0.027133051306009293
3606,salt_pepper,low,0.045285992324352264,0.7497256994247437,24.11216926574707,0.062286123633384705,0.8106811046600342,0.08789552003145218,0.03913727030158043
3607,salt_pepper,high,0.03907174989581108,0.7581976652145386,25.65640640258789,0.05464986711740494,0.8283985257148743,0.08232270181179047,0.034628890454769135
3608,salt_pepper,low,0.040736474096775055,0.7891658544540405,25.248708724975586,0.054162077605724335,0.8251930475234985,0.08343984186649323,0.03720511496067047
3609,blur,medium,0.04116778448224068,0.7543811202049255,25.240062713623047,0.0962279886007309,0.014928054064512253,0.8625576496124268,0.026286333799362183
3610,occlusion,low,0.04801301285624504,0.7225251197814941,23.597585678100586,0.07507845014333725,0.08841827511787415,0.035490769892930984,0.8010124564170837
3611,blur,low,0.04300636053085327,0.8137776255607605,24.39666748046875,0.15045768022537231,0.0206947959959507,0.7972089648246765,0.031638599932193756
3612,occlusion,medium,0.07288843393325806,0.6111952662467957,18.049657821655273,0.05555354803800583,0.07437509298324585,0.016861720010638237,0.8532096743583679
3613,clean,none,0.0046823835000395775,0.9950547218322754,43.52592086791992,0.8406013250350952,0.028727464377880096,0.07077671587467194,0.05989443510770798
3614,clean,none,0.004637567326426506,0.9963042140007019,42.1577262878418,0.8928483128547668,0.03104158490896225,0.021669942885637283,0.05444025993347168
3615,occlusion,low,0.055693209171295166,0.7306574583053589,21.743267059326172,0.01678267866373062,0.05035177245736122,0.009519272483885288,0.9233463406562805
3616,occlusion,high,0.07836095988750458,0.45222458243370056,17.33796501159668,2.969305387523491e-05,0.004904938396066427,7.158282096497715e-05,0.9949937462806702
3617,occlusion,medium,0.0885586142539978,0.6315788626670837,18.33957290649414,0.0031054653227329254,0.028122462332248688,0.001943642389960587,0.966828465461731
3618,occlusion,medium,0.08475272357463837,0.6286447048187256,17.626115798950195,0.017502207309007645,0.03598727658390999,0.005275700706988573,0.9412347674369812
3619,salt_pepper,low,0.05980053171515465,0.8259395956993103,22.051239013671875,0.06344164162874222,0.8096930384635925,0.08686046302318573,0.040004827082157135
3620,salt_pepper,low,0.05543051287531853,0.7326154112815857,22.334716796875,0.045417752116918564,0.8511950373649597,0.07113596796989441,0.032251231372356415
3621,occlusion,high,0.09042362868785858,0.568920910358429,17.19168472290039,5.121244248584844e-05,0.004534554202109575,0.00012849010818172246,0.99528568983078
3622,salt_pepper,low,0.041249606758356094,0.816402792930603,24.893665313720703,0.049984537065029144,0.8422910571098328,0.07146379351615906,0.03626066818833351
3623,clean,none,0.005746878683567047,0.9970369338989258,41.76445388793945,0.8831878304481506,0.02483844943344593,0.03733307123184204,0.054640695452690125
3624,occlusion,low,0.09262239933013916,0.6840814352035522,17.64269256591797,0.3228793740272522,0.140016108751297,0.045131925493478775,0.49197253584861755
3625,clean,none,0.003414534730836749,0.9987513422966003,46.076080322265625,0.9165985584259033,0.018676700070500374,0.021700769662857056,0.0430239662528038
3626,blur,high,0.03310296684503555,0.7855920195579529,26.47403335571289,0.09848766028881073,0.012995102442800999,0.8651347756385803,0.02338244765996933
3627,occlusion,high,0.055744849145412445,0.6477805376052856,20.479248046875,2.762099029496312e-05,0.0062161339446902275,7.971357263159007e-05,0.993676483631134
3628,blur,low,0.03758955001831055,0.8613197207450867,25.451440811157227,0.13140977919101715,0.0199714545160532,0.8177850842475891,0.030833672732114792
3629,clean,none,0.0047718798741698265,0.9966369867324829,43.59458541870117,0.8759718537330627,0.02278188429772854,0.052415430545806885,0.04883081465959549
3630,occlusion,low,0.0554049126803875,0.7681010961532593,19.851350784301758,0.32460835576057434,0.09859487414360046,0.03834689036011696,0.5384498834609985
3631,clean,none,0.009206159971654415,0.9953690767288208,37.90842819213867,0.8786123991012573,0.028751961886882782,0.0399806909263134,0.0526549406349659
3632,clean,none,0.004166614729911089,0.9979597330093384,44.71185302734375,0.8832007646560669,0.024244021624326706,0.04558655619621277,0.04696867987513542
3633,blur,high,0.04827938228845596,0.7329623103141785,22.906721115112305,0.09940281510353088,0.015060385689139366,0.8577954173088074,0.027741441503167152
3634,blur,high,0.03530058637261391,0.7623023390769958,26.628969192504883,0.10158223658800125,0.013913670554757118,0.8595278263092041,0.024976372718811035
3635,clean,none,0.01487791072577238,0.9896044731140137,34.361141204833984,0.8289191722869873,0.029742678627371788,0.08578140288591385,0.05555679276585579
3636,occlusion,low,0.04812563955783844,0.7010407447814941,22.660728454589844,0.006526531185954809,0.03132516145706177,0.003004219150170684,0.959144115447998
3637,salt_pepper,low,0.053024373948574066,0.7936129570007324,21.865005493164062,0.04188844561576843,0.8621857762336731,0.06672950088977814,0.029196280986070633
3638,blur,high,0.04450539872050285,0.736411988735199,24.185073852539062,0.0984121561050415,0.01499548926949501,0.859994649887085,0.02659768983721733
3639,salt_pepper,high,0.07318690419197083,0.6775722503662109,20.196727752685547,0.052724987268447876,0.8341127634048462,0.07909993082284927,0.03406227007508278
3640,blur,low,0.05152536556124687,0.8286311030387878,23.755590438842773,0.11641264706850052,0.013294670730829239,0.8494275212287903,0.020865177735686302
3641,clean,none,0.004628992639482021,0.9976485967636108,43.541751861572266,0.8832991123199463,0.02470272034406662,0.039931520819664,0.05206663906574249
3642,occlusion,low,0.04445686191320419,0.7677592039108276,23.60161781311035,0.030771443620324135,0.060624271631240845,0.015672286972403526,0.8929319381713867
3643,clean,none,0.004938224796205759,0.9954956769943237,42.914730072021484,0.8270323872566223,0.02361447736620903,0.09445799142122269,0.0548950657248497
3644,salt_pepper,high,0.06877037137746811,0.7335766553878784,21.218250274658203,0.06086830422282219,0.8081239461898804,0.09009556472301483,0.0409122109413147
3645,clean,none,0.005849628709256649,0.9980111122131348,39.40932083129883,0.8835891485214233,0.02412964403629303,0.029812119901180267,0.062469057738780975
3646,occlusion,medium,0.07434413582086563,0.5775824785232544,20.398975372314453,0.05178741365671158,0.06894317269325256,0.03346506878733635,0.8458043336868286
3647,blur,medium,0.051454268395900726,0.7680052518844604,22.091800689697266,0.09346920996904373,0.012352139689028263,0.8720409870147705,0.022137673571705818
3648,occlusion,medium,0.06707194447517395,0.5865321159362793,20.636566162109375,0.017614811658859253,0.041799407452344894,0.006143351085484028,0.934442400932312
3649,blur,high,0.03889715299010277,0.8442439436912537,23.82672119140625,0.09772226214408875,0.013318207114934921,0.8652911186218262,0.023668494075536728
3650,salt_pepper,low,0.03944962099194527,0.7929540872573853,25.03874969482422,0.04175608605146408,0.859104573726654,0.07140445709228516,0.027734797447919846
3651,blur,high,0.06011419743299484,0.5671226382255554,22.12177085876465,0.09028840810060501,0.013571777381002903,0.8719663023948669,0.024173496291041374
3652,occlusion,high,0.0882396548986435,0.546147882938385,17.703664779663086,1.9029977920581587e-05,0.0036883132997900248,3.5220571589889005e-05,0.9962574243545532
3653,clean,none,0.019545532763004303,0.9808018207550049,32.42634201049805,0.7796705961227417,0.03219755366444588,0.12768852710723877,0.06044331192970276
3654,salt_pepper,low,0.03838095813989639,0.7445513606071472,25.467952728271484,0.034529395401477814,0.8795585632324219,0.06187982112169266,0.02403215318918228
3655,salt_pepper,low,0.029114216566085815,0.7958048582077026,27.55925178527832,0.04091114550828934,0.8594039082527161,0.07208356261253357,0.027601333335042
3656,salt_pepper,high,0.059970028698444366,0.6888954639434814,21.92313003540039,0.04529152810573578,0.8567259311676025,0.06947445869445801,0.028508072718977928
3657,occlusion,medium,0.08703827112913132,0.5408756136894226,18.924304962158203,0.06857504695653915,0.08075467497110367,0.03293885663151741,0.8177314400672913
3658,blur,medium,0.05436297878623009,0.7536076307296753,23.082571029663086,0.09426736831665039,0.011876578442752361,0.8727350234985352,0.02112099528312683
3659,clean,none,0.0059406450018286705,0.9971277117729187,41.121192932128906,0.8761160373687744,0.031894292682409286,0.030673647299408913,0.06131601706147194
3660,clean,none,0.006630413234233856,0.9956532716751099,41.03379821777344,0.8593974113464355,0.030220886692404747,0.05098777636885643,0.05939400941133499
3661,salt_pepper,high,0.0864936113357544,0.717099666595459,19.30246925354004,0.04999994859099388,0.8415084481239319,0.07643436640501022,0.032057229429483414
3662,clean,none,0.006346247158944607,0.9934334754943848,41.03651428222656,0.7064971923828125,0.030822930857539177,0.19597652554512024,0.06670334935188293
3663,salt_pepper,high,0.04294947534799576,0.7719749808311462,23.9079647064209,0.0366564616560936,0.8806522488594055,0.059526778757572174,0.02316444367170334
3664,clean,none,0.010778417810797691,0.9935251474380493,36.96862030029297,0.8410680294036865,0.02716500125825405,0.07661155611276627,0.05515545606613159
3665,occlusion,medium,0.07782633602619171,0.590294599533081,19.41932487487793,0.004298682324588299,0.037415195256471634,0.0038319455925375223,0.9544541835784912
3666,clean,none,0.009027712047100067,0.9937586784362793,37.36821365356445,0.8197524547576904,0.05327872931957245,0.0354483425617218,0.09152055531740189
3667,occlusion,high,0.08452437818050385,0.6089736223220825,17.89971160888672,2.0682133254013024e-05,0.006751784589141607,5.613457324216142e-05,0.9931714534759521
3668,occlusion,high,0.0613580159842968,0.6754451990127563,19.364219665527344,2.5151625777652953e-06,0.0019034066936001182,1.659864756220486e-05,0.998077392578125
