idx,type,severity,l1,ssim,psnr
0,clean,none,0.03595830500125885,0.822771430015564,24.93282699584961
1,clean,none,0.026494022458791733,0.8804280161857605,28.095584869384766
2,clean,none,0.03636878356337547,0.8335984945297241,25.466564178466797
3,occlusion,low,0.05099822208285332,0.6701525449752808,22.75200080871582
4,salt_pepper,low,0.022539598867297173,0.8849493265151978,28.660884857177734
5,salt_pepper,high,0.027994845062494278,0.8260273933410645,28.27791976928711
6,salt_pepper,low,0.029508467763662338,0.8963315486907959,26.28941535949707
7,clean,none,0.016055751591920853,0.9179766178131104,32.71212387084961
8,salt_pepper,high,0.031244773417711258,0.8392037153244019,26.071449279785156
9,blur,medium,0.022432241588830948,0.8693129420280457,29.553791046142578
10,blur,low,0.032821930944919586,0.785707950592041,26.075536727905273
11,blur,low,0.027537185698747635,0.8395175933837891,27.78545570373535
12,occlusion,medium,0.05419605225324631,0.7133126258850098,20.70806884765625
13,occlusion,high,0.05472424626350403,0.7032819986343384,19.712852478027344
14,clean,none,0.022869300097227097,0.8826200366020203,29.339019775390625
15,blur,high,0.03896348923444748,0.7421286106109619,25.151870727539062
16,clean,none,0.03491954132914543,0.8449622988700867,25.841644287109375
17,occlusion,low,0.03048856556415558,0.8458003401756287,26.324480056762695
18,clean,none,0.02533859573304653,0.884452223777771,27.422298431396484
19,salt_pepper,high,0.03217063099145889,0.8504205942153931,26.799209594726562
20,blur,high,0.03763367980718613,0.795609712600708,25.08336639404297
21,clean,none,0.02822435460984707,0.8013687133789062,28.185901641845703
22,occlusion,low,0.05520555377006531,0.7177789211273193,21.497838973999023
23,occlusion,low,0.034497227519750595,0.7884528040885925,25.36031723022461
24,occlusion,low,0.04122795909643173,0.719840407371521,24.785125732421875
25,salt_pepper,low,0.020262403413653374,0.9157134890556335,28.899044036865234
26,clean,none,0.028963040560483932,0.8544266223907471,26.88549041748047
27,clean,none,0.04223678633570671,0.788676917552948,24.209232330322266
28,salt_pepper,medium,0.02629036270081997,0.8474091291427612,27.696504592895508
29,clean,none,0.030699333176016808,0.7769618034362793,27.773155212402344
30,salt_pepper,low,0.017910627648234367,0.9365106821060181,30.25548553466797
31,clean,none,0.021461769938468933,0.8590525388717651,28.120254516601562
32,clean,none,0.017833521589636803,0.9122232794761658,30.013063430786133
33,blur,medium,0.02599417231976986,0.8578152656555176,27.829479217529297
34,occlusion,high,0.052932336926460266,0.7330743074417114,21.247512817382812
35,salt_pepper,medium,0.04600175842642784,0.788272500038147,23.73752212524414
36,blur,high,0.04694309085607529,0.7339092493057251,23.451641082763672
37,occlusion,medium,0.0222058966755867,0.8758575320243835,25.334030151367188
38,occlusion,low,0.045974284410476685,0.7447307109832764,23.380414962768555
39,blur,medium,0.027240730822086334,0.863397479057312,26.79912757873535
40,clean,none,0.029210669919848442,0.8811254501342773,26.785459518432617
41,salt_pepper,high,0.02338765189051628,0.8702983260154724,27.904048919677734
42,occlusion,high,0.026746273040771484,0.8317856788635254,25.102426528930664
43,salt_pepper,low,0.022517669945955276,0.8576197028160095,29.978731155395508
44,salt_pepper,high,0.02945968136191368,0.8746911883354187,25.895263671875
45,occlusion,medium,0.03221724554896355,0.7806074619293213,23.832883834838867
46,occlusion,high,0.027939796447753906,0.6902710199356079,25.221458435058594
47,clean,none,0.027642687782645226,0.8363131284713745,27.849620819091797
48,clean,none,0.033281248062849045,0.826713502407074,26.54433250427246
49,salt_pepper,medium,0.021635083481669426,0.8727835416793823,29.809505462646484
50,occlusion,medium,0.02702835202217102,0.8417774438858032,24.64613151550293
51,clean,none,0.027125326916575432,0.8552985191345215,27.96863555908203
52,occlusion,high,0.03382989391684532,0.8223528265953064,23.736751556396484
53,salt_pepper,medium,0.03261822089552879,0.8521196842193604,26.20336151123047
54,clean,none,0.015623669140040874,0.9247546195983887,32.64439010620117
55,salt_pepper,high,0.03957559913396835,0.7403463125228882,24.982011795043945
56,occlusion,high,0.03473125398159027,0.7305662035942078,23.928787231445312
57,salt_pepper,medium,0.052759137004613876,0.7239202260971069,20.732324600219727
58,blur,low,0.021868465468287468,0.8501588106155396,29.37491226196289
59,clean,none,0.05412363260984421,0.6846985816955566,21.884939193725586
60,clean,none,0.04262342303991318,0.8101350665092468,23.394773483276367
61,salt_pepper,low,0.019613072276115417,0.9229769706726074,29.109149932861328
62,blur,high,0.029316863045096397,0.8801174163818359,26.97171974182129
63,blur,medium,0.015572569333016872,0.918371319770813,33.189613342285156
64,salt_pepper,medium,0.03148939833045006,0.8433326482772827,26.41824722290039
65,clean,none,0.01950431987643242,0.8723210096359253,31.00727081298828
66,blur,medium,0.027570832520723343,0.8937419652938843,28.193208694458008
67,clean,none,0.02426212653517723,0.8855621814727783,27.915241241455078
68,clean,none,0.02346224896609783,0.8791469931602478,28.95136070251465
69,clean,none,0.022033318877220154,0.8984925150871277,27.89718246459961
70,blur,medium,0.019128646701574326,0.8823887705802917,30.875051498413086
71,occlusion,low,0.05321188271045685,0.743829607963562,21.065349578857422
72,blur,medium,0.025012081488966942,0.8375893831253052,27.600421905517578
73,occlusion,medium,0.07545381039381027,0.471143901348114,19.255578994750977
74,salt_pepper,high,0.03256961703300476,0.8687757253646851,25.86449432373047
75,blur,low,0.05377089977264404,0.7660381197929382,21.59145164489746
76,occlusion,medium,0.04760202020406723,0.7026636004447937,22.223865509033203
77,salt_pepper,medium,0.021721404045820236,0.9079010486602783,28.357807159423828
78,salt_pepper,high,0.036425381898880005,0.7897865176200867,25.716983795166016
79,blur,high,0.05222954601049423,0.6510173082351685,21.94092559814453
80,salt_pepper,low,0.03211825713515282,0.878636360168457,26.866111755371094
81,salt_pepper,medium,0.0378793403506279,0.8433923721313477,25.274578094482422
82,clean,none,0.03176436945796013,0.8361271619796753,26.299442291259766
83,occlusion,high,0.07417754083871841,0.4945184588432312,18.077547073364258
84,blur,medium,0.0503666028380394,0.6463282108306885,23.136625289916992
85,blur,high,0.049739621579647064,0.7591075897216797,23.04253578186035
86,salt_pepper,high,0.020773349329829216,0.8901380300521851,29.844825744628906
87,occlusion,medium,0.05149075388908386,0.6964432597160339,21.354188919067383
88,salt_pepper,medium,0.02264413796365261,0.900964617729187,28.99993896484375
89,occlusion,medium,0.05031914263963699,0.6892465353012085,21.142200469970703
90,occlusion,high,0.05662824958562851,0.6095107793807983,21.573774337768555
91,salt_pepper,low,0.028247788548469543,0.8665566444396973,26.245712280273438
92,salt_pepper,medium,0.03465035557746887,0.8296744227409363,25.863426208496094
93,occlusion,medium,0.03551430255174637,0.7593662738800049,23.89940071105957
94,occlusion,high,0.051146503537893295,0.6644841432571411,22.070362091064453
95,occlusion,low,0.05336841195821762,0.7103880643844604,20.965930938720703
96,salt_pepper,medium,0.03803637623786926,0.8106259107589722,24.641735076904297
97,blur,high,0.02675021067261696,0.8702062368392944,26.558639526367188
98,clean,none,0.04858525097370148,0.7100698351860046,23.009265899658203
99,occlusion,high,0.08614351600408554,0.5756212472915649,17.16560935974121
100,salt_pepper,medium,0.021396219730377197,0.8916772603988647,29.59946632385254
101,blur,low,0.04201960563659668,0.7184914350509644,24.383869171142578
102,salt_pepper,low,0.029803693294525146,0.851540744304657,27.114810943603516
103,occlusion,low,0.045900531113147736,0.7739518880844116,22.991790771484375
104,salt_pepper,high,0.024394428357481956,0.8779052495956421,28.93947982788086
105,salt_pepper,low,0.02514687180519104,0.8791487216949463,28.84032440185547
106,clean,none,0.03581814095377922,0.851707398891449,25.134191513061523
107,salt_pepper,high,0.0262970682233572,0.8787500262260437,27.234203338623047
108,salt_pepper,high,0.03213879466056824,0.8457009792327881,26.045438766479492
109,salt_pepper,low,0.022694390267133713,0.9166721105575562,29.07282257080078
110,clean,none,0.033218882977962494,0.8618878722190857,25.561925888061523
111,blur,medium,0.01719682477414608,0.9223155975341797,31.40245246887207
112,clean,none,0.030771654099225998,0.8720830678939819,26.317331314086914
113,salt_pepper,high,0.02561490796506405,0.8835951089859009,27.796100616455078
114,blur,high,0.0411183163523674,0.7298702597618103,24.462284088134766
115,salt_pepper,low,0.024267517030239105,0.9237213134765625,27.8066349029541
116,blur,medium,0.025648843497037888,0.8974816203117371,27.982009887695312
117,blur,medium,0.030401915311813354,0.8811256885528564,26.67852020263672
118,occlusion,medium,0.04191596433520317,0.7905822992324829,24.227611541748047
119,occlusion,low,0.0480128638446331,0.7768709659576416,23.0113582611084
120,blur,medium,0.0368196927011013,0.7621413469314575,25.41250991821289
121,salt_pepper,high,0.052930574864149094,0.7010738849639893,22.414100646972656
122,salt_pepper,high,0.021798212081193924,0.9009687304496765,30.029422760009766
123,blur,medium,0.035732120275497437,0.850977897644043,25.803058624267578
124,occlusion,medium,0.05014972388744354,0.7690747976303101,22.135662078857422
125,salt_pepper,medium,0.02525217831134796,0.8931707739830017,27.243776321411133
126,occlusion,medium,0.050634704530239105,0.6770766973495483,23.094865798950195
127,clean,none,0.03410724923014641,0.886807918548584,25.751962661743164
128,occlusion,medium,0.059934817254543304,0.7311688661575317,18.80325698852539
129,clean,none,0.05177691578865051,0.7714852094650269,22.923831939697266
130,salt_pepper,high,0.036232978105545044,0.8471684455871582,25.224103927612305
131,blur,high,0.04644816368818283,0.7169293165206909,23.499269485473633
132,occlusion,medium,0.050270162522792816,0.6879233717918396,22.004222869873047
133,blur,medium,0.04073333367705345,0.7772755026817322,23.9422607421875
134,salt_pepper,medium,0.03899587318301201,0.7537873983383179,24.500484466552734
135,clean,none,0.025272876024246216,0.9177261590957642,28.648130416870117
136,clean,none,0.024130146950483322,0.9168524742126465,28.47327423095703
137,salt_pepper,high,0.043277621269226074,0.7307700514793396,24.15554428100586
138,blur,medium,0.03756051883101463,0.8219727873802185,25.03169059753418
139,occlusion,high,0.05666771158576012,0.6787066459655762,20.41640853881836
140,clean,none,0.031418778002262115,0.8772493600845337,25.977184295654297
141,salt_pepper,high,0.03760407119989395,0.8059746623039246,25.346525192260742
142,clean,none,0.03298800438642502,0.8606661558151245,25.679588317871094
143,blur,low,0.02334253303706646,0.8810280561447144,29.39923858642578
144,blur,medium,0.032642390578985214,0.8603326678276062,25.674531936645508
145,blur,medium,0.03557468578219414,0.7815988063812256,24.891372680664062
146,occlusion,medium,0.05324873328208923,0.685763955116272,20.914459228515625
147,occlusion,medium,0.03712278604507446,0.8192949295043945,24.565780639648438
148,salt_pepper,medium,0.032581232488155365,0.7986329793930054,26.204450607299805
149,blur,low,0.038317859172821045,0.7915463447570801,24.33673095703125
150,blur,high,0.04972956329584122,0.7103201746940613,22.830522537231445
151,salt_pepper,high,0.02585979923605919,0.8937937617301941,27.690217971801758
152,occlusion,low,0.027404820546507835,0.8392642736434937,28.127286911010742
153,salt_pepper,low,0.032345183193683624,0.8521038889884949,26.30784797668457
154,blur,low,0.032127052545547485,0.7664895057678223,25.861351013183594
155,salt_pepper,high,0.03721832484006882,0.8238767385482788,25.64882469177246
156,occlusion,low,0.054954200983047485,0.5949783325195312,21.31483268737793
157,clean,none,0.024099178612232208,0.8444533348083496,29.52101707458496
158,occlusion,medium,0.05181744694709778,0.7239588499069214,20.402545928955078
159,occlusion,low,0.040241539478302,0.7956223487854004,23.09595489501953
160,occlusion,low,0.0499577522277832,0.7337720394134521,21.867115020751953
161,salt_pepper,medium,0.04087314382195473,0.8761386871337891,24.265762329101562
162,clean,none,0.04643984138965607,0.7911311984062195,23.090532302856445
163,blur,medium,0.07524637877941132,0.5490578413009644,20.270702362060547
164,occlusion,medium,0.08414005488157272,0.5347082614898682,18.746112823486328
165,clean,none,0.035525597631931305,0.8283298015594482,25.707965850830078
166,blur,medium,0.0289919376373291,0.871529221534729,26.83439064025879
167,clean,none,0.03245604783296585,0.788475751876831,26.535959243774414
168,blur,low,0.03927476704120636,0.739118754863739,24.9368953704834
169,salt_pepper,high,0.0392846055328846,0.7866527438163757,25.0754337310791
170,blur,medium,0.032188624143600464,0.8723706603050232,26.567947387695312
171,clean,none,0.021040715277194977,0.8656038045883179,30.192277908325195
172,blur,high,0.023325985297560692,0.8455700278282166,28.194658279418945
173,clean,none,0.03347847983241081,0.8680375814437866,25.948535919189453
174,occlusion,medium,0.0561806820333004,0.6496971845626831,19.902036666870117
175,blur,low,0.03958345949649811,0.7240967154502869,25.307601928710938
176,occlusion,high,0.06729088723659515,0.691362738609314,19.525951385498047
177,clean,none,0.042059581726789474,0.614776611328125,24.892642974853516
178,salt_pepper,low,0.029649872332811356,0.869541347026825,26.763151168823242
179,salt_pepper,medium,0.03998227417469025,0.7959088087081909,24.849092483520508
180,salt_pepper,high,0.06227573752403259,0.7474467158317566,20.939903259277344
181,blur,medium,0.028230100870132446,0.8686472773551941,27.22040367126465
182,salt_pepper,low,0.03088494762778282,0.842509925365448,26.744224548339844
183,blur,low,0.036232128739356995,0.7867290377616882,25.98031997680664
184,blur,high,0.03246864676475525,0.8244318962097168,25.8438663482666
185,salt_pepper,low,0.06346338987350464,0.6590976119041443,20.217676162719727
186,salt_pepper,high,0.04232863336801529,0.806313693523407,24.20064926147461
187,clean,none,0.03917919844388962,0.821485698223114,24.871871948242188
188,clean,none,0.05793191120028496,0.6252190470695496,22.054521560668945
189,clean,none,0.03149951994419098,0.9137622117996216,24.713802337646484
190,blur,medium,0.03620690107345581,0.9039549827575684,23.10345458984375
191,blur,high,0.04676690325140953,0.7427664995193481,23.26750946044922
192,blur,medium,0.030600320547819138,0.865259051322937,26.6109619140625
193,blur,medium,0.04518704116344452,0.7793225049972534,23.76620101928711
194,blur,low,0.0451098307967186,0.7658020257949829,23.844776153564453
195,blur,high,0.04257658123970032,0.7548974752426147,24.212871551513672
196,occlusion,high,0.050100114196538925,0.7192298769950867,20.883983612060547
197,occlusion,high,0.06224914640188217,0.7011719942092896,19.47545623779297
198,salt_pepper,high,0.02940521202981472,0.8007259368896484,26.51311683654785
199,salt_pepper,high,0.028480708599090576,0.8725736141204834,27.568941116333008
200,occlusion,high,0.06634937226772308,0.6309790015220642,19.807079315185547
201,clean,none,0.04338432848453522,0.7236082553863525,24.881391525268555
202,blur,low,0.02174900472164154,0.933184027671814,27.65719223022461
203,occlusion,low,0.04539346322417259,0.7646850347518921,23.21693229675293
204,salt_pepper,medium,0.041935034096241,0.7177141904830933,24.607507705688477
205,salt_pepper,high,0.05319244787096977,0.6785687208175659,22.581424713134766
206,occlusion,high,0.05196891725063324,0.623671293258667,21.285856246948242
207,salt_pepper,medium,0.03727138042449951,0.8217112421989441,25.562129974365234
208,salt_pepper,medium,0.027742955833673477,0.8171958327293396,26.834802627563477
209,salt_pepper,low,0.04457947611808777,0.7074477076530457,24.533872604370117
210,clean,none,0.03833329677581787,0.8203374743461609,25.5106143951416
211,blur,low,0.04427829384803772,0.7085272669792175,24.595684051513672
212,occlusion,high,0.05124928057193756,0.6204953193664551,21.107440948486328
213,occlusion,low,0.033576857298612595,0.7950232028961182,25.2913818359375
214,blur,medium,0.03997020050883293,0.7956328392028809,25.282058715820312
215,salt_pepper,high,0.05071002244949341,0.6602988243103027,22.233875274658203
216,clean,none,0.042813342064619064,0.7001729011535645,24.719722747802734
217,salt_pepper,low,0.039467521011829376,0.7720948457717896,24.93060874938965
218,salt_pepper,high,0.04784050211310387,0.6585474610328674,23.845142364501953
219,clean,none,0.055701158940792084,0.6709551215171814,22.350128173828125
220,occlusion,low,0.031415536999702454,0.8459756374359131,25.77227020263672
221,clean,none,0.03243948146700859,0.8157634735107422,26.590320587158203
222,blur,low,0.025644218549132347,0.8625089526176453,27.544086456298828
223,clean,none,0.06404249370098114,0.7095159888267517,21.08478546142578
224,occlusion,low,0.03917625546455383,0.7953361868858337,24.9484920501709
225,clean,none,0.049001432955265045,0.7448325157165527,23.068674087524414
226,occlusion,medium,0.028119122609496117,0.7949199676513672,25.540653228759766
227,salt_pepper,high,0.06987570226192474,0.6924612522125244,20.314102172851562
228,occlusion,medium,0.04105862230062485,0.7197543978691101,23.72665023803711
229,occlusion,low,0.05325927585363388,0.6692661643028259,21.84535026550293
230,clean,none,0.03845813125371933,0.8158979415893555,23.794633865356445
231,blur,high,0.05764425918459892,0.5528924465179443,22.17044448852539
232,salt_pepper,medium,0.04619145393371582,0.7497276663780212,23.360273361206055
233,salt_pepper,high,0.03942330554127693,0.8453428149223328,23.656702041625977
234,blur,high,0.0712386816740036,0.5807952284812927,19.851091384887695
235,blur,high,0.06485380977392197,0.6213903427124023,20.972043991088867
236,occlusion,low,0.02708897553384304,0.8410794138908386,27.770408630371094
237,blur,high,0.03212320804595947,0.7938652038574219,25.220897674560547
238,blur,high,0.047503139823675156,0.6319140195846558,23.426677703857422
239,clean,none,0.06409628689289093,0.6569719314575195,20.833633422851562
240,clean,none,0.043600037693977356,0.7694663405418396,24.11237907409668
241,blur,medium,0.041946977376937866,0.7810099124908447,24.737939834594727
242,occlusion,low,0.0651390552520752,0.6623288989067078,20.078136444091797
243,occlusion,medium,0.04990916699171066,0.7032967805862427,22.44205665588379
244,blur,low,0.0552690289914608,0.7661198377609253,22.517364501953125
245,salt_pepper,low,0.032705314457416534,0.834865927696228,26.275440216064453
246,blur,medium,0.04189981520175934,0.7199907302856445,24.07428741455078
247,blur,low,0.05977298319339752,0.7380375862121582,21.026975631713867
248,salt_pepper,high,0.028995824977755547,0.8560871481895447,26.14618492126465
249,salt_pepper,low,0.03481984883546829,0.8277945518493652,25.46273422241211
250,salt_pepper,medium,0.029730049893260002,0.7686892747879028,27.679615020751953
251,occlusion,medium,0.0567326657474041,0.7667653560638428,20.62109375
252,occlusion,high,0.07665236294269562,0.5819211006164551,18.5535831451416
253,salt_pepper,high,0.033480849117040634,0.8255447149276733,26.727039337158203
254,salt_pepper,low,0.06578873097896576,0.6801103353500366,20.92144775390625
255,clean,none,0.046368833631277084,0.8106920123100281,23.077566146850586
256,salt_pepper,medium,0.03523838520050049,0.8236432075500488,25.716554641723633
257,clean,none,0.037428341805934906,0.79967200756073,25.654848098754883
258,clean,none,0.04561780020594597,0.7630080580711365,23.595943450927734
259,salt_pepper,low,0.035561829805374146,0.7870053052902222,25.942386627197266
260,clean,none,0.032253094017505646,0.7862138748168945,25.850574493408203
261,salt_pepper,low,0.05057978257536888,0.6266907453536987,23.13243865966797
262,occlusion,low,0.05625874921679497,0.7665585875511169,21.566795349121094
263,clean,none,0.055558204650878906,0.7873988151550293,21.887413024902344
264,salt_pepper,low,0.04731763154268265,0.7687806487083435,23.14933967590332
265,clean,none,0.02824382856488228,0.8736547827720642,27.261547088623047
266,salt_pepper,low,0.014951586723327637,0.9623593091964722,32.49641418457031
267,clean,none,0.05212641879916191,0.7838766574859619,22.473134994506836
268,occlusion,medium,0.06466837972402573,0.581393837928772,20.68128204345703
269,occlusion,high,0.05002515763044357,0.6153793334960938,20.73772430419922
270,blur,low,0.06265653669834137,0.7295123338699341,21.010475158691406
271,blur,low,0.046843260526657104,0.8019596934318542,23.58978271484375
272,blur,low,0.05242155119776726,0.7271525263786316,22.695940017700195
273,blur,high,0.0494815818965435,0.689847469329834,23.019065856933594
274,blur,medium,0.0363752618432045,0.7972089052200317,25.952892303466797
275,occlusion,low,0.02980884537100792,0.8131976127624512,26.40874481201172
276,clean,none,0.042259857058525085,0.8001160621643066,24.33345603942871
277,salt_pepper,low,0.03546404093503952,0.8058761954307556,26.048795700073242
278,salt_pepper,high,0.02236541174352169,0.8240371942520142,30.320343017578125
279,salt_pepper,low,0.026403479278087616,0.8428840041160583,28.05944061279297
280,blur,high,0.05941763520240784,0.7649625539779663,20.26604652404785
281,salt_pepper,medium,0.044147662818431854,0.790275514125824,23.894916534423828
282,clean,none,0.03915845602750778,0.8284423351287842,24.703453063964844
283,clean,none,0.03379180654883385,0.841601550579071,26.266170501708984
284,occlusion,medium,0.04385196417570114,0.7769390940666199,21.49142837524414
285,clean,none,0.05430249497294426,0.7084368467330933,22.568635940551758
286,salt_pepper,medium,0.05248033627867699,0.7944802045822144,22.426034927368164
287,salt_pepper,low,0.04354946315288544,0.8258382678031921,20.68321418762207
288,blur,medium,0.02076200768351555,0.8599278926849365,30.373065948486328
289,occlusion,low,0.026176443323493004,0.874618649482727,27.149951934814453
290,blur,medium,0.09022717922925949,0.6576589941978455,17.225997924804688
291,blur,low,0.05573071166872978,0.7291406393051147,22.057815551757812
292,occlusion,low,0.048146240413188934,0.8083503246307373,21.858306884765625
293,salt_pepper,low,0.04088672995567322,0.7489038705825806,24.64573860168457
294,blur,medium,0.06192989647388458,0.6900708079338074,21.251218795776367
295,occlusion,high,0.08809886872768402,0.48804813623428345,16.629240036010742
296,clean,none,0.05882570147514343,0.7803405523300171,21.73507308959961
297,clean,none,0.032272469252347946,0.8923038244247437,26.037662506103516
298,clean,none,0.02948305383324623,0.844312310218811,26.479795455932617
299,salt_pepper,medium,0.030848991125822067,0.8420076370239258,27.2365665435791
300,clean,none,0.02484799176454544,0.9282006621360779,27.51323699951172
301,occlusion,medium,0.07389095425605774,0.7518528699874878,16.907176971435547
302,salt_pepper,low,0.03701041638851166,0.8465355634689331,25.31766700744629
303,blur,low,0.06436251848936081,0.7139854431152344,20.868270874023438
304,clean,none,0.03490687161684036,0.8165109157562256,24.79742431640625
305,clean,none,0.0363701768219471,0.7277660369873047,25.98208999633789
306,salt_pepper,high,0.024180859327316284,0.8675364255905151,28.326114654541016
307,salt_pepper,medium,0.06351850926876068,0.691092848777771,20.8787899017334
308,salt_pepper,high,0.06682039797306061,0.6153566837310791,20.83745765686035
309,blur,medium,0.027421247214078903,0.9242568016052246,27.35902976989746
310,blur,low,0.035750582814216614,0.7872262001037598,25.04673194885254
311,salt_pepper,medium,0.03290364146232605,0.8120176196098328,26.126192092895508
312,salt_pepper,low,0.02699088305234909,0.8701927065849304,28.201181411743164
313,salt_pepper,low,0.02567484974861145,0.8938807249069214,28.02316665649414
314,clean,none,0.021853556856513023,0.929343581199646,28.528305053710938
315,occlusion,high,0.08043219149112701,0.6679292917251587,16.347679138183594
316,blur,low,0.031388603150844574,0.7873386144638062,26.88341522216797
317,salt_pepper,high,0.03562338650226593,0.7566949129104614,26.334733963012695
318,salt_pepper,medium,0.05084376037120819,0.8648536205291748,19.992372512817383
319,occlusion,low,0.0389881432056427,0.8077820539474487,23.328201293945312
320,clean,none,0.038703836500644684,0.8235551118850708,25.263141632080078
321,blur,high,0.043480657041072845,0.7681313753128052,23.91900634765625
322,salt_pepper,high,0.04294547438621521,0.7288934588432312,23.607704162597656
323,blur,medium,0.043614111840724945,0.6173361539840698,24.591480255126953
324,salt_pepper,medium,0.046200256794691086,0.7974202632904053,23.479019165039062
325,blur,low,0.05124080926179886,0.6971558332443237,23.072769165039062
326,salt_pepper,low,0.04414018988609314,0.7600495219230652,23.268184661865234
327,clean,none,0.029423046857118607,0.8531206846237183,27.438478469848633
328,blur,high,0.024756398051977158,0.8281948566436768,28.46103858947754
329,salt_pepper,medium,0.044347476214170456,0.7468899488449097,23.723262786865234
330,clean,none,0.03539785370230675,0.8664149045944214,25.696529388427734
331,clean,none,0.039333440363407135,0.7285270690917969,25.222749710083008
332,salt_pepper,high,0.03885737061500549,0.8499345779418945,25.395488739013672
333,clean,none,0.04898498207330704,0.7667543888092041,22.716371536254883
334,occlusion,medium,0.05409759283065796,0.723701000213623,20.98487663269043
335,occlusion,high,0.09240156412124634,0.6383404731750488,15.4180326461792
336,salt_pepper,medium,0.06561866402626038,0.5706952810287476,20.994033813476562
337,blur,high,0.05196959525346756,0.7159990072250366,22.720237731933594
338,occlusion,low,0.03568747267127037,0.7121948003768921,26.020851135253906
339,blur,medium,0.02998332679271698,0.8254579305648804,27.09602165222168
340,occlusion,medium,0.05938871204853058,0.7032829523086548,19.874807357788086
341,salt_pepper,low,0.04071016237139702,0.7086912393569946,25.200288772583008
342,salt_pepper,medium,0.026307687163352966,0.8175982236862183,27.11993408203125
343,blur,high,0.051310937851667404,0.7445398569107056,22.87115478515625
344,clean,none,0.03164052218198776,0.871667742729187,26.38934898376465
345,clean,none,0.043904952704906464,0.7019731998443604,24.586227416992188
346,occlusion,high,0.06571529805660248,0.651430606842041,18.89532470703125
347,blur,low,0.043766558170318604,0.7700235247612,23.88245391845703
348,clean,none,0.02974986843764782,0.8181716799736023,26.938827514648438
349,blur,medium,0.029498664662241936,0.7829289436340332,27.211105346679688
350,clean,none,0.025277704000473022,0.8741747736930847,28.597515106201172
351,occlusion,medium,0.06183462589979172,0.6770793795585632,19.305761337280273
352,salt_pepper,medium,0.03099721670150757,0.8364219665527344,26.903268814086914
353,salt_pepper,high,0.045586537569761276,0.7525453567504883,23.774402618408203
354,blur,low,0.03112681768834591,0.8078851699829102,26.688602447509766
355,clean,none,0.05728644132614136,0.5910131335258484,21.962120056152344
356,clean,none,0.03601552173495293,0.7662197351455688,25.268335342407227
357,occlusion,low,0.05891553312540054,0.6583651304244995,20.038969039916992
358,clean,none,0.04148171842098236,0.7441694140434265,24.572681427001953
359,blur,medium,0.03821703419089317,0.83063143491745,24.984127044677734
360,salt_pepper,medium,0.028624100610613823,0.8354515433311462,27.021255493164062
361,blur,medium,0.0480266809463501,0.7682141661643982,23.250246047973633
362,occlusion,low,0.028892572969198227,0.8875961303710938,23.969867706298828
363,occlusion,low,0.05899128317832947,0.6254693865776062,21.048194885253906
364,salt_pepper,high,0.02408847212791443,0.8640572428703308,28.678173065185547
365,occlusion,low,0.05953056365251541,0.7274383902549744,20.849727630615234
366,salt_pepper,high,0.03992413356900215,0.7822348475456238,24.535619735717773
367,blur,medium,0.03551538288593292,0.8287467956542969,25.43353843688965
368,occlusion,medium,0.04709784686565399,0.7911276817321777,20.608116149902344
369,occlusion,high,0.0767776295542717,0.5336307287216187,19.09467887878418
370,clean,none,0.06140436232089996,0.6610238552093506,21.829015731811523
371,occlusion,low,0.07904723286628723,0.49085694551467896,19.6201114654541
372,occlusion,low,0.02645949088037014,0.8807289004325867,26.075336456298828
373,occlusion,high,0.08232501149177551,0.5763913989067078,16.814224243164062
374,occlusion,low,0.05733714625239372,0.6053544282913208,21.83668327331543
375,salt_pepper,high,0.025121813639998436,0.8609029650688171,28.166683197021484
376,occlusion,low,0.055621206760406494,0.7865277528762817,20.202640533447266
377,blur,high,0.039802342653274536,0.82747882604599,24.69121551513672
378,salt_pepper,high,0.03642769902944565,0.8084704279899597,25.502742767333984
379,blur,low,0.025362400338053703,0.8856284618377686,28.19369125366211
380,salt_pepper,medium,0.027899442240595818,0.8210328817367554,27.110689163208008
381,salt_pepper,medium,0.027961716055870056,0.8207006454467773,27.39892578125
382,occlusion,low,0.029086943715810776,0.8367911577224731,26.338415145874023
383,clean,none,0.03666764870285988,0.8835552930831909,25.50084114074707
384,occlusion,low,0.023377545177936554,0.9052874445915222,26.83499526977539
385,occlusion,low,0.0533781573176384,0.7758311629295349,21.262224197387695
386,clean,none,0.021345622837543488,0.8683475255966187,29.8433837890625
387,clean,none,0.043943047523498535,0.7318631410598755,23.605426788330078
388,clean,none,0.040191493928432465,0.841952919960022,24.445905685424805
389,blur,high,0.056629955768585205,0.6179656386375427,21.911388397216797
390,clean,none,0.04934109374880791,0.6784919500350952,23.7965030670166
391,blur,low,0.040479741990566254,0.6904330253601074,25.403156280517578
392,salt_pepper,high,0.04771600663661957,0.725206732749939,23.583309173583984
393,clean,none,0.04188435897231102,0.805432915687561,24.930116653442383
394,salt_pepper,high,0.028642011806368828,0.8624536991119385,27.15534019470215
395,occlusion,low,0.02547430619597435,0.8664728999137878,25.825193405151367
396,occlusion,medium,0.06514645367860794,0.682227611541748,19.922176361083984
397,blur,high,0.05660925433039665,0.6572242975234985,22.189905166625977
398,occlusion,high,0.0785827562212944,0.6434046626091003,16.338756561279297
399,occlusion,medium,0.049128156155347824,0.757387638092041,21.841995239257812
400,clean,none,0.037449147552251816,0.8797664046287537,24.960865020751953
401,blur,low,0.041461799293756485,0.7501232624053955,24.696256637573242
402,blur,medium,0.029135093092918396,0.8920854330062866,27.16005516052246
403,salt_pepper,high,0.020470045506954193,0.9124554395675659,29.85882568359375
404,salt_pepper,low,0.051544494926929474,0.8698991537094116,23.45230484008789
405,occlusion,medium,0.04525221884250641,0.7905208468437195,20.899534225463867
406,blur,high,0.05137339234352112,0.6254919767379761,22.921846389770508
407,blur,high,0.05260772630572319,0.7014541029930115,22.079744338989258
408,clean,none,0.03646591305732727,0.8378283977508545,24.993507385253906
409,blur,medium,0.021448269486427307,0.9232591390609741,29.66010284423828
410,blur,high,0.042909473180770874,0.8171600103378296,23.772829055786133
411,clean,none,0.028394605964422226,0.9085440635681152,26.063365936279297
412,occlusion,high,0.10364057868719101,0.6229867935180664,14.315213203430176
413,salt_pepper,medium,0.03871076554059982,0.8230751752853394,25.094682693481445
414,clean,none,0.080548495054245,0.49458572268486023,19.101118087768555
415,clean,none,0.06699494272470474,0.5779238343238831,21.028446197509766
416,blur,low,0.023064184933900833,0.9020242094993591,29.740665435791016
417,blur,low,0.02569681964814663,0.8646277785301208,26.995769500732422
418,occlusion,medium,0.05753263458609581,0.7382035255432129,18.416027069091797
419,clean,none,0.02959531545639038,0.8584022521972656,26.999055862426758
420,salt_pepper,high,0.041079699993133545,0.8070675730705261,24.382186889648438
421,clean,none,0.04199516773223877,0.7303951978683472,24.558666229248047
422,salt_pepper,high,0.060970284044742584,0.6034796237945557,21.875015258789062
423,clean,none,0.023480728268623352,0.9306744933128357,29.476825714111328
424,clean,none,0.06170935928821564,0.5312508940696716,21.744873046875
425,occlusion,medium,0.04382021725177765,0.803834855556488,23.585617065429688
426,blur,medium,0.022928621619939804,0.8967544436454773,29.582948684692383
427,salt_pepper,low,0.05537278205156326,0.7166975736618042,21.530244827270508
428,salt_pepper,low,0.04346679896116257,0.7997759580612183,23.980022430419922
429,salt_pepper,high,0.03461221605539322,0.8135898113250732,25.142791748046875
430,blur,high,0.04861533269286156,0.717671275138855,22.778806686401367
431,occlusion,medium,0.07359762489795685,0.7385938167572021,16.794918060302734
432,blur,medium,0.027096733450889587,0.850967288017273,27.894439697265625
433,salt_pepper,medium,0.027368862181901932,0.902251124382019,27.52629280090332
434,salt_pepper,low,0.06072087213397026,0.6643610000610352,21.695926666259766
435,salt_pepper,medium,0.04251466318964958,0.757941722869873,24.186046600341797
436,clean,none,0.03647954761981964,0.8550119400024414,25.607749938964844
437,salt_pepper,medium,0.0592210590839386,0.5870521664619446,21.77276611328125
438,occlusion,high,0.07601333409547806,0.6938530802726746,16.588911056518555
439,blur,low,0.029760709032416344,0.8626221418380737,26.931968688964844
440,occlusion,low,0.06775059551000595,0.6166585683822632,20.11341094970703
441,occlusion,low,0.04428962990641594,0.8317391872406006,20.074899673461914
442,blur,high,0.03358536958694458,0.7329105734825134,25.281394958496094
443,blur,low,0.04683107137680054,0.6058451533317566,23.41608428955078
444,blur,high,0.02710825763642788,0.8177595138549805,27.64590835571289
445,clean,none,0.06003787741065025,0.5557228326797485,22.25897216796875
446,salt_pepper,low,0.03524809330701828,0.6667096614837646,25.819072723388672
447,blur,low,0.036996856331825256,0.7254208922386169,25.536672592163086
448,clean,none,0.07832010090351105,0.5797520875930786,19.482229232788086
449,blur,low,0.023254159837961197,0.8710368871688843,29.267650604248047
450,clean,none,0.02848079800605774,0.8339105844497681,27.113037109375
451,clean,none,0.053447358310222626,0.6933603286743164,22.387657165527344
452,clean,none,0.041776567697525024,0.7605445384979248,23.966150283813477
453,salt_pepper,low,0.06375503540039062,0.5709466934204102,21.261070251464844
454,clean,none,0.049011170864105225,0.7873302698135376,23.1686954498291
455,clean,none,0.029147159308195114,0.8564957976341248,25.78456687927246
456,clean,none,0.03453480824828148,0.8324701189994812,26.3255615234375
457,salt_pepper,high,0.03958281874656677,0.7849294543266296,24.370121002197266
458,blur,medium,0.03287133574485779,0.8707530498504639,25.22271156311035
459,blur,high,0.020843487232923508,0.86529940366745,29.92003631591797
460,occlusion,high,0.0682179182767868,0.6384146809577942,18.69472885131836
461,salt_pepper,high,0.04868098348379135,0.725872278213501,23.676219940185547
462,occlusion,low,0.041267141699790955,0.8144519329071045,22.96587371826172
463,blur,high,0.02987130545079708,0.8700125217437744,24.367279052734375
464,occlusion,high,0.06017147749662399,0.4263105094432831,21.361997604370117
465,occlusion,medium,0.05096378177404404,0.7627889513969421,20.054922103881836
466,clean,none,0.03438317030668259,0.810774028301239,25.823463439941406
467,clean,none,0.03793106973171234,0.8592612147331238,25.88724136352539
468,occlusion,high,0.07570107281208038,0.5254079103469849,19.089923858642578
469,occlusion,medium,0.06892569363117218,0.5928225517272949,20.344764709472656
470,occlusion,medium,0.054260335862636566,0.8039352297782898,18.926321029663086
471,blur,medium,0.02859184704720974,0.8622503280639648,27.450092315673828
472,blur,low,0.03185766935348511,0.767575740814209,26.055395126342773
473,salt_pepper,medium,0.031932514160871506,0.7627017498016357,26.62183380126953
474,blur,medium,0.024295154958963394,0.8585023283958435,28.12093734741211
475,occlusion,low,0.04647338017821312,0.6588891744613647,22.087444305419922
476,blur,high,0.036596447229385376,0.7672006487846375,25.51555824279785
477,occlusion,medium,0.044512372463941574,0.7717484831809998,21.117341995239258
478,blur,medium,0.025785639882087708,0.8765676021575928,28.582809448242188
479,occlusion,high,0.0613015852868557,0.6938753128051758,19.2720890045166
480,salt_pepper,high,0.03469473123550415,0.844944417476654,25.49835205078125
481,occlusion,medium,0.04018881916999817,0.8043045401573181,24.467914581298828
482,occlusion,medium,0.03854738920927048,0.801297128200531,24.25655746459961
483,clean,none,0.02127978764474392,0.9066779613494873,29.417150497436523
484,occlusion,medium,0.029789019376039505,0.835953414440155,24.422941207885742
485,clean,none,0.04005702584981918,0.8197029829025269,23.370058059692383
486,salt_pepper,high,0.03069794736802578,0.8646838068962097,27.099258422851562
487,occlusion,low,0.033520542085170746,0.8210951685905457,25.06324577331543
488,salt_pepper,low,0.0678924173116684,0.5876281261444092,21.028825759887695
489,clean,none,0.041944414377212524,0.7094253301620483,24.77057647705078
490,clean,none,0.034976448863744736,0.8756197690963745,25.82954216003418
491,blur,medium,0.042396631091833115,0.7988913059234619,24.046449661254883
492,clean,none,0.06118429824709892,0.5497742891311646,21.759626388549805
493,clean,none,0.02963247522711754,0.8710594177246094,26.869915008544922
494,occlusion,medium,0.05149253457784653,0.7761735916137695,21.45503044128418
495,salt_pepper,high,0.03795665130019188,0.8048287630081177,25.693458557128906
496,occlusion,high,0.07433013617992401,0.4656814932823181,17.865942001342773
497,salt_pepper,medium,0.033815398812294006,0.8490762114524841,26.28227424621582
498,blur,low,0.04876858741044998,0.7847896814346313,23.00918960571289
499,salt_pepper,high,0.04338739067316055,0.7612587809562683,24.134963989257812
500,salt_pepper,high,0.045078884810209274,0.779739260673523,23.42289924621582
501,occlusion,low,0.087375208735466,0.6010117530822754,18.752286911010742
502,occlusion,low,0.04424877092242241,0.7385092973709106,23.638717651367188
503,clean,none,0.036595772951841354,0.8051999807357788,25.187036514282227
504,blur,high,0.030926493927836418,0.8397838473320007,24.958818435668945
505,clean,none,0.036573655903339386,0.8252102136611938,25.352981567382812
506,salt_pepper,medium,0.05609157681465149,0.6970643401145935,21.2880916595459
507,clean,none,0.024346526712179184,0.8548320531845093,26.53676986694336
508,clean,none,0.04537363350391388,0.8230013847351074,23.430261611938477
509,salt_pepper,high,0.045284077525138855,0.7467529773712158,24.112716674804688
510,blur,low,0.02019648253917694,0.9127660989761353,29.03399658203125
511,blur,high,0.039333224296569824,0.7867363691329956,23.861961364746094
512,salt_pepper,high,0.04778021201491356,0.6350427865982056,23.49199104309082
513,blur,high,0.10042967647314072,0.48793861269950867,17.55370330810547
514,salt_pepper,high,0.027730733156204224,0.7629779577255249,28.100603103637695
515,blur,medium,0.03562132641673088,0.7670051455497742,25.350147247314453
516,blur,medium,0.02786622941493988,0.8797194957733154,26.157325744628906
517,salt_pepper,high,0.046628572046756744,0.8018474578857422,23.232521057128906
518,occlusion,high,0.05368204042315483,0.653760552406311,19.657997131347656
519,occlusion,medium,0.052108779549598694,0.689909815788269,22.23118019104004
520,occlusion,medium,0.05642198771238327,0.6598300337791443,20.6577091217041
521,occlusion,low,0.060934197157621384,0.6923350095748901,20.828861236572266
522,blur,low,0.02882951870560646,0.8565090894699097,27.20522117614746
523,occlusion,high,0.05859412997961044,0.6625730991363525,19.838623046875
524,blur,medium,0.061679791659116745,0.5746498703956604,21.953205108642578
525,clean,none,0.06723964214324951,0.629565417766571,20.75487518310547
526,occlusion,low,0.06361295282840729,0.560477614402771,21.559274673461914
527,occlusion,high,0.03302602097392082,0.6970779895782471,25.635194778442383
528,blur,medium,0.0328330360352993,0.7439061999320984,25.731355667114258
529,salt_pepper,high,0.050497084856033325,0.7270059585571289,23.486597061157227
530,clean,none,0.04572376608848572,0.7817727327346802,23.414926528930664
531,occlusion,high,0.0646326020359993,0.5835752487182617,20.283321380615234
532,occlusion,high,0.08247333765029907,0.49944600462913513,16.82461166381836
533,salt_pepper,medium,0.03344627097249031,0.8408915400505066,24.798295974731445
534,blur,low,0.04304540902376175,0.7787603735923767,24.27474021911621
535,salt_pepper,low,0.036735378205776215,0.8383435606956482,24.72358512878418
536,clean,none,0.03458299860358238,0.8118757605552673,26.05093002319336
537,salt_pepper,high,0.046991851180791855,0.7951202392578125,23.638134002685547
538,clean,none,0.0383019745349884,0.8471702337265015,24.57775115966797
539,clean,none,0.026628267019987106,0.862588107585907,27.3708438873291
540,salt_pepper,high,0.03107943758368492,0.7907534837722778,26.271724700927734
541,occlusion,medium,0.0625106543302536,0.5634874701499939,20.56447982788086
542,salt_pepper,low,0.06512051820755005,0.5942737460136414,21.163543701171875
543,clean,none,0.026896122843027115,0.8817996978759766,27.91975975036621
544,blur,high,0.04976317286491394,0.7055034041404724,22.511598587036133
545,occlusion,medium,0.06871092319488525,0.6654548645019531,19.173582077026367
546,salt_pepper,high,0.05633498355746269,0.7621127963066101,21.718490600585938
547,salt_pepper,medium,0.04256485030055046,0.7770099639892578,23.711069107055664
548,occlusion,high,0.09494839608669281,0.4954032301902771,16.59117889404297
549,clean,none,0.022237878292798996,0.8981757164001465,28.368263244628906
550,blur,medium,0.032101184129714966,0.801997184753418,26.705055236816406
551,blur,high,0.037250079214572906,0.830854594707489,24.146574020385742
552,blur,medium,0.04180091246962547,0.821471095085144,23.767269134521484
553,salt_pepper,high,0.029817253351211548,0.7937690615653992,27.296550750732422
554,occlusion,medium,0.037209391593933105,0.8404749631881714,23.659461975097656
555,blur,high,0.046449314802885056,0.7303308248519897,22.933502197265625
556,occlusion,medium,0.0630522221326828,0.526561975479126,20.786706924438477
557,blur,medium,0.03957459330558777,0.8395084738731384,25.046083450317383
558,occlusion,low,0.04041442647576332,0.7975627779960632,23.514482498168945
559,occlusion,low,0.029161211103200912,0.7999585866928101,25.969133377075195
560,blur,high,0.02798643708229065,0.8190726637840271,26.756141662597656
561,clean,none,0.02465231344103813,0.8582963943481445,28.127243041992188
562,occlusion,medium,0.03816312551498413,0.8356976509094238,22.986576080322266
563,salt_pepper,medium,0.025320259854197502,0.8338731527328491,28.397140502929688
564,occlusion,high,0.09366415441036224,0.5443183183670044,16.649629592895508
565,clean,none,0.025997992604970932,0.8886045217514038,28.21056365966797
566,blur,low,0.024675896391272545,0.8773836493492126,28.169748306274414
567,blur,high,0.02463434264063835,0.8445360064506531,27.944623947143555
568,clean,none,0.03360089659690857,0.7668654322624207,25.242040634155273
569,blur,high,0.046968549489974976,0.6701347231864929,23.52452278137207
570,blur,high,0.021322164684534073,0.8544337749481201,28.525802612304688
571,clean,none,0.024695416912436485,0.8719217777252197,28.454177856445312
572,salt_pepper,medium,0.03673945367336273,0.6908167600631714,26.02130126953125
573,blur,low,0.0518961176276207,0.7659766674041748,22.955718994140625
574,blur,high,0.05070251226425171,0.7408488988876343,21.9339599609375
575,clean,none,0.06148817390203476,0.6932525634765625,21.00132179260254
576,salt_pepper,high,0.025629065930843353,0.8183073997497559,27.718841552734375
577,clean,none,0.033306755125522614,0.6902579665184021,26.062288284301758
578,clean,none,0.03130204975605011,0.8257634043693542,26.57457733154297
579,blur,low,0.040509432554244995,0.8217918872833252,24.323158264160156
580,blur,medium,0.03206367790699005,0.8774687051773071,25.90743637084961
581,clean,none,0.04115888103842735,0.8161346316337585,24.168148040771484
582,clean,none,0.03509451076388359,0.8085712194442749,25.76369285583496
583,salt_pepper,medium,0.04569476097822189,0.7995513677597046,23.20633888244629
584,blur,high,0.049293436110019684,0.7104834914207458,22.410810470581055
585,occlusion,medium,0.049750130623579025,0.7379705309867859,22.241416931152344
586,clean,none,0.05747218057513237,0.7808994054794312,21.388273239135742
587,occlusion,medium,0.046847280114889145,0.7477712631225586,22.894250869750977
588,occlusion,medium,0.05760687217116356,0.7219681143760681,20.427886962890625
589,salt_pepper,low,0.046183764934539795,0.7475222945213318,22.877323150634766
590,occlusion,medium,0.044390201568603516,0.6718493700027466,22.771455764770508
591,blur,high,0.03021189384162426,0.8177263140678406,26.078338623046875
592,occlusion,low,0.02620936557650566,0.8688966631889343,26.59520149230957
593,salt_pepper,medium,0.06341075897216797,0.7376564741134644,21.398151397705078
594,clean,none,0.043956588953733444,0.8022891879081726,23.573894500732422
595,occlusion,low,0.04866546392440796,0.7324795126914978,22.74500274658203
596,clean,none,0.032868869602680206,0.8005866408348083,25.415573120117188
597,clean,none,0.04455047845840454,0.8299219608306885,23.190114974975586
598,clean,none,0.030895650386810303,0.8958042860031128,26.10370635986328
599,clean,none,0.028071966022253036,0.8805087804794312,27.604595184326172
600,occlusion,low,0.02627311460673809,0.8654410243034363,26.318674087524414
601,salt_pepper,high,0.03782864660024643,0.6895868182182312,25.534896850585938
602,clean,none,0.02398316189646721,0.8808542490005493,29.220735549926758
603,clean,none,0.023228313773870468,0.8891064524650574,29.23541831970215
604,blur,high,0.0222180038690567,0.8934030532836914,29.440879821777344
605,clean,none,0.02482037991285324,0.8919591903686523,28.591806411743164
606,occlusion,high,0.07429587841033936,0.6371997594833374,17.974136352539062
607,salt_pepper,medium,0.03107438050210476,0.8838371634483337,26.85652732849121
608,salt_pepper,medium,0.01684153452515602,0.9281395673751831,31.38610076904297
609,clean,none,0.02814657613635063,0.8733734488487244,25.969789505004883
610,blur,low,0.046960845589637756,0.8519161939620972,22.860828399658203
611,occlusion,medium,0.06613518297672272,0.7471280097961426,19.06696891784668
612,clean,none,0.0484112873673439,0.6485183238983154,23.723819732666016
613,occlusion,medium,0.0580906979739666,0.6787855625152588,21.434322357177734
614,blur,low,0.065109021961689,0.6938649415969849,20.58905792236328
615,salt_pepper,low,0.025574645027518272,0.8842614889144897,28.35960578918457
616,clean,none,0.014568604528903961,0.9516359567642212,33.041561126708984
617,occlusion,low,0.026081040501594543,0.8263469934463501,27.37657928466797
618,blur,low,0.03133615851402283,0.854642391204834,25.76778793334961
619,salt_pepper,medium,0.03778788074851036,0.8276576995849609,24.80959701538086
620,blur,low,0.028316250070929527,0.8446742296218872,27.583267211914062
621,clean,none,0.04108069837093353,0.8154535293579102,23.9854736328125
622,blur,medium,0.01838143914937973,0.9330800771713257,30.599843978881836
623,clean,none,0.03304596245288849,0.832210898399353,26.626220703125
624,clean,none,0.042396705597639084,0.778759241104126,24.462263107299805
625,blur,low,0.04331760108470917,0.8129194974899292,23.4885196685791
626,blur,medium,0.03586285561323166,0.8407928347587585,25.58885383605957
627,salt_pepper,low,0.022686630487442017,0.886429488658905,29.729549407958984
628,salt_pepper,medium,0.021865781396627426,0.8871607780456543,29.961149215698242
629,blur,low,0.019512295722961426,0.8817054033279419,30.80982208251953
630,occlusion,medium,0.030038511380553246,0.822413444519043,26.536752700805664
631,clean,none,0.0256155114620924,0.859811544418335,28.438518524169922
632,clean,none,0.024604156613349915,0.8898190855979919,28.84157943725586
633,clean,none,0.024460621178150177,0.8480660915374756,29.050207138061523
634,blur,high,0.027215611189603806,0.8525887727737427,27.3631591796875
635,clean,none,0.028081147000193596,0.8399771451950073,27.874221801757812
636,occlusion,high,0.04900766909122467,0.7079377174377441,21.02364730834961
637,clean,none,0.027291741222143173,0.9018688201904297,27.039840698242188
638,blur,medium,0.018324008211493492,0.9171351194381714,31.355667114257812
639,occlusion,low,0.035946257412433624,0.8713085055351257,22.773725509643555
640,blur,low,0.022646352648735046,0.9185202121734619,29.01946258544922
641,clean,none,0.028582727536559105,0.8774040937423706,27.486148834228516
642,occlusion,low,0.03127092868089676,0.8641673922538757,25.36370849609375
643,occlusion,high,0.06364183127880096,0.7343611717224121,19.309293746948242
644,occlusion,high,0.0775907039642334,0.6692306995391846,16.748271942138672
645,occlusion,medium,0.04886721074581146,0.7406305074691772,21.26860809326172
646,clean,none,0.01671578362584114,0.8968350291252136,32.36857986450195
647,occlusion,low,0.030652523040771484,0.844505250453949,27.16817855834961
648,salt_pepper,medium,0.012736617587506771,0.9297300577163696,34.31711959838867
649,salt_pepper,low,0.032436303794384,0.8563312292098999,25.927867889404297
650,occlusion,low,0.05024648830294609,0.7486774325370789,22.9130859375
651,occlusion,high,0.054638996720314026,0.7170328497886658,20.558456420898438
652,clean,none,0.029514988884329796,0.8690468668937683,27.780174255371094
653,blur,low,0.03622221201658249,0.8514705896377563,25.533533096313477
654,occlusion,medium,0.022733382880687714,0.9082528352737427,27.708751678466797
655,occlusion,medium,0.05041670799255371,0.8134827017784119,21.763961791992188
656,occlusion,low,0.06152220815420151,0.6073779463768005,20.994190216064453
657,blur,low,0.03972644358873367,0.8607481718063354,23.759395599365234
658,clean,none,0.02069256454706192,0.914404034614563,29.70557403564453
659,blur,medium,0.02739092707633972,0.9042496085166931,27.841833114624023
660,occlusion,low,0.04337839409708977,0.8166990280151367,21.136112213134766
661,salt_pepper,high,0.02777009829878807,0.8686059713363647,27.84568977355957
662,blur,low,0.019391220062971115,0.9164817333221436,30.8433837890625
663,blur,high,0.0256059430539608,0.8934563398361206,27.820938110351562
664,clean,none,0.02779189869761467,0.7672891616821289,28.281795501708984
665,blur,low,0.030428241938352585,0.8518775701522827,27.42156219482422
666,occlusion,low,0.025072110816836357,0.8476969599723816,27.982097625732422
667,occlusion,medium,0.04294132441282272,0.7250351905822754,20.550331115722656
668,blur,low,0.027104701846837997,0.8799037933349609,27.61700439453125
669,blur,low,0.037554897367954254,0.8796684145927429,23.557998657226562
670,blur,medium,0.025253256782889366,0.8945209980010986,28.39643096923828
671,occlusion,medium,0.036154456436634064,0.8406918048858643,24.436786651611328
672,occlusion,low,0.0349327027797699,0.8645094633102417,25.425765991210938
673,blur,low,0.02176467329263687,0.9014808535575867,29.998538970947266
674,salt_pepper,high,0.022330475971102715,0.861397385597229,29.766218185424805
675,blur,medium,0.01886756531894207,0.9277603030204773,30.83925437927246
676,occlusion,low,0.04807117208838463,0.8032919764518738,21.620437622070312
677,blur,low,0.026897121220827103,0.8434154391288757,27.565086364746094
678,clean,none,0.019215401262044907,0.932220458984375,30.67173957824707
679,clean,none,0.02820666879415512,0.8897759914398193,26.105987548828125
680,occlusion,high,0.06467075645923615,0.7571355700492859,18.697948455810547
681,blur,high,0.04370491951704025,0.7767602205276489,23.290035247802734
682,occlusion,medium,0.057175345718860626,0.7178583145141602,20.032352447509766
683,salt_pepper,medium,0.02949582040309906,0.8507887125015259,27.07895278930664
684,clean,none,0.0302751325070858,0.7988240122795105,27.150245666503906
685,blur,high,0.038006335496902466,0.7508859634399414,25.372638702392578
686,clean,none,0.023087218403816223,0.9003442525863647,28.96798324584961
687,occlusion,low,0.031841814517974854,0.8681010603904724,25.73106575012207
688,blur,high,0.05076009780168533,0.8399028182029724,21.15838623046875
689,blur,low,0.02888890914618969,0.7854994535446167,28.200551986694336
690,occlusion,low,0.0577034130692482,0.7375925779342651,19.954254150390625
691,blur,high,0.02347419783473015,0.8517376184463501,28.18424415588379
692,blur,high,0.026190249249339104,0.7318238615989685,28.268983840942383
693,clean,none,0.02674303762614727,0.9048447608947754,28.508148193359375
694,occlusion,high,0.05053567886352539,0.7885255217552185,19.149255752563477
695,clean,none,0.01880285143852234,0.9224017858505249,30.531471252441406
696,occlusion,high,0.03355253487825394,0.8372421264648438,21.474140167236328
697,clean,none,0.03474174439907074,0.8520328402519226,25.17403793334961
698,blur,medium,0.01305194478482008,0.9391123652458191,34.4447021484375
699,blur,medium,0.02902997098863125,0.8757645487785339,27.38262939453125
700,clean,none,0.034635864198207855,0.8397023677825928,25.90453338623047
701,blur,low,0.023784201592206955,0.8545753359794617,29.388351440429688
702,occlusion,medium,0.04139089584350586,0.7480108737945557,21.94507598876953
703,clean,none,0.031224489212036133,0.835051417350769,26.793827056884766
704,occlusion,high,0.07299862802028656,0.6938737630844116,17.55062484741211
705,occlusion,high,0.08034781366586685,0.6337850093841553,16.818710327148438
706,occlusion,high,0.057964131236076355,0.7209900617599487,20.355289459228516
707,blur,low,0.042765211313962936,0.7575973868370056,24.202831268310547
708,blur,low,0.04161330685019493,0.8394041061401367,24.334327697753906
709,occlusion,high,0.053951721638441086,0.6756887435913086,19.74062728881836
710,blur,low,0.025153815746307373,0.798832893371582,28.16924285888672
711,blur,medium,0.017608655616641045,0.9494859576225281,29.705596923828125
712,occlusion,high,0.05628229305148125,0.6404919624328613,20.3391170501709
713,occlusion,medium,0.042816754430532455,0.7503403425216675,20.27918243408203
714,occlusion,medium,0.03342230245471001,0.7650024890899658,24.901247024536133
715,occlusion,low,0.052498459815979004,0.7178227305412292,21.500652313232422
716,occlusion,high,0.02353890985250473,0.8476206064224243,26.627071380615234
717,clean,none,0.025314942002296448,0.8811668157577515,27.855083465576172
718,clean,none,0.02953052893280983,0.9216920137405396,27.408628463745117
719,salt_pepper,high,0.027902832254767418,0.8464276194572449,27.29876708984375
720,occlusion,medium,0.03278815746307373,0.8107303380966187,25.298995971679688
721,salt_pepper,medium,0.050720326602458954,0.7165807485580444,21.12514305114746
722,blur,low,0.02638186514377594,0.8695969581604004,27.6326847076416
723,occlusion,medium,0.04636289179325104,0.6947373151779175,23.52553939819336
724,occlusion,low,0.04522966593503952,0.7790805697441101,22.751482009887695
725,blur,high,0.028812631964683533,0.895464301109314,25.496166229248047
726,blur,high,0.04245945066213608,0.7557908296585083,22.65878677368164
727,clean,none,0.03394795209169388,0.8025924563407898,26.126293182373047
728,occlusion,high,0.05806000158190727,0.7395488619804382,20.010032653808594
729,clean,none,0.024157848209142685,0.8969933986663818,27.949668884277344
730,blur,medium,0.03334684669971466,0.8351699709892273,26.522865295410156
731,clean,none,0.017784055322408676,0.9071893692016602,31.135478973388672
732,clean,none,0.07170820236206055,0.6206116080284119,19.923110961914062
733,occlusion,low,0.02897140383720398,0.894591212272644,24.04370880126953
734,salt_pepper,medium,0.01718113198876381,0.8709313273429871,31.96839141845703
735,occlusion,medium,0.08224610984325409,0.7437347769737244,19.234865188598633
736,occlusion,low,0.033696677535772324,0.7989053130149841,25.028974533081055
737,clean,none,0.03752870112657547,0.7731647491455078,25.264184951782227
738,clean,none,0.01750558242201805,0.9252087473869324,29.711294174194336
739,salt_pepper,high,0.03181272745132446,0.8142778277397156,25.932626724243164
740,blur,low,0.03698015213012695,0.8029466867446899,25.499603271484375
741,salt_pepper,low,0.03998967260122299,0.7757477164268494,24.834774017333984
742,clean,none,0.03588829189538956,0.7827849388122559,26.15314292907715
743,occlusion,high,0.04641701281070709,0.6629956960678101,21.356494903564453
744,occlusion,low,0.04017483443021774,0.7234818935394287,23.036300659179688
745,salt_pepper,high,0.01495409570634365,0.9391751289367676,29.502565383911133
746,clean,none,0.04611469432711601,0.772436797618866,23.041488647460938
747,occlusion,high,0.055435068905353546,0.655602216720581,20.908191680908203
748,blur,high,0.02933122217655182,0.826325535774231,26.945493698120117
749,salt_pepper,high,0.02548794448375702,0.8611454963684082,28.302513122558594
750,salt_pepper,medium,0.02837059460580349,0.849799633026123,27.34126853942871
751,salt_pepper,medium,0.017209962010383606,0.9381906986236572,30.37950325012207
752,blur,low,0.03563247621059418,0.8109555244445801,25.74690055847168
753,salt_pepper,medium,0.03741605579853058,0.7651368379592896,25.759815216064453
754,salt_pepper,medium,0.022811686620116234,0.8674463629722595,29.078433990478516
755,salt_pepper,medium,0.022627850994467735,0.8124110102653503,29.153209686279297
756,occlusion,medium,0.0387149341404438,0.7615013122558594,23.244287490844727
757,blur,low,0.029316872358322144,0.8391717672348022,27.03616714477539
758,clean,none,0.02875014953315258,0.8032202124595642,27.697608947753906
759,occlusion,low,0.03718779608607292,0.8473181128501892,23.641874313354492
760,blur,medium,0.0317859910428524,0.8245446085929871,26.068729400634766
761,clean,none,0.016493573784828186,0.9364267587661743,31.02401351928711
762,occlusion,medium,0.10514988750219345,0.4553069472312927,16.6483097076416
763,salt_pepper,medium,0.014782357029616833,0.9488966464996338,32.42894744873047
764,occlusion,low,0.03882298991084099,0.7536476850509644,24.934593200683594
765,blur,high,0.032828934490680695,0.8309070467948914,26.212142944335938
766,clean,none,0.03474663943052292,0.8854918479919434,24.329944610595703
767,occlusion,low,0.03935081139206886,0.8642837405204773,21.366943359375
768,salt_pepper,high,0.03570977598428726,0.8136099576950073,25.301006317138672
769,occlusion,high,0.04410804063081741,0.5990301966667175,23.34973907470703
770,salt_pepper,medium,0.05313972756266594,0.7201180458068848,22.405685424804688
771,clean,none,0.043513357639312744,0.8247079253196716,23.683013916015625
772,clean,none,0.012522019445896149,0.9620217680931091,32.4683723449707
773,blur,low,0.013398885726928711,0.934255838394165,33.89252853393555
774,salt_pepper,low,0.019534483551979065,0.8627442717552185,29.920814514160156
775,clean,none,0.02362598292529583,0.8944863080978394,28.860824584960938
776,blur,high,0.03943684697151184,0.6967810392379761,24.62523651123047
777,occlusion,medium,0.04793214052915573,0.7382189631462097,21.697771072387695
778,salt_pepper,medium,0.018518060445785522,0.9100558757781982,30.29793930053711
779,salt_pepper,high,0.06741886585950851,0.6960982084274292,20.24163055419922
780,salt_pepper,high,0.027258247137069702,0.8737114667892456,27.381364822387695
781,clean,none,0.030387377366423607,0.8191443681716919,26.7978515625
782,salt_pepper,low,0.03295700252056122,0.8929581642150879,23.105606079101562
783,blur,medium,0.029010800644755363,0.8843235969543457,27.654006958007812
784,blur,high,0.022124847397208214,0.8378281593322754,28.862106323242188
785,blur,high,0.029967553913593292,0.8332733511924744,25.414867401123047
786,occlusion,low,0.06544476747512817,0.5913707613945007,21.015560150146484
787,salt_pepper,high,0.04401787370443344,0.7137302756309509,23.87238311767578
788,blur,low,0.05670253559947014,0.7149534225463867,21.99336814880371
789,salt_pepper,low,0.029629524797201157,0.8213131427764893,26.948511123657227
790,clean,none,0.04628085717558861,0.8023073077201843,22.031309127807617
791,occlusion,medium,0.0738082155585289,0.6109699010848999,18.975845336914062
792,blur,high,0.031424738466739655,0.7474923133850098,25.469966888427734
793,occlusion,medium,0.07149060815572739,0.6369439959526062,19.182353973388672
794,clean,none,0.039523568004369736,0.7739357948303223,25.231094360351562
795,salt_pepper,high,0.04408720135688782,0.7907066345214844,24.28922462463379
796,blur,high,0.035255856812000275,0.8402290344238281,25.51197052001953
797,salt_pepper,high,0.026010317727923393,0.8277792930603027,28.722370147705078
798,occlusion,high,0.0985569953918457,0.4951907992362976,15.50716781616211
799,clean,none,0.03934094309806824,0.7283980250358582,24.665771484375
800,blur,medium,0.031086452305316925,0.8148524165153503,26.71364974975586
801,salt_pepper,medium,0.022484173998236656,0.8905540704727173,29.498477935791016
802,blur,medium,0.033752746880054474,0.8219684958457947,25.631492614746094
803,blur,low,0.025274381041526794,0.8702645301818848,27.534330368041992
804,blur,medium,0.042383816093206406,0.7876290678977966,24.34554672241211
805,salt_pepper,medium,0.03522930294275284,0.8419727683067322,25.467731475830078
806,blur,low,0.021616367623209953,0.8874134421348572,29.284549713134766
807,clean,none,0.02111336588859558,0.8745718002319336,29.422645568847656
808,clean,none,0.035882703959941864,0.8124686479568481,25.081104278564453
809,occlusion,low,0.022954335436224937,0.863534152507782,27.725284576416016
810,clean,none,0.04494587704539299,0.7964462041854858,23.943927764892578
811,blur,high,0.03542884439229965,0.7983461618423462,26.083372116088867
812,clean,none,0.02529757283627987,0.9121341109275818,27.627910614013672
813,clean,none,0.05064498633146286,0.814277172088623,21.93154525756836
814,salt_pepper,low,0.041458092629909515,0.773202657699585,24.02613639831543
815,salt_pepper,medium,0.04033052921295166,0.8261948823928833,24.731430053710938
816,occlusion,medium,0.0494249127805233,0.7217088937759399,20.234281539916992
817,blur,high,0.033055610954761505,0.8196388483047485,26.121761322021484
818,clean,none,0.03558897599577904,0.8796488046646118,25.27309226989746
819,salt_pepper,high,0.06165723502635956,0.6111387014389038,21.459762573242188
820,salt_pepper,high,0.03357164189219475,0.8546023368835449,26.26178741455078
821,salt_pepper,high,0.025652160868048668,0.8973156809806824,25.85855484008789
822,occlusion,high,0.11468660831451416,0.4233682155609131,14.732662200927734
823,occlusion,low,0.0501420758664608,0.7034395933151245,22.788169860839844
824,occlusion,low,0.04793559014797211,0.7458083033561707,22.287979125976562
825,occlusion,medium,0.0725737065076828,0.6404093503952026,19.193721771240234
826,occlusion,high,0.04784977436065674,0.6486514806747437,21.843048095703125
827,salt_pepper,medium,0.03221052512526512,0.8869938254356384,26.03040313720703
828,salt_pepper,high,0.03364982455968857,0.8091542720794678,26.020357131958008
829,blur,high,0.04075581952929497,0.7600182294845581,24.300479888916016
830,blur,medium,0.03999316319823265,0.7135457992553711,24.816402435302734
831,blur,high,0.03901506960391998,0.7684997320175171,24.370346069335938
832,occlusion,high,0.07163465023040771,0.6090450286865234,18.329395294189453
833,salt_pepper,medium,0.042636312544345856,0.7396153807640076,24.258481979370117
834,occlusion,low,0.032358475029468536,0.8378210067749023,23.020404815673828
835,occlusion,high,0.0846581682562828,0.6922941207885742,15.247459411621094
836,clean,none,0.029144208878278732,0.875930666923523,27.284343719482422
837,occlusion,medium,0.05384450405836105,0.6319629549980164,22.55939292907715
838,salt_pepper,low,0.0256059467792511,0.8701578378677368,27.72690773010254
839,blur,high,0.043553970754146576,0.7217585444450378,24.17507553100586
840,salt_pepper,high,0.035580575466156006,0.8579139709472656,25.762065887451172
841,blur,low,0.03528197482228279,0.8055912256240845,25.2630615234375
842,occlusion,medium,0.05581755191087723,0.6764765977859497,20.810640335083008
843,clean,none,0.042339473962783813,0.8245342969894409,25.1004695892334
844,salt_pepper,low,0.056423090398311615,0.7314052581787109,22.14409065246582
845,occlusion,low,0.07067219913005829,0.7107588648796082,19.741853713989258
846,blur,low,0.03537183254957199,0.7948017120361328,25.600927352905273
847,salt_pepper,medium,0.03992548957467079,0.7616623640060425,24.779375076293945
848,blur,low,0.03872344270348549,0.7676383852958679,24.921192169189453
849,blur,low,0.030422834679484367,0.833612322807312,27.3653564453125
850,blur,high,0.039852507412433624,0.8087337017059326,24.696666717529297
851,occlusion,medium,0.051955681294202805,0.7049853801727295,22.179943084716797
852,clean,none,0.0353073813021183,0.8058316111564636,25.170944213867188
853,clean,none,0.03689127787947655,0.8238309621810913,25.136478424072266
854,occlusion,low,0.03161896765232086,0.8768669962882996,25.441715240478516
855,salt_pepper,medium,0.054303139448165894,0.7553807497024536,21.7927188873291
856,clean,none,0.030142884701490402,0.8527344465255737,26.492176055908203
857,salt_pepper,medium,0.040099482983350754,0.8407391905784607,24.17652130126953
858,occlusion,high,0.05516665428876877,0.5832374095916748,20.258438110351562
859,clean,none,0.03768904134631157,0.8336892127990723,24.505252838134766
860,salt_pepper,high,0.02318384312093258,0.8993493914604187,28.356504440307617
861,blur,high,0.042609356343746185,0.794525146484375,24.80323600769043
862,blur,low,0.03484279662370682,0.7361592054367065,25.78997802734375
863,clean,none,0.023060744628310204,0.8917052745819092,29.325950622558594
864,blur,low,0.03247005492448807,0.8424427509307861,26.826087951660156
865,blur,medium,0.052876733243465424,0.6565241813659668,22.60299301147461
866,occlusion,high,0.06120644137263298,0.5882600545883179,21.240467071533203
867,blur,high,0.035040535032749176,0.8159376978874207,24.598100662231445
868,blur,low,0.034884463995695114,0.7281248569488525,25.680416107177734
869,blur,high,0.04115242883563042,0.7919206619262695,24.563295364379883
870,clean,none,0.032400570809841156,0.8764722347259521,26.25908660888672
871,salt_pepper,medium,0.04034140333533287,0.7449651956558228,24.913270950317383
872,clean,none,0.035351820290088654,0.8150712251663208,25.798246383666992
873,blur,medium,0.056682854890823364,0.7537495493888855,22.268138885498047
874,salt_pepper,low,0.03688951954245567,0.8344845175743103,24.675626754760742
875,clean,none,0.054310791194438934,0.748695969581604,21.650623321533203
876,occlusion,medium,0.04839576408267021,0.734966516494751,20.78834342956543
877,blur,high,0.03836202248930931,0.8060840964317322,24.34148406982422
878,clean,none,0.051875948905944824,0.7930830717086792,22.97123146057129
879,salt_pepper,high,0.04907388612627983,0.6889306902885437,23.420188903808594
880,clean,none,0.02777211368083954,0.8648766875267029,28.124895095825195
881,blur,high,0.036131806671619415,0.7836132049560547,25.558361053466797
882,occlusion,medium,0.05466434359550476,0.7409586906433105,20.359622955322266
883,occlusion,medium,0.05768578499555588,0.6752794981002808,19.800661087036133
884,salt_pepper,low,0.031423818320035934,0.8406040072441101,26.246986389160156
885,occlusion,high,0.03636656701564789,0.6833243370056152,24.102893829345703
886,clean,none,0.022157808765769005,0.8791272044181824,30.131113052368164
887,salt_pepper,high,0.017828447744250298,0.8718554377555847,31.148090362548828
888,clean,none,0.02023034542798996,0.8880297541618347,29.927539825439453
889,occlusion,medium,0.03585175797343254,0.766986608505249,24.826231002807617
890,salt_pepper,low,0.017244916409254074,0.8802633285522461,31.165328979492188
891,blur,low,0.03492948040366173,0.8357438445091248,25.312114715576172
892,occlusion,medium,0.055021852254867554,0.5806818008422852,22.522422790527344
893,occlusion,high,0.048155151307582855,0.7196518778800964,22.77828598022461
894,occlusion,medium,0.05952531099319458,0.6226906180381775,20.832874298095703
895,occlusion,medium,0.04473533853888512,0.7840854525566101,20.799835205078125
896,clean,none,0.021914251148700714,0.8932249546051025,29.027795791625977
897,blur,low,0.019619684666395187,0.8866142630577087,30.45018196105957
898,clean,none,0.018882520496845245,0.8877086639404297,31.8291015625
899,clean,none,0.0712771937251091,0.839941680431366,20.6695556640625
900,salt_pepper,low,0.019228799268603325,0.8646045923233032,31.528207778930664
901,occlusion,low,0.041049741208553314,0.755736768245697,23.858867645263672
902,occlusion,high,0.0688382014632225,0.7684736251831055,16.258434295654297
903,clean,none,0.03183324635028839,0.7391766905784607,27.35962677001953
904,occlusion,medium,0.03542083874344826,0.7845611572265625,24.849510192871094
905,occlusion,medium,0.0432049036026001,0.8010268211364746,19.73041343688965
906,salt_pepper,medium,0.030981827527284622,0.7436555624008179,26.83802032470703
907,salt_pepper,low,0.021906783804297447,0.8576911687850952,28.464868545532227
908,salt_pepper,high,0.02525077573955059,0.8977550864219666,24.229663848876953
909,blur,high,0.03851863369345665,0.7002913355827332,25.733028411865234
910,occlusion,medium,0.04600560665130615,0.7309374809265137,22.525815963745117
911,blur,low,0.022974997758865356,0.8234422206878662,29.509071350097656
912,blur,medium,0.0197533518075943,0.9272974729537964,30.758150100708008
913,clean,none,0.06208948418498039,0.7034279704093933,21.09562873840332
914,clean,none,0.043357234448194504,0.7121066451072693,24.697465896606445
915,blur,low,0.014771929010748863,0.9307019114494324,32.34169387817383
916,clean,none,0.022160729393363,0.8166329860687256,28.267505645751953
917,salt_pepper,high,0.030747845768928528,0.8048537969589233,27.137428283691406
918,blur,low,0.026923369616270065,0.8732633590698242,28.205429077148438
919,blur,low,0.031449224799871445,0.8128902316093445,26.32735252380371
920,occlusion,medium,0.057981088757514954,0.6941937804222107,20.428268432617188
921,clean,none,0.02263556979596615,0.9013665914535522,28.300048828125
922,blur,medium,0.024891946464776993,0.7846803665161133,29.17171859741211
923,salt_pepper,medium,0.05307683348655701,0.7267066240310669,21.990741729736328
924,occlusion,low,0.06345058232545853,0.7373075485229492,20.14095115661621
925,blur,medium,0.03062068670988083,0.7828680872917175,27.395893096923828
926,occlusion,low,0.02305026166141033,0.86649489402771,28.470600128173828
927,occlusion,medium,0.020297355949878693,0.883882462978363,29.585094451904297
928,blur,high,0.048470526933670044,0.6307268738746643,22.36923599243164
929,blur,low,0.022660747170448303,0.8557978868484497,29.39276695251465
930,occlusion,low,0.029493484646081924,0.802586555480957,26.547849655151367
931,clean,none,0.018561281263828278,0.8858332633972168,31.493444442749023
932,occlusion,high,0.05539451539516449,0.6660268306732178,20.568199157714844
933,salt_pepper,medium,0.02596265636384487,0.8420836925506592,28.839967727661133
934,occlusion,low,0.021146586164832115,0.9081497192382812,26.128759384155273
935,clean,none,0.02783353254199028,0.8244503736495972,27.805667877197266
936,blur,medium,0.024429231882095337,0.8825413584709167,27.959285736083984
937,clean,none,0.024563049897551537,0.8708922266960144,27.946800231933594
938,salt_pepper,low,0.02815071865916252,0.8020628690719604,27.46294403076172
939,occlusion,high,0.06093594431877136,0.6752988696098328,18.908710479736328
940,occlusion,low,0.027887392789125443,0.804810643196106,27.49182891845703
941,salt_pepper,medium,0.017777401953935623,0.8952749967575073,31.276973724365234
942,clean,none,0.039881132543087006,0.7927899360656738,24.214027404785156
943,clean,none,0.03364782780408859,0.8532439470291138,25.876646041870117
944,occlusion,medium,0.03626962751150131,0.7661625742912292,24.49982452392578
945,blur,low,0.02155551314353943,0.8749574422836304,29.682790756225586
946,occlusion,low,0.038441769778728485,0.8225682973861694,24.191818237304688
947,blur,high,0.03165040165185928,0.7871434092521667,25.651309967041016
948,occlusion,high,0.03867320343852043,0.7405000925064087,23.64910316467285
949,salt_pepper,medium,0.029484868049621582,0.84368896484375,27.488794326782227
950,occlusion,medium,0.025634294375777245,0.8603709936141968,24.895084381103516
951,clean,none,0.024516060948371887,0.9045625925064087,28.983776092529297
952,salt_pepper,medium,0.030700508505105972,0.8477093577384949,26.272113800048828
953,salt_pepper,medium,0.026233237236738205,0.8813626170158386,27.74559783935547
954,occlusion,medium,0.03640696033835411,0.7554776668548584,23.94533920288086
955,clean,none,0.02124961093068123,0.8668445944786072,29.592971801757812
956,clean,none,0.018802190199494362,0.9311003088951111,29.270227432250977
957,clean,none,0.023934409022331238,0.8654641509056091,29.419557571411133
958,occlusion,low,0.022482087835669518,0.871920108795166,29.111408233642578
959,salt_pepper,medium,0.025331899523735046,0.8812472224235535,26.346240997314453
960,salt_pepper,high,0.02641788125038147,0.8517470359802246,27.548341751098633
961,salt_pepper,high,0.02968176268041134,0.8156370520591736,26.772239685058594
962,blur,high,0.02704840525984764,0.721235990524292,28.80963897705078
963,blur,high,0.03073764406144619,0.8057724237442017,26.669904708862305
964,salt_pepper,low,0.02244686149060726,0.8718261122703552,29.258621215820312
965,clean,none,0.024614645168185234,0.8475646376609802,28.46177101135254
966,salt_pepper,low,0.028183694928884506,0.8843259811401367,27.50733184814453
967,salt_pepper,high,0.04395575076341629,0.7521359920501709,23.656513214111328
968,salt_pepper,medium,0.028602223843336105,0.809114396572113,28.03839874267578
969,blur,medium,0.017550017684698105,0.8774516582489014,31.408706665039062
970,occlusion,low,0.03389357030391693,0.8495594263076782,24.67208480834961
971,occlusion,medium,0.07359461486339569,0.5575432777404785,19.887596130371094
972,occlusion,high,0.05215848609805107,0.6731840968132019,20.915409088134766
973,clean,none,0.021584436297416687,0.898439884185791,28.793624877929688
974,occlusion,low,0.04363591596484184,0.7491360902786255,23.90293312072754
975,salt_pepper,medium,0.02677152119576931,0.7589195966720581,28.663753509521484
976,salt_pepper,low,0.02742876671254635,0.861598014831543,27.623050689697266
977,occlusion,medium,0.026792418211698532,0.7997958064079285,26.919775009155273
978,occlusion,medium,0.046988409012556076,0.6507428884506226,23.145048141479492
979,blur,low,0.025945056229829788,0.8574108481407166,28.671451568603516
980,salt_pepper,low,0.02754264883697033,0.8910595178604126,27.60761260986328
981,clean,none,0.02780846320092678,0.8104435205459595,27.860305786132812
982,clean,none,0.033796146512031555,0.7854458689689636,26.018173217773438
983,blur,high,0.03670530021190643,0.793546199798584,25.250293731689453
984,salt_pepper,medium,0.04270275682210922,0.8085922002792358,23.618879318237305
985,salt_pepper,high,0.032183654606342316,0.8633962869644165,26.02071762084961
986,clean,none,0.026100676506757736,0.8971022963523865,28.8125057220459
987,salt_pepper,medium,0.03890722244977951,0.8533893823623657,24.81585693359375
988,occlusion,high,0.07316920161247253,0.6722549796104431,17.728233337402344
989,clean,none,0.031168565154075623,0.8193917274475098,27.129695892333984
990,occlusion,high,0.07981057465076447,0.5063410401344299,18.410131454467773
991,blur,low,0.03973238915205002,0.8296203017234802,23.935832977294922
992,occlusion,high,0.12471197545528412,0.6257097125053406,12.271036148071289
993,salt_pepper,medium,0.02804870903491974,0.8496868014335632,27.3624267578125
994,blur,high,0.02668341062963009,0.8564251661300659,26.610774993896484
995,blur,low,0.030739715322852135,0.8497776389122009,26.65073585510254
996,salt_pepper,medium,0.04859112203121185,0.7948068380355835,22.672218322753906
997,clean,none,0.026753179728984833,0.8853160738945007,28.030603408813477
998,salt_pepper,low,0.05020737648010254,0.7066497802734375,23.045696258544922
999,clean,none,0.06237168237566948,0.6032395362854004,21.589128494262695
1000,blur,medium,0.04055134207010269,0.7888941764831543,23.725791931152344
1001,salt_pepper,high,0.033055491745471954,0.7867743968963623,26.35727882385254
1002,clean,none,0.03514467924833298,0.8218216300010681,25.954465866088867
1003,clean,none,0.02015822008252144,0.9108118414878845,29.884281158447266
1004,occlusion,low,0.056190505623817444,0.7564379572868347,21.34613800048828
1005,blur,high,0.018009856343269348,0.9058935046195984,29.91071891784668
1006,salt_pepper,low,0.031133797019720078,0.8514045476913452,26.7611141204834
1007,clean,none,0.04484913498163223,0.821740984916687,24.187049865722656
1008,blur,high,0.028435152024030685,0.8104802370071411,27.339828491210938
1009,salt_pepper,high,0.05932500213384628,0.7531473636627197,20.732744216918945
1010,occlusion,low,0.029925717040896416,0.8382465839385986,26.44046974182129
1011,blur,low,0.023606102913618088,0.8928529024124146,27.580188751220703
1012,occlusion,high,0.14045891165733337,0.4150463044643402,13.710490226745605
1013,blur,low,0.01588171347975731,0.9361611604690552,31.79625701904297
1014,salt_pepper,high,0.018405761569738388,0.8539129495620728,29.939977645874023
1015,occlusion,low,0.045706525444984436,0.800841212272644,22.624149322509766
1016,blur,high,0.027646899223327637,0.8603827953338623,27.277803421020508
1017,salt_pepper,medium,0.02808189205825329,0.8567833304405212,27.990253448486328
1018,clean,none,0.027110515162348747,0.8956131339073181,26.61594581604004
1019,occlusion,medium,0.03821515291929245,0.8096796870231628,23.278533935546875
1020,clean,none,0.024133414030075073,0.9275221824645996,28.401538848876953
1021,clean,none,0.04580240696668625,0.7295176386833191,24.096969604492188
1022,clean,none,0.023559410125017166,0.8903912305831909,29.13166046142578
1023,blur,medium,0.024934187531471252,0.89818274974823,28.28594207763672
1024,salt_pepper,high,0.031317658722400665,0.8096787333488464,26.411867141723633
1025,blur,medium,0.048789821565151215,0.8348870277404785,21.872573852539062
1026,clean,none,0.030526097863912582,0.7282487154006958,27.460344314575195
1027,clean,none,0.025516729801893234,0.8992129564285278,27.956907272338867
1028,clean,none,0.019440308213233948,0.8570412397384644,31.337764739990234
1029,blur,medium,0.06950005888938904,0.6632022857666016,20.594058990478516
1030,salt_pepper,medium,0.04681873321533203,0.788171648979187,23.42393684387207
1031,blur,medium,0.038654766976833344,0.8583955764770508,23.009506225585938
1032,blur,low,0.018409255892038345,0.937076985836029,29.54138946533203
1033,clean,none,0.04339554160833359,0.7345672845840454,23.20578384399414
1034,salt_pepper,high,0.04461899399757385,0.6412736177444458,24.668485641479492
1035,clean,none,0.028301313519477844,0.8643755912780762,27.185880661010742
1036,blur,low,0.03699483349919319,0.8266787528991699,25.21847152709961
1037,occlusion,medium,0.07227396219968796,0.7521934509277344,17.026594161987305
1038,blur,high,0.04550037905573845,0.7403311133384705,23.11845588684082
1039,clean,none,0.02578756771981716,0.8801224231719971,28.60593032836914
1040,salt_pepper,medium,0.06182987615466118,0.6951593160629272,21.300085067749023
1041,blur,high,0.05107341706752777,0.6582396030426025,20.167892456054688
1042,salt_pepper,low,0.025567149743437767,0.9051889181137085,27.821046829223633
1043,clean,none,0.039642348885536194,0.8238579034805298,24.770307540893555
1044,occlusion,high,0.05110149830579758,0.6815353631973267,21.491943359375
1045,blur,low,0.02351030521094799,0.9310938715934753,27.763765335083008
1046,clean,none,0.028246551752090454,0.8783604502677917,27.749183654785156
1047,salt_pepper,high,0.03839445114135742,0.711042582988739,25.283796310424805
1048,blur,medium,0.01769939437508583,0.9282528758049011,30.907869338989258
1049,blur,low,0.029522806406021118,0.8480054140090942,27.66836166381836
1050,salt_pepper,high,0.03992818295955658,0.7442007064819336,24.95387077331543
1051,blur,medium,0.0670006200671196,0.6352259516716003,20.586105346679688
1052,salt_pepper,high,0.020674388855695724,0.9157543182373047,30.597593307495117
1053,clean,none,0.03735584765672684,0.8161036372184753,24.994922637939453
1054,salt_pepper,high,0.03718646615743637,0.889410674571991,23.803024291992188
1055,occlusion,low,0.035364843904972076,0.8662617206573486,23.772369384765625
1056,salt_pepper,medium,0.03175433725118637,0.8635668754577637,25.9133243560791
1057,occlusion,medium,0.04274022579193115,0.7790732383728027,23.187240600585938
1058,occlusion,high,0.0783538818359375,0.6288188695907593,16.34178924560547
1059,salt_pepper,low,0.04422580823302269,0.7668312788009644,23.1986141204834
1060,salt_pepper,low,0.01906568557024002,0.8966242074966431,29.734752655029297
1061,blur,high,0.029827449470758438,0.8438563346862793,25.883256912231445
1062,blur,high,0.0356830470263958,0.7538103461265564,25.143442153930664
1063,clean,none,0.020267803221940994,0.9049341082572937,29.429424285888672
1064,occlusion,low,0.02932286262512207,0.8315021991729736,26.95747184753418
1065,clean,none,0.030153073370456696,0.8391618728637695,26.094438552856445
1066,clean,none,0.040134891867637634,0.7399300336837769,25.31528663635254
1067,occlusion,high,0.12686529755592346,0.46019014716148376,12.622370719909668
1068,clean,none,0.03936602175235748,0.7725669145584106,25.036394119262695
1069,occlusion,high,0.037571266293525696,0.721248984336853,23.20309829711914
1070,blur,medium,0.05407240241765976,0.7623709440231323,22.359149932861328
1071,blur,medium,0.028910692781209946,0.8677074313163757,27.177095413208008
1072,occlusion,medium,0.02940436825156212,0.800321102142334,26.90013885498047
1073,salt_pepper,medium,0.03414960578083992,0.8319925665855408,26.39398765563965
1074,salt_pepper,high,0.04280978441238403,0.6358551979064941,24.748037338256836
1075,blur,low,0.08496987819671631,0.5806653499603271,18.76102638244629
1076,blur,high,0.03912607580423355,0.7524487972259521,24.63646125793457
1077,blur,low,0.027146225795149803,0.8476451635360718,27.72128677368164
1078,salt_pepper,low,0.020489629358053207,0.9055535793304443,30.203420639038086
1079,clean,none,0.06665298342704773,0.6682285070419312,20.67144775390625
1080,salt_pepper,high,0.04391193389892578,0.8096396923065186,23.564895629882812
1081,salt_pepper,low,0.018547426909208298,0.9344908595085144,30.92038345336914
1082,occlusion,high,0.09554910659790039,0.5218267440795898,15.281771659851074
1083,occlusion,low,0.042827218770980835,0.7968519926071167,23.05951690673828
1084,clean,none,0.023495694622397423,0.9177320003509521,29.116962432861328
1085,occlusion,medium,0.060931116342544556,0.6234864592552185,21.317291259765625
1086,blur,medium,0.03812139481306076,0.6932655572891235,25.615026473999023
1087,blur,high,0.0500761978328228,0.6439045667648315,22.565431594848633
1088,clean,none,0.025380274280905724,0.8792879581451416,26.392467498779297
1089,clean,none,0.030111778527498245,0.831602931022644,27.216197967529297
1090,salt_pepper,low,0.031727783381938934,0.7897565364837646,26.57158088684082
1091,clean,none,0.03596854954957962,0.8168961405754089,25.3707275390625
1092,salt_pepper,low,0.025314800441265106,0.8891160488128662,27.80223846435547
1093,salt_pepper,low,0.044359590858221054,0.7979402542114258,23.63245391845703
1094,clean,none,0.06568723171949387,0.6742364764213562,21.13992691040039
1095,clean,none,0.022304370999336243,0.8902794718742371,29.236316680908203
1096,blur,medium,0.04721447825431824,0.7104722857475281,23.362485885620117
1097,clean,none,0.04289897903800011,0.7467614412307739,24.0166072845459
1098,blur,medium,0.04081486165523529,0.8081547021865845,24.565898895263672
1099,blur,low,0.03863026201725006,0.7319296598434448,24.957881927490234
1100,blur,low,0.05834006518125534,0.6644619703292847,22.021081924438477
1101,clean,none,0.030279411002993584,0.7909130454063416,27.3088436126709
1102,blur,low,0.026872634887695312,0.8097777366638184,28.135927200317383
1103,clean,none,0.029474899172782898,0.8231803774833679,27.361919403076172
1104,salt_pepper,high,0.0349968746304512,0.8541802167892456,25.609092712402344
1105,occlusion,medium,0.05545409768819809,0.6978216171264648,20.626924514770508
1106,salt_pepper,medium,0.08158305287361145,0.6411365270614624,18.99715232849121
1107,clean,none,0.03873255476355553,0.8058990240097046,24.263813018798828
1108,salt_pepper,low,0.03161381185054779,0.798141360282898,25.778493881225586
1109,blur,low,0.033366743475198746,0.8182505369186401,26.139995574951172
1110,occlusion,low,0.07441997528076172,0.6505386829376221,18.8338565826416
1111,occlusion,high,0.06388111412525177,0.6436393857002258,19.273099899291992
1112,occlusion,low,0.027183791622519493,0.8323855400085449,27.707977294921875
1113,occlusion,high,0.06581397354602814,0.5472668409347534,19.7696475982666
1114,clean,none,0.02452601119875908,0.8592252731323242,28.004112243652344
1115,occlusion,medium,0.03343082591891289,0.7806648015975952,26.029495239257812
1116,salt_pepper,medium,0.042061060667037964,0.7057077288627625,24.174821853637695
1117,blur,medium,0.03266306594014168,0.8511004447937012,26.720108032226562
1118,occlusion,high,0.05504298955202103,0.6316574811935425,21.30443572998047
1119,blur,medium,0.033516209572553635,0.7542122602462769,26.54135513305664
1120,occlusion,medium,0.06953515857458115,0.7252294421195984,19.866655349731445
1121,clean,none,0.022086013108491898,0.9111940264701843,27.205055236816406
1122,occlusion,medium,0.06416737288236618,0.6802358031272888,19.931367874145508
1123,blur,medium,0.02591921016573906,0.8518290519714355,27.87700843811035
1124,blur,medium,0.043003570288419724,0.6743829250335693,23.9480037689209
1125,occlusion,high,0.057311221957206726,0.6092591285705566,21.211469650268555
1126,salt_pepper,medium,0.06294797360897064,0.568199634552002,21.632545471191406
1127,blur,low,0.01931481994688511,0.9455620646476746,29.633407592773438
1128,salt_pepper,medium,0.04416240379214287,0.8010015487670898,23.55356216430664
1129,salt_pepper,low,0.03620065748691559,0.843897819519043,25.855283737182617
1130,blur,medium,0.0356927290558815,0.7632853388786316,25.96596908569336
1131,occlusion,high,0.07295867800712585,0.6357316374778748,18.155681610107422
1132,blur,low,0.04961097240447998,0.7495705485343933,22.598342895507812
1133,occlusion,high,0.0510040819644928,0.6711465120315552,21.60081672668457
1134,salt_pepper,high,0.02528275176882744,0.871475875377655,27.983617782592773
1135,occlusion,low,0.02002161741256714,0.8961988687515259,29.43230628967285
1136,clean,none,0.055466532707214355,0.8008551597595215,22.13839340209961
1137,occlusion,high,0.12529656291007996,0.565115213394165,14.130367279052734
1138,blur,high,0.0295427106320858,0.7868237495422363,25.85625648498535
1139,occlusion,high,0.08554641902446747,0.5494215488433838,17.682321548461914
1140,clean,none,0.04399816319346428,0.7586541175842285,24.581811904907227
1141,clean,none,0.020530549809336662,0.89029860496521,28.100799560546875
1142,blur,medium,0.029466059058904648,0.8464878797531128,25.778715133666992
1143,blur,medium,0.0480307936668396,0.5991073846817017,20.220577239990234
1144,blur,low,0.04407956823706627,0.7450506687164307,24.66556739807129
1145,occlusion,low,0.03951815515756607,0.6787302494049072,24.309911727905273
1146,salt_pepper,high,0.03339266777038574,0.804057240486145,24.141345977783203
1147,salt_pepper,high,0.02541474625468254,0.9019068479537964,27.60129737854004
1148,blur,low,0.036664918065071106,0.8180229663848877,25.094213485717773
1149,occlusion,low,0.04619605466723442,0.7704018950462341,21.522335052490234
1150,blur,high,0.057102493941783905,0.6033870577812195,21.376323699951172
1151,occlusion,medium,0.07046718895435333,0.6883496642112732,17.988920211791992
1152,occlusion,high,0.05976380035281181,0.7277058362960815,18.625633239746094
1153,salt_pepper,low,0.026617690920829773,0.8791279792785645,27.23415756225586
1154,salt_pepper,low,0.029660791158676147,0.7521357536315918,27.449134826660156
1155,salt_pepper,medium,0.03060542605817318,0.8545677661895752,26.354978561401367
1156,occlusion,low,0.04625839740037918,0.7717151641845703,21.761314392089844
1157,salt_pepper,high,0.03272738307714462,0.7890536189079285,25.10708236694336
1158,clean,none,0.026637380942702293,0.8714842796325684,27.194114685058594
1159,occlusion,low,0.03524058312177658,0.8130117654800415,22.3288631439209
1160,blur,medium,0.02454809471964836,0.8347628116607666,29.183082580566406
1161,clean,none,0.04555356502532959,0.7510458827018738,23.414011001586914
1162,clean,none,0.03802957758307457,0.8122638463973999,24.072683334350586
1163,occlusion,medium,0.04538918659090996,0.7702444791793823,21.96493911743164
1164,blur,high,0.03466902673244476,0.7781040072441101,25.934608459472656
1165,salt_pepper,medium,0.051993973553180695,0.7008602619171143,22.6119384765625
1166,occlusion,medium,0.04225684329867363,0.6820761561393738,23.63256072998047
1167,salt_pepper,low,0.06065010651946068,0.6429336071014404,21.499053955078125
1168,occlusion,low,0.02570972964167595,0.8567032814025879,27.542421340942383
1169,occlusion,medium,0.041022367775440216,0.7831908464431763,22.97083854675293
1170,occlusion,low,0.04226740449666977,0.81827712059021,23.45302391052246
1171,occlusion,high,0.06856043636798859,0.6342427730560303,18.759899139404297
1172,blur,high,0.06817903369665146,0.6414575576782227,19.581148147583008
1173,blur,low,0.04593757539987564,0.668954074382782,24.156558990478516
1174,clean,none,0.03351714462041855,0.7984597086906433,25.823013305664062
1175,blur,low,0.026829009875655174,0.8690165281295776,27.32660675048828
1176,salt_pepper,low,0.028129413723945618,0.8965784311294556,26.262130737304688
1177,blur,high,0.027215953916311264,0.8455647230148315,25.925582885742188
1178,salt_pepper,medium,0.03128676116466522,0.7962243556976318,24.454011917114258
1179,salt_pepper,low,0.03571633994579315,0.74078768491745,24.23213005065918
1180,occlusion,low,0.015262177214026451,0.9508146047592163,29.824153900146484
1181,salt_pepper,high,0.037930797785520554,0.7966488599777222,25.636371612548828
1182,salt_pepper,medium,0.06289613246917725,0.7323216199874878,20.637361526489258
1183,salt_pepper,medium,0.04392732307314873,0.7251355648040771,24.139999389648438
1184,clean,none,0.03951396048069,0.7520067095756531,24.062786102294922
1185,occlusion,medium,0.060715239495038986,0.6317636966705322,20.710826873779297
1186,clean,none,0.04670075699687004,0.6853983402252197,24.009408950805664
1187,blur,high,0.03458616882562637,0.7085582613945007,26.120519638061523
1188,salt_pepper,medium,0.04663828760385513,0.7495359778404236,23.066619873046875
1189,clean,none,0.057702913880348206,0.7398354411125183,21.00389289855957
1190,clean,none,0.057940781116485596,0.7136184573173523,21.59306526184082
1191,occlusion,high,0.09626388549804688,0.5171232223510742,17.069379806518555
1192,occlusion,medium,0.05399920791387558,0.6343449950218201,22.017831802368164
1193,blur,high,0.081306591629982,0.6532420516014099,17.618886947631836
1194,salt_pepper,high,0.038354337215423584,0.7388761043548584,24.803735733032227
1195,clean,none,0.04312397167086601,0.780352771282196,24.576431274414062
1196,clean,none,0.03595640882849693,0.8156449198722839,26.203292846679688
1197,occlusion,low,0.04398856684565544,0.7633225321769714,23.33289337158203
1198,occlusion,high,0.06416782736778259,0.6845297813415527,18.91027069091797
1199,salt_pepper,low,0.04834724962711334,0.779979944229126,23.331695556640625
1200,occlusion,high,0.061224646866321564,0.6409111618995667,19.861095428466797
1201,clean,none,0.04953804612159729,0.6957623362541199,23.161460876464844
1202,clean,none,0.05117212235927582,0.7966862916946411,22.05309295654297
1203,clean,none,0.05778800696134567,0.7209457159042358,21.75905418395996
1204,blur,low,0.03400985896587372,0.8288459181785583,25.45343017578125
1205,occlusion,low,0.028589557856321335,0.8602635860443115,27.041866302490234
1206,blur,medium,0.04266100376844406,0.7425753474235535,24.639253616333008
1207,occlusion,high,0.07375791668891907,0.6843327283859253,18.08304214477539
1208,salt_pepper,low,0.030759966000914574,0.8591243624687195,26.835617065429688
1209,clean,none,0.038828130811452866,0.7381091117858887,25.03978729248047
1210,salt_pepper,high,0.04189353436231613,0.8096794486045837,23.59532356262207
1211,blur,medium,0.04661299288272858,0.7101709246635437,23.08994483947754
1212,clean,none,0.018939204514026642,0.9173964858055115,31.585187911987305
1213,salt_pepper,low,0.08624662458896637,0.5634781122207642,18.5864315032959
1214,occlusion,high,0.07415047287940979,0.4983910322189331,20.01430320739746
1215,salt_pepper,high,0.05904483050107956,0.6315256953239441,22.342920303344727
1216,occlusion,medium,0.07768480479717255,0.5343276262283325,19.513097763061523
1217,blur,low,0.0594383142888546,0.748248279094696,21.321819305419922
1218,blur,medium,0.03325102850794792,0.8079122304916382,25.37686538696289
1219,salt_pepper,low,0.042422544211149216,0.8193668127059937,23.41631317138672
1220,clean,none,0.07503873854875565,0.6585875749588013,19.980682373046875
1221,blur,high,0.06093697249889374,0.6395769119262695,21.281068801879883
1222,clean,none,0.02758350595831871,0.8365585207939148,27.670948028564453
1223,blur,low,0.04953698813915253,0.7047027349472046,23.463804244995117
1224,salt_pepper,medium,0.06624117493629456,0.6523596048355103,20.93994903564453
1225,clean,none,0.06277585029602051,0.6207395792007446,21.660717010498047
1226,blur,medium,0.025143589824438095,0.8451751470565796,29.000263214111328
1227,salt_pepper,low,0.045751266181468964,0.8366462588310242,21.990089416503906
1228,salt_pepper,medium,0.048297733068466187,0.7827689051628113,23.973037719726562
1229,salt_pepper,low,0.035680778324604034,0.8518440127372742,24.878620147705078
1230,salt_pepper,high,0.06468026340007782,0.7237511873245239,20.44693946838379
1231,salt_pepper,low,0.03442514315247536,0.8422037959098816,24.409500122070312
1232,blur,medium,0.03716019541025162,0.8330671787261963,24.71489906311035
1233,clean,none,0.05138928443193436,0.6957992911338806,22.94563102722168
1234,clean,none,0.035304583609104156,0.7573696374893188,26.19786834716797
1235,blur,medium,0.04732557386159897,0.7042484283447266,23.264362335205078
1236,blur,high,0.08143007755279541,0.4989398717880249,19.51099967956543
1237,clean,none,0.022528288885951042,0.9046106338500977,29.897443771362305
1238,salt_pepper,medium,0.03133761137723923,0.8077459335327148,26.556964874267578
1239,salt_pepper,medium,0.03223201632499695,0.834496021270752,25.928585052490234
1240,clean,none,0.037579767405986786,0.7896798849105835,25.364315032958984
1241,salt_pepper,medium,0.031744688749313354,0.8104760050773621,26.78549575805664
1242,clean,none,0.052826475352048874,0.720382571220398,22.650087356567383
1243,occlusion,medium,0.035936012864112854,0.7106226682662964,25.251983642578125
1244,blur,low,0.03728552162647247,0.8450657725334167,25.152408599853516
1245,blur,low,0.029555674642324448,0.794961154460907,27.95696258544922
1246,blur,low,0.038106828927993774,0.856366753578186,24.49383544921875
1247,occlusion,medium,0.041105546057224274,0.7566980123519897,22.850643157958984
1248,blur,medium,0.032270707190036774,0.8225630521774292,27.158061981201172
1249,occlusion,medium,0.07645218074321747,0.5150232315063477,19.327377319335938
1250,salt_pepper,high,0.04019622504711151,0.7962098121643066,24.451189041137695
1251,occlusion,low,0.0613405704498291,0.6154745221138,21.080909729003906
1252,clean,none,0.03504987061023712,0.8539047241210938,25.657451629638672
1253,salt_pepper,medium,0.04231609031558037,0.7808394432067871,24.401927947998047
1254,salt_pepper,medium,0.058188825845718384,0.6656051278114319,22.058368682861328
1255,salt_pepper,high,0.027309846132993698,0.8436295390129089,27.111106872558594
1256,salt_pepper,medium,0.06234261393547058,0.6753262281417847,21.404979705810547
1257,blur,high,0.04772583767771721,0.5680119395256042,23.942148208618164
1258,salt_pepper,high,0.04551450535655022,0.7754768133163452,23.883726119995117
1259,clean,none,0.062393322587013245,0.6946496963500977,21.42432975769043
1260,occlusion,low,0.05334986373782158,0.7017967700958252,21.25356674194336
1261,clean,none,0.05809885263442993,0.7197564840316772,22.0351619720459
1262,occlusion,low,0.047836028039455414,0.7385377883911133,22.654077529907227
1263,occlusion,medium,0.027005523443222046,0.8524123430252075,26.057430267333984
1264,salt_pepper,high,0.037958838045597076,0.8022984862327576,25.448110580444336
1265,blur,low,0.037978898733854294,0.8043176531791687,25.49398422241211
1266,blur,high,0.0332457572221756,0.8426305055618286,24.990968704223633
1267,occlusion,high,0.07459540665149689,0.6371662616729736,18.780717849731445
1268,clean,none,0.037431564182043076,0.7968443632125854,25.703174591064453
1269,salt_pepper,medium,0.060684945434331894,0.7429717779159546,20.497581481933594
1270,blur,low,0.041122131049633026,0.8732162714004517,24.540998458862305
1271,occlusion,high,0.0636105090379715,0.45418140292167664,20.66412925720215
1272,clean,none,0.050618719309568405,0.7109624743461609,23.00619888305664
1273,blur,low,0.03015025518834591,0.7760003805160522,27.705352783203125
1274,occlusion,medium,0.03995543345808983,0.770788311958313,24.72024917602539
1275,occlusion,low,0.049086153507232666,0.702481210231781,22.801685333251953
1276,occlusion,low,0.03127164766192436,0.7901500463485718,26.685449600219727
1277,salt_pepper,medium,0.04868428409099579,0.7374159693717957,23.334678649902344
1278,salt_pepper,high,0.0652017816901207,0.6436370015144348,20.494510650634766
1279,clean,none,0.06100451201200485,0.6481513977050781,21.763383865356445
1280,clean,none,0.035266369581222534,0.766070544719696,25.743797302246094
1281,occlusion,high,0.05874570459127426,0.6273871660232544,20.367326736450195
1282,occlusion,low,0.08021906763315201,0.6026879549026489,17.382946014404297
1283,blur,medium,0.031653761863708496,0.8607758283615112,26.92896842956543
1284,salt_pepper,low,0.05228099226951599,0.6647783517837524,22.462181091308594
1285,blur,medium,0.03344003111124039,0.8164743781089783,25.503223419189453
1286,salt_pepper,high,0.05635019764304161,0.702384889125824,22.10720443725586
1287,blur,high,0.02544902265071869,0.7975578308105469,27.690494537353516
1288,blur,high,0.045121751725673676,0.7103554010391235,23.9058837890625
1289,salt_pepper,medium,0.02416801080107689,0.8649107217788696,29.014503479003906
1290,blur,high,0.038287483155727386,0.7836984395980835,23.890098571777344
1291,salt_pepper,medium,0.035873379558324814,0.7815275192260742,23.699020385742188
1292,blur,low,0.05746801197528839,0.7431716918945312,22.027809143066406
1293,blur,low,0.03841375932097435,0.787850558757782,25.86065673828125
1294,clean,none,0.039571017026901245,0.6530402898788452,25.38222312927246
1295,occlusion,low,0.051912665367126465,0.6355035305023193,22.544042587280273
1296,clean,none,0.05199612304568291,0.6944746971130371,22.269554138183594
1297,blur,low,0.040161292999982834,0.8322896957397461,24.96554946899414
1298,salt_pepper,medium,0.047992222011089325,0.7062894105911255,23.712146759033203
1299,clean,none,0.03150159865617752,0.8463491201400757,26.6015625
1300,blur,medium,0.03974904865026474,0.81113600730896,24.85948944091797
1301,occlusion,high,0.06667545437812805,0.6925163269042969,19.286521911621094
1302,salt_pepper,medium,0.033327460289001465,0.8336197733879089,26.573923110961914
1303,occlusion,medium,0.05510089918971062,0.7038356065750122,20.22345733642578
1304,blur,low,0.04204069823026657,0.8363344669342041,24.040916442871094
1305,salt_pepper,low,0.047858964651823044,0.7565276026725769,23.159149169921875
1306,clean,none,0.0411963015794754,0.802367091178894,24.416805267333984
1307,blur,medium,0.025503790006041527,0.8793535232543945,28.222633361816406
1308,clean,none,0.04030435159802437,0.8355809450149536,23.98273277282715
1309,clean,none,0.07915844768285751,0.5945460796356201,19.523345947265625
1310,clean,none,0.03146793693304062,0.8442419767379761,27.14341926574707
1311,blur,high,0.04932151362299919,0.6444055438041687,23.08864402770996
1312,occlusion,high,0.07468362897634506,0.5526594519615173,18.361927032470703
1313,blur,medium,0.04346218705177307,0.6407843828201294,24.633285522460938
1314,clean,none,0.041934818029403687,0.62543785572052,25.05918312072754
1315,clean,none,0.043786030262708664,0.808039128780365,24.03561019897461
1316,salt_pepper,low,0.04706498235464096,0.7539058923721313,23.727783203125
1317,occlusion,high,0.08309862017631531,0.5525660514831543,16.85550880432129
1318,blur,high,0.03299544379115105,0.7845730185508728,25.48626708984375
1319,clean,none,0.026271041482686996,0.8570350408554077,27.747196197509766
1320,salt_pepper,medium,0.03339780122041702,0.7845598459243774,25.778480529785156
1321,salt_pepper,low,0.04106073081493378,0.8460251092910767,24.410219192504883
1322,salt_pepper,low,0.041033703833818436,0.8059183359146118,24.98137664794922
1323,clean,none,0.04466324672102928,0.6515964865684509,24.128944396972656
1324,blur,high,0.0591982901096344,0.5709583163261414,21.81399917602539
1325,blur,medium,0.026924312114715576,0.8008129000663757,28.009016036987305
1326,clean,none,0.030241072177886963,0.8501162528991699,25.747013092041016
1327,blur,high,0.0925496369600296,0.5124374628067017,18.318368911743164
1328,occlusion,low,0.037366338074207306,0.8176438212394714,21.4078426361084
1329,blur,high,0.05417759716510773,0.6182749271392822,22.11911392211914
1330,salt_pepper,high,0.04543013498187065,0.7099502086639404,24.311588287353516
1331,salt_pepper,medium,0.045425187796354294,0.7835400104522705,24.16520118713379
1332,blur,low,0.027634164318442345,0.8560706973075867,28.263559341430664
1333,blur,low,0.043945636600255966,0.7888821363449097,24.291168212890625
1334,salt_pepper,medium,0.05048941820859909,0.6756148338317871,23.34278106689453
1335,clean,none,0.05657511204481125,0.7237211465835571,21.705825805664062
1336,occlusion,low,0.04723196476697922,0.7270364165306091,22.737499237060547
1337,occlusion,medium,0.05231495946645737,0.6762747168540955,21.247787475585938
1338,occlusion,medium,0.05375899374485016,0.6696605086326599,21.330020904541016
1339,blur,high,0.06979011744260788,0.5036247372627258,20.152687072753906
1340,occlusion,high,0.06589613854885101,0.5540153980255127,18.998233795166016
1341,clean,none,0.05011437460780144,0.6600977778434753,23.42917251586914
1342,blur,medium,0.06454875320196152,0.5776581764221191,20.837371826171875
1343,occlusion,high,0.10100861638784409,0.5608688592910767,14.731353759765625
1344,blur,medium,0.030573060736060143,0.8611220121383667,25.147281646728516
1345,occlusion,low,0.030139243230223656,0.7975353598594666,26.393844604492188
1346,occlusion,low,0.04357035458087921,0.6448109745979309,23.974411010742188
1347,blur,high,0.0641576498746872,0.6549805402755737,21.0756778717041
1348,salt_pepper,high,0.03255058452486992,0.787205696105957,27.15475845336914
1349,salt_pepper,low,0.04565098136663437,0.7100875377655029,23.553138732910156
1350,blur,medium,0.03248923271894455,0.8513247966766357,25.678815841674805
1351,salt_pepper,high,0.027513369917869568,0.8808015584945679,27.463985443115234
1352,clean,none,0.05488726496696472,0.6911969184875488,22.670372009277344
1353,blur,medium,0.040571942925453186,0.6762408018112183,24.903587341308594
1354,blur,high,0.04583611339330673,0.6244843006134033,24.047088623046875
1355,clean,none,0.034472912549972534,0.781822144985199,26.02581214904785
1356,salt_pepper,low,0.030041534453630447,0.864163339138031,27.016727447509766
1357,occlusion,low,0.06880433112382889,0.6060907244682312,20.6544132232666
1358,salt_pepper,low,0.027050331234931946,0.854161262512207,27.912628173828125
1359,clean,none,0.026063045486807823,0.8548500537872314,28.086383819580078
1360,clean,none,0.050263337790966034,0.7659277319908142,23.408267974853516
1361,blur,low,0.05156490206718445,0.6328004598617554,23.076513290405273
1362,salt_pepper,high,0.05909071862697601,0.6138556003570557,21.78746795654297
1363,salt_pepper,high,0.04482589289546013,0.7701464891433716,23.18960952758789
1364,blur,medium,0.04454674944281578,0.755768895149231,24.09583282470703
1365,salt_pepper,medium,0.04661547392606735,0.6447483897209167,23.905847549438477
1366,blur,high,0.03816933184862137,0.7060090899467468,24.616104125976562
1367,salt_pepper,medium,0.038087550550699234,0.6927838325500488,25.5263671875
1368,clean,none,0.03161264583468437,0.8439726829528809,26.4824275970459
1369,occlusion,high,0.08617591112852097,0.4405369758605957,18.484094619750977
1370,occlusion,medium,0.04483390972018242,0.7501472234725952,21.40407943725586
1371,clean,none,0.041431065648794174,0.8682928085327148,24.6684627532959
1372,occlusion,high,0.07083207368850708,0.5729942321777344,19.11674690246582
1373,blur,high,0.03884466737508774,0.7667447328567505,24.54555320739746
1374,blur,low,0.06280340254306793,0.6991550922393799,21.01272201538086
1375,salt_pepper,medium,0.03629817068576813,0.8258899450302124,25.279720306396484
1376,occlusion,high,0.09042903780937195,0.6142548322677612,14.816102981567383
1377,blur,low,0.025014406070113182,0.9267903566360474,26.503704071044922
1378,blur,high,0.03646198660135269,0.6922217607498169,25.37441062927246
1379,blur,high,0.04264429956674576,0.7447316646575928,24.327720642089844
1380,occlusion,medium,0.05512065812945366,0.7142167091369629,20.364702224731445
1381,blur,high,0.04538197070360184,0.7345161437988281,23.71666717529297
1382,clean,none,0.052583448588848114,0.7415376901626587,22.220504760742188
1383,occlusion,high,0.07052160799503326,0.5579371452331543,18.674396514892578
1384,occlusion,low,0.04108544439077377,0.6980995535850525,23.87293243408203
1385,occlusion,low,0.04123789072036743,0.8401792049407959,22.41912841796875
1386,occlusion,high,0.08887694776058197,0.6125998497009277,17.39104461669922
1387,salt_pepper,medium,0.044107865542173386,0.8035839796066284,23.04999351501465
1388,occlusion,low,0.05871865898370743,0.6518509387969971,21.135116577148438
1389,blur,high,0.04556416720151901,0.7212920188903809,22.933605194091797
1390,clean,none,0.04628679156303406,0.7927308082580566,22.81501007080078
1391,occlusion,high,0.10753016173839569,0.530380129814148,14.372349739074707
1392,clean,none,0.045586906373500824,0.7638648748397827,23.906654357910156
1393,clean,none,0.047798316925764084,0.7498489618301392,22.74150848388672
1394,occlusion,medium,0.07899254560470581,0.5538920164108276,18.01266098022461
1395,clean,none,0.059829071164131165,0.6785610914230347,21.846912384033203
1396,salt_pepper,medium,0.04061945155262947,0.7391231060028076,25.167341232299805
1397,clean,none,0.06105547770857811,0.6806365847587585,21.55085563659668
1398,clean,none,0.07619081437587738,0.6099086403846741,19.776256561279297
1399,salt_pepper,low,0.05631376430392265,0.7635783553123474,22.302549362182617
1400,occlusion,low,0.05952978879213333,0.6895836591720581,21.437623977661133
1401,salt_pepper,medium,0.038854651153087616,0.8016906976699829,23.696849822998047
1402,salt_pepper,high,0.037911027669906616,0.7131766080856323,25.631507873535156
1403,salt_pepper,medium,0.041081152856349945,0.6561039686203003,24.957637786865234
1404,salt_pepper,medium,0.03472445532679558,0.8113228678703308,25.59615707397461
1405,clean,none,0.04398616403341293,0.7954017519950867,23.910152435302734
1406,salt_pepper,high,0.05441318079829216,0.6430277228355408,22.418010711669922
1407,blur,low,0.036358125507831573,0.8204686045646667,25.01932144165039
1408,blur,medium,0.04258664697408676,0.8187804222106934,23.94850730895996
1409,salt_pepper,low,0.04144367575645447,0.7870187163352966,23.84646987915039
1410,blur,medium,0.0352482870221138,0.787413477897644,25.927959442138672
1411,occlusion,low,0.05276621878147125,0.6819901466369629,21.949453353881836
1412,clean,none,0.041328802704811096,0.8117457628250122,24.369632720947266
1413,blur,high,0.04515005275607109,0.6448986530303955,24.05023956298828
1414,clean,none,0.04880097508430481,0.6155763864517212,23.555866241455078
1415,occlusion,medium,0.04426643252372742,0.6566367149353027,23.465229034423828
1416,salt_pepper,high,0.03912126272916794,0.6440443992614746,25.104360580444336
1417,blur,high,0.03651820123195648,0.7979978322982788,24.214473724365234
1418,occlusion,medium,0.042476654052734375,0.7715111970901489,22.66664695739746
1419,occlusion,low,0.03949306532740593,0.8118863105773926,23.79421615600586
1420,salt_pepper,high,0.04060894995927811,0.7864643335342407,23.96112060546875
1421,blur,low,0.03939291462302208,0.703833281993866,24.514049530029297
1422,occlusion,medium,0.09356819093227386,0.5525199770927429,17.07901382446289
1423,clean,none,0.06156567856669426,0.62457275390625,21.416786193847656
1424,salt_pepper,high,0.0364348404109478,0.7215225696563721,25.69723892211914
1425,salt_pepper,high,0.0452539436519146,0.7460864782333374,23.935707092285156
1426,occlusion,high,0.06707092374563217,0.5081337094306946,20.076616287231445
1427,clean,none,0.04487442225217819,0.6440111994743347,24.046985626220703
1428,occlusion,medium,0.05740462988615036,0.5971443057060242,20.726219177246094
1429,salt_pepper,high,0.05251137167215347,0.6714686751365662,22.71137237548828
1430,occlusion,medium,0.06775350123643875,0.5898685455322266,20.251144409179688
1431,blur,low,0.045616041868925095,0.6550769805908203,23.855419158935547
1432,clean,none,0.06150033324956894,0.6451773643493652,21.683536529541016
1433,clean,none,0.04595673829317093,0.7348814010620117,23.738792419433594
1434,blur,medium,0.04823273420333862,0.6256608963012695,23.578901290893555
1435,clean,none,0.05068179965019226,0.6672207713127136,23.2877197265625
1436,salt_pepper,low,0.047539811581373215,0.67988121509552,23.632022857666016
1437,salt_pepper,high,0.041491441428661346,0.6959624290466309,23.94571304321289
1438,salt_pepper,medium,0.030118828639388084,0.7414681315422058,27.671510696411133
1439,occlusion,high,0.05210733041167259,0.5657941102981567,22.770692825317383
1440,blur,high,0.04056818038225174,0.7792532444000244,23.67988395690918
1441,clean,none,0.04743867367506027,0.6834456324577332,23.09328842163086
1442,occlusion,low,0.0556061714887619,0.7219732999801636,20.75600814819336
1443,salt_pepper,low,0.04057614505290985,0.7807163000106812,24.84837532043457
1444,salt_pepper,low,0.03282029554247856,0.8780681490898132,22.256084442138672
1445,salt_pepper,medium,0.04586322233080864,0.6981061697006226,23.762603759765625
1446,blur,low,0.055672865360975266,0.7122995257377625,22.73719596862793
1447,salt_pepper,medium,0.05185377225279808,0.7699308395385742,22.4273681640625
1448,blur,low,0.0677502453327179,0.6966643333435059,20.614002227783203
1449,salt_pepper,high,0.033542700111866,0.8143231272697449,25.685192108154297
1450,salt_pepper,low,0.048825182020664215,0.839940071105957,21.731416702270508
1451,clean,none,0.0632476806640625,0.708328902721405,21.10232925415039
1452,blur,medium,0.09837883710861206,0.44970524311065674,17.872970581054688
1453,occlusion,medium,0.1054399237036705,0.4731622636318207,16.663686752319336
1454,occlusion,medium,0.08099081367254257,0.5979533195495605,18.509355545043945
1455,occlusion,high,0.08103497326374054,0.5497708320617676,17.822593688964844
1456,occlusion,low,0.03079370968043804,0.8144075274467468,25.792640686035156
1457,blur,high,0.060504667460918427,0.6049463152885437,21.80364227294922
1458,blur,high,0.03727077692747116,0.6336448192596436,26.008207321166992
1459,clean,none,0.06959541141986847,0.7421780824661255,19.69298553466797
1460,clean,none,0.03919454663991928,0.8606346845626831,23.50048828125
1461,salt_pepper,high,0.049965690821409225,0.762525737285614,22.841760635375977
1462,salt_pepper,high,0.037856750190258026,0.7632673978805542,24.223491668701172
1463,salt_pepper,high,0.043463826179504395,0.7964175939559937,23.21185874938965
1464,occlusion,low,0.05934710428118706,0.6586673259735107,21.46864891052246
1465,blur,high,0.05186675488948822,0.5980055332183838,23.141799926757812
1466,occlusion,medium,0.06715475022792816,0.6116340160369873,19.250022888183594
1467,blur,low,0.03165755420923233,0.8468924760818481,26.585599899291992
1468,blur,high,0.06305841356515884,0.5514050722122192,21.532939910888672
1469,clean,none,0.05037526413798332,0.7756906747817993,23.231325149536133
1470,blur,low,0.031386326998472214,0.8671771287918091,26.409528732299805
1471,salt_pepper,medium,0.054882243275642395,0.7177271842956543,22.472126007080078
1472,blur,low,0.05484096333384514,0.7194293737411499,22.478883743286133
1473,blur,high,0.04072326421737671,0.7148398160934448,24.406814575195312
1474,clean,none,0.041058339178562164,0.7636474967002869,24.460338592529297
1475,clean,none,0.034739475697278976,0.8428646922111511,25.45785903930664
1476,salt_pepper,low,0.046000123023986816,0.7055875658988953,22.869434356689453
1477,salt_pepper,high,0.0586383156478405,0.739692211151123,20.614110946655273
1478,clean,none,0.019487470388412476,0.8988561630249023,29.885875701904297
1479,blur,low,0.031225349754095078,0.8130378127098083,27.188146591186523
1480,clean,none,0.05544034764170647,0.7293457984924316,22.277299880981445
1481,clean,none,0.05985022708773613,0.609174370765686,22.185075759887695
1482,salt_pepper,low,0.02870669588446617,0.7783998847007751,27.696170806884766
1483,clean,none,0.025376010686159134,0.8402624130249023,28.969970703125
1484,occlusion,low,0.042833343148231506,0.7714762687683105,22.58225440979004
1485,clean,none,0.02992474101483822,0.8102622032165527,27.836084365844727
1486,occlusion,high,0.05900702625513077,0.6779689788818359,20.01836585998535
1487,blur,medium,0.044463127851486206,0.7145185470581055,24.02279281616211
1488,salt_pepper,low,0.03027317300438881,0.8141490817070007,27.486093521118164
1489,blur,low,0.035100970417261124,0.7389366030693054,26.35561180114746
1490,blur,low,0.013820825144648552,0.9452196955680847,33.438114166259766
1491,blur,high,0.02185729891061783,0.839009165763855,29.16908073425293
1492,salt_pepper,low,0.03172087296843529,0.786364734172821,26.983518600463867
1493,occlusion,low,0.022291123867034912,0.8717598915100098,27.404911041259766
1494,salt_pepper,medium,0.039734162390232086,0.6888667941093445,25.301715850830078
1495,salt_pepper,low,0.029453542083501816,0.7512266635894775,27.95639419555664
1496,blur,low,0.03197009488940239,0.8431524634361267,26.470378875732422
1497,clean,none,0.029831215739250183,0.800656795501709,26.91839599609375
1498,salt_pepper,high,0.03463738411664963,0.7199039459228516,26.390562057495117
1499,clean,none,0.02207213267683983,0.8926973342895508,29.649494171142578
1500,blur,high,0.03172348439693451,0.8162882328033447,25.688594818115234
1501,occlusion,high,0.05786274001002312,0.6803683042526245,20.897937774658203
1502,clean,none,0.03559407219290733,0.8441014289855957,25.327346801757812
1503,blur,high,0.04010248929262161,0.801513671875,24.088706970214844
1504,blur,high,0.03834989666938782,0.7722706198692322,24.87980079650879
1505,blur,low,0.02413426898419857,0.8909868597984314,29.2448787689209
1506,salt_pepper,high,0.029171258211135864,0.8147953748703003,27.860065460205078
1507,occlusion,low,0.052260663360357285,0.7776317596435547,18.39562225341797
1508,occlusion,low,0.03888077661395073,0.7993932962417603,23.368642807006836
1509,blur,low,0.027547866106033325,0.7762908935546875,28.015380859375
1510,salt_pepper,low,0.029107362031936646,0.8426098227500916,27.25836944580078
1511,occlusion,low,0.05973613262176514,0.7455108165740967,19.015933990478516
1512,salt_pepper,medium,0.029543437063694,0.8153607249259949,27.454120635986328
1513,blur,low,0.029587537050247192,0.7878820300102234,27.88420867919922
1514,occlusion,high,0.04703095555305481,0.7220159769058228,21.51239585876465
1515,clean,none,0.025970708578824997,0.8728266954421997,27.935283660888672
1516,clean,none,0.038544684648513794,0.7911819219589233,24.934301376342773
1517,blur,medium,0.03634997457265854,0.7884458303451538,25.55558204650879
1518,occlusion,high,0.04725687950849533,0.6922972202301025,22.06648826599121
1519,clean,none,0.05097059905529022,0.7710525393486023,22.229707717895508
1520,clean,none,0.04196173697710037,0.6355413198471069,24.70808982849121
1521,clean,none,0.0242876335978508,0.8440196514129639,28.292152404785156
1522,salt_pepper,low,0.019457872956991196,0.9135024547576904,31.224185943603516
1523,blur,low,0.022348521277308464,0.928332507610321,28.856204986572266
1524,occlusion,high,0.06474809348583221,0.6600643992424011,20.083112716674805
1525,occlusion,high,0.0696224495768547,0.6569417715072632,18.23032569885254
1526,salt_pepper,low,0.043480243533849716,0.8015450835227966,24.309328079223633
1527,blur,low,0.02622002363204956,0.8886429071426392,28.264341354370117
1528,occlusion,high,0.051542796194553375,0.7003980875015259,20.42841148376465
1529,clean,none,0.024856170639395714,0.8702596426010132,27.890663146972656
1530,salt_pepper,low,0.020660970360040665,0.9146727919578552,29.061288833618164
1531,occlusion,low,0.04689779132604599,0.7498655319213867,23.045124053955078
1532,salt_pepper,medium,0.018400033935904503,0.8853119611740112,30.613994598388672
1533,salt_pepper,low,0.027172250673174858,0.8859862089157104,27.175636291503906
1534,blur,medium,0.025696739554405212,0.8368715643882751,28.288898468017578
1535,salt_pepper,high,0.01672372780740261,0.9192930459976196,31.798431396484375
1536,occlusion,high,0.07814459502696991,0.6194542646408081,16.396644592285156
1537,clean,none,0.041015952825546265,0.6921326518058777,24.93842124938965
1538,salt_pepper,low,0.039235424250364304,0.7095334529876709,25.245912551879883
1539,salt_pepper,high,0.027166496962308884,0.8192431330680847,28.196887969970703
1540,clean,none,0.039910685271024704,0.8230544924736023,24.81734848022461
1541,salt_pepper,medium,0.02372553199529648,0.8968836665153503,28.698776245117188
1542,blur,high,0.01776868849992752,0.8835861682891846,31.085988998413086
1543,clean,none,0.014813515357673168,0.930217444896698,33.203922271728516
1544,clean,none,0.016970543190836906,0.9218706488609314,31.400529861450195
1545,salt_pepper,medium,0.022392313927412033,0.9077906608581543,28.902700424194336
1546,salt_pepper,low,0.01701544038951397,0.8950215578079224,31.88702392578125
1547,occlusion,high,0.05468345433473587,0.6623932719230652,20.606056213378906
1548,clean,none,0.0280896108597517,0.8642045855522156,27.77407455444336
1549,salt_pepper,low,0.03847657889127731,0.7158963084220886,25.707368850708008
1550,salt_pepper,low,0.03652403503656387,0.721216082572937,26.107479095458984
1551,clean,none,0.03793403506278992,0.798296332359314,25.18123435974121
1552,salt_pepper,medium,0.05577060580253601,0.7737974524497986,21.854450225830078
1553,salt_pepper,low,0.04084699600934982,0.7675260305404663,24.906408309936523
1554,clean,none,0.036379359662532806,0.7529860734939575,26.1426944732666
1555,occlusion,medium,0.03988350182771683,0.7569286227226257,23.31355094909668
1556,blur,low,0.03350098431110382,0.7482852935791016,26.609050750732422
1557,occlusion,high,0.05910371243953705,0.7268944978713989,20.647523880004883
1558,occlusion,medium,0.039863042533397675,0.7991435527801514,23.53662872314453
1559,occlusion,low,0.05128439515829086,0.777676522731781,20.567218780517578
1560,clean,none,0.022995425388216972,0.8710569143295288,29.527809143066406
1561,blur,high,0.018103038892149925,0.874492347240448,30.621623992919922
1562,blur,high,0.05222653970122337,0.6319505572319031,22.506248474121094
1563,salt_pepper,low,0.04841194674372673,0.7948393821716309,22.462684631347656
1564,salt_pepper,low,0.025804242119193077,0.8823913931846619,28.478168487548828
1565,clean,none,0.03987535089254379,0.7431899905204773,25.070205688476562
1566,clean,none,0.02856781706213951,0.8588937520980835,27.951534271240234
1567,occlusion,medium,0.04543887823820114,0.7509135007858276,23.478370666503906
1568,salt_pepper,medium,0.02824261412024498,0.8821080923080444,25.291996002197266
1569,blur,low,0.037184081971645355,0.7190985679626465,25.97982406616211
1570,occlusion,high,0.08200022578239441,0.4994799494743347,17.4819393157959
1571,occlusion,high,0.06830362230539322,0.6232757568359375,18.028776168823242
1572,occlusion,high,0.046217646449804306,0.6488333940505981,23.14622688293457
1573,salt_pepper,medium,0.02161167934536934,0.9027230143547058,30.05537986755371
1574,blur,medium,0.0340956375002861,0.7980887293815613,26.514751434326172
1575,salt_pepper,low,0.032019056379795074,0.8030636310577393,26.7686767578125
1576,salt_pepper,medium,0.023060401901602745,0.8577494621276855,28.6198787689209
1577,blur,high,0.04137597978115082,0.6256256103515625,24.98522186279297
1578,blur,low,0.031753819435834885,0.8086516261100769,26.605667114257812
1579,clean,none,0.06904866546392441,0.6907831430435181,20.354917526245117
1580,occlusion,high,0.06068374216556549,0.5629465579986572,19.310855865478516
1581,salt_pepper,high,0.037494808435440063,0.7099034786224365,25.150651931762695
1582,occlusion,high,0.03801564499735832,0.721818208694458,23.274662017822266
1583,clean,none,0.030831975862383842,0.8663427829742432,26.73017120361328
1584,blur,high,0.028238654136657715,0.7118242979049683,27.854787826538086
1585,clean,none,0.029985947534441948,0.8513396978378296,26.899581909179688
1586,blur,medium,0.03471771627664566,0.7457851767539978,26.529043197631836
1587,salt_pepper,high,0.044466711580753326,0.7109702825546265,23.739099502563477
1588,blur,medium,0.028753137215971947,0.8419135808944702,28.037952423095703
1589,blur,high,0.05631057173013687,0.5847506523132324,22.416828155517578
1590,occlusion,high,0.08038640022277832,0.5605760812759399,18.00200080871582
1591,blur,high,0.03542331978678703,0.8034607768058777,25.28133201599121
1592,blur,low,0.0387418270111084,0.7829741835594177,25.231483459472656
1593,clean,none,0.032736342400312424,0.7849956750869751,27.28156089782715
1594,clean,none,0.05002962797880173,0.7252480983734131,23.039047241210938
1595,occlusion,low,0.06443291157484055,0.7115200757980347,20.265705108642578
1596,salt_pepper,medium,0.0424957200884819,0.7314309477806091,25.10490608215332
1597,occlusion,high,0.09381207078695297,0.5377480983734131,15.258435249328613
1598,blur,medium,0.02519863098859787,0.8017334938049316,29.389713287353516
1599,salt_pepper,medium,0.03073864057660103,0.8136080503463745,26.929325103759766
1600,clean,none,0.03784669563174248,0.779266357421875,25.993146896362305
1601,blur,low,0.0335199311375618,0.8200134038925171,26.274993896484375
1602,salt_pepper,medium,0.043505214154720306,0.7499164342880249,24.125051498413086
1603,clean,none,0.03866167366504669,0.7771827578544617,25.332090377807617
1604,occlusion,low,0.042569056153297424,0.6651920080184937,24.90406036376953
1605,occlusion,high,0.09850431978702545,0.5887500047683716,15.858692169189453
1606,occlusion,low,0.04037126898765564,0.8267276287078857,24.053421020507812
1607,salt_pepper,low,0.043429166078567505,0.7786642909049988,24.460617065429688
1608,occlusion,high,0.08243516832590103,0.4605768620967865,17.731969833374023
1609,clean,none,0.04591860622167587,0.717946469783783,24.024240493774414
1610,salt_pepper,high,0.03293468803167343,0.803658664226532,26.247364044189453
1611,occlusion,medium,0.05099707096815109,0.7322925925254822,21.26822280883789
1612,blur,medium,0.0380944162607193,0.7527496218681335,25.890836715698242
1613,salt_pepper,low,0.04741209000349045,0.6831490397453308,24.062191009521484
1614,blur,low,0.036043211817741394,0.8130595088005066,26.275541305541992
1615,salt_pepper,low,0.03914029151201248,0.7770547866821289,25.236278533935547
1616,blur,high,0.052479784935712814,0.6694954633712769,22.73886489868164
1617,occlusion,low,0.04038053750991821,0.7529577612876892,23.716110229492188
1618,blur,high,0.045954227447509766,0.7296104431152344,23.801410675048828
1619,blur,medium,0.033218514174222946,0.8178918361663818,25.639827728271484
1620,blur,high,0.025152500718832016,0.777521550655365,28.564895629882812
1621,salt_pepper,medium,0.03678486496210098,0.8241569995880127,25.349943161010742
1622,clean,none,0.03912384435534477,0.8254998922348022,25.067790985107422
1623,blur,low,0.020632412284612656,0.8569053411483765,30.61862564086914
1624,clean,none,0.039510421454906464,0.7923054695129395,25.654720306396484
1625,salt_pepper,high,0.024732500314712524,0.8537444472312927,28.320751190185547
1626,occlusion,high,0.06464503705501556,0.5338780283927917,19.795873641967773
1627,clean,none,0.019705962389707565,0.9248895645141602,30.364599227905273
1628,clean,none,0.016859203577041626,0.9053511619567871,32.23799514770508
1629,occlusion,medium,0.038182031363248825,0.7755789756774902,23.647781372070312
1630,clean,none,0.04019544646143913,0.8241495490074158,24.269922256469727
1631,salt_pepper,low,0.03420012444257736,0.8179614543914795,25.90017318725586
1632,occlusion,medium,0.034312695264816284,0.7719890475273132,24.487422943115234
1633,salt_pepper,high,0.04917807877063751,0.6698803901672363,23.43960952758789
1634,blur,medium,0.0704502984881401,0.6200571060180664,20.372344970703125
1635,occlusion,low,0.05536086484789848,0.7292619943618774,21.18084716796875
1636,blur,medium,0.022440433502197266,0.890856921672821,29.827335357666016
1637,blur,high,0.03334967792034149,0.7382844686508179,26.580896377563477
1638,clean,none,0.03420773893594742,0.8541306853294373,26.346044540405273
1639,clean,none,0.04157211631536484,0.7886614799499512,24.301054000854492
1640,clean,none,0.0651116669178009,0.6807753443717957,20.64971923828125
1641,salt_pepper,high,0.03477214276790619,0.8279709815979004,25.666362762451172
1642,salt_pepper,low,0.060436032712459564,0.7781381607055664,21.009719848632812
1643,blur,medium,0.027073770761489868,0.8278231024742126,28.08938217163086
1644,salt_pepper,medium,0.020034320652484894,0.8702212572097778,31.165760040283203
1645,occlusion,medium,0.031922291964292526,0.740024983882904,25.837596893310547
1646,clean,none,0.03125232458114624,0.8367632627487183,26.715492248535156
1647,salt_pepper,low,0.05512137711048126,0.7538849115371704,22.04914093017578
1648,salt_pepper,low,0.036826662719249725,0.7759215831756592,26.193279266357422
1649,clean,none,0.027281709015369415,0.756920337677002,27.601259231567383
1650,occlusion,medium,0.03623279184103012,0.7832530736923218,23.478408813476562
1651,occlusion,high,0.04078422859311104,0.7270483374595642,23.114500045776367
1652,occlusion,high,0.09282072633504868,0.4735841751098633,15.999441146850586
1653,occlusion,low,0.044523440301418304,0.7876560091972351,22.994470596313477
1654,occlusion,high,0.06932196021080017,0.43426820635795593,20.768169403076172
1655,clean,none,0.03184836730360985,0.8604242205619812,26.38805389404297
1656,occlusion,high,0.08330580592155457,0.49112626910209656,17.92362403869629
1657,salt_pepper,medium,0.02783329039812088,0.8141608238220215,27.86170196533203
1658,clean,none,0.04562121629714966,0.8167922496795654,24.016542434692383
1659,clean,none,0.037087760865688324,0.7884106040000916,25.737735748291016
1660,occlusion,low,0.04732400178909302,0.7753268480300903,21.121326446533203
1661,occlusion,medium,0.041121311485767365,0.7959980368614197,22.930599212646484
1662,blur,medium,0.018595201894640923,0.9207708239555359,30.808738708496094
1663,blur,medium,0.041294682770967484,0.81139075756073,23.337249755859375
1664,salt_pepper,low,0.027573253959417343,0.8789687156677246,26.653480529785156
1665,blur,high,0.09299522638320923,0.5646162033081055,18.26260757446289
1666,salt_pepper,high,0.024826668202877045,0.8631210327148438,28.646230697631836
1667,occlusion,medium,0.05590444803237915,0.6907267570495605,19.362550735473633
1668,clean,none,0.05156542360782623,0.6677275896072388,23.261722564697266
1669,salt_pepper,high,0.04748871922492981,0.7295361757278442,23.636302947998047
1670,clean,none,0.037991564720869064,0.7512356638908386,25.71401596069336
1671,occlusion,high,0.08635308593511581,0.479427695274353,17.218158721923828
1672,occlusion,medium,0.03653895482420921,0.8207405805587769,23.835655212402344
1673,blur,low,0.03484278544783592,0.7866266965866089,25.079757690429688
1674,salt_pepper,medium,0.033815398812294006,0.7113763689994812,27.01422119140625
1675,occlusion,low,0.05322851985692978,0.6017753481864929,20.759140014648438
1676,occlusion,low,0.0536077618598938,0.7481676340103149,21.48687171936035
1677,blur,low,0.04214469715952873,0.681364893913269,25.182811737060547
1678,occlusion,medium,0.04142569750547409,0.7897137403488159,22.97885513305664
1679,clean,none,0.03687819838523865,0.814760684967041,25.96863555908203
1680,salt_pepper,high,0.038734015077352524,0.8141304850578308,25.251235961914062
1681,blur,low,0.0349792018532753,0.8232294917106628,26.345123291015625
1682,occlusion,medium,0.04426848888397217,0.81682288646698,19.73728370666504
1683,clean,none,0.022752821445465088,0.8688227534294128,29.706809997558594
1684,occlusion,high,0.04085547477006912,0.7645831108093262,23.40628433227539
1685,blur,medium,0.0373668447136879,0.8241505026817322,25.179874420166016
1686,salt_pepper,low,0.022410228848457336,0.8881348371505737,29.361034393310547
1687,clean,none,0.029954200610518456,0.8667460680007935,27.24374771118164
1688,salt_pepper,low,0.03135720640420914,0.847173810005188,26.30413818359375
1689,salt_pepper,high,0.02171943709254265,0.8873504400253296,29.932022094726562
1690,occlusion,low,0.02953338623046875,0.829046368598938,26.09732437133789
1691,salt_pepper,high,0.02952752076089382,0.843266487121582,27.032623291015625
1692,clean,none,0.02455226331949234,0.8722083568572998,28.601871490478516
1693,salt_pepper,high,0.029346276074647903,0.8405725359916687,27.491058349609375
1694,salt_pepper,high,0.02268136665225029,0.8692886829376221,28.80390167236328
1695,salt_pepper,medium,0.02177945151925087,0.9222484827041626,28.809268951416016
1696,salt_pepper,low,0.027439847588539124,0.8824321031570435,28.109115600585938
1697,clean,none,0.026595866307616234,0.8338839411735535,28.273387908935547
1698,occlusion,medium,0.04588719829916954,0.7510814070701599,22.267688751220703
1699,clean,none,0.02420821785926819,0.8587228059768677,28.196319580078125
1700,salt_pepper,low,0.024022668600082397,0.9100193977355957,28.54547691345215
1701,blur,high,0.04519640654325485,0.7746042013168335,24.0103759765625
1702,blur,high,0.02248656004667282,0.8800503611564636,29.409870147705078
1703,blur,high,0.03280019387602806,0.6380835771560669,26.558979034423828
1704,clean,none,0.030299026519060135,0.8561891913414001,26.83873748779297
1705,blur,high,0.04025173932313919,0.776806116104126,24.270122528076172
1706,blur,medium,0.028370406478643417,0.8586298823356628,26.883203506469727
1707,occlusion,high,0.06936736404895782,0.6285597085952759,17.495195388793945
1708,salt_pepper,medium,0.036848753690719604,0.740053653717041,25.750041961669922
1709,occlusion,medium,0.04183998703956604,0.7783142924308777,21.778390884399414
1710,occlusion,medium,0.05942708998918533,0.656099796295166,17.870664596557617
1711,occlusion,low,0.026881463825702667,0.8612524271011353,27.2481632232666
1712,occlusion,low,0.03286964073777199,0.7840837836265564,24.478656768798828
1713,blur,medium,0.02191978693008423,0.9102563261985779,29.412307739257812
1714,salt_pepper,low,0.025749316439032555,0.8939964175224304,28.4945011138916
1715,clean,none,0.02821524068713188,0.8940104246139526,26.145034790039062
1716,occlusion,low,0.02336062304675579,0.8019852638244629,28.477344512939453
1717,clean,none,0.0507512167096138,0.7364875674247742,21.601438522338867
1718,salt_pepper,low,0.024104535579681396,0.9113861918449402,28.6978702545166
1719,occlusion,high,0.0933695062994957,0.39770862460136414,16.790725708007812
1720,blur,low,0.025026917457580566,0.7736331224441528,29.319551467895508
1721,salt_pepper,medium,0.04548299312591553,0.638809859752655,24.445514678955078
1722,occlusion,medium,0.049616120755672455,0.7559854388237,19.549930572509766
1723,blur,low,0.024520039558410645,0.8813464045524597,29.055633544921875
1724,salt_pepper,medium,0.04369369149208069,0.7536478042602539,24.631481170654297
1725,occlusion,medium,0.07306510210037231,0.6557691097259521,17.562170028686523
1726,blur,medium,0.05752427875995636,0.6349465250968933,22.20069694519043
1727,blur,high,0.045584507286548615,0.6261605024337769,24.014501571655273
1728,occlusion,medium,0.05640643090009689,0.7024592161178589,19.951045989990234
1729,clean,none,0.02757941745221615,0.862152099609375,27.55508804321289
1730,occlusion,high,0.06877335906028748,0.7101548910140991,16.494129180908203
1731,salt_pepper,low,0.03545562922954559,0.8265470266342163,25.772436141967773
1732,blur,high,0.03343182057142258,0.834886908531189,25.928211212158203
1733,occlusion,low,0.035049766302108765,0.8493625521659851,24.779102325439453
1734,blur,low,0.027314070612192154,0.8466681241989136,27.613754272460938
1735,blur,high,0.033968180418014526,0.7813920378684998,25.7315731048584
1736,occlusion,high,0.04926285147666931,0.7404296398162842,20.35235595703125
1737,clean,none,0.022942347452044487,0.9010964632034302,29.91128921508789
1738,clean,none,0.04086243361234665,0.7436396479606628,24.748506546020508
1739,blur,low,0.022466031834483147,0.8364405035972595,29.731149673461914
1740,clean,none,0.022119447588920593,0.8836817741394043,29.77373504638672
1741,occlusion,low,0.02555890940129757,0.8407041430473328,26.25655746459961
1742,blur,medium,0.026651693508028984,0.8602312803268433,27.72608184814453
1743,clean,none,0.021282142028212547,0.9157697558403015,29.75784683227539
1744,blur,high,0.0283471941947937,0.8101754188537598,27.40218162536621
1745,clean,none,0.04265482351183891,0.7925913333892822,24.18614387512207
1746,blur,high,0.047870468348264694,0.7072834968566895,22.587242126464844
1747,clean,none,0.02301493100821972,0.9245268106460571,29.151424407958984
1748,clean,none,0.01550961658358574,0.9253174662590027,32.098594665527344
1749,blur,high,0.02941516414284706,0.8122283220291138,26.712753295898438
1750,blur,medium,0.03732256591320038,0.8543471097946167,24.3504695892334
1751,occlusion,medium,0.0404994860291481,0.8155174255371094,21.667709350585938
1752,occlusion,medium,0.06042323261499405,0.6094681024551392,20.871723175048828
1753,blur,high,0.04776861518621445,0.7448306083679199,23.34589385986328
1754,occlusion,high,0.03719772398471832,0.7520717978477478,23.304718017578125
1755,clean,none,0.04059650003910065,0.8942338228225708,23.454225540161133
1756,clean,none,0.03840949386358261,0.8203408718109131,24.93081283569336
1757,clean,none,0.02360367774963379,0.8711673617362976,28.92803955078125
1758,occlusion,high,0.07696842402219772,0.6291512846946716,17.584495544433594
1759,salt_pepper,low,0.022931605577468872,0.8944019675254822,29.778343200683594
1760,blur,medium,0.03262081742286682,0.8424111604690552,26.152141571044922
1761,salt_pepper,low,0.03745961934328079,0.8096679449081421,24.78846549987793
1762,salt_pepper,medium,0.025915293022990227,0.8963154554367065,27.600608825683594
1763,salt_pepper,medium,0.02641150914132595,0.8633228540420532,28.10774803161621
1764,salt_pepper,medium,0.025175418704748154,0.8582789897918701,28.699731826782227
1765,blur,low,0.04074576124548912,0.6523743867874146,25.230510711669922
1766,clean,none,0.024047940969467163,0.9195539951324463,28.240570068359375
1767,occlusion,low,0.03230074793100357,0.8258983492851257,25.04865264892578
1768,clean,none,0.05932026356458664,0.6640868186950684,21.64043426513672
1769,occlusion,high,0.06941217184066772,0.5868000388145447,18.706892013549805
1770,occlusion,medium,0.05082247778773308,0.6825119853019714,22.00676727294922
1771,blur,high,0.019407782703638077,0.8752093315124512,30.678319931030273
1772,clean,none,0.030458008870482445,0.8574494123458862,27.02703285217285
1773,clean,none,0.031972818076610565,0.7992211580276489,26.509357452392578
1774,occlusion,high,0.04491695016622543,0.7272847890853882,22.11577606201172
1775,clean,none,0.04736056178808212,0.7303251028060913,23.541358947753906
1776,blur,low,0.028589285910129547,0.8586767911911011,27.16009521484375
1777,occlusion,high,0.0766068696975708,0.48673877120018005,18.420129776000977
1778,blur,high,0.053977541625499725,0.7427972555160522,21.693675994873047
1779,blur,low,0.02466878853738308,0.8421338796615601,28.538089752197266
1780,clean,none,0.03719719499349594,0.8087300062179565,25.541610717773438
1781,occlusion,medium,0.0315227173268795,0.828585147857666,24.643115997314453
1782,blur,medium,0.03961348161101341,0.7533490657806396,25.119606018066406
1783,salt_pepper,high,0.048603832721710205,0.7239782214164734,23.704050064086914
1784,occlusion,high,0.06411474198102951,0.650800347328186,20.05434799194336
1785,salt_pepper,low,0.02618340402841568,0.8581163883209229,28.796676635742188
1786,salt_pepper,medium,0.024245303124189377,0.9008729457855225,27.94968032836914
1787,blur,low,0.03900749236345291,0.7799570560455322,25.65566635131836
1788,blur,low,0.031157759949564934,0.8494167327880859,27.226577758789062
1789,salt_pepper,medium,0.05614834278821945,0.730850100517273,21.947546005249023
1790,occlusion,high,0.05628398060798645,0.731701135635376,21.065818786621094
1791,blur,medium,0.04667362570762634,0.6506995558738708,23.734025955200195
1792,clean,none,0.028226908296346664,0.8818944692611694,27.81723403930664
1793,clean,none,0.023610543459653854,0.9013878107070923,28.54351806640625
1794,clean,none,0.037642937153577805,0.8136101961135864,24.53238296508789
1795,clean,none,0.02852766215801239,0.8458277583122253,27.488384246826172
1796,occlusion,high,0.0879896804690361,0.5615720152854919,17.945127487182617
1797,salt_pepper,high,0.0380641408264637,0.7892940044403076,25.754119873046875
1798,clean,none,0.04005652666091919,0.6396136283874512,25.591135025024414
1799,salt_pepper,high,0.04709997773170471,0.6651421785354614,23.985244750976562
1800,occlusion,medium,0.07363477349281311,0.545824408531189,19.39411735534668
1801,clean,none,0.0292338989675045,0.8005717992782593,27.333274841308594
1802,occlusion,medium,0.047174762934446335,0.7022626399993896,22.853300094604492
1803,salt_pepper,high,0.022661015391349792,0.8549232482910156,29.799636840820312
1804,blur,high,0.031826213002204895,0.7728589773178101,26.465614318847656
1805,occlusion,medium,0.04683246463537216,0.616823136806488,22.099645614624023
1806,blur,low,0.05789835378527641,0.6731265783309937,21.776752471923828
1807,clean,none,0.02499004267156124,0.9140331745147705,28.41090965270996
1808,occlusion,low,0.05902716517448425,0.6582640409469604,22.13949203491211
1809,salt_pepper,high,0.04582422971725464,0.736979603767395,24.240737915039062
1810,clean,none,0.02932981215417385,0.8591521978378296,28.112342834472656
1811,blur,high,0.04608595371246338,0.6953510642051697,24.090545654296875
1812,blur,high,0.030051982030272484,0.8300478458404541,26.917613983154297
1813,blur,high,0.05876752361655235,0.5770039558410645,22.152681350708008
1814,clean,none,0.02502863109111786,0.8649455904960632,29.444000244140625
1815,salt_pepper,low,0.02882448211312294,0.8705217838287354,27.394559860229492
1816,blur,high,0.02708851918578148,0.8229665756225586,27.589757919311523
1817,clean,none,0.053093548864126205,0.7209417223930359,22.90758514404297
1818,blur,low,0.05063411220908165,0.5836283564567566,23.741846084594727
1819,salt_pepper,high,0.054964542388916016,0.6450998783111572,22.380897521972656
1820,clean,none,0.058494411408901215,0.6100024580955505,22.236879348754883
1821,clean,none,0.04789799451828003,0.7228886485099792,23.770626068115234
1822,occlusion,high,0.10399179905653,0.6683799028396606,13.889565467834473
1823,occlusion,medium,0.047515105456113815,0.6750437617301941,22.05570411682129
1824,clean,none,0.02546398900449276,0.820448100566864,29.317352294921875
1825,salt_pepper,low,0.036632031202316284,0.7309457659721375,25.858009338378906
1826,clean,none,0.027283232659101486,0.875137448310852,28.335506439208984
1827,occlusion,medium,0.045304786413908005,0.7291237711906433,23.470134735107422
1828,salt_pepper,high,0.05090750381350517,0.6937179565429688,23.339866638183594
1829,occlusion,medium,0.05035930126905441,0.6965343952178955,22.012527465820312
1830,clean,none,0.02785060927271843,0.8595441579818726,28.329364776611328
1831,blur,high,0.0460616759955883,0.5762326717376709,24.072643280029297
1832,occlusion,medium,0.05123918876051903,0.6570489406585693,23.106800079345703
1833,clean,none,0.02258339524269104,0.8496251106262207,30.19791603088379
1834,salt_pepper,low,0.032458942383527756,0.7843114733695984,26.498727798461914
1835,salt_pepper,low,0.027878224849700928,0.8714433908462524,27.68430519104004
1836,occlusion,high,0.07433140277862549,0.6157150268554688,18.683258056640625
1837,salt_pepper,medium,0.02407098188996315,0.916695237159729,29.52848243713379
1838,occlusion,medium,0.07479776442050934,0.5496487617492676,18.920137405395508
1839,salt_pepper,low,0.026073351502418518,0.8474242091178894,28.706464767456055
1840,blur,high,0.03051866963505745,0.7648141384124756,27.093198776245117
1841,blur,medium,0.028394093737006187,0.8319990634918213,27.138931274414062
1842,clean,none,0.01954757235944271,0.9113618731498718,31.040355682373047
1843,occlusion,high,0.07342956215143204,0.46022289991378784,19.176166534423828
1844,occlusion,medium,0.053924575448036194,0.6865686178207397,21.344955444335938
1845,clean,none,0.03782711178064346,0.8055702447891235,25.114620208740234
1846,salt_pepper,medium,0.03723353520035744,0.8085987567901611,25.650556564331055
1847,salt_pepper,high,0.02605196088552475,0.8716313242912292,28.229019165039062
1848,salt_pepper,low,0.028061263263225555,0.8680045008659363,27.23339080810547
1849,clean,none,0.077052541077137,0.6243547797203064,18.863128662109375
1850,blur,high,0.06087423115968704,0.7007913589477539,21.48031234741211
1851,blur,low,0.024522405117750168,0.8821200728416443,28.879486083984375
1852,occlusion,medium,0.045011963695287704,0.7244054675102234,22.665664672851562
1853,blur,low,0.03974493592977524,0.7595958113670349,25.351329803466797
1854,salt_pepper,low,0.042591191828250885,0.844597578048706,24.362518310546875
1855,blur,high,0.029622450470924377,0.8271998763084412,27.328201293945312
1856,occlusion,medium,0.038710817694664,0.8094204664230347,23.299884796142578
1857,clean,none,0.02986089140176773,0.8329958319664001,27.028512954711914
1858,occlusion,low,0.033600255846977234,0.8073468208312988,25.218677520751953
1859,occlusion,high,0.12488628923892975,0.4727313220500946,13.775251388549805
1860,salt_pepper,medium,0.02264169417321682,0.8981899619102478,29.08939552307129
1861,salt_pepper,high,0.027807816863059998,0.8346854448318481,27.74886703491211
1862,clean,none,0.02618708834052086,0.8340334892272949,29.170820236206055
1863,clean,none,0.032593946903944016,0.8122445940971375,26.441621780395508
1864,clean,none,0.030820421874523163,0.8200607299804688,27.01869773864746
1865,clean,none,0.02401033602654934,0.8942955732345581,29.39903450012207
1866,occlusion,low,0.03610239550471306,0.7914557456970215,25.121673583984375
1867,salt_pepper,low,0.06092941761016846,0.7627124190330505,21.225156784057617
1868,blur,medium,0.025333765894174576,0.8936089873313904,28.581897735595703
1869,blur,medium,0.0371830090880394,0.8261145353317261,25.509347915649414
1870,clean,none,0.0491500124335289,0.7643866539001465,23.321109771728516
1871,occlusion,medium,0.04105718061327934,0.7741987109184265,23.340797424316406
1872,blur,medium,0.02380978688597679,0.9161698818206787,27.071571350097656
1873,clean,none,0.02116193249821663,0.9087275266647339,28.834701538085938
1874,occlusion,high,0.057317446917295456,0.616625964641571,20.551422119140625
1875,blur,low,0.042306385934352875,0.6595257520675659,25.258731842041016
1876,salt_pepper,high,0.03704795241355896,0.8705334067344666,24.994224548339844
1877,occlusion,medium,0.04960223287343979,0.7458884119987488,21.335227966308594
1878,clean,none,0.034826572984457016,0.842045783996582,24.949382781982422
1879,occlusion,high,0.04465801641345024,0.7030810117721558,22.62377166748047
1880,clean,none,0.04872962087392807,0.7492789626121521,23.219799041748047
1881,clean,none,0.027034562081098557,0.8296099901199341,28.70777130126953
1882,occlusion,high,0.053119391202926636,0.6075348854064941,21.61564826965332
1883,clean,none,0.0215504989027977,0.8902530074119568,29.091415405273438
1884,blur,medium,0.02879946492612362,0.8337068557739258,27.905359268188477
1885,clean,none,0.03167277202010155,0.7896704077720642,27.3260498046875
1886,clean,none,0.03526962548494339,0.7323686480522156,25.899959564208984
1887,occlusion,low,0.06186148524284363,0.5972328186035156,20.63521957397461
1888,blur,medium,0.041009023785591125,0.7204532623291016,25.204051971435547
1889,salt_pepper,low,0.03100329264998436,0.8502401113510132,26.44973373413086
1890,clean,none,0.06111551448702812,0.7017086744308472,21.255184173583984
1891,blur,high,0.03863627836108208,0.725135326385498,25.58292579650879
1892,blur,low,0.03346581757068634,0.6894667148590088,26.997783660888672
1893,clean,none,0.06148897856473923,0.5961700677871704,21.98120880126953
1894,occlusion,high,0.07379195094108582,0.5014671087265015,18.363178253173828
1895,blur,low,0.04086431860923767,0.7700152397155762,24.694908142089844
1896,occlusion,high,0.0566113218665123,0.7390018701553345,20.871891021728516
1897,salt_pepper,high,0.036843180656433105,0.7914969325065613,25.852569580078125
1898,occlusion,low,0.04489382356405258,0.7944023013114929,22.99142837524414
1899,clean,none,0.03504730761051178,0.7940289378166199,26.034555435180664
1900,occlusion,medium,0.044245608150959015,0.7818632125854492,23.537376403808594
1901,clean,none,0.01983061619102955,0.9277158975601196,29.926738739013672
1902,salt_pepper,low,0.04587823897600174,0.7887176275253296,23.45716667175293
1903,blur,high,0.021709855645895004,0.8783023357391357,28.599472045898438
1904,occlusion,medium,0.05399095267057419,0.5929098725318909,22.024864196777344
1905,salt_pepper,medium,0.0441894456744194,0.7981622219085693,24.25319480895996
1906,salt_pepper,medium,0.055846937000751495,0.7560818195343018,22.237163543701172
1907,salt_pepper,high,0.04462308809161186,0.7900487184524536,23.691261291503906
1908,salt_pepper,medium,0.030688554048538208,0.8562402129173279,27.126291275024414
1909,clean,none,0.03742225468158722,0.8238207697868347,25.579233169555664
1910,occlusion,low,0.03822590038180351,0.7342333197593689,25.033477783203125
1911,blur,medium,0.042129307985305786,0.7944884300231934,23.94770050048828
1912,salt_pepper,high,0.057386524975299835,0.6218942999839783,22.316146850585938
1913,clean,none,0.02961832843720913,0.8540555834770203,27.01816177368164
1914,salt_pepper,medium,0.018641147762537003,0.9221365451812744,30.1419620513916
1915,occlusion,medium,0.04361390694975853,0.7630094289779663,23.529130935668945
1916,blur,medium,0.03174469619989395,0.8158165216445923,26.991336822509766
1917,occlusion,low,0.06479077786207199,0.6624121069908142,20.87238311767578
1918,clean,none,0.04249384626746178,0.7927166223526001,24.749977111816406
1919,salt_pepper,high,0.04708128422498703,0.7358635663986206,23.926773071289062
1920,salt_pepper,medium,0.03245290368795395,0.8134104013442993,26.45046615600586
1921,clean,none,0.05130823701620102,0.6887176036834717,23.4122371673584
1922,salt_pepper,high,0.05035671591758728,0.640897274017334,23.534393310546875
1923,salt_pepper,medium,0.04818084090948105,0.7247080206871033,22.941282272338867
1924,occlusion,medium,0.05282777547836304,0.7076284289360046,22.41961669921875
1925,blur,medium,0.03385743871331215,0.7343968749046326,26.34143829345703
1926,occlusion,low,0.026983534917235374,0.8556191325187683,26.919095993041992
1927,blur,medium,0.028329461812973022,0.8085991144180298,28.26306915283203
1928,clean,none,0.022195149213075638,0.8618412017822266,28.988988876342773
1929,occlusion,low,0.044895004481077194,0.7115201950073242,23.810026168823242
1930,clean,none,0.050559163093566895,0.7439112067222595,23.105178833007812
1931,clean,none,0.04632359743118286,0.6879163980484009,24.152008056640625
1932,clean,none,0.03475905954837799,0.7369757890701294,26.51861572265625
1933,salt_pepper,medium,0.039301540702581406,0.7465640902519226,25.74285125732422
1934,clean,none,0.04919516295194626,0.7526118159294128,23.66497039794922
1935,blur,low,0.04587598890066147,0.7401933670043945,23.52778434753418
1936,occlusion,high,0.054477300494909286,0.6833620071411133,20.03676414489746
1937,clean,none,0.04171734303236008,0.755135178565979,24.846637725830078
1938,blur,medium,0.04539415240287781,0.6654174327850342,24.396791458129883
1939,salt_pepper,medium,0.05266707390546799,0.6974436044692993,23.091121673583984
1940,clean,none,0.032513219863176346,0.822235107421875,26.77718162536621
1941,clean,none,0.025943469256162643,0.8585143089294434,28.53183364868164
1942,occlusion,medium,0.040052250027656555,0.781525731086731,22.897329330444336
1943,blur,low,0.04429049417376518,0.7963091731071472,24.450910568237305
1944,clean,none,0.05772288888692856,0.6745845079421997,21.197498321533203
1945,clean,none,0.03559223562479019,0.8383557796478271,25.937652587890625
1946,salt_pepper,low,0.04982342571020126,0.6880652904510498,23.307025909423828
1947,salt_pepper,medium,0.05155765637755394,0.7986745238304138,22.26700782775879
1948,clean,none,0.04297858476638794,0.6937373876571655,24.630653381347656
1949,blur,medium,0.029599925503134727,0.8483610153198242,27.522235870361328
1950,blur,high,0.033885274082422256,0.8063232898712158,25.83287811279297
1951,salt_pepper,medium,0.045252613723278046,0.6718767881393433,24.000125885009766
1952,clean,none,0.04835346341133118,0.800737738609314,23.294954299926758
1953,salt_pepper,low,0.03698504716157913,0.8484706878662109,25.787630081176758
1954,blur,medium,0.0329880453646183,0.858940601348877,26.80426788330078
1955,blur,medium,0.03727879747748375,0.8265683650970459,25.801170349121094
1956,blur,high,0.038797006011009216,0.7251436114311218,25.619461059570312
1957,occlusion,high,0.05738326907157898,0.6139900088310242,20.23363494873047
1958,salt_pepper,low,0.04402273893356323,0.7625664472579956,24.486053466796875
1959,occlusion,low,0.03253946453332901,0.7627782225608826,25.81374168395996
1960,occlusion,medium,0.05509297177195549,0.6650273203849792,21.712440490722656
1961,occlusion,medium,0.056839536875486374,0.6795257329940796,20.838491439819336
1962,blur,low,0.05516922473907471,0.7036213874816895,22.531803131103516
1963,occlusion,medium,0.04982154816389084,0.7406562566757202,21.576387405395508
1964,clean,none,0.038042984902858734,0.8470646739006042,24.921566009521484
1965,clean,none,0.06047094985842705,0.7116748690605164,21.77290916442871
1966,blur,medium,0.03187220171093941,0.8534979820251465,27.945432662963867
1967,salt_pepper,high,0.05686929449439049,0.7183526754379272,21.909635543823242
1968,salt_pepper,medium,0.03295546770095825,0.8003758788108826,26.049320220947266
1969,salt_pepper,medium,0.034225791692733765,0.8119120001792908,25.645496368408203
1970,clean,none,0.03397489711642265,0.8003432154655457,25.64972686767578
1971,blur,medium,0.02500040829181671,0.8842688798904419,27.95795249938965
1972,blur,high,0.031086783856153488,0.7765856981277466,27.52674102783203
1973,salt_pepper,high,0.05201021954417229,0.6780669093132019,23.04880142211914
1974,salt_pepper,low,0.04079248011112213,0.7798342704772949,24.85024642944336
1975,occlusion,low,0.04846219718456268,0.7384516000747681,21.35346221923828
1976,occlusion,low,0.06568197906017303,0.6055505871772766,20.142648696899414
1977,clean,none,0.0416746586561203,0.8730360865592957,24.19814682006836
1978,salt_pepper,high,0.038734715431928635,0.7858386039733887,24.675743103027344
1979,blur,low,0.0400456078350544,0.8121007680892944,24.656646728515625
1980,blur,high,0.04376909136772156,0.567489504814148,24.906827926635742
1981,occlusion,low,0.03701251745223999,0.7846684455871582,24.1798038482666
1982,salt_pepper,low,0.023326536640524864,0.8480302691459656,29.621097564697266
1983,occlusion,medium,0.044408511370420456,0.7096769213676453,22.117332458496094
1984,blur,medium,0.01838916353881359,0.8768593668937683,32.072593688964844
1985,clean,none,0.01625017449259758,0.9407007098197937,31.37566375732422
1986,clean,none,0.03633860871195793,0.8421453237533569,26.264747619628906
1987,salt_pepper,high,0.03207303211092949,0.8011824488639832,26.79861068725586
1988,occlusion,high,0.06135452538728714,0.6385707855224609,18.510204315185547
1989,clean,none,0.031450461596250534,0.7748326063156128,26.868431091308594
1990,clean,none,0.0284572746604681,0.8643360137939453,27.8404598236084
1991,salt_pepper,medium,0.036526914685964584,0.8437482714653015,23.79706382751465
1992,occlusion,high,0.08239150047302246,0.5003197193145752,17.920448303222656
1993,blur,medium,0.029870865866541862,0.863655686378479,27.28929328918457
1994,clean,none,0.03154992312192917,0.8555883169174194,26.306324005126953
1995,occlusion,low,0.04445970803499222,0.753017783164978,23.384973526000977
1996,salt_pepper,medium,0.03173599764704704,0.8229341506958008,26.732646942138672
1997,occlusion,low,0.031317755579948425,0.8358561396598816,25.8399600982666
1998,clean,none,0.016060737892985344,0.9301069974899292,32.39421463012695
1999,clean,none,0.02367217466235161,0.8910353183746338,28.95889663696289
2000,occlusion,medium,0.0488259494304657,0.7671512961387634,20.462818145751953
2001,occlusion,medium,0.083265021443367,0.6751343607902527,17.97601318359375
2002,occlusion,low,0.04645629972219467,0.748420238494873,22.39838409423828
2003,occlusion,low,0.04458273947238922,0.7175207138061523,21.78653335571289
2004,occlusion,medium,0.035416968166828156,0.8407450914382935,22.29006576538086
2005,blur,medium,0.02275225892663002,0.8542925715446472,29.41402244567871
2006,clean,none,0.02371564507484436,0.8188333511352539,29.075166702270508
2007,salt_pepper,low,0.025120358914136887,0.8366773128509521,28.85137367248535
2008,clean,none,0.04784771054983139,0.7754341959953308,23.804471969604492
2009,salt_pepper,low,0.031813159584999084,0.8622056841850281,26.056184768676758
2010,blur,high,0.03201550990343094,0.7994632124900818,26.417957305908203
2011,clean,none,0.03543390333652496,0.7462739944458008,26.30902099609375
2012,occlusion,high,0.07958081364631653,0.5535063147544861,18.47430419921875
2013,occlusion,low,0.03653930872678757,0.8163192272186279,24.348194122314453
2014,clean,none,0.0403389148414135,0.7997986078262329,24.69412612915039
2015,blur,high,0.0191451758146286,0.8878772258758545,29.53790855407715
2016,blur,low,0.029618144035339355,0.8469585180282593,26.947391510009766
2017,blur,medium,0.05426666885614395,0.6360009908676147,22.888410568237305
2018,clean,none,0.03743539750576019,0.7601473331451416,24.81241226196289
2019,salt_pepper,high,0.030367374420166016,0.8130797147750854,27.06170082092285
2020,blur,high,0.051382385194301605,0.6425062417984009,23.00180435180664
2021,blur,medium,0.05343136936426163,0.7246801257133484,22.069026947021484
2022,occlusion,high,0.06728429347276688,0.6565375328063965,18.576160430908203
2023,salt_pepper,low,0.030867889523506165,0.8266377449035645,26.62824249267578
2024,salt_pepper,low,0.023649713024497032,0.8392648696899414,29.44051742553711
2025,blur,medium,0.03963495045900345,0.8390660285949707,24.703691482543945
2026,salt_pepper,low,0.03944847732782364,0.7868420481681824,24.632471084594727
2027,occlusion,high,0.04187847673892975,0.6844509840011597,23.18840980529785
2028,salt_pepper,medium,0.03880409896373749,0.7742680311203003,23.760469436645508
2029,clean,none,0.03763005882501602,0.729724109172821,25.369983673095703
2030,occlusion,low,0.021197250112891197,0.9048473238945007,29.532455444335938
2031,salt_pepper,high,0.03538568690419197,0.8656636476516724,23.73114585876465
2032,blur,low,0.016745397821068764,0.8959988951683044,30.90856170654297
2033,blur,medium,0.022817116230726242,0.8919800519943237,28.6466121673584
2034,occlusion,low,0.025573667138814926,0.8898130655288696,25.651044845581055
2035,clean,none,0.04576554894447327,0.7783593535423279,21.86456871032715
2036,salt_pepper,high,0.036015793681144714,0.8636431694030762,24.577171325683594
2037,occlusion,medium,0.044069062918424606,0.7429890632629395,22.122337341308594
2038,clean,none,0.024357061833143234,0.8865493535995483,28.064279556274414
2039,salt_pepper,high,0.04670032858848572,0.737748384475708,23.48818588256836
2040,occlusion,high,0.09252925962209702,0.48398226499557495,16.10055160522461
2041,clean,none,0.029393738135695457,0.8239368796348572,26.582359313964844
2042,salt_pepper,low,0.03799673914909363,0.7952412366867065,24.374919891357422
2043,clean,none,0.0245373398065567,0.9100515842437744,27.677181243896484
2044,occlusion,medium,0.03922979533672333,0.7903603315353394,21.83912467956543
2045,occlusion,high,0.04962310194969177,0.66951584815979,21.74026107788086
2046,blur,low,0.03964677080512047,0.8062646389007568,24.54974365234375
2047,clean,none,0.04042021557688713,0.8266879916191101,24.241073608398438
2048,clean,none,0.038915347307920456,0.8229982852935791,25.37298583984375
2049,blur,high,0.050062209367752075,0.7895187139511108,21.436851501464844
2050,clean,none,0.032776977866888046,0.8286714553833008,26.65945053100586
2051,salt_pepper,medium,0.03279432654380798,0.803694486618042,26.120092391967773
2052,blur,medium,0.04237604886293411,0.7611257433891296,24.60208511352539
2053,clean,none,0.04101270064711571,0.8219677209854126,24.76792335510254
2054,salt_pepper,medium,0.03183021396398544,0.8167263269424438,26.447866439819336
2055,occlusion,low,0.026296479627490044,0.8408586978912354,28.594839096069336
2056,blur,medium,0.04701678454875946,0.7339987754821777,23.469635009765625
2057,blur,high,0.03220527991652489,0.8012017011642456,25.907791137695312
2058,clean,none,0.030985837802290916,0.8409368395805359,27.163455963134766
2059,occlusion,low,0.03871498256921768,0.8118481636047363,23.10417938232422
2060,clean,none,0.03160706162452698,0.8353655338287354,26.630346298217773
2061,blur,high,0.04731345176696777,0.6828626394271851,23.11492919921875
2062,salt_pepper,low,0.030022835358977318,0.8318043947219849,26.905799865722656
2063,occlusion,low,0.03462492674589157,0.7675988078117371,25.35911750793457
2064,salt_pepper,high,0.0331893116235733,0.8123563528060913,25.94928741455078
2065,salt_pepper,low,0.03982709348201752,0.8260558843612671,24.56262969970703
2066,clean,none,0.03388902172446251,0.8849453926086426,25.785015106201172
2067,salt_pepper,high,0.030801160261034966,0.7862954139709473,27.140804290771484
2068,salt_pepper,low,0.05459481477737427,0.6922043561935425,22.470787048339844
2069,blur,high,0.04070940986275673,0.7595622539520264,24.888568878173828
2070,clean,none,0.05169351398944855,0.756645679473877,23.216991424560547
2071,salt_pepper,low,0.051656574010849,0.7625498175621033,23.09112548828125
2072,occlusion,medium,0.02997162938117981,0.8093017339706421,26.113330841064453
2073,blur,low,0.04239100217819214,0.690746545791626,25.022174835205078
2074,clean,none,0.024942394345998764,0.8094362020492554,28.458438873291016
2075,blur,low,0.036000728607177734,0.849371612071991,25.964529037475586
2076,blur,medium,0.028641289100050926,0.8542670011520386,27.67919921875
2077,clean,none,0.046951379626989365,0.8487372398376465,23.004167556762695
2078,blur,medium,0.024956151843070984,0.8807970285415649,27.605531692504883
2079,salt_pepper,medium,0.02652120590209961,0.8381528854370117,28.383180618286133
2080,salt_pepper,low,0.03093910962343216,0.8474773168563843,26.29806900024414
2081,occlusion,high,0.08811716735363007,0.617039680480957,17.264408111572266
2082,occlusion,medium,0.04465582221746445,0.7880227565765381,21.796247482299805
2083,salt_pepper,low,0.024591051042079926,0.9147693514823914,27.79931640625
2084,clean,none,0.027103599160909653,0.8705750703811646,26.97106170654297
2085,occlusion,high,0.11115314811468124,0.498454749584198,15.228442192077637
2086,clean,none,0.04093095287680626,0.8595880270004272,23.595979690551758
2087,occlusion,medium,0.049154676496982574,0.7380129098892212,21.45956039428711
2088,salt_pepper,low,0.02282721921801567,0.8835899233818054,29.56927490234375
2089,clean,none,0.026525525376200676,0.8845376372337341,26.43193244934082
2090,occlusion,high,0.07169605046510696,0.6572245359420776,17.37646484375
2091,clean,none,0.044419027864933014,0.8045178651809692,23.587085723876953
2092,blur,low,0.024602428078651428,0.88707035779953,27.69713592529297
2093,occlusion,medium,0.06940731406211853,0.6778274774551392,18.447498321533203
2094,blur,medium,0.037375010550022125,0.8053402900695801,25.002483367919922
2095,clean,none,0.03356209397315979,0.8449891805648804,25.677001953125
2096,occlusion,high,0.05438099429011345,0.6479384899139404,20.986221313476562
2097,occlusion,medium,0.042875997722148895,0.7443332076072693,23.53499412536621
2098,clean,none,0.030719034373760223,0.8728905916213989,26.090511322021484
2099,salt_pepper,low,0.03733532130718231,0.7878502607345581,25.704195022583008
2100,clean,none,0.04303000122308731,0.8047951459884644,23.866943359375
2101,blur,medium,0.04263773560523987,0.7663888931274414,24.341873168945312
2102,salt_pepper,medium,0.05846066400408745,0.7518516778945923,21.616527557373047
2103,blur,high,0.04580729454755783,0.760410726070404,23.22031021118164
2104,clean,none,0.024655280634760857,0.8702093958854675,28.734996795654297
2105,occlusion,high,0.06986577808856964,0.6766049265861511,18.129520416259766
2106,clean,none,0.030120473355054855,0.8793749809265137,26.9687442779541
2107,blur,high,0.050502531230449677,0.7140325307846069,21.958759307861328
2108,clean,none,0.03817153722047806,0.7692795991897583,24.46194076538086
2109,blur,low,0.03976230323314667,0.8121516108512878,23.824281692504883
2110,salt_pepper,high,0.034104399383068085,0.7841407656669617,25.47168731689453
2111,clean,none,0.038875751197338104,0.8048604726791382,24.12601089477539
2112,salt_pepper,medium,0.052342526614665985,0.8132292628288269,22.255813598632812
2113,clean,none,0.07723672688007355,0.542117714881897,19.627784729003906
2114,clean,none,0.03224080428481102,0.8674463629722595,26.041645050048828
2115,clean,none,0.023529868572950363,0.9099659323692322,28.283859252929688
2116,clean,none,0.02277243882417679,0.9150819778442383,27.738073348999023
2117,salt_pepper,low,0.030362442135810852,0.8142423033714294,26.127655029296875
2118,salt_pepper,low,0.019629009068012238,0.8418058753013611,31.03191375732422
2119,salt_pepper,medium,0.06278879940509796,0.5597578287124634,21.79778289794922
2120,occlusion,low,0.04817051440477371,0.7656435966491699,21.781261444091797
2121,occlusion,high,0.07359049469232559,0.40309128165245056,19.793155670166016
2122,blur,low,0.06195974349975586,0.7065401077270508,20.76226806640625
2123,blur,high,0.05731546878814697,0.6622740030288696,21.58759307861328
2124,clean,none,0.03188011795282364,0.8548275828361511,25.423269271850586
2125,blur,medium,0.022973334416747093,0.8431815505027771,28.532756805419922
2126,blur,low,0.01871735230088234,0.9141769409179688,30.272811889648438
2127,blur,high,0.042560748755931854,0.7545784711837769,23.48461151123047
2128,clean,none,0.04626673460006714,0.7433680295944214,23.70477867126465
2129,occlusion,low,0.05570003390312195,0.6983726024627686,19.33820343017578
2130,blur,low,0.05337200686335564,0.7167985439300537,22.471349716186523
2131,salt_pepper,medium,0.06963466107845306,0.5605478286743164,20.62748146057129
2132,blur,low,0.022212039679288864,0.8611304759979248,29.137990951538086
2133,blur,medium,0.032519854605197906,0.8779457807540894,25.70089340209961
2134,salt_pepper,low,0.022001078352332115,0.8941189646720886,29.620853424072266
2135,blur,medium,0.031160153448581696,0.8141240477561951,27.120588302612305
2136,blur,medium,0.02176404371857643,0.8870844841003418,28.521045684814453
2137,salt_pepper,low,0.05118006467819214,0.8005977869033813,22.51599884033203
2138,blur,high,0.03610200434923172,0.748540997505188,24.38582420349121
2139,occlusion,medium,0.07310660928487778,0.60931795835495,18.316818237304688
2140,occlusion,medium,0.06408471614122391,0.6581038236618042,19.217082977294922
2141,blur,high,0.03748588263988495,0.8118082284927368,23.575170516967773
2142,clean,none,0.02869444154202938,0.8586399555206299,26.889312744140625
2143,blur,high,0.027492571622133255,0.8080990314483643,26.48418426513672
2144,blur,high,0.05989065021276474,0.6677663326263428,21.069751739501953
2145,occlusion,low,0.037896718829870224,0.7434780597686768,24.918426513671875
2146,salt_pepper,high,0.02479952946305275,0.8819890022277832,27.193431854248047
2147,salt_pepper,medium,0.0241498202085495,0.7611159086227417,28.546894073486328
2148,salt_pepper,low,0.027572717517614365,0.8633854389190674,27.597415924072266
2149,blur,medium,0.026873040944337845,0.7843631505966187,28.42955780029297
2150,blur,high,0.044706039130687714,0.6791612505912781,23.955421447753906
2151,clean,none,0.042311690747737885,0.705124020576477,24.035381317138672
2152,clean,none,0.04157267510890961,0.7511224746704102,24.5103759765625
2153,occlusion,high,0.06748717278242111,0.6894422769546509,18.356088638305664
2154,blur,medium,0.05971301719546318,0.7507282495498657,21.668500900268555
2155,occlusion,medium,0.0898306667804718,0.5459152460098267,17.4183292388916
2156,occlusion,high,0.06621153652667999,0.5855143070220947,20.245771408081055
2157,occlusion,medium,0.07832811772823334,0.576180100440979,18.88926887512207
2158,occlusion,medium,0.0362117737531662,0.8231014609336853,23.96035385131836
2159,occlusion,high,0.09241190552711487,0.5465794205665588,16.633346557617188
2160,salt_pepper,high,0.03432166203856468,0.7994782328605652,25.642168045043945
2161,clean,none,0.05391537398099899,0.767901599407196,21.753320693969727
2162,clean,none,0.044812362641096115,0.6172072291374207,24.490840911865234
2163,blur,high,0.02480320632457733,0.7857520580291748,28.06087303161621
2164,blur,low,0.044622864574193954,0.7735263109207153,23.493850708007812
2165,clean,none,0.0425308458507061,0.789799153804779,24.21331214904785
2166,blur,low,0.030855422839522362,0.8335798978805542,27.272300720214844
2167,clean,none,0.05666075646877289,0.7228045463562012,21.513959884643555
2168,occlusion,medium,0.061481498181819916,0.7173885107040405,19.52276039123535
2169,clean,none,0.04290032386779785,0.804269015789032,24.017793655395508
2170,clean,none,0.02945598028600216,0.8859124183654785,26.042776107788086
2171,salt_pepper,medium,0.06048547476530075,0.8072348833084106,21.019590377807617
2172,occlusion,high,0.07207638025283813,0.6234480142593384,19.122934341430664
2173,blur,medium,0.038531914353370667,0.8066808581352234,25.0154972076416
2174,occlusion,medium,0.06355200707912445,0.5487576723098755,21.17961883544922
2175,blur,medium,0.03578810393810272,0.8008302450180054,24.89816665649414
2176,occlusion,medium,0.03170578181743622,0.7966623306274414,25.545623779296875
2177,blur,low,0.030227746814489365,0.8274526000022888,26.771278381347656
2178,occlusion,medium,0.07718469947576523,0.4585130214691162,19.737125396728516
2179,blur,low,0.025205176323652267,0.8775426745414734,27.61640739440918
2180,occlusion,low,0.05102095752954483,0.805391252040863,21.113872528076172
2181,occlusion,low,0.047017525881528854,0.7020795345306396,24.06153106689453
2182,occlusion,low,0.02654758095741272,0.8644987940788269,27.04326820373535
2183,occlusion,high,0.04589281976222992,0.6888734102249146,21.35080337524414
2184,clean,none,0.025589287281036377,0.8361233472824097,27.489282608032227
2185,occlusion,low,0.046287547796964645,0.7754907608032227,21.492183685302734
2186,clean,none,0.0281217023730278,0.8857959508895874,27.586196899414062
2187,clean,none,0.04971141368150711,0.8016675710678101,22.859176635742188
2188,clean,none,0.048951856791973114,0.7074005603790283,23.950958251953125
2189,blur,low,0.03072577714920044,0.7448300123214722,27.778770446777344
2190,blur,medium,0.018340295180678368,0.880544900894165,30.68476676940918
2191,salt_pepper,medium,0.01672464795410633,0.8907064199447632,31.420780181884766
2192,clean,none,0.07042378187179565,0.786543607711792,20.169769287109375
2193,blur,high,0.04363296180963516,0.600233256816864,24.37875747680664
2194,clean,none,0.03689425438642502,0.6839399337768555,26.1497859954834
2195,salt_pepper,low,0.04157651960849762,0.6628259420394897,24.706722259521484
2196,clean,none,0.049330711364746094,0.6448149681091309,23.33447265625
2197,salt_pepper,medium,0.047851335257291794,0.7506575584411621,23.495615005493164
2198,blur,medium,0.03542570397257805,0.8488511443138123,25.520946502685547
2199,occlusion,high,0.07654409110546112,0.597091555595398,18.04836654663086
2200,blur,high,0.052372049540281296,0.6971912384033203,21.65981674194336
2201,occlusion,low,0.0523267537355423,0.6149613857269287,22.7794246673584
2202,clean,none,0.04203490540385246,0.8756808638572693,23.19485855102539
2203,blur,low,0.03753378614783287,0.8458713889122009,24.81355857849121
2204,clean,none,0.06326837092638016,0.6077094078063965,21.30048370361328
2205,blur,low,0.05335923284292221,0.7524192333221436,21.720657348632812
2206,clean,none,0.046760689467191696,0.7458032369613647,23.570833206176758
2207,salt_pepper,low,0.02037131041288376,0.857558012008667,30.556428909301758
2208,salt_pepper,high,0.032092273235321045,0.8345130681991577,25.085163116455078
2209,salt_pepper,medium,0.03764227032661438,0.8210994005203247,24.801639556884766
2210,blur,high,0.048661570996046066,0.6579023599624634,23.444873809814453
2211,clean,none,0.05454780161380768,0.718623161315918,22.018417358398438
2212,clean,none,0.031041815876960754,0.8732244968414307,26.582509994506836
2213,clean,none,0.03901038318872452,0.8425940275192261,24.38347053527832
2214,clean,none,0.03396148234605789,0.8682748079299927,25.84937286376953
2215,occlusion,high,0.09631448984146118,0.5499085783958435,16.29206657409668
2216,salt_pepper,medium,0.04787810146808624,0.7303630113601685,23.318727493286133
2217,salt_pepper,high,0.04184943437576294,0.7014355659484863,24.591236114501953
2218,clean,none,0.030936380848288536,0.806379497051239,26.88726234436035
2219,occlusion,low,0.04934835433959961,0.7153167724609375,22.28360939025879
2220,salt_pepper,high,0.03065982460975647,0.6772623062133789,27.700977325439453
2221,salt_pepper,medium,0.05518035590648651,0.6448358297348022,22.540483474731445
2222,occlusion,high,0.07751397788524628,0.5351685881614685,18.849023818969727
2223,blur,medium,0.06257009506225586,0.5516384840011597,21.869199752807617
2224,salt_pepper,low,0.030034063383936882,0.7448261976242065,27.934707641601562
2225,blur,low,0.06495095789432526,0.697641134262085,19.597030639648438
2226,clean,none,0.03408171236515045,0.7503094673156738,26.261764526367188
2227,salt_pepper,medium,0.0533052496612072,0.6273491382598877,22.942888259887695
2228,salt_pepper,low,0.020809482783079147,0.8714290857315063,30.683666229248047
2229,clean,none,0.03491347283124924,0.8430966734886169,25.0961856842041
2230,clean,none,0.04424259811639786,0.7941612005233765,23.891273498535156
2231,clean,none,0.0335308238863945,0.7989031672477722,26.074920654296875
2232,clean,none,0.05151866376399994,0.774061381816864,22.709056854248047
2233,salt_pepper,high,0.037397533655166626,0.6613527536392212,26.231660842895508
2234,salt_pepper,high,0.032032161951065063,0.834840714931488,26.335071563720703
2235,salt_pepper,high,0.06844183057546616,0.585532546043396,20.669719696044922
2236,salt_pepper,high,0.059235360473394394,0.6170297265052795,21.66152572631836
2237,clean,none,0.02642836794257164,0.8811150789260864,27.55631446838379
2238,blur,medium,0.038561172783374786,0.7876984477043152,24.717199325561523
2239,clean,none,0.039959922432899475,0.7228440046310425,25.035091400146484
2240,blur,low,0.036878615617752075,0.7807533740997314,25.570632934570312
2241,salt_pepper,low,0.05323333293199539,0.7056735754013062,22.474971771240234
2242,occlusion,medium,0.05789840221405029,0.590836763381958,20.907804489135742
2243,salt_pepper,low,0.03369423747062683,0.6767703890800476,26.808582305908203
2244,clean,none,0.031139377504587173,0.8852800130844116,26.398544311523438
2245,occlusion,medium,0.08755694329738617,0.5405336618423462,17.642675399780273
2246,occlusion,high,0.06520213186740875,0.5306450128555298,21.004121780395508
2247,clean,none,0.05034834146499634,0.7481676936149597,23.167917251586914
2248,salt_pepper,low,0.04340451955795288,0.7725268602371216,24.40114974975586
2249,occlusion,medium,0.04360140860080719,0.7778856158256531,21.88214874267578
2250,salt_pepper,low,0.043043117970228195,0.7087430953979492,24.46742820739746
2251,blur,high,0.0409894660115242,0.837852418422699,22.636302947998047
2252,blur,high,0.05318376421928406,0.6888853907585144,21.717391967773438
2253,salt_pepper,low,0.04729302227497101,0.6895142793655396,23.59304428100586
2254,blur,medium,0.04645735025405884,0.6999627947807312,23.867210388183594
2255,blur,medium,0.03690861538052559,0.7420172691345215,25.80451774597168
2256,clean,none,0.055971305817365646,0.7289437651634216,21.687973022460938
2257,salt_pepper,low,0.0401657298207283,0.7606222033500671,24.756519317626953
2258,clean,none,0.056484099477529526,0.75813889503479,21.001049041748047
2259,clean,none,0.03747569024562836,0.7309612035751343,25.57172393798828
2260,occlusion,medium,0.0427999347448349,0.7314411997795105,23.99480628967285
2261,salt_pepper,low,0.046097591519355774,0.7491136789321899,23.790252685546875
2262,clean,none,0.07072046399116516,0.6923338770866394,19.962684631347656
2263,blur,high,0.07354684919118881,0.5750921964645386,19.558042526245117
2264,clean,none,0.04651239514350891,0.7694205641746521,24.02826690673828
2265,salt_pepper,medium,0.0726730152964592,0.5982591509819031,20.070589065551758
2266,clean,none,0.0504499189555645,0.7518743276596069,23.237964630126953
2267,clean,none,0.04547492787241936,0.759492814540863,23.696556091308594
2268,occlusion,medium,0.05902889370918274,0.6737448573112488,21.145751953125
2269,blur,high,0.053571105003356934,0.7336052656173706,22.214942932128906
2270,clean,none,0.04181583970785141,0.6853599548339844,25.219667434692383
2271,blur,high,0.04387161135673523,0.7507206201553345,22.44898223876953
2272,blur,medium,0.047711052000522614,0.6015967726707458,24.14523696899414
2273,clean,none,0.022869428619742393,0.8836935758590698,28.89195442199707
2274,clean,none,0.06517692655324936,0.7187038660049438,19.914249420166016
2275,clean,none,0.03707423433661461,0.6321019530296326,25.725101470947266
2276,blur,low,0.029588766396045685,0.8714327812194824,26.654964447021484
2277,blur,low,0.04843571409583092,0.7569117546081543,23.27204704284668
2278,occlusion,medium,0.04997553676366806,0.7049273252487183,22.295616149902344
2279,occlusion,low,0.07421470433473587,0.6510865688323975,18.61741828918457
2280,clean,none,0.02706792950630188,0.7950234413146973,28.555566787719727
2281,blur,high,0.04221988469362259,0.7417852282524109,24.469741821289062
2282,clean,none,0.024332953616976738,0.9193242788314819,29.800012588500977
2283,blur,high,0.049480851739645004,0.6975430250167847,23.4898681640625
2284,occlusion,low,0.021242087706923485,0.9201350212097168,29.66745376586914
2285,salt_pepper,low,0.02692200243473053,0.8687269687652588,28.589340209960938
2286,blur,medium,0.02956017665565014,0.8497334718704224,26.54784393310547
2287,clean,none,0.028980370610952377,0.8510111570358276,27.74176025390625
2288,blur,low,0.020539211109280586,0.8720097541809082,30.444839477539062
2289,salt_pepper,medium,0.047005604952573776,0.676993727684021,22.45003890991211
2290,blur,medium,0.016116321086883545,0.9239253401756287,32.58441162109375
2291,blur,high,0.02900756523013115,0.857285737991333,26.615781784057617
2292,salt_pepper,low,0.0181414857506752,0.9152423739433289,31.462203979492188
2293,clean,none,0.030850883573293686,0.8462626934051514,27.575876235961914
2294,clean,none,0.01812865398824215,0.9093338847160339,31.747121810913086
2295,salt_pepper,medium,0.02436532825231552,0.8369052410125732,28.54485321044922
2296,salt_pepper,medium,0.021990645676851273,0.9124897718429565,29.744691848754883
2297,clean,none,0.031062886118888855,0.8552729487419128,26.971988677978516
2298,blur,high,0.02383805438876152,0.8661072254180908,28.795452117919922
2299,clean,none,0.026721572503447533,0.8622167110443115,28.13755989074707
2300,blur,low,0.026964038610458374,0.8694779276847839,27.55221939086914
2301,salt_pepper,low,0.01827242039144039,0.866564929485321,31.634170532226562
2302,blur,high,0.023247575387358665,0.8710883855819702,28.568195343017578
2303,occlusion,medium,0.051260702311992645,0.7344833612442017,22.197811126708984
2304,blur,medium,0.03620758280158043,0.7848128080368042,25.438005447387695
2305,salt_pepper,medium,0.03486868739128113,0.8573439121246338,26.031330108642578
2306,occlusion,medium,0.05724027007818222,0.7499333620071411,19.85125732421875
2307,occlusion,medium,0.04570610448718071,0.8078435659408569,23.04253578186035
2308,blur,medium,0.030048571527004242,0.7587904334068298,27.320384979248047
2309,blur,medium,0.03718607872724533,0.8552460670471191,25.289289474487305
2310,blur,low,0.023125164210796356,0.8840388059616089,29.481199264526367
2311,salt_pepper,high,0.023324236273765564,0.8720165491104126,29.328567504882812
2312,blur,medium,0.020863955840468407,0.8886512517929077,29.291162490844727
2313,occlusion,medium,0.040025725960731506,0.7476921081542969,23.963430404663086
2314,salt_pepper,medium,0.022275783121585846,0.8949143290519714,30.037696838378906
2315,salt_pepper,low,0.03171777352690697,0.8277252912521362,27.150184631347656
2316,blur,high,0.02876674197614193,0.8227855563163757,27.812625885009766
2317,occlusion,high,0.04062758386135101,0.6853782534599304,23.954076766967773
2318,occlusion,medium,0.04647260904312134,0.670551061630249,23.020811080932617
2319,occlusion,medium,0.04216461628675461,0.7546364068984985,23.080280303955078
2320,occlusion,low,0.039243269711732864,0.8277122378349304,22.862506866455078
2321,clean,none,0.02403973788022995,0.9037699699401855,28.464109420776367
2322,occlusion,low,0.04049019515514374,0.75736403465271,24.361427307128906
2323,blur,medium,0.031533703207969666,0.8289467096328735,26.64971160888672
2324,blur,low,0.03002956509590149,0.9183793067932129,24.740427017211914
2325,blur,high,0.04326121136546135,0.7312659621238708,23.598346710205078
2326,clean,none,0.06298479437828064,0.7011563777923584,21.295734405517578
2327,occlusion,low,0.02548721432685852,0.8109002113342285,28.59504508972168
2328,blur,medium,0.027110431343317032,0.8225085139274597,28.360273361206055
2329,clean,none,0.0560758113861084,0.8072230815887451,18.999433517456055
2330,occlusion,low,0.036025989800691605,0.8230624198913574,24.71013832092285
2331,clean,none,0.019840983673930168,0.89412522315979,30.425405502319336
2332,salt_pepper,medium,0.03944246470928192,0.8158583641052246,23.61703109741211
2333,salt_pepper,low,0.035163816064596176,0.8591136336326599,25.73377799987793
2334,blur,low,0.02753925882279873,0.8712422251701355,27.082088470458984
2335,clean,none,0.026628216728568077,0.8569072484970093,27.271427154541016
2336,occlusion,high,0.06153124198317528,0.6036719679832458,20.995304107666016
2337,clean,none,0.02470347285270691,0.8439319133758545,29.368202209472656
2338,salt_pepper,low,0.022193729877471924,0.8840224146842957,30.126422882080078
2339,blur,high,0.029279379174113274,0.8288976550102234,26.48013687133789
2340,occlusion,low,0.021239232271909714,0.8680815696716309,28.427526473999023
2341,clean,none,0.0171379204839468,0.9226197004318237,31.556259155273438
2342,blur,medium,0.01944282464683056,0.8990077376365662,30.328575134277344
2343,occlusion,high,0.06738152354955673,0.6281286478042603,19.587491989135742
2344,salt_pepper,low,0.033229291439056396,0.7977702617645264,26.777849197387695
2345,blur,low,0.029477611184120178,0.8009325265884399,27.293498992919922
2346,salt_pepper,medium,0.03880039602518082,0.8560200929641724,25.712039947509766
2347,salt_pepper,low,0.05552005022764206,0.7355906963348389,22.734142303466797
2348,occlusion,low,0.03566356375813484,0.8088364601135254,24.258413314819336
2349,occlusion,medium,0.07304474711418152,0.5879108309745789,19.653797149658203
2350,blur,medium,0.023186083883047104,0.8371955752372742,29.818389892578125
2351,occlusion,medium,0.041840024292469025,0.7528168559074402,22.044889450073242
2352,occlusion,low,0.04609395191073418,0.7123598456382751,23.55167579650879
2353,salt_pepper,low,0.04280586168169975,0.7437645196914673,24.2189998626709
2354,clean,none,0.023549070581793785,0.8409594893455505,27.506399154663086
2355,salt_pepper,medium,0.026700910180807114,0.7963833808898926,28.488788604736328
2356,clean,none,0.02943206951022148,0.8503319025039673,26.674888610839844
2357,blur,high,0.029353028163313866,0.8065365552902222,27.39468002319336
2358,occlusion,high,0.06166314333677292,0.7126145362854004,18.441255569458008
2359,occlusion,low,0.03722872585058212,0.8379179239273071,20.595911026000977
2360,clean,none,0.027056416496634483,0.8401685953140259,27.504619598388672
2361,blur,medium,0.01896192505955696,0.9084922671318054,30.362781524658203
2362,clean,none,0.03299206495285034,0.8241614103317261,26.914634704589844
2363,salt_pepper,high,0.031221285462379456,0.8645226955413818,27.145769119262695
2364,blur,low,0.027975205332040787,0.831753134727478,27.811382293701172
2365,salt_pepper,medium,0.028207536786794662,0.8430935740470886,28.129375457763672
2366,salt_pepper,medium,0.023709844797849655,0.8912448287010193,28.692424774169922
2367,occlusion,high,0.0320780985057354,0.7697075605392456,26.37798309326172
2368,clean,none,0.03419321030378342,0.8816940784454346,25.922143936157227
2369,salt_pepper,low,0.026074452325701714,0.8543809652328491,28.234813690185547
2370,salt_pepper,high,0.03387462720274925,0.8169354200363159,26.421493530273438
2371,clean,none,0.02389587089419365,0.8892210721969604,28.829509735107422
2372,salt_pepper,low,0.03520926833152771,0.8249632716178894,26.357097625732422
2373,clean,none,0.0237641092389822,0.8774569034576416,28.703479766845703
2374,salt_pepper,high,0.02822805941104889,0.8702502250671387,27.546863555908203
2375,blur,high,0.02952173911035061,0.8471466898918152,27.36273765563965
2376,clean,none,0.05005877465009689,0.7988944053649902,20.852935791015625
2377,occlusion,high,0.07038696110248566,0.7130252718925476,18.112529754638672
2378,salt_pepper,medium,0.02726464532315731,0.870151937007904,27.89800453186035
2379,salt_pepper,high,0.04380171746015549,0.8274366855621338,22.57086753845215
2380,clean,none,0.026949256658554077,0.8671300411224365,28.14722442626953
2381,occlusion,low,0.03394842892885208,0.8054396510124207,25.450868606567383
2382,occlusion,medium,0.04362187907099724,0.7760311365127563,23.25408935546875
2383,clean,none,0.01947462558746338,0.8974301218986511,29.64313507080078
2384,salt_pepper,medium,0.03699222207069397,0.7951819896697998,25.42209243774414
2385,occlusion,low,0.03410746902227402,0.8357095122337341,23.419408798217773
2386,blur,medium,0.031045418232679367,0.7797701358795166,27.36238670349121
2387,occlusion,high,0.048108361661434174,0.8060400485992432,22.16495704650879
2388,salt_pepper,low,0.027636032551527023,0.8806651830673218,27.507837295532227
2389,salt_pepper,low,0.028337296098470688,0.8678039908409119,27.893943786621094
2390,occlusion,high,0.07627064734697342,0.6497172117233276,17.087427139282227
2391,salt_pepper,medium,0.018711267039179802,0.8872537016868591,30.82725715637207
2392,occlusion,medium,0.05473935231566429,0.5347210764884949,22.421550750732422
2393,clean,none,0.03442211449146271,0.7984544634819031,26.285837173461914
2394,blur,medium,0.045810915529727936,0.7898189425468445,23.209131240844727
2395,occlusion,medium,0.01716667227447033,0.9035942554473877,30.897785186767578
2396,clean,none,0.015552381984889507,0.9001125693321228,32.07053756713867
2397,clean,none,0.04384005069732666,0.6943289637565613,24.471576690673828
2398,salt_pepper,medium,0.0197999756783247,0.9153513312339783,29.81650161743164
2399,salt_pepper,low,0.06344765424728394,0.7060803174972534,20.74474334716797
2400,salt_pepper,high,0.030667444691061974,0.8005558848381042,26.522235870361328
2401,blur,low,0.04208402335643768,0.8334212303161621,22.854103088378906
2402,clean,none,0.042021267116069794,0.8408184051513672,22.381263732910156
2403,blur,low,0.0295522790402174,0.8745922446250916,26.738412857055664
2404,blur,high,0.06867586821317673,0.5509847402572632,20.606002807617188
2405,blur,high,0.03449294716119766,0.7108315229415894,26.276857376098633
2406,occlusion,low,0.0281340591609478,0.8631386160850525,26.93027114868164
2407,clean,none,0.040679506957530975,0.8020240664482117,24.174585342407227
2408,clean,none,0.04954443871974945,0.7605940103530884,22.23626136779785
2409,clean,none,0.02383718267083168,0.8822397589683533,28.981733322143555
2410,blur,medium,0.034533996134996414,0.8192521929740906,25.905960083007812
2411,salt_pepper,low,0.0300827007740736,0.812138557434082,26.948097229003906
2412,clean,none,0.01841782033443451,0.9270543456077576,31.146955490112305
2413,salt_pepper,high,0.030873527750372887,0.8802711963653564,26.879871368408203
2414,clean,none,0.015390204265713692,0.9277975559234619,33.01511764526367
2415,blur,high,0.020922159776091576,0.8845586776733398,30.434696197509766
2416,salt_pepper,low,0.026375552639365196,0.8361951112747192,27.2963809967041
2417,salt_pepper,high,0.04771530628204346,0.6213864088058472,23.831464767456055
2418,occlusion,low,0.02305883727967739,0.8755850195884705,27.3724365234375
2419,blur,high,0.03287816047668457,0.7907304167747498,25.948699951171875
2420,occlusion,high,0.06257959455251694,0.6829351186752319,19.0436954498291
2421,occlusion,medium,0.03047485649585724,0.795039176940918,24.678781509399414
2422,occlusion,high,0.0319087915122509,0.7290021777153015,24.969520568847656
2423,occlusion,high,0.04903094470500946,0.7325299978256226,22.06415367126465
2424,occlusion,medium,0.04070260375738144,0.7324404716491699,23.091495513916016
2425,clean,none,0.03348769247531891,0.7978543639183044,25.512521743774414
2426,clean,none,0.016402408480644226,0.9318591952323914,32.092811584472656
2427,clean,none,0.028549624606966972,0.8550612330436707,27.975872039794922
2428,clean,none,0.020759090781211853,0.8782936930656433,30.65967559814453
2429,occlusion,medium,0.03154303878545761,0.8089789152145386,23.314559936523438
2430,salt_pepper,high,0.022176656872034073,0.8866127729415894,28.84326171875
2431,occlusion,medium,0.05263568460941315,0.7437636256217957,21.09220314025879
2432,blur,high,0.026878096163272858,0.8135814070701599,28.24620246887207
2433,clean,none,0.027615532279014587,0.8794647455215454,27.966203689575195
2434,occlusion,medium,0.03853892907500267,0.8356806635856628,23.593143463134766
2435,occlusion,high,0.04655195027589798,0.7698700428009033,21.93845558166504
2436,occlusion,low,0.03600850701332092,0.8251477479934692,23.937166213989258
2437,occlusion,medium,0.07166265696287155,0.7087156176567078,18.333345413208008
2438,occlusion,high,0.09216135740280151,0.6256052255630493,14.918442726135254
2439,occlusion,high,0.042370617389678955,0.7187315821647644,23.325809478759766
2440,blur,medium,0.026243379339575768,0.8856708407402039,28.201200485229492
2441,occlusion,medium,0.061083436012268066,0.6487588286399841,20.174448013305664
2442,blur,medium,0.028191644698381424,0.7853487730026245,28.10272979736328
2443,clean,none,0.035869698971509933,0.845455527305603,25.943002700805664
2444,occlusion,medium,0.050824135541915894,0.7223386764526367,21.151226043701172
2445,occlusion,high,0.03637797385454178,0.769997775554657,24.004411697387695
2446,blur,high,0.018903113901615143,0.8520223498344421,31.868717193603516
2447,occlusion,low,0.02049902267754078,0.8781372904777527,30.57925033569336
2448,blur,medium,0.02283407375216484,0.8880735635757446,29.35110092163086
2449,salt_pepper,high,0.06169499084353447,0.6487722396850586,21.269020080566406
2450,salt_pepper,medium,0.035675037652254105,0.8496179580688477,24.331520080566406
2451,occlusion,low,0.04622502252459526,0.666434645652771,23.00387954711914
2452,clean,none,0.029118850827217102,0.907932698726654,27.86288070678711
2453,clean,none,0.03278065845370293,0.8322414755821228,25.409378051757812
2454,blur,low,0.030896134674549103,0.7579582929611206,27.600330352783203
2455,blur,medium,0.0390908345580101,0.705191969871521,25.52935791015625
2456,salt_pepper,low,0.029417764395475388,0.9040493369102478,27.064281463623047
2457,clean,none,0.023363105952739716,0.891954779624939,28.849567413330078
2458,clean,none,0.025243744254112244,0.8147489428520203,29.109298706054688
2459,occlusion,high,0.06559121608734131,0.566016674041748,19.977947235107422
2460,occlusion,high,0.06471087038516998,0.7099918723106384,19.67679214477539
2461,blur,low,0.026079684495925903,0.8481964468955994,28.30562400817871
2462,salt_pepper,high,0.02787637710571289,0.7572932243347168,28.002622604370117
2463,blur,low,0.02576894313097,0.8686554431915283,28.518945693969727
2464,blur,low,0.03401185944676399,0.8962504267692566,26.501415252685547
2465,blur,low,0.022510146722197533,0.8638287782669067,30.093706130981445
2466,clean,none,0.02910192310810089,0.8614360094070435,26.95518684387207
2467,clean,none,0.02549499273300171,0.8984021544456482,27.321060180664062
2468,salt_pepper,medium,0.023479368537664413,0.855586051940918,30.018274307250977
2469,clean,none,0.028730174526572227,0.8377498388290405,27.407264709472656
2470,occlusion,low,0.03618709370493889,0.8106290102005005,24.071504592895508
2471,salt_pepper,low,0.037057094275951385,0.7898967266082764,25.226896286010742
2472,occlusion,medium,0.06824709475040436,0.6229147911071777,18.925926208496094
2473,salt_pepper,low,0.02889191173017025,0.8510620594024658,27.238574981689453
2474,clean,none,0.014892551116645336,0.9295526742935181,33.48719787597656
2475,blur,medium,0.02002478949725628,0.9030768275260925,30.63528823852539
2476,clean,none,0.027006132528185844,0.8422514796257019,28.08702278137207
2477,salt_pepper,medium,0.05683046206831932,0.710523784160614,21.6854190826416
2478,salt_pepper,low,0.026498224586248398,0.8010681867599487,28.58232307434082
2479,occlusion,high,0.06318263709545135,0.5734938383102417,19.391910552978516
2480,salt_pepper,medium,0.025035394355654716,0.8387213945388794,28.80318832397461
2481,blur,medium,0.020259898155927658,0.8717496395111084,30.292776107788086
2482,blur,low,0.027758268639445305,0.8673104047775269,27.828014373779297
2483,occlusion,medium,0.09204386174678802,0.5425529479980469,17.55374526977539
2484,occlusion,low,0.03764800727367401,0.7929109334945679,24.023855209350586
2485,salt_pepper,low,0.05004996061325073,0.7055120468139648,23.111963272094727
2486,blur,high,0.028632164001464844,0.7090938091278076,28.1351375579834
2487,blur,low,0.023454010486602783,0.8554990291595459,28.707597732543945
2488,clean,none,0.028643367812037468,0.859136700630188,27.5728816986084
2489,occlusion,high,0.07938627898693085,0.633468508720398,18.254074096679688
2490,clean,none,0.02220732718706131,0.8812594413757324,29.02505111694336
2491,occlusion,low,0.021093806251883507,0.8920285105705261,28.69675064086914
2492,salt_pepper,high,0.04897473007440567,0.6375395059585571,23.657032012939453
2493,salt_pepper,medium,0.028483711183071136,0.8064758777618408,27.184932708740234
2494,salt_pepper,medium,0.04800701141357422,0.6862242221832275,23.34766387939453
2495,clean,none,0.03478056192398071,0.8600777983665466,25.627418518066406
2496,occlusion,low,0.0745188295841217,0.720369815826416,18.257278442382812
2497,blur,high,0.03611133247613907,0.8446455001831055,25.568378448486328
2498,occlusion,low,0.03676167130470276,0.8428595066070557,23.871896743774414
2499,salt_pepper,low,0.02090318128466606,0.9226824641227722,29.52381134033203
2500,occlusion,low,0.051762085407972336,0.7612093687057495,21.791656494140625
2501,clean,none,0.023548541590571404,0.8737977743148804,28.407686233520508
2502,salt_pepper,medium,0.037032000720500946,0.8371025323867798,25.484821319580078
2503,clean,none,0.03060256503522396,0.8928915858268738,26.88373374938965
2504,clean,none,0.050406645983457565,0.7591911554336548,23.225299835205078
2505,occlusion,low,0.05094745010137558,0.7074514627456665,22.80095100402832
2506,salt_pepper,low,0.041079673916101456,0.7645934820175171,23.670196533203125
2507,blur,high,0.04747571051120758,0.746854305267334,23.173952102661133
2508,clean,none,0.04797910153865814,0.6788715124130249,23.859466552734375
2509,blur,medium,0.06507004797458649,0.6948972940444946,21.302907943725586
2510,clean,none,0.05149465054273605,0.6949368715286255,23.065914154052734
2511,occlusion,medium,0.06518416106700897,0.5326748490333557,20.97789764404297
2512,occlusion,medium,0.040346693247556686,0.7605067491531372,22.213886260986328
2513,blur,medium,0.039250023663043976,0.7552448511123657,24.934293746948242
2514,occlusion,high,0.05563385412096977,0.7221169471740723,20.38677215576172
2515,blur,low,0.027835577726364136,0.8514835238456726,28.235088348388672
2516,clean,none,0.05101175233721733,0.6615486145019531,23.089683532714844
2517,salt_pepper,medium,0.041466325521469116,0.7405416369438171,23.7153263092041
2518,blur,medium,0.03669581562280655,0.826931357383728,25.704755783081055
2519,salt_pepper,low,0.027977649122476578,0.8148727416992188,27.350479125976562
2520,clean,none,0.03585636615753174,0.8470206260681152,25.662118911743164
2521,occlusion,high,0.06877809762954712,0.6578870415687561,17.93369483947754
2522,salt_pepper,low,0.021686455234885216,0.9009175300598145,28.993989944458008
2523,occlusion,low,0.029686495661735535,0.817550539970398,25.430936813354492
2524,occlusion,low,0.02749819867312908,0.8312325477600098,26.84923553466797
2525,clean,none,0.026667878031730652,0.8904705047607422,27.73781967163086
2526,salt_pepper,medium,0.03361821919679642,0.8828073740005493,24.031230926513672
2527,salt_pepper,medium,0.04198665916919708,0.8480373620986938,20.84273338317871
2528,salt_pepper,high,0.02554621547460556,0.8679668307304382,28.096435546875
2529,salt_pepper,high,0.042419832199811935,0.6685513257980347,24.74494743347168
2530,clean,none,0.031148143112659454,0.8117355108261108,26.576261520385742
2531,occlusion,high,0.06512661278247833,0.6108335256576538,18.945087432861328
2532,blur,high,0.03588892146945,0.7382532954216003,25.232336044311523
2533,occlusion,low,0.05181531235575676,0.6855973601341248,21.392906188964844
2534,clean,none,0.034225527197122574,0.7676881551742554,25.937559127807617
2535,blur,low,0.026171943172812462,0.8966480493545532,27.365306854248047
2536,salt_pepper,low,0.036666788160800934,0.8516987562179565,24.162761688232422
2537,clean,none,0.02166096493601799,0.8616523742675781,29.41545867919922
2538,salt_pepper,low,0.05942324548959732,0.7104653716087341,21.767518997192383
2539,salt_pepper,medium,0.02282823622226715,0.8963462710380554,29.403404235839844
2540,clean,none,0.02757694199681282,0.8790673613548279,27.373371124267578
2541,blur,medium,0.03206009045243263,0.8392555117607117,26.20306396484375
2542,blur,high,0.04626522585749626,0.7253067493438721,23.966724395751953
2543,blur,high,0.03942530229687691,0.8236939907073975,24.6458797454834
2544,salt_pepper,medium,0.04737349599599838,0.7292749285697937,22.92973518371582
2545,clean,none,0.03952489793300629,0.7845296859741211,23.93354606628418
2546,clean,none,0.040940478444099426,0.8029531836509705,23.73965072631836
2547,clean,none,0.02404915541410446,0.9009038805961609,27.76494598388672
2548,blur,medium,0.040398918092250824,0.900981068611145,23.247562408447266
2549,blur,medium,0.03496502339839935,0.8094173669815063,25.411163330078125
2550,blur,medium,0.030539125204086304,0.8603937029838562,26.580331802368164
2551,salt_pepper,low,0.05022454261779785,0.779934823513031,22.434307098388672
2552,occlusion,medium,0.036645494401454926,0.8201981782913208,23.91524314880371
2553,salt_pepper,medium,0.07151064276695251,0.704430341720581,19.25694465637207
2554,occlusion,low,0.04540281742811203,0.7731789350509644,22.724998474121094
2555,blur,medium,0.02675306797027588,0.8497503995895386,26.691226959228516
2556,occlusion,high,0.09658579528331757,0.5556332468986511,16.4425048828125
2557,clean,none,0.04119652137160301,0.8338247537612915,24.3820743560791
2558,clean,none,0.035592611879110336,0.8766050338745117,23.76239013671875
2559,salt_pepper,medium,0.02479485236108303,0.8254841566085815,28.814306259155273
2560,clean,none,0.04927443712949753,0.7686324119567871,23.01934051513672
2561,occlusion,low,0.034741342067718506,0.8627755641937256,23.881567001342773
2562,occlusion,high,0.08652329444885254,0.672870397567749,15.786581993103027
2563,salt_pepper,low,0.038102373480796814,0.7308425903320312,25.436315536499023
2564,occlusion,low,0.03873687982559204,0.8816825747489929,21.756282806396484
2565,salt_pepper,high,0.03640183433890343,0.8566638827323914,25.456743240356445
2566,clean,none,0.026944376528263092,0.9138113260269165,23.91477394104004
2567,blur,medium,0.02325735054910183,0.8964771032333374,29.430511474609375
2568,occlusion,low,0.044320136308670044,0.8806995749473572,19.772031784057617
2569,blur,low,0.02883409708738327,0.8705395460128784,27.545625686645508
2570,blur,medium,0.05849265307188034,0.6777842044830322,21.22433090209961
2571,blur,low,0.026363831013441086,0.8523440361022949,27.535926818847656
2572,salt_pepper,medium,0.03983050212264061,0.7540100812911987,24.78134536743164
2573,clean,none,0.0382024422287941,0.7751781940460205,25.30076789855957
2574,blur,low,0.019016893580555916,0.9054839611053467,31.03580665588379
2575,clean,none,0.027096761390566826,0.8995171785354614,27.514625549316406
2576,blur,low,0.025639962404966354,0.9004666209220886,26.577367782592773
2577,salt_pepper,medium,0.026896245777606964,0.8762977123260498,26.928218841552734
2578,clean,none,0.04393620043992996,0.8057548403739929,23.214065551757812
2579,occlusion,medium,0.04234730452299118,0.8062788844108582,22.295974731445312
2580,blur,low,0.04515894874930382,0.8083924055099487,22.224416732788086
2581,salt_pepper,high,0.038282640278339386,0.8411030769348145,25.110496520996094
2582,salt_pepper,high,0.022783886641263962,0.8694185614585876,29.662494659423828
2583,salt_pepper,high,0.024512939155101776,0.8852329254150391,29.0884952545166
2584,clean,none,0.04270489141345024,0.6464213132858276,24.962766647338867
2585,salt_pepper,low,0.02772323414683342,0.8465480804443359,27.70532989501953
2586,salt_pepper,high,0.02887084148824215,0.8662592768669128,27.58682632446289
2587,blur,medium,0.01969822496175766,0.9050068855285645,30.87213897705078
2588,clean,none,0.02829045057296753,0.8980905413627625,27.355911254882812
2589,clean,none,0.01938779652118683,0.883381724357605,31.092960357666016
2590,occlusion,low,0.02929123118519783,0.9106563925743103,26.63942527770996
2591,blur,medium,0.025390908122062683,0.8699910640716553,28.593585968017578
2592,salt_pepper,low,0.03330066800117493,0.8409558534622192,26.528959274291992
2593,occlusion,low,0.03845761716365814,0.7383052110671997,25.05632781982422
2594,blur,medium,0.021525656804442406,0.879676342010498,29.31871223449707
2595,clean,none,0.02342626452445984,0.8751570582389832,29.135833740234375
2596,clean,none,0.02229153737425804,0.9236425161361694,29.784381866455078
2597,occlusion,low,0.019865605980157852,0.9044294357299805,29.915382385253906
2598,blur,low,0.019347164779901505,0.9075750112533569,31.24917984008789
2599,salt_pepper,low,0.026359807699918747,0.8367723822593689,28.37865447998047
2600,salt_pepper,high,0.025801774114370346,0.8485104441642761,29.294775009155273
2601,blur,low,0.02202027104794979,0.9118850231170654,29.646900177001953
2602,salt_pepper,low,0.03491450101137161,0.7858327627182007,25.137184143066406
2603,clean,none,0.04038581997156143,0.850540280342102,24.35235595703125
2604,clean,none,0.024233369156718254,0.9095680713653564,28.480255126953125
2605,salt_pepper,high,0.018468499183654785,0.9081558585166931,31.34735107421875
2606,occlusion,low,0.026604589074850082,0.8747923374176025,27.713224411010742
2607,salt_pepper,medium,0.03139715641736984,0.8460766673088074,26.708087921142578
2608,clean,none,0.028182342648506165,0.8538460731506348,26.932809829711914
2609,salt_pepper,high,0.02687765657901764,0.875502347946167,27.759384155273438
2610,salt_pepper,medium,0.03233214095234871,0.8620009422302246,26.766990661621094
2611,clean,none,0.019716426730155945,0.9125394821166992,30.65301513671875
2612,occlusion,high,0.07560525834560394,0.7352272272109985,19.94554328918457
2613,clean,none,0.026662267744541168,0.8728326559066772,27.52621841430664
2614,blur,high,0.020387742668390274,0.9024711847305298,29.07474708557129
2615,occlusion,medium,0.05411943793296814,0.6627185344696045,22.133689880371094
2616,blur,medium,0.02268962189555168,0.916130542755127,29.416492462158203
2617,occlusion,high,0.055791404098272324,0.7731051445007324,19.787765502929688
2618,clean,none,0.03464306518435478,0.844721794128418,25.945907592773438
2619,blur,high,0.026102200150489807,0.867156982421875,26.598033905029297
2620,salt_pepper,high,0.024032114073634148,0.8932873010635376,28.83625030517578
2621,clean,none,0.038598284125328064,0.8946568965911865,25.426010131835938
2622,salt_pepper,low,0.024751802906394005,0.8971800208091736,28.502822875976562
2623,salt_pepper,high,0.021702483296394348,0.8663715720176697,29.997528076171875
2624,occlusion,low,0.03098297119140625,0.8062822222709656,26.247509002685547
2625,blur,high,0.03714743256568909,0.7060462236404419,25.587360382080078
2626,occlusion,medium,0.029838070273399353,0.846366286277771,26.354820251464844
2627,blur,medium,0.031260088086128235,0.8473666906356812,26.197254180908203
2628,occlusion,low,0.029530441388487816,0.822170615196228,25.295351028442383
2629,blur,low,0.037555303424596786,0.8522075414657593,25.48213005065918
2630,blur,high,0.02384055219590664,0.8803133368492126,27.89442253112793
2631,blur,low,0.016776569187641144,0.9625431299209595,31.760141372680664
2632,occlusion,low,0.023760899901390076,0.8753718137741089,28.77027702331543
2633,blur,high,0.03481648117303848,0.8146629333496094,26.000476837158203
2634,blur,high,0.022650837898254395,0.8448686003684998,28.861679077148438
2635,blur,high,0.03323577344417572,0.7967302203178406,25.800199508666992
2636,blur,low,0.029201140627264977,0.8742710947990417,27.48367691040039
2637,blur,medium,0.02759692631661892,0.8858118057250977,26.6715087890625
2638,blur,medium,0.026442795991897583,0.8713749647140503,28.35451316833496
2639,blur,low,0.016924813389778137,0.8962170481681824,32.14735412597656
2640,blur,low,0.01955122873187065,0.9330037832260132,29.895753860473633
2641,clean,none,0.0320776104927063,0.8498503565788269,25.47378921508789
2642,salt_pepper,medium,0.027008596807718277,0.8436400890350342,27.678363800048828
2643,blur,high,0.02728491649031639,0.8434359431266785,26.94476890563965
2644,clean,none,0.0403626449406147,0.7989223003387451,22.75189971923828
2645,clean,none,0.021111106500029564,0.8772091865539551,30.165714263916016
2646,clean,none,0.02146049588918686,0.9246110916137695,28.71284294128418
2647,salt_pepper,medium,0.019995518028736115,0.8905057311058044,30.648401260375977
2648,blur,medium,0.027240749448537827,0.8839586973190308,27.756057739257812
2649,occlusion,high,0.05763367936015129,0.7600277662277222,20.112817764282227
2650,clean,none,0.021256348118185997,0.8815685510635376,30.377187728881836
2651,salt_pepper,high,0.0202300064265728,0.881539523601532,30.481266021728516
2652,blur,high,0.02306385710835457,0.8199760317802429,27.718154907226562
2653,occlusion,medium,0.02867739647626877,0.7920118570327759,26.20587158203125
2654,clean,none,0.021407706663012505,0.8868522644042969,29.823076248168945
2655,blur,medium,0.020999964326620102,0.9036687612533569,30.530946731567383
2656,salt_pepper,medium,0.02617890201508999,0.839566171169281,27.193992614746094
2657,salt_pepper,medium,0.03633781522512436,0.8183400630950928,24.120216369628906
2658,clean,none,0.021050062030553818,0.8802568316459656,30.138547897338867
2659,blur,low,0.019544731825590134,0.8849503993988037,30.757240295410156
2660,occlusion,high,0.0700186938047409,0.7121667265892029,19.094493865966797
2661,blur,high,0.03021818958222866,0.8140877485275269,26.104108810424805
2662,blur,high,0.028661629185080528,0.8508395552635193,26.82845115661621
2663,salt_pepper,medium,0.027105038985610008,0.8141847848892212,27.569446563720703
2664,salt_pepper,medium,0.03869654983282089,0.8261288404464722,24.245502471923828
2665,clean,none,0.0226898193359375,0.8867680430412292,29.9531192779541
2666,blur,high,0.016878647729754448,0.9278736114501953,31.192548751831055
2667,occlusion,low,0.027061711996793747,0.8670544624328613,25.623380661010742
2668,salt_pepper,high,0.02068198472261429,0.9079369306564331,31.13101577758789
2669,occlusion,medium,0.04215338081121445,0.7913391590118408,22.066226959228516
2670,salt_pepper,high,0.015169499441981316,0.9448071718215942,33.25537872314453
2671,salt_pepper,high,0.030436372384428978,0.7874338626861572,27.684101104736328
2672,occlusion,high,0.05716611444950104,0.6906540393829346,19.69413948059082
2673,blur,high,0.03305765986442566,0.7830752730369568,25.067520141601562
2674,salt_pepper,low,0.0156405009329319,0.9248396754264832,32.53128433227539
2675,blur,medium,0.03553910180926323,0.7967634201049805,26.07147979736328
2676,clean,none,0.022324424237012863,0.8834347128868103,29.363418579101562
2677,occlusion,low,0.04938700422644615,0.7649637460708618,21.678970336914062
2678,clean,none,0.033694006502628326,0.8262006640434265,25.921857833862305
2679,clean,none,0.02512073889374733,0.8861708045005798,27.68418312072754
2680,clean,none,0.025690685957670212,0.8939831256866455,27.77389907836914
2681,clean,none,0.02215110883116722,0.9038432836532593,29.054950714111328
2682,salt_pepper,medium,0.022125011309981346,0.9075320959091187,28.821992874145508
2683,occlusion,medium,0.031652748584747314,0.7843626737594604,25.618221282958984
2684,occlusion,high,0.049569979310035706,0.7079672813415527,20.2495174407959
2685,occlusion,low,0.03550708293914795,0.742919385433197,24.806060791015625
2686,clean,none,0.03543137386441231,0.7067685127258301,26.50111961364746
2687,occlusion,high,0.05951164290308952,0.6645216941833496,19.296247482299805
2688,occlusion,high,0.04947872459888458,0.7697780132293701,21.408737182617188
2689,occlusion,high,0.06300440430641174,0.6831867098808289,19.39366912841797
2690,blur,medium,0.041672926396131516,0.823753297328949,24.176414489746094
2691,salt_pepper,medium,0.028323862701654434,0.7436455488204956,28.188608169555664
2692,blur,medium,0.01911362074315548,0.90684974193573,30.10448455810547
2693,occlusion,medium,0.03793374449014664,0.8008520603179932,22.83917999267578
2694,salt_pepper,high,0.043890468776226044,0.782620906829834,23.626806259155273
2695,blur,medium,0.02505950629711151,0.84441077709198,28.509700775146484
2696,occlusion,medium,0.04551076889038086,0.7555040121078491,21.94342613220215
2697,clean,none,0.026612451300024986,0.8873461484909058,27.75804328918457
2698,occlusion,high,0.03378942608833313,0.7189006805419922,25.43901252746582
2699,blur,high,0.030567817389965057,0.7499067783355713,26.470251083374023
2700,blur,medium,0.028140535578131676,0.8842730522155762,27.719228744506836
2701,salt_pepper,medium,0.021588392555713654,0.8790946006774902,30.334749221801758
2702,blur,medium,0.02730056643486023,0.8771759867668152,28.349857330322266
2703,occlusion,high,0.060955919325351715,0.6655253767967224,19.452804565429688
2704,blur,low,0.018383048474788666,0.8755062818527222,31.984708786010742
2705,salt_pepper,medium,0.0324360653758049,0.7586061954498291,26.65207862854004
2706,blur,low,0.031072523444890976,0.8731667399406433,26.708969116210938
2707,salt_pepper,medium,0.02225109562277794,0.8899078369140625,29.803245544433594
2708,clean,none,0.02528226375579834,0.8900582790374756,28.25982093811035
2709,salt_pepper,low,0.02790956199169159,0.8837910890579224,28.10900115966797
2710,clean,none,0.023347675800323486,0.8480367660522461,29.6634464263916
2711,clean,none,0.02946614846587181,0.8115990161895752,27.350828170776367
2712,clean,none,0.025126438587903976,0.8238741159439087,28.844606399536133
2713,clean,none,0.08529770374298096,0.6254624724388123,18.87745475769043
2714,blur,high,0.05137352645397186,0.7411890029907227,21.99692726135254
2715,salt_pepper,low,0.04658520221710205,0.6920720934867859,23.633026123046875
2716,salt_pepper,low,0.028243709355592728,0.8649467825889587,28.146862030029297
2717,salt_pepper,medium,0.04306941479444504,0.8264584541320801,24.073827743530273
2718,occlusion,high,0.07294613867998123,0.568639874458313,19.720205307006836
2719,clean,none,0.022496219724416733,0.9001493453979492,28.500728607177734
2720,blur,high,0.055943869054317474,0.7200018167495728,21.864431381225586
2721,clean,none,0.03133426606655121,0.8312562704086304,26.00918197631836
2722,occlusion,low,0.02293858490884304,0.8495643138885498,27.34256935119629
2723,blur,low,0.03496063873171806,0.8391760587692261,25.246427536010742
2724,salt_pepper,medium,0.02545345202088356,0.7960295081138611,29.035863876342773
2725,salt_pepper,high,0.030526086688041687,0.8421983122825623,26.715778350830078
2726,salt_pepper,high,0.029297325760126114,0.8446134328842163,26.532169342041016
2727,clean,none,0.058065932244062424,0.7600928544998169,21.19402313232422
2728,blur,medium,0.023621976375579834,0.8566929697990417,29.21245574951172
2729,clean,none,0.024071400985121727,0.8709475994110107,29.03531265258789
2730,occlusion,high,0.055317193269729614,0.7496893405914307,20.544448852539062
2731,salt_pepper,low,0.02542269043624401,0.8543847799301147,28.618518829345703
2732,clean,none,0.02580408751964569,0.9032825231552124,27.187789916992188
2733,blur,medium,0.02078862488269806,0.9359713792800903,29.799745559692383
2734,clean,none,0.026120152324438095,0.9039280414581299,27.87846565246582
2735,occlusion,low,0.05588987097144127,0.720878541469574,20.909637451171875
2736,occlusion,high,0.06711260974407196,0.602776050567627,20.448570251464844
2737,clean,none,0.024549467489123344,0.841514527797699,28.447601318359375
2738,occlusion,medium,0.04846285283565521,0.7593214511871338,21.732929229736328
2739,salt_pepper,low,0.02497299760580063,0.8880547285079956,29.06559181213379
2740,salt_pepper,low,0.06566908955574036,0.5711925029754639,21.328847885131836
2741,blur,medium,0.05782882869243622,0.7120246291160583,21.973957061767578
2742,clean,none,0.03663714975118637,0.8560281991958618,24.432842254638672
2743,blur,high,0.056931786239147186,0.6176104545593262,21.862037658691406
2744,clean,none,0.02803461253643036,0.8071945905685425,27.091028213500977
2745,occlusion,medium,0.058441560715436935,0.7415921092033386,18.20585823059082
2746,salt_pepper,low,0.03184062987565994,0.8787447214126587,26.973705291748047
2747,occlusion,low,0.036119069904088974,0.8674432635307312,23.273326873779297
2748,clean,none,0.02360616624355316,0.8860400915145874,28.79983901977539
2749,occlusion,low,0.029317958280444145,0.8910740613937378,26.43752670288086
2750,clean,none,0.020371124148368835,0.931830883026123,28.498512268066406
2751,salt_pepper,high,0.029383495450019836,0.7969014644622803,27.261716842651367
2752,occlusion,medium,0.043804269284009933,0.7217366695404053,23.60286521911621
2753,blur,medium,0.04168632626533508,0.8123008608818054,24.318811416625977
2754,blur,low,0.026301642879843712,0.8818057775497437,28.18328094482422
2755,blur,medium,0.02309992164373398,0.9260610342025757,27.47287368774414
2756,clean,none,0.03563038632273674,0.8006202578544617,25.299100875854492
2757,occlusion,low,0.027515625581145287,0.8746161460876465,25.724782943725586
2758,blur,low,0.02333931252360344,0.9070339202880859,28.650341033935547
2759,clean,none,0.040754787623882294,0.8786594867706299,23.52886390686035
2760,clean,none,0.05570881813764572,0.7442164421081543,22.508699417114258
2761,occlusion,high,0.0640200674533844,0.7468693256378174,16.685565948486328
2762,occlusion,medium,0.04933077096939087,0.7190871238708496,21.308860778808594
2763,blur,low,0.031571224331855774,0.867017924785614,26.846982955932617
2764,blur,low,0.02791401371359825,0.8694543838500977,27.336090087890625
2765,clean,none,0.031080974265933037,0.8792071342468262,26.920299530029297
2766,salt_pepper,high,0.035704635083675385,0.7956405878067017,26.330564498901367
2767,clean,none,0.03617344796657562,0.7753655910491943,26.121339797973633
2768,occlusion,high,0.08329262584447861,0.49366697669029236,18.865692138671875
2769,salt_pepper,low,0.029400315135717392,0.872734546661377,26.202600479125977
2770,clean,none,0.06239696592092514,0.7306999564170837,20.801551818847656
2771,blur,medium,0.04428538680076599,0.7871087789535522,23.46757698059082
2772,blur,low,0.020861662924289703,0.8974223136901855,30.079376220703125
2773,clean,none,0.029105504974722862,0.8888598680496216,27.35207748413086
2774,clean,none,0.025325214490294456,0.8920081853866577,27.919841766357422
2775,salt_pepper,high,0.027255471795797348,0.8089810609817505,27.40841293334961
2776,occlusion,low,0.08398090302944183,0.6824370622634888,18.257482528686523
2777,clean,none,0.016408734023571014,0.9005343317985535,31.331165313720703
2778,clean,none,0.06044243276119232,0.811287522315979,20.181272506713867
2779,salt_pepper,low,0.03233000636100769,0.8697348833084106,23.1566219329834
2780,occlusion,low,0.02096325159072876,0.8964080810546875,28.002187728881836
2781,blur,medium,0.0352914035320282,0.8419758677482605,26.0433349609375
2782,clean,none,0.042748771607875824,0.7346892356872559,24.34540557861328
2783,occlusion,low,0.07246993482112885,0.6660435199737549,18.58639907836914
2784,occlusion,high,0.08536545932292938,0.4666677713394165,17.389720916748047
2785,clean,none,0.03351852297782898,0.7842261791229248,26.841236114501953
2786,clean,none,0.02801044099032879,0.849095344543457,27.284160614013672
2787,salt_pepper,high,0.044100455939769745,0.7671553492546082,23.70612907409668
2788,salt_pepper,low,0.054896824061870575,0.7779783606529236,21.849105834960938
2789,salt_pepper,low,0.04243827611207962,0.7792484164237976,23.44255256652832
2790,occlusion,low,0.03037162683904171,0.8317977786064148,26.422069549560547
2791,salt_pepper,low,0.03278626874089241,0.8283839225769043,25.426252365112305
2792,salt_pepper,low,0.035711005330085754,0.82526034116745,25.20674705505371
2793,blur,low,0.039338722825050354,0.7472649812698364,23.7198486328125
2794,salt_pepper,high,0.029009943827986717,0.8206469416618347,25.743806838989258
2795,blur,high,0.0724170058965683,0.6223251223564148,19.970611572265625
2796,occlusion,medium,0.05822577327489853,0.6690176725387573,20.73935317993164
2797,blur,medium,0.049410365521907806,0.8155781030654907,22.578250885009766
2798,clean,none,0.03274444490671158,0.7779865264892578,25.487947463989258
2799,clean,none,0.03601274639368057,0.7589753866195679,26.337249755859375
2800,occlusion,high,0.06173672527074814,0.6494545340538025,17.5653133392334
2801,occlusion,high,0.0807945728302002,0.6464051604270935,16.172195434570312
2802,salt_pepper,low,0.04062793031334877,0.7227680087089539,24.55362319946289
2803,clean,none,0.034143973141908646,0.8044424057006836,25.03875732421875
2804,clean,none,0.04442399740219116,0.7263009548187256,24.184667587280273
2805,occlusion,low,0.048277221620082855,0.7073938250541687,21.612056732177734
2806,occlusion,low,0.031036263331770897,0.8470323085784912,25.74653434753418
2807,occlusion,medium,0.019534219056367874,0.9163562059402466,28.556800842285156
2808,clean,none,0.06160641461610794,0.7132705450057983,21.218666076660156
2809,clean,none,0.01758756674826145,0.9198257923126221,28.88665199279785
2810,clean,none,0.051697369664907455,0.7660443186759949,23.005504608154297
2811,salt_pepper,high,0.045130591839551926,0.6974527835845947,24.41486358642578
2812,occlusion,high,0.05863463878631592,0.5412027835845947,21.073148727416992
2813,clean,none,0.041776709258556366,0.7764270305633545,24.568511962890625
2814,blur,low,0.03532695770263672,0.8066489100456238,25.15863037109375
2815,occlusion,high,0.09495564550161362,0.633102536201477,15.407133102416992
2816,blur,high,0.043656062334775925,0.8424397706985474,23.935993194580078
2817,clean,none,0.02683240920305252,0.8667851686477661,27.906700134277344
2818,clean,none,0.04048163443803787,0.8579293489456177,23.85346221923828
2819,salt_pepper,high,0.038351938128471375,0.7506921291351318,25.083057403564453
2820,salt_pepper,high,0.05432771146297455,0.6386698484420776,22.518617630004883
2821,salt_pepper,low,0.04037655144929886,0.8203586935997009,24.201416015625
2822,clean,none,0.057932645082473755,0.7227479219436646,22.056289672851562
2823,clean,none,0.03535906970500946,0.8271013498306274,25.802616119384766
2824,occlusion,medium,0.05568375810980797,0.7180694937705994,18.002803802490234
2825,blur,high,0.03549675643444061,0.8183116912841797,25.19727897644043
2826,occlusion,low,0.036070823669433594,0.8458741903305054,23.536693572998047
2827,occlusion,high,0.05992215871810913,0.6843721270561218,19.34693717956543
2828,blur,low,0.04793862625956535,0.7744095325469971,22.922706604003906
2829,salt_pepper,high,0.03359459340572357,0.8505947589874268,24.897146224975586
2830,clean,none,0.03321253880858421,0.8835367560386658,24.13304328918457
2831,blur,medium,0.04161719232797623,0.7785918712615967,23.87203598022461
2832,salt_pepper,medium,0.04095512256026268,0.8051988482475281,23.658031463623047
2833,clean,none,0.062045346945524216,0.6261762976646423,21.30035400390625
2834,clean,none,0.026586271822452545,0.9151005744934082,27.487457275390625
2835,blur,medium,0.029505601152777672,0.7632253170013428,26.603172302246094
2836,clean,none,0.038822297006845474,0.8093416094779968,24.746599197387695
2837,clean,none,0.030554627999663353,0.8203510046005249,26.604686737060547
2838,salt_pepper,medium,0.030926106497645378,0.7880276441574097,26.746482849121094
2839,blur,low,0.028012141585350037,0.861678957939148,26.770925521850586
2840,clean,none,0.03482729196548462,0.8343064785003662,25.85902976989746
2841,clean,none,0.02921568974852562,0.8417788743972778,26.857006072998047
2842,salt_pepper,medium,0.06196964904665947,0.6322154998779297,21.203189849853516
2843,clean,none,0.04521209001541138,0.8348076343536377,23.94862937927246
2844,blur,high,0.03864321857690811,0.7005080580711365,24.535493850708008
2845,salt_pepper,medium,0.02919042855501175,0.7922314405441284,26.83395004272461
2846,salt_pepper,medium,0.04548094794154167,0.7450027465820312,23.937204360961914
2847,salt_pepper,low,0.024850105866789818,0.8659462928771973,29.269121170043945
2848,blur,high,0.047853853553533554,0.7307409048080444,23.41080665588379
2849,occlusion,high,0.08651816844940186,0.5566098093986511,17.304872512817383
2850,salt_pepper,high,0.03546637296676636,0.842254638671875,26.125566482543945
2851,salt_pepper,medium,0.04174014925956726,0.8183189630508423,24.0848388671875
2852,occlusion,medium,0.04501098021864891,0.7202528715133667,22.59560775756836
2853,blur,low,0.04567757248878479,0.7107130885124207,24.070049285888672
2854,clean,none,0.0666561871767044,0.6059862375259399,20.986568450927734
2855,occlusion,low,0.05082370340824127,0.7999467253684998,20.620737075805664
2856,clean,none,0.03199682757258415,0.8182236552238464,26.62224578857422
2857,occlusion,low,0.04383357614278793,0.7562512159347534,22.5519962310791
2858,blur,high,0.054953645914793015,0.5315154790878296,22.68174171447754
2859,occlusion,medium,0.04594269022345543,0.6406134963035583,23.43019676208496
2860,blur,high,0.05319802090525627,0.730056881904602,22.344532012939453
2861,salt_pepper,low,0.02148370072245598,0.900984525680542,29.3409423828125
2862,salt_pepper,high,0.04994439706206322,0.7563413381576538,23.151241302490234
2863,clean,none,0.03140365332365036,0.8055944442749023,27.22739028930664
2864,clean,none,0.04088270664215088,0.8780326843261719,24.37335777282715
2865,occlusion,medium,0.04374144226312637,0.7176200151443481,22.431533813476562
2866,salt_pepper,medium,0.04908543825149536,0.7587060332298279,23.60738754272461
2867,salt_pepper,low,0.04267583042383194,0.7547113299369812,24.702606201171875
2868,blur,high,0.037247903645038605,0.7334298491477966,24.744098663330078
2869,occlusion,low,0.052655480802059174,0.7598000764846802,21.780244827270508
2870,blur,medium,0.02476465329527855,0.8979815244674683,27.32341957092285
2871,clean,none,0.06257902830839157,0.7823925018310547,20.91986656188965
2872,occlusion,medium,0.03859758749604225,0.7664117813110352,21.394987106323242
2873,blur,high,0.060465820133686066,0.6791428923606873,21.381103515625
2874,clean,none,0.06243785470724106,0.7003457546234131,21.18097496032715
2875,clean,none,0.025852534919977188,0.8825868368148804,27.273971557617188
2876,clean,none,0.03583112359046936,0.8476588726043701,24.648178100585938
2877,blur,low,0.023888200521469116,0.8956311941146851,28.434619903564453
2878,blur,high,0.026538878679275513,0.876144528388977,25.601194381713867
2879,salt_pepper,medium,0.05859477072954178,0.7171770930290222,21.48318862915039
2880,occlusion,low,0.03728235885500908,0.8188114166259766,24.01581573486328
2881,blur,high,0.0509273037314415,0.646580159664154,22.94300079345703
2882,clean,none,0.043517597019672394,0.7269325256347656,24.097888946533203
2883,clean,none,0.0306191798299551,0.8634870052337646,26.402584075927734
2884,clean,none,0.03045458160340786,0.8895878791809082,25.89430046081543
2885,clean,none,0.05272243544459343,0.7077869772911072,22.79526710510254
2886,blur,high,0.04413776844739914,0.7403779029846191,23.959022521972656
2887,blur,low,0.028290878981351852,0.8420869708061218,27.18254852294922
2888,blur,low,0.028512878343462944,0.892471194267273,26.119728088378906
2889,occlusion,low,0.03852663189172745,0.8291410207748413,24.052448272705078
2890,blur,medium,0.017765287309885025,0.9107222557067871,31.6995792388916
2891,blur,medium,0.04072580486536026,0.7287268042564392,25.012691497802734
2892,salt_pepper,low,0.024309497326612473,0.9309531450271606,28.155433654785156
2893,clean,none,0.024109601974487305,0.9087529182434082,28.206398010253906
2894,salt_pepper,low,0.01372728031128645,0.9395750761032104,34.11491775512695
2895,occlusion,low,0.02960592322051525,0.8884377479553223,21.272693634033203
2896,salt_pepper,low,0.02056245133280754,0.8933886289596558,29.71306610107422
2897,salt_pepper,medium,0.02289174497127533,0.889255702495575,28.879913330078125
2898,occlusion,low,0.039151836186647415,0.7786940932273865,23.56386947631836
2899,clean,none,0.013328833505511284,0.9380201101303101,34.45972442626953
2900,clean,none,0.03550848364830017,0.8567497134208679,25.30463981628418
2901,blur,medium,0.021750453859567642,0.8880841135978699,29.205472946166992
2902,blur,high,0.01918496936559677,0.9068160057067871,29.539112091064453
2903,occlusion,low,0.029827602207660675,0.8858299255371094,24.0208740234375
2904,occlusion,high,0.05467377230525017,0.7120630145072937,20.23902130126953
2905,clean,none,0.022529616951942444,0.9139401912689209,29.453289031982422
2906,blur,medium,0.03564126417040825,0.8354864120483398,25.788528442382812
2907,clean,none,0.01983674243092537,0.9009405970573425,30.54997444152832
2908,blur,low,0.02378748171031475,0.8641514778137207,29.402559280395508
2909,blur,low,0.01612548902630806,0.9277274012565613,32.80410385131836
2910,clean,none,0.027257820591330528,0.8933970928192139,28.058074951171875
2911,occlusion,medium,0.03482912480831146,0.824908435344696,24.00564956665039
2912,salt_pepper,low,0.02333138883113861,0.9072861671447754,28.54732894897461
2913,salt_pepper,high,0.02942977100610733,0.8524237871170044,25.104158401489258
2914,salt_pepper,high,0.024210084229707718,0.8803005218505859,28.954776763916016
2915,occlusion,high,0.09377142041921616,0.73520827293396,14.607891082763672
2916,salt_pepper,medium,0.018047835677862167,0.9503938555717468,30.892305374145508
2917,occlusion,high,0.08449005335569382,0.6025910973548889,16.617645263671875
2918,salt_pepper,medium,0.030741645023226738,0.9022865295410156,26.329715728759766
2919,blur,high,0.03548332303762436,0.7140970230102539,25.299776077270508
2920,blur,low,0.05844251438975334,0.6255042552947998,22.128238677978516
2921,clean,none,0.025452589616179466,0.8446273803710938,28.333568572998047
2922,blur,low,0.016980135813355446,0.9289299845695496,31.67530059814453
2923,salt_pepper,low,0.01866442896425724,0.918523907661438,31.030719757080078
2924,clean,none,0.02518453262746334,0.832767903804779,28.83641815185547
2925,clean,none,0.02295195683836937,0.8950900435447693,29.413663864135742
2926,clean,none,0.036317743360996246,0.7855954170227051,25.800376892089844
2927,blur,low,0.029224585741758347,0.8240540027618408,27.486656188964844
2928,salt_pepper,low,0.01763838529586792,0.9157046675682068,31.403532028198242
2929,salt_pepper,high,0.022680383175611496,0.8731371760368347,29.13834571838379
2930,blur,low,0.020306793972849846,0.9102540016174316,29.629440307617188
2931,salt_pepper,medium,0.02583392523229122,0.8287123441696167,28.864944458007812
2932,blur,medium,0.02703869342803955,0.8830310702323914,27.64696502685547
2933,salt_pepper,low,0.04739603400230408,0.746023416519165,23.103477478027344
2934,salt_pepper,low,0.04885505884885788,0.7251836061477661,22.898738861083984
2935,salt_pepper,medium,0.03205408155918121,0.7260118722915649,26.697643280029297
2936,occlusion,low,0.03163904324173927,0.7699894309043884,24.773998260498047
2937,salt_pepper,medium,0.026005256921052933,0.8767919540405273,27.47455406188965
2938,salt_pepper,high,0.025060001760721207,0.8801202774047852,28.68282127380371
2939,occlusion,medium,0.044494595378637314,0.7603549361228943,23.19462776184082
2940,occlusion,high,0.06526987254619598,0.6925565004348755,17.77114486694336
2941,clean,none,0.025974299758672714,0.9026111364364624,27.840744018554688
2942,clean,none,0.03353270888328552,0.8500571250915527,26.068227767944336
2943,blur,medium,0.07181107252836227,0.5755571126937866,19.956201553344727
2944,occlusion,high,0.07375892996788025,0.5620068907737732,18.00948715209961
2945,salt_pepper,high,0.020471565425395966,0.8562434911727905,30.896472930908203
2946,occlusion,high,0.05722691863775253,0.5752464532852173,20.279037475585938
2947,occlusion,medium,0.04208410903811455,0.7872090339660645,22.23235321044922
2948,blur,medium,0.024759992957115173,0.8143298625946045,27.996845245361328
2949,blur,medium,0.0427185595035553,0.7202674746513367,24.051658630371094
2950,occlusion,high,0.0901794284582138,0.69283127784729,15.573796272277832
2951,clean,none,0.03494780510663986,0.7686976194381714,26.034671783447266
2952,occlusion,low,0.03138252720236778,0.7578835487365723,26.64139175415039
2953,salt_pepper,high,0.027676265686750412,0.8699716925621033,28.02983283996582
2954,salt_pepper,medium,0.021867360919713974,0.8596336841583252,29.834835052490234
2955,blur,low,0.02715633437037468,0.8543920516967773,27.75006866455078
2956,clean,none,0.024912893772125244,0.889201819896698,28.916088104248047
2957,occlusion,low,0.04448191821575165,0.6595497131347656,22.989484786987305
2958,clean,none,0.025583138689398766,0.8819407224655151,28.568143844604492
2959,salt_pepper,low,0.01772143878042698,0.9348858594894409,31.287277221679688
2960,salt_pepper,high,0.0586768314242363,0.7131604552268982,21.37010383605957
2961,blur,low,0.012565180659294128,0.9510601758956909,34.45006561279297
2962,blur,low,0.02424839697778225,0.8679773211479187,28.894855499267578
2963,salt_pepper,medium,0.020364910364151,0.9106870889663696,30.70319938659668
2964,clean,none,0.03680393844842911,0.7899979948997498,25.673351287841797
2965,occlusion,high,0.07401005923748016,0.6754049062728882,17.36823272705078
2966,clean,none,0.02367503009736538,0.8993915319442749,28.036773681640625
2967,clean,none,0.03702705726027489,0.773298442363739,25.250967025756836
2968,salt_pepper,medium,0.023754356428980827,0.9040781855583191,28.272689819335938
2969,occlusion,medium,0.03647015616297722,0.8575257658958435,23.664932250976562
2970,occlusion,high,0.05947629734873772,0.686659038066864,18.948867797851562
2971,clean,none,0.03754960745573044,0.6982716917991638,25.91518211364746
2972,blur,high,0.03535307198762894,0.6633211374282837,26.138023376464844
2973,salt_pepper,high,0.01908237300813198,0.895746111869812,30.711610794067383
2974,clean,none,0.0304475836455822,0.8655928373336792,27.22588539123535
2975,clean,none,0.024341877549886703,0.863975465297699,28.526193618774414
2976,salt_pepper,high,0.02291227877140045,0.859611451625824,29.13865089416504
2977,occlusion,high,0.06460563838481903,0.7246189117431641,18.392038345336914
2978,salt_pepper,medium,0.03910651057958603,0.6674275398254395,25.456615447998047
2979,clean,none,0.01447931956499815,0.9299329519271851,33.81306457519531
2980,blur,low,0.01775149628520012,0.9233846068382263,30.61867904663086
2981,clean,none,0.01840914599597454,0.8561055064201355,31.676841735839844
2982,blur,high,0.028181206434965134,0.8449194431304932,26.867633819580078
2983,occlusion,medium,0.046573322266340256,0.7491211891174316,19.39967155456543
2984,occlusion,high,0.08015666902065277,0.41470834612846375,19.217187881469727
2985,salt_pepper,low,0.04354346543550491,0.7925827503204346,23.502586364746094
2986,blur,low,0.03299974650144577,0.8082625865936279,26.517057418823242
2987,occlusion,low,0.02898654341697693,0.842822790145874,27.312183380126953
2988,salt_pepper,high,0.032429978251457214,0.851836621761322,26.482450485229492
2989,occlusion,high,0.059880852699279785,0.6869189143180847,19.672443389892578
2990,occlusion,high,0.09726870059967041,0.568483293056488,14.840730667114258
2991,blur,low,0.041421107947826385,0.6940902471542358,25.106172561645508
2992,occlusion,high,0.06649278104305267,0.5501526594161987,20.611469268798828
2993,salt_pepper,high,0.021085165441036224,0.9134408831596375,29.095073699951172
2994,clean,none,0.03945204243063927,0.7316119074821472,25.437334060668945
2995,salt_pepper,low,0.036913879215717316,0.7834760546684265,24.800800323486328
2996,salt_pepper,high,0.03754737600684166,0.742802619934082,25.554677963256836
2997,blur,low,0.03769126534461975,0.7563488483428955,25.093555450439453
2998,blur,medium,0.038505204021930695,0.8563137054443359,25.0145263671875
2999,salt_pepper,high,0.039292655885219574,0.7184276580810547,24.802810668945312
3000,clean,none,0.040744129568338394,0.6927846670150757,25.389596939086914
3001,clean,none,0.03224773705005646,0.7418889403343201,26.391103744506836
3002,occlusion,high,0.05053755268454552,0.6778272986412048,21.697843551635742
3003,clean,none,0.04021067172288895,0.8348755240440369,24.58361053466797
3004,blur,low,0.06258928030729294,0.6682700514793396,20.948440551757812
3005,clean,none,0.020911183208227158,0.8745054006576538,29.198617935180664
3006,occlusion,high,0.051553450524806976,0.708145260810852,20.826335906982422
3007,clean,none,0.0413769967854023,0.8316365480422974,24.377124786376953
3008,salt_pepper,high,0.04442258179187775,0.7940990328788757,23.32593536376953
3009,salt_pepper,medium,0.02841119095683098,0.8637109994888306,26.808547973632812
3010,occlusion,medium,0.07128842920064926,0.5855869650840759,19.605466842651367
3011,clean,none,0.030943941324949265,0.8358862400054932,26.66632652282715
3012,clean,none,0.05474355071783066,0.7547070384025574,21.93509864807129
3013,occlusion,low,0.02814996801316738,0.8765767812728882,26.489479064941406
3014,salt_pepper,low,0.02970839850604534,0.8507028818130493,27.21006202697754
3015,salt_pepper,low,0.05180478096008301,0.7494785189628601,22.664852142333984
3016,salt_pepper,high,0.04637327790260315,0.7126915454864502,23.65557861328125
3017,salt_pepper,low,0.056068580597639084,0.7690156698226929,21.817224502563477
3018,blur,medium,0.040509387850761414,0.812179684638977,23.945789337158203
3019,salt_pepper,low,0.04237250238656998,0.7833312749862671,23.91353416442871
3020,salt_pepper,high,0.04310127720236778,0.7543262243270874,23.77313804626465
3021,clean,none,0.05518275499343872,0.7484737634658813,22.09394073486328
3022,blur,high,0.06467850506305695,0.5962507724761963,21.078197479248047
3023,clean,none,0.056996047496795654,0.6921625137329102,22.150068283081055
3024,occlusion,medium,0.0389397032558918,0.7441512942314148,23.798234939575195
3025,occlusion,high,0.08098822832107544,0.4372466504573822,18.946786880493164
3026,occlusion,medium,0.02594725601375103,0.8276002407073975,27.323760986328125
3027,occlusion,high,0.06994336098432541,0.5617728233337402,19.547653198242188
3028,clean,none,0.03968361020088196,0.7742451429367065,24.84209442138672
3029,clean,none,0.02312570810317993,0.8779923319816589,29.004533767700195
3030,salt_pepper,low,0.07297850400209427,0.644443690776825,19.640663146972656
3031,salt_pepper,medium,0.0564362108707428,0.6453472971916199,22.25766372680664
3032,salt_pepper,low,0.052711814641952515,0.7091058492660522,22.69952964782715
3033,occlusion,low,0.06060235947370529,0.7142416834831238,20.48828887939453
3034,blur,low,0.05358735844492912,0.7008463740348816,22.904296875
3035,salt_pepper,low,0.03338291868567467,0.8096059560775757,26.584476470947266
3036,clean,none,0.05516872555017471,0.624401867389679,22.679058074951172
3037,salt_pepper,high,0.027333304286003113,0.8858427405357361,27.828109741210938
3038,salt_pepper,medium,0.0651993602514267,0.7262676954269409,20.35759735107422
3039,salt_pepper,high,0.031548019498586655,0.8551349639892578,25.3604793548584
3040,occlusion,low,0.040949881076812744,0.777422308921814,22.711406707763672
3041,blur,low,0.021607501432299614,0.899878740310669,28.73299789428711
3042,salt_pepper,medium,0.03019222430884838,0.8797625303268433,26.927417755126953
3043,clean,none,0.04659451171755791,0.7549082636833191,23.537708282470703
3044,clean,none,0.03778254613280296,0.8468372225761414,24.498065948486328
3045,clean,none,0.03502357751131058,0.8725945353507996,26.158788681030273
3046,salt_pepper,low,0.056585442274808884,0.7444800734519958,21.744691848754883
3047,clean,none,0.02529626339673996,0.873111367225647,28.034761428833008
3048,blur,medium,0.02872990444302559,0.8771785497665405,26.746822357177734
3049,blur,medium,0.057085953652858734,0.6195578575134277,22.363149642944336
3050,occlusion,medium,0.06634754687547684,0.6568968296051025,20.0382022857666
3051,occlusion,high,0.07178075611591339,0.611912727355957,18.868022918701172
3052,occlusion,low,0.05017552897334099,0.7652943134307861,21.43331527709961
3053,blur,low,0.035206299275159836,0.8050869703292847,25.432315826416016
3054,clean,none,0.030975092202425003,0.7993978261947632,26.74005699157715
3055,salt_pepper,low,0.03674548119306564,0.8476592898368835,24.612035751342773
3056,salt_pepper,high,0.04207204282283783,0.7552036643028259,24.358823776245117
3057,blur,high,0.03462209552526474,0.8142768144607544,26.17847442626953
3058,salt_pepper,high,0.09693661332130432,0.581902265548706,17.733304977416992
3059,occlusion,low,0.029039204120635986,0.8414287567138672,24.497243881225586
3060,clean,none,0.028468182310461998,0.7508141994476318,28.282596588134766
3061,clean,none,0.03387654572725296,0.8644641637802124,25.386503219604492
3062,occlusion,low,0.04160156473517418,0.7757312655448914,22.656539916992188
3063,clean,none,0.050333112478256226,0.7554792165756226,22.654136657714844
3064,occlusion,medium,0.03784150630235672,0.8077790141105652,24.16231346130371
3065,clean,none,0.02629975974559784,0.8942782878875732,27.110210418701172
3066,clean,none,0.030832355841994286,0.8182276487350464,27.088462829589844
3067,blur,high,0.03658462315797806,0.744383692741394,25.596168518066406
3068,clean,none,0.058838456869125366,0.648026704788208,21.508861541748047
3069,occlusion,high,0.058509211987257004,0.7271490097045898,18.42125701904297
3070,occlusion,high,0.06854944676160812,0.5708683729171753,18.834871292114258
3071,blur,low,0.046223293989896774,0.6512205004692078,24.119871139526367
3072,occlusion,medium,0.058976493775844574,0.7158781290054321,20.475675582885742
3073,occlusion,low,0.03510063886642456,0.817833662033081,25.081432342529297
3074,occlusion,low,0.024830838665366173,0.8412708640098572,28.341087341308594
3075,salt_pepper,medium,0.03920618072152138,0.7506656050682068,25.392383575439453
3076,occlusion,high,0.06103726848959923,0.6040670275688171,20.07440948486328
3077,occlusion,low,0.05638829991221428,0.5847918391227722,21.68982696533203
3078,occlusion,low,0.03371375799179077,0.7524980902671814,24.756591796875
3079,occlusion,medium,0.03468046337366104,0.819097638130188,22.70669937133789
3080,occlusion,high,0.08033674210309982,0.49342450499534607,17.7681941986084
3081,blur,medium,0.03199990093708038,0.7801141738891602,26.82931900024414
3082,clean,none,0.04917345568537712,0.6770840883255005,23.865373611450195
3083,salt_pepper,low,0.03679277002811432,0.8134186267852783,25.491544723510742
3084,occlusion,low,0.05612387880682945,0.7917145490646362,20.647438049316406
3085,clean,none,0.04546620696783066,0.6730534434318542,23.876270294189453
3086,blur,high,0.03705181926488876,0.6360971927642822,25.215423583984375
3087,blur,medium,0.04900185391306877,0.7066594958305359,23.065805435180664
3088,clean,none,0.034529536962509155,0.798175036907196,26.050010681152344
3089,blur,low,0.018470965325832367,0.9085522890090942,30.78253746032715
3090,blur,high,0.02206788957118988,0.8743987083435059,29.55455780029297
3091,clean,none,0.03846241161227226,0.8767759203910828,23.608306884765625
3092,blur,medium,0.02510525844991207,0.8560599088668823,28.481212615966797
3093,occlusion,low,0.05616619437932968,0.702506422996521,22.254417419433594
3094,blur,low,0.03725213184952736,0.8231741189956665,24.44330406188965
3095,blur,medium,0.036714207381010056,0.8041702508926392,24.66020965576172
3096,occlusion,high,0.1077122688293457,0.5926257967948914,14.402704238891602
3097,blur,medium,0.02874871715903282,0.8445051908493042,27.631855010986328
3098,clean,none,0.040079228579998016,0.7160888910293579,25.287044525146484
3099,occlusion,medium,0.04192414507269859,0.802508533000946,21.380828857421875
3100,clean,none,0.025913862511515617,0.7709110975265503,26.878549575805664
3101,occlusion,high,0.06872063875198364,0.5034204721450806,19.61831283569336
3102,clean,none,0.02761375904083252,0.8815767168998718,27.647506713867188
3103,clean,none,0.029892509803175926,0.9068326354026794,26.51686668395996
3104,salt_pepper,low,0.016761889681220055,0.9274603724479675,31.662425994873047
3105,salt_pepper,high,0.02458486706018448,0.9042012691497803,28.488969802856445
3106,occlusion,medium,0.04781793802976608,0.7414687871932983,19.254331588745117
3107,salt_pepper,high,0.02699941396713257,0.8904657363891602,27.521984100341797
3108,blur,medium,0.041806381195783615,0.6860525012016296,24.581296920776367
3109,salt_pepper,medium,0.02943195216357708,0.8501205444335938,27.855201721191406
3110,blur,medium,0.030859634280204773,0.8062642812728882,27.239206314086914
3111,occlusion,high,0.03753999248147011,0.7370532751083374,22.96973991394043
3112,clean,none,0.017004188150167465,0.9028604030609131,31.9423770904541
3113,clean,none,0.024382129311561584,0.8942948579788208,28.710174560546875
3114,clean,none,0.03172675147652626,0.8325802683830261,26.36750030517578
3115,blur,low,0.03436388075351715,0.8281054496765137,26.395864486694336
3116,blur,low,0.030745189636945724,0.8890096545219421,26.46803092956543
3117,blur,high,0.02713632583618164,0.8330521583557129,27.255189895629883
3118,salt_pepper,high,0.062141235917806625,0.6468126773834229,21.741254806518555
3119,salt_pepper,high,0.036211125552654266,0.6539892554283142,25.762935638427734
3120,clean,none,0.020320674404501915,0.8983882665634155,30.228282928466797
3121,blur,high,0.029164277017116547,0.8588554263114929,26.003196716308594
3122,blur,high,0.05506756901741028,0.6489380598068237,22.25896644592285
3123,blur,medium,0.04451510310173035,0.8084683418273926,24.186208724975586
3124,occlusion,high,0.031410738825798035,0.825014054775238,23.899044036865234
3125,salt_pepper,high,0.023477492853999138,0.8777033090591431,28.68467140197754
3126,occlusion,low,0.03150032460689545,0.745684027671814,25.608137130737305
3127,blur,medium,0.04284007102251053,0.6584315299987793,25.083026885986328
3128,clean,none,0.042080145329236984,0.8479118347167969,24.340518951416016
3129,clean,none,0.03650541603565216,0.7604280710220337,26.209810256958008
3130,occlusion,low,0.03759543597698212,0.7326199412345886,25.269607543945312
3131,occlusion,low,0.04692753404378891,0.7093672752380371,22.797054290771484
3132,occlusion,low,0.02827642858028412,0.8226613998413086,25.56863021850586
3133,salt_pepper,medium,0.04224712774157524,0.832671582698822,23.81533432006836
3134,salt_pepper,medium,0.045032620429992676,0.7881399989128113,24.071453094482422
3135,blur,high,0.027103248983621597,0.8281713724136353,27.38925552368164
3136,blur,medium,0.04168100282549858,0.8168717622756958,23.740211486816406
3137,clean,none,0.03572603315114975,0.8049020767211914,24.22671890258789
3138,blur,medium,0.04892417788505554,0.6510776281356812,22.818416595458984
3139,salt_pepper,low,0.03631535544991493,0.871734619140625,25.183185577392578
3140,occlusion,medium,0.045721929520368576,0.8109476566314697,20.88372802734375
3141,salt_pepper,medium,0.05028866231441498,0.7133964896202087,22.487638473510742
3142,clean,none,0.037411559373140335,0.8688721656799316,24.76478385925293
3143,salt_pepper,low,0.0375523678958416,0.7391356229782104,25.597551345825195
3144,clean,none,0.0375223271548748,0.8471145033836365,25.330406188964844
3145,blur,low,0.05232500284910202,0.6588395833969116,22.744531631469727
3146,blur,low,0.051469773054122925,0.7529624700546265,22.39580535888672
3147,blur,medium,0.021978771314024925,0.9045252799987793,29.885351181030273
3148,salt_pepper,high,0.03247392177581787,0.884135365486145,26.921443939208984
3149,salt_pepper,high,0.027600575238466263,0.8598353266716003,27.688865661621094
3150,blur,low,0.056018464267253876,0.5641438364982605,22.710811614990234
3151,occlusion,high,0.059498708695173264,0.6955350637435913,19.552921295166016
3152,clean,none,0.036532215774059296,0.8414713740348816,24.248640060424805
3153,clean,none,0.021464943885803223,0.8589608073234558,30.231531143188477
3154,salt_pepper,medium,0.03330712392926216,0.8497565984725952,25.966461181640625
3155,salt_pepper,high,0.03966110199689865,0.8212131261825562,24.84688949584961
3156,salt_pepper,medium,0.028086423873901367,0.8960562944412231,26.881189346313477
3157,clean,none,0.022546138614416122,0.9199804663658142,29.642959594726562
3158,salt_pepper,high,0.05056236311793327,0.703155517578125,23.179187774658203
3159,blur,high,0.04271622747182846,0.6980291604995728,24.31999969482422
3160,salt_pepper,medium,0.029312103986740112,0.803200900554657,28.091583251953125
3161,blur,medium,0.02156987413764,0.8903260231018066,30.23815155029297
3162,salt_pepper,high,0.03803258389234543,0.7138170599937439,24.690872192382812
3163,occlusion,medium,0.05851981043815613,0.5807183980941772,21.04884910583496
3164,clean,none,0.055424854159355164,0.8033942580223083,21.546993255615234
3165,blur,low,0.02064972184598446,0.904013991355896,30.441749572753906
3166,clean,none,0.027115067467093468,0.8947269916534424,27.156322479248047
3167,occlusion,high,0.05541452020406723,0.7079619765281677,19.952970504760742
3168,blur,medium,0.052946776151657104,0.7780164480209351,22.70928955078125
3169,blur,low,0.023871853947639465,0.8999478220939636,28.865154266357422
3170,occlusion,high,0.057273708283901215,0.6773297786712646,18.209245681762695
3171,salt_pepper,high,0.04443267732858658,0.8046499490737915,24.041080474853516
3172,salt_pepper,medium,0.02438489720225334,0.7859660983085632,28.608657836914062
3173,clean,none,0.023763662204146385,0.9285106658935547,28.13736343383789
3174,clean,none,0.05976613983511925,0.7042229175567627,20.494667053222656
3175,salt_pepper,low,0.03587432950735092,0.7969781756401062,24.523218154907227
3176,occlusion,medium,0.0272065382450819,0.9044175148010254,25.717153549194336
3177,clean,none,0.03436072915792465,0.8246251344680786,25.36764144897461
3178,occlusion,medium,0.042626433074474335,0.6036816835403442,23.548810958862305
3179,salt_pepper,low,0.02519955299794674,0.8559781908988953,27.578432083129883
3180,clean,none,0.02619498036801815,0.8582789301872253,28.694061279296875
3181,clean,none,0.029436469078063965,0.8918031454086304,26.545547485351562
3182,blur,low,0.019763123244047165,0.9185241460800171,30.58088493347168
3183,clean,none,0.016376124694943428,0.9298223853111267,32.186954498291016
3184,blur,high,0.03330173343420029,0.8154816627502441,25.06128692626953
3185,clean,none,0.03993827849626541,0.8099921941757202,24.675790786743164
3186,clean,none,0.018758617341518402,0.9251298904418945,29.76190948486328
3187,occlusion,low,0.040703143924474716,0.6404143571853638,24.795133590698242
3188,salt_pepper,medium,0.029446419328451157,0.9040294885635376,26.42096710205078
3189,blur,low,0.016970178112387657,0.9073936939239502,32.47022247314453
3190,occlusion,high,0.03295937925577164,0.7987772822380066,24.97279930114746
3191,clean,none,0.029028665274381638,0.8560392260551453,27.688371658325195
3192,occlusion,medium,0.04218930006027222,0.8050231337547302,22.055103302001953
3193,clean,none,0.029192885383963585,0.8711130023002625,27.15886688232422
3194,occlusion,high,0.042248643934726715,0.7382464408874512,22.329742431640625
3195,blur,medium,0.038934361189603806,0.80951988697052,23.83659553527832
3196,occlusion,medium,0.05340060591697693,0.6829280257225037,22.126941680908203
3197,blur,high,0.05384011194109917,0.7884289622306824,21.711950302124023
3198,occlusion,low,0.03482573479413986,0.8604170680046082,23.01598358154297
3199,salt_pepper,high,0.02116283029317856,0.8795247077941895,30.606029510498047
3200,occlusion,high,0.0687350258231163,0.6559567451477051,18.139286041259766
3201,salt_pepper,low,0.017787983641028404,0.9149969816207886,31.09503936767578
3202,salt_pepper,medium,0.028655117377638817,0.8547735214233398,27.74709701538086
3203,clean,none,0.01866760104894638,0.9420725107192993,30.911741256713867
3204,blur,low,0.024336013942956924,0.8908094763755798,28.10148048400879
3205,occlusion,medium,0.03240721672773361,0.8400973081588745,26.09878158569336
3206,clean,none,0.025194626301527023,0.9143581390380859,28.979461669921875
3207,blur,high,0.03801776468753815,0.7301358580589294,24.251605987548828
3208,salt_pepper,high,0.02173480950295925,0.8998197317123413,29.79859161376953
3209,occlusion,medium,0.06042078137397766,0.7684769630432129,17.8239803314209
3210,occlusion,low,0.023962756618857384,0.8905172348022461,27.096004486083984
3211,occlusion,high,0.06580035388469696,0.7225667834281921,17.63747787475586
3212,salt_pepper,medium,0.042702339589595795,0.8687931299209595,24.367143630981445
3213,occlusion,medium,0.04590049386024475,0.7438324689865112,23.006980895996094
3214,salt_pepper,high,0.03942304477095604,0.8125066161155701,24.29624366760254
3215,occlusion,medium,0.06170996278524399,0.7891397476196289,20.276721954345703
3216,clean,none,0.03289051353931427,0.9028028249740601,26.92781639099121
3217,salt_pepper,high,0.034414682537317276,0.8279792070388794,25.984363555908203
3218,clean,none,0.03721591830253601,0.7246710658073425,25.887853622436523
3219,occlusion,high,0.06745053827762604,0.6076430082321167,18.835994720458984
3220,blur,low,0.022736426442861557,0.902105450630188,29.390918731689453
3221,blur,high,0.022386696189641953,0.893448531627655,29.027694702148438
3222,occlusion,high,0.04326241463422775,0.7450611591339111,22.804351806640625
3223,clean,none,0.02671629749238491,0.8802671432495117,27.68132781982422
3224,salt_pepper,high,0.01808188110589981,0.9243532419204712,32.072757720947266
3225,clean,none,0.020873669534921646,0.9145598411560059,29.130817413330078
3226,occlusion,high,0.06062520295381546,0.6341900825500488,19.093544006347656
3227,clean,none,0.027137896046042442,0.8904277682304382,28.39646339416504
3228,clean,none,0.032376401126384735,0.8405197858810425,26.61788558959961
3229,occlusion,low,0.03285589814186096,0.8036333322525024,24.505674362182617
3230,salt_pepper,medium,0.024022728204727173,0.8636786937713623,29.49397087097168
3231,salt_pepper,medium,0.01578175649046898,0.9295028448104858,32.776275634765625
3232,occlusion,high,0.05327874422073364,0.7111291885375977,21.314159393310547
3233,occlusion,low,0.0535232275724411,0.7564160823822021,20.772071838378906
3234,occlusion,low,0.07266375422477722,0.6671719551086426,19.02265739440918
3235,occlusion,medium,0.053011029958724976,0.7093029022216797,21.488082885742188
3236,occlusion,medium,0.06605304777622223,0.5253492593765259,21.132356643676758
3237,clean,none,0.025568097829818726,0.9004533290863037,27.698684692382812
3238,salt_pepper,high,0.03392566740512848,0.8384832143783569,25.395923614501953
3239,salt_pepper,high,0.02550002560019493,0.9113926887512207,27.01921272277832
3240,salt_pepper,medium,0.053659625351428986,0.7831305861473083,22.528514862060547
3241,occlusion,high,0.07665112614631653,0.6636759042739868,16.908689498901367
3242,clean,none,0.032626014202833176,0.7808531522750854,26.944725036621094
3243,salt_pepper,high,0.042612474411726,0.7752122282981873,24.25153923034668
3244,blur,low,0.024456623941659927,0.8856901526451111,29.682018280029297
3245,clean,none,0.037612639367580414,0.8275793790817261,24.858285903930664
3246,clean,none,0.03367564454674721,0.8896939158439636,26.199817657470703
3247,salt_pepper,medium,0.02541022002696991,0.883834958076477,28.27353286743164
3248,clean,none,0.02372981421649456,0.8951667547225952,27.883644104003906
3249,occlusion,high,0.08646609634160995,0.6309453248977661,15.779610633850098
3250,salt_pepper,high,0.038903091102838516,0.8093124628067017,25.231218338012695
3251,salt_pepper,high,0.029796024784445763,0.8727468252182007,26.9879150390625
3252,salt_pepper,medium,0.02545655518770218,0.9084140658378601,28.265975952148438
3253,occlusion,low,0.05657210201025009,0.592613935470581,22.394075393676758
3254,clean,none,0.02741393819451332,0.8571064472198486,27.069561004638672
3255,blur,low,0.03729155287146568,0.7816287875175476,25.780933380126953
3256,salt_pepper,medium,0.05767145752906799,0.7392188906669617,21.173465728759766
3257,blur,low,0.022923966869711876,0.9110730886459351,29.5699462890625
3258,clean,none,0.06043365225195885,0.7061238288879395,21.635751724243164
3259,salt_pepper,low,0.026467766612768173,0.8870209455490112,27.112428665161133
3260,occlusion,high,0.05753735825419426,0.7369071245193481,19.78044891357422
3261,salt_pepper,low,0.028992459177970886,0.8371958136558533,27.84088134765625
3262,blur,low,0.048905517905950546,0.8035783767700195,23.69641876220703
3263,salt_pepper,medium,0.02017264999449253,0.9058288335800171,30.421642303466797
3264,salt_pepper,high,0.03425972908735275,0.8527976274490356,26.473291397094727
3265,clean,none,0.029219379648566246,0.8654426336288452,27.435894012451172
3266,clean,none,0.031976550817489624,0.8287805318832397,26.737003326416016
3267,blur,medium,0.031076913699507713,0.8180344104766846,26.415008544921875
3268,blur,medium,0.02473301813006401,0.8878073692321777,28.37092399597168
3269,clean,none,0.022580906748771667,0.9195758700370789,29.406604766845703
3270,clean,none,0.03086182102560997,0.867754340171814,26.484272003173828
3271,occlusion,high,0.07055741548538208,0.6403985023498535,17.60592269897461
3272,blur,high,0.06355827301740646,0.5841757655143738,21.581863403320312
3273,blur,low,0.028712090104818344,0.8664498329162598,27.671052932739258
3274,occlusion,high,0.07652615010738373,0.7836216688156128,18.13195037841797
3275,blur,low,0.024817626923322678,0.7718135714530945,29.23062515258789
3276,occlusion,medium,0.05189138650894165,0.7830657362937927,20.914934158325195
3277,salt_pepper,medium,0.04154622554779053,0.8053364753723145,24.1618709564209
3278,blur,medium,0.018401432782411575,0.9136828184127808,31.041553497314453
3279,blur,medium,0.029476171359419823,0.8585418462753296,27.432411193847656
3280,salt_pepper,medium,0.03508695587515831,0.819236159324646,24.977294921875
3281,blur,low,0.028292428702116013,0.8626624941825867,27.44891357421875
3282,clean,none,0.020940590649843216,0.9220126867294312,30.025299072265625
3283,blur,medium,0.023047924041748047,0.9250286817550659,27.777080535888672
3284,salt_pepper,high,0.02565109357237816,0.8372780084609985,28.73975372314453
3285,clean,none,0.022414205595850945,0.895589292049408,29.091632843017578
3286,clean,none,0.02287946455180645,0.8800040483474731,29.57330894470215
3287,occlusion,high,0.0892016589641571,0.5206108689308167,18.11464500427246
3288,blur,low,0.032407160848379135,0.811452329158783,27.15601348876953
3289,occlusion,low,0.02789873257279396,0.8777035474777222,26.15077781677246
3290,salt_pepper,medium,0.03176085650920868,0.8260769248008728,26.979286193847656
3291,occlusion,medium,0.03526948392391205,0.8217117190361023,25.6114501953125
3292,occlusion,medium,0.05475834757089615,0.7231075763702393,20.36698341369629
3293,clean,none,0.02878730557858944,0.863550066947937,26.509052276611328
3294,salt_pepper,medium,0.03975194692611694,0.8464941382408142,24.916135787963867
3295,clean,none,0.027425339445471764,0.8864692449569702,26.47281265258789
3296,salt_pepper,low,0.029491852968931198,0.8433012366294861,26.81818962097168
3297,occlusion,high,0.0726371705532074,0.6582783460617065,19.455673217773438
3298,clean,none,0.019042685627937317,0.902103066444397,31.045150756835938
3299,salt_pepper,high,0.021964743733406067,0.8258695006370544,27.97003173828125
3300,salt_pepper,medium,0.048828475177288055,0.7639631032943726,22.984569549560547
3301,blur,high,0.04330656677484512,0.7677574157714844,24.100217819213867
3302,occlusion,high,0.049542903900146484,0.6149247884750366,22.40225601196289
3303,blur,high,0.03767633065581322,0.7563032507896423,25.040973663330078
3304,occlusion,medium,0.03478582575917244,0.7476539015769958,24.35951042175293
3305,salt_pepper,high,0.035555385053157806,0.8161329030990601,23.96213150024414
3306,occlusion,high,0.08529996871948242,0.590493381023407,16.378650665283203
3307,salt_pepper,low,0.026991402730345726,0.8529064059257507,27.530677795410156
3308,occlusion,medium,0.04867184907197952,0.7657849192619324,21.0706787109375
3309,blur,medium,0.031932175159454346,0.8463758826255798,27.031118392944336
3310,clean,none,0.023943454027175903,0.8995970487594604,28.70193862915039
3311,salt_pepper,high,0.03534093126654625,0.7771217226982117,25.114280700683594
3312,blur,low,0.039995111525058746,0.7962822914123535,24.84381866455078
3313,clean,none,0.02195698581635952,0.8723312616348267,30.621807098388672
3314,clean,none,0.023908784613013268,0.9087651968002319,28.487703323364258
3315,clean,none,0.03200256824493408,0.8753454685211182,26.71635627746582
3316,blur,high,0.03938460350036621,0.8438303470611572,24.86954689025879
3317,salt_pepper,low,0.03363597020506859,0.8190892934799194,25.244962692260742
3318,occlusion,medium,0.040132075548172,0.8222519755363464,23.48253059387207
3319,clean,none,0.030624113976955414,0.8931898474693298,26.344341278076172
3320,clean,none,0.03259384632110596,0.85325688123703,26.087514877319336
3321,salt_pepper,medium,0.02514243684709072,0.8609916567802429,28.05748748779297
3322,blur,medium,0.019732866436243057,0.921237587928772,29.90484619140625
3323,occlusion,high,0.0703371986746788,0.6604517698287964,18.602725982666016
3324,salt_pepper,low,0.018362723290920258,0.9354228973388672,29.255916595458984
3325,salt_pepper,medium,0.02016131579875946,0.9055465459823608,30.747486114501953
3326,salt_pepper,high,0.030386295169591904,0.8658835291862488,27.21944808959961
3327,clean,none,0.023967575281858444,0.8642076849937439,27.442886352539062
3328,blur,low,0.04116411134600639,0.8804368376731873,23.17307472229004
3329,salt_pepper,low,0.03250260278582573,0.8521604537963867,26.55837059020996
3330,blur,high,0.037888720631599426,0.7636452913284302,25.231914520263672
3331,blur,high,0.020733673125505447,0.8606736063957214,29.963470458984375
3332,salt_pepper,medium,0.02112540975213051,0.9020233154296875,29.602811813354492
3333,salt_pepper,medium,0.03005915880203247,0.8514728546142578,26.23178482055664
3334,clean,none,0.020872417837381363,0.8290066719055176,29.200620651245117
3335,occlusion,low,0.05094914138317108,0.7912924289703369,20.831890106201172
3336,clean,none,0.04405030608177185,0.8574156165122986,22.733278274536133
3337,clean,none,0.03739525377750397,0.8541209101676941,24.831073760986328
3338,clean,none,0.037527814507484436,0.8573225736618042,25.27710723876953
3339,occlusion,high,0.056359417736530304,0.7376200556755066,20.490934371948242
3340,salt_pepper,low,0.027883976697921753,0.8999897241592407,27.526399612426758
3341,occlusion,low,0.03162967413663864,0.8576382398605347,25.36684226989746
3342,clean,none,0.03178955614566803,0.8515896201133728,26.09837532043457
3343,occlusion,medium,0.05513070151209831,0.7734798192977905,16.930919647216797
3344,salt_pepper,medium,0.043993256986141205,0.7774543166160583,22.579004287719727
3345,occlusion,medium,0.042798154056072235,0.7878610491752625,21.337804794311523
3346,clean,none,0.03375993296504021,0.881283164024353,25.28343391418457
3347,clean,none,0.027104875072836876,0.8904308676719666,28.609960556030273
3348,salt_pepper,low,0.04373382776975632,0.7842727899551392,22.46879768371582
3349,salt_pepper,high,0.030954187735915184,0.8870351314544678,24.672090530395508
3350,occlusion,medium,0.0374542698264122,0.8054633140563965,24.71975326538086
3351,blur,high,0.03848034888505936,0.8110166788101196,24.766437530517578
3352,clean,none,0.019138414412736893,0.9021317362785339,30.72714614868164
3353,salt_pepper,high,0.026199517771601677,0.8694247603416443,27.022796630859375
3354,clean,none,0.0202046986669302,0.8447813987731934,29.25957679748535
3355,blur,high,0.028141548857092857,0.8541131019592285,26.966325759887695
3356,salt_pepper,high,0.02413473092019558,0.8928553462028503,28.358551025390625
3357,salt_pepper,high,0.04269329831004143,0.8249053955078125,23.95346450805664
3358,salt_pepper,medium,0.026554828509688377,0.8470150232315063,26.548267364501953
3359,salt_pepper,medium,0.02504018507897854,0.8247642517089844,27.140920639038086
3360,occlusion,high,0.03683709353208542,0.7871599197387695,23.18014144897461
3361,clean,none,0.030523329973220825,0.8742804527282715,26.465883255004883
3362,blur,low,0.025396905839443207,0.8622400164604187,28.702011108398438
3363,salt_pepper,high,0.027474012225866318,0.8626782298088074,27.152956008911133
3364,salt_pepper,medium,0.04075393080711365,0.869389533996582,22.88766860961914
3365,salt_pepper,low,0.030456066131591797,0.8737291693687439,26.448348999023438
3366,clean,none,0.042432770133018494,0.8619703650474548,23.601871490478516
3367,clean,none,0.02468039095401764,0.8881745338439941,27.79016876220703
3368,blur,high,0.028444036841392517,0.7755741477012634,27.118144989013672
3369,occlusion,high,0.060694023966789246,0.6161386966705322,19.65545654296875
3370,salt_pepper,high,0.06965811550617218,0.7241434454917908,20.020183563232422
3371,salt_pepper,low,0.01930827647447586,0.9285697340965271,29.9314022064209
3372,clean,none,0.05912455916404724,0.7200385928153992,21.80120849609375
3373,blur,high,0.07107392698526382,0.6263542771339417,20.197961807250977
3374,salt_pepper,low,0.023035947233438492,0.8529492616653442,28.059207916259766
3375,blur,high,0.03102971613407135,0.7426033020019531,26.93077278137207
3376,clean,none,0.05068996548652649,0.7174714803695679,22.763744354248047
3377,blur,medium,0.0242219939827919,0.8907424807548523,28.49095916748047
3378,blur,medium,0.013687288388609886,0.9555245637893677,31.948139190673828
3379,clean,none,0.0347474068403244,0.7506060600280762,25.46112823486328
3380,salt_pepper,low,0.025430094450712204,0.8789240121841431,28.89568328857422
3381,clean,none,0.053455524146556854,0.7883371114730835,20.729991912841797
3382,clean,none,0.03144891560077667,0.8159794807434082,26.535017013549805
3383,clean,none,0.028216978535056114,0.8653018474578857,26.992109298706055
3384,occlusion,medium,0.062023621052503586,0.6133724451065063,20.784770965576172
3385,occlusion,high,0.08886677026748657,0.46856436133384705,16.62204360961914
3386,salt_pepper,high,0.045868538320064545,0.724871039390564,23.764644622802734
3387,clean,none,0.025397775694727898,0.8548654913902283,28.0762939453125
3388,occlusion,medium,0.06720025837421417,0.7025338411331177,18.732208251953125
3389,occlusion,low,0.0689358338713646,0.6247729659080505,19.724590301513672
3390,salt_pepper,low,0.04387619346380234,0.6631630659103394,24.68206214904785
3391,blur,medium,0.03654107451438904,0.7763583064079285,24.871652603149414
3392,blur,high,0.06378170847892761,0.4846499562263489,21.522245407104492
3393,clean,none,0.0460161492228508,0.7308821678161621,23.918981552124023
3394,blur,high,0.02817884087562561,0.8355288505554199,27.42454719543457
3395,salt_pepper,high,0.02865491807460785,0.8629001975059509,26.902671813964844
3396,blur,low,0.03154808282852173,0.7533502578735352,26.642269134521484
3397,occlusion,medium,0.07122993469238281,0.548287570476532,19.76937484741211
3398,blur,medium,0.04494520649313927,0.822483479976654,23.27417755126953
3399,salt_pepper,low,0.04610900208353996,0.824833869934082,22.848508834838867
3400,blur,low,0.052850864827632904,0.7650322914123535,22.413562774658203
3401,clean,none,0.043017636984586716,0.8161296844482422,24.276020050048828
3402,clean,none,0.04039641097187996,0.833699643611908,24.76740837097168
3403,salt_pepper,high,0.029348332434892654,0.802729606628418,27.353248596191406
3404,clean,none,0.029096394777297974,0.9000567197799683,25.430490493774414
3405,occlusion,low,0.06281989067792892,0.6472236514091492,20.482654571533203
3406,blur,low,0.02140970155596733,0.9182000160217285,29.605913162231445
3407,occlusion,high,0.06390467286109924,0.6937417387962341,18.452417373657227
3408,salt_pepper,low,0.04212523624300957,0.789596676826477,24.610034942626953
3409,blur,high,0.030455172061920166,0.783089816570282,26.768857955932617
3410,blur,medium,0.04309926927089691,0.823265790939331,23.755821228027344
3411,clean,none,0.05263497680425644,0.6206953525543213,23.057125091552734
3412,salt_pepper,low,0.025767777115106583,0.9043168425559998,25.33794403076172
3413,blur,medium,0.04551605507731438,0.8118575811386108,22.84693145751953
3414,occlusion,medium,0.0682632103562355,0.5171558856964111,20.39047622680664
3415,clean,none,0.019657043740153313,0.9157404899597168,29.40583038330078
3416,clean,none,0.039144471287727356,0.7708580493927002,25.283599853515625
3417,clean,none,0.02805393561720848,0.9040697813034058,27.11370277404785
3418,occlusion,high,0.07754890620708466,0.581074059009552,18.251855850219727
3419,clean,none,0.0782400518655777,0.7192887663841248,19.335445404052734
3420,occlusion,low,0.0809764564037323,0.7191354632377625,16.09210777282715
3421,clean,none,0.02111731469631195,0.8669542074203491,30.198692321777344
3422,occlusion,low,0.04587376117706299,0.7603008151054382,22.810422897338867
3423,salt_pepper,low,0.042319267988204956,0.7249484062194824,24.858413696289062
3424,occlusion,medium,0.05037849768996239,0.7266170978546143,22.42380142211914
3425,occlusion,medium,0.075005903840065,0.6740493178367615,18.572513580322266
3426,blur,medium,0.047789566218853,0.6996824145317078,23.693225860595703
3427,blur,high,0.06106267869472504,0.6761059761047363,20.88613510131836
3428,salt_pepper,medium,0.06266003102064133,0.6364820003509521,21.02168846130371
3429,blur,high,0.03138163685798645,0.7932392954826355,26.498014450073242
3430,salt_pepper,medium,0.03540833294391632,0.6685802340507507,26.222505569458008
3431,salt_pepper,medium,0.04203173518180847,0.8162796497344971,24.236351013183594
3432,salt_pepper,low,0.023261938244104385,0.9045833945274353,28.65023422241211
3433,salt_pepper,low,0.03605687990784645,0.854756236076355,24.812814712524414
3434,occlusion,medium,0.05853928253054619,0.7008542418479919,20.427200317382812
3435,clean,none,0.06712709367275238,0.6053510904312134,21.033048629760742
3436,occlusion,low,0.07088267803192139,0.683657169342041,20.089872360229492
3437,blur,high,0.040052175521850586,0.7924349308013916,24.25968360900879
3438,salt_pepper,low,0.03816000744700432,0.8596939444541931,24.222915649414062
3439,salt_pepper,medium,0.0311661958694458,0.8395063281059265,26.601469039916992
3440,occlusion,low,0.048609018325805664,0.7151696085929871,23.176006317138672
3441,blur,low,0.0340803861618042,0.7981376647949219,25.730854034423828
3442,clean,none,0.06656520068645477,0.6627037525177002,20.47115135192871
3443,clean,none,0.0533631257712841,0.6202237010002136,22.135801315307617
3444,salt_pepper,low,0.05125202238559723,0.6309186816215515,22.623554229736328
3445,occlusion,low,0.04811926931142807,0.6467461585998535,21.499013900756836
3446,occlusion,medium,0.05374950170516968,0.5845471620559692,22.41781234741211
3447,salt_pepper,medium,0.0632563978433609,0.6354548335075378,21.458293914794922
3448,occlusion,high,0.06282147020101547,0.6444109678268433,21.139257431030273
3449,blur,medium,0.021800821647047997,0.8864824771881104,29.264528274536133
3450,salt_pepper,high,0.04394012689590454,0.5850133299827576,24.6121826171875
3451,salt_pepper,medium,0.05703418701887131,0.6825973391532898,20.80380630493164
3452,blur,low,0.03594239056110382,0.8634487986564636,25.875396728515625
3453,blur,medium,0.035949766635894775,0.8234424591064453,25.412263870239258
3454,salt_pepper,low,0.03620107099413872,0.8364450931549072,25.297107696533203
3455,occlusion,high,0.06806063652038574,0.6755570769309998,18.27910804748535
3456,blur,medium,0.03780348598957062,0.7635878324508667,25.654029846191406
3457,blur,medium,0.041119493544101715,0.8273502588272095,23.637372970581055
3458,blur,high,0.0403716005384922,0.7057676315307617,24.765056610107422
3459,clean,none,0.03210324048995972,0.7599298357963562,26.536365509033203
3460,clean,none,0.019313955679535866,0.9368955492973328,28.702909469604492
3461,occlusion,high,0.0760803371667862,0.5397213101387024,17.673580169677734
3462,salt_pepper,high,0.0418715700507164,0.7192270755767822,24.91485595703125
3463,occlusion,medium,0.07330915331840515,0.529735267162323,18.383697509765625
3464,blur,low,0.04838883876800537,0.7985372543334961,22.757221221923828
3465,blur,medium,0.03175646811723709,0.8055762052536011,27.0799617767334
3466,blur,medium,0.03715454787015915,0.8188751935958862,24.965970993041992
3467,blur,medium,0.037200700491666794,0.7747421264648438,24.26093292236328
3468,blur,low,0.0299188494682312,0.9117369651794434,25.94822883605957
3469,occlusion,high,0.04552567005157471,0.7001675367355347,22.02428436279297
3470,blur,medium,0.039010193198919296,0.7785933017730713,24.54437255859375
3471,clean,none,0.03335833176970482,0.7942942380905151,26.49625587463379
3472,blur,medium,0.05006173253059387,0.6763391494750977,23.036630630493164
3473,blur,high,0.051040541380643845,0.5742275714874268,22.98753547668457
3474,clean,none,0.02933850884437561,0.8217959403991699,27.342609405517578
3475,clean,none,0.040099240839481354,0.8169249296188354,24.494308471679688
3476,blur,high,0.02667541801929474,0.8224703669548035,28.543899536132812
3477,occlusion,low,0.037607938051223755,0.6916179656982422,25.290096282958984
3478,occlusion,medium,0.07579269260168076,0.6864067912101746,16.62002944946289
3479,clean,none,0.021403608843684196,0.8845053911209106,29.677528381347656
3480,occlusion,low,0.021257858723402023,0.8893512487411499,28.340627670288086
3481,occlusion,high,0.06261202692985535,0.6324912309646606,20.5240478515625
3482,clean,none,0.02528468891978264,0.8576750755310059,28.465484619140625
3483,blur,low,0.048681266605854034,0.6904725432395935,23.115909576416016
3484,blur,high,0.024022957310080528,0.8554939031600952,29.330322265625
3485,salt_pepper,high,0.03826088085770607,0.8026692867279053,25.502805709838867
3486,occlusion,medium,0.056689657270908356,0.6858453154563904,21.36610221862793
3487,salt_pepper,medium,0.01776881515979767,0.9419749975204468,31.12809181213379
3488,clean,none,0.04971086233854294,0.810955286026001,21.038558959960938
3489,blur,medium,0.030950579792261124,0.8215789794921875,26.4705810546875
3490,blur,medium,0.055642373859882355,0.7003915309906006,22.045364379882812
3491,blur,high,0.0385732427239418,0.7084218859672546,25.25423812866211
3492,occlusion,medium,0.03880976513028145,0.7373167872428894,23.419477462768555
3493,occlusion,medium,0.048380911350250244,0.7138749957084656,22.32308578491211
3494,occlusion,low,0.04656657576560974,0.7423903942108154,22.587854385375977
3495,salt_pepper,high,0.02703193575143814,0.8194277286529541,28.386499404907227
3496,blur,high,0.040261585265398026,0.7694679498672485,24.259906768798828
3497,blur,low,0.03582512587308884,0.7562205195426941,26.231401443481445
3498,clean,none,0.047641776502132416,0.7134137153625488,23.873504638671875
3499,salt_pepper,low,0.023298103362321854,0.893960177898407,29.51729965209961
3500,blur,high,0.044045936316251755,0.7622977495193481,23.16119384765625
3501,occlusion,high,0.03634561225771904,0.72247314453125,26.156808853149414
3502,blur,medium,0.020114924758672714,0.8778371810913086,30.960811614990234
3503,salt_pepper,medium,0.04010618478059769,0.7529988288879395,24.993257522583008
3504,occlusion,high,0.09195151180028915,0.395744264125824,16.48166275024414
3505,blur,high,0.07536670565605164,0.5789753794670105,19.935997009277344
3506,occlusion,high,0.05962250754237175,0.663617730140686,20.099628448486328
3507,occlusion,low,0.052767299115657806,0.6706182956695557,22.320987701416016
3508,occlusion,medium,0.06291402876377106,0.6316919326782227,20.772842407226562
3509,blur,medium,0.056661300361156464,0.6136937737464905,22.299503326416016
3510,salt_pepper,medium,0.04041536897420883,0.7096724510192871,24.781740188598633
3511,blur,low,0.02564888261258602,0.873746395111084,27.495174407958984
3512,salt_pepper,low,0.024140961468219757,0.8546059131622314,28.61975860595703
3513,clean,none,0.043962202966213226,0.7576300501823425,24.42746925354004
3514,occlusion,high,0.046677395701408386,0.6878818273544312,21.692523956298828
3515,blur,high,0.049780458211898804,0.6911096572875977,22.457178115844727
3516,occlusion,low,0.03280869126319885,0.8349153399467468,23.109790802001953
3517,occlusion,medium,0.04697825759649277,0.760339617729187,21.979352951049805
3518,salt_pepper,medium,0.04123912751674652,0.781999945640564,23.88168716430664
3519,salt_pepper,low,0.04092793166637421,0.7199783325195312,24.377655029296875
3520,clean,none,0.054356783628463745,0.5651588439941406,22.370271682739258
3521,salt_pepper,high,0.03442446514964104,0.7897118926048279,26.349828720092773
3522,occlusion,high,0.04849911853671074,0.7018159627914429,20.903640747070312
3523,blur,high,0.03925613313913345,0.7603349089622498,25.13033103942871
3524,occlusion,low,0.04817558452486992,0.6903941631317139,23.037967681884766
3525,clean,none,0.025471633300185204,0.8338432312011719,29.116859436035156
3526,clean,none,0.03880097717046738,0.7171472311019897,25.35376739501953
3527,occlusion,low,0.0322788804769516,0.7959697246551514,25.170812606811523
3528,clean,none,0.020943274721503258,0.8814538717269897,30.11528205871582
3529,occlusion,low,0.05581672117114067,0.5890743732452393,21.060277938842773
3530,salt_pepper,medium,0.06802330166101456,0.641656756401062,20.891225814819336
3531,occlusion,low,0.02934129163622856,0.7555254697799683,26.460351943969727
3532,salt_pepper,medium,0.03171699121594429,0.8798574209213257,26.986984252929688
3533,clean,none,0.037403404712677,0.7921620607376099,24.857215881347656
3534,clean,none,0.017139583826065063,0.9238972067832947,31.382314682006836
3535,salt_pepper,high,0.03270548954606056,0.8284705877304077,26.118167877197266
3536,blur,medium,0.05367673560976982,0.6713597178459167,22.6333065032959
3537,blur,low,0.03436931595206261,0.7962982058525085,25.67083168029785
3538,occlusion,low,0.08445145189762115,0.5669448375701904,18.55959701538086
3539,blur,high,0.06680154800415039,0.5964634418487549,21.068126678466797
3540,blur,low,0.03710941597819328,0.751826286315918,26.058483123779297
3541,blur,high,0.054895900189876556,0.6716389656066895,21.7757568359375
3542,occlusion,medium,0.0391574501991272,0.7356435060501099,23.420610427856445
3543,clean,none,0.04139072820544243,0.8464352488517761,25.046937942504883
3544,salt_pepper,low,0.041806936264038086,0.792224109172821,24.301746368408203
3545,clean,none,0.04832647368311882,0.7712036371231079,22.513370513916016
3546,clean,none,0.03838645666837692,0.8592143058776855,24.858383178710938
3547,occlusion,medium,0.048541393131017685,0.7117063403129578,22.682144165039062
3548,salt_pepper,low,0.027783676981925964,0.8277103304862976,27.80756378173828
3549,clean,none,0.054820042103528976,0.6995155215263367,22.088180541992188
3550,clean,none,0.05686691403388977,0.6380250453948975,22.25891876220703
3551,blur,low,0.04600898548960686,0.7654668688774109,23.419485092163086
3552,salt_pepper,low,0.0432567298412323,0.7832571864128113,22.599998474121094
3553,blur,low,0.03959997743368149,0.843010425567627,24.76692008972168
3554,blur,low,0.0698053389787674,0.6352805495262146,20.50162124633789
3555,salt_pepper,high,0.044473301619291306,0.7067036628723145,23.834667205810547
3556,salt_pepper,medium,0.027994154021143913,0.8344693183898926,28.21329116821289
3557,occlusion,high,0.05528026074171066,0.686174750328064,20.74406623840332
3558,clean,none,0.053210847079753876,0.7180995345115662,22.528209686279297
3559,salt_pepper,low,0.048460282385349274,0.7751922607421875,21.754810333251953
3560,occlusion,high,0.057729315012693405,0.5820379257202148,20.774991989135742
3561,salt_pepper,high,0.0357653833925724,0.7962505221366882,26.050994873046875
3562,occlusion,low,0.0513463020324707,0.7375645041465759,21.031200408935547
3563,blur,medium,0.0266959797590971,0.8388099074363708,27.8249568939209
3564,blur,high,0.05409444496035576,0.6768583059310913,21.60951805114746
3565,blur,high,0.0264693945646286,0.7864692211151123,28.30181121826172
3566,occlusion,low,0.027929101139307022,0.8130606412887573,26.508865356445312
3567,salt_pepper,high,0.032106153666973114,0.7325212955474854,27.258445739746094
3568,clean,none,0.02582625299692154,0.8407288789749146,28.912229537963867
3569,clean,none,0.039757680147886276,0.7911490797996521,24.54768180847168
3570,salt_pepper,medium,0.04032586142420769,0.7253773212432861,24.895021438598633
3571,clean,none,0.04144260287284851,0.800581693649292,24.785444259643555
3572,salt_pepper,high,0.015731755644083023,0.8691734075546265,33.18454360961914
3573,clean,none,0.045878514647483826,0.8370113372802734,23.48740577697754
3574,blur,medium,0.036675985902547836,0.8277100920677185,24.35019302368164
3575,salt_pepper,low,0.05808113142848015,0.7446486353874207,21.740074157714844
3576,clean,none,0.07412698119878769,0.6723760366439819,19.83770179748535
3577,salt_pepper,low,0.08695530891418457,0.5992876291275024,18.652677536010742
3578,blur,low,0.03662613034248352,0.7751768827438354,26.122827529907227
3579,occlusion,low,0.0421379879117012,0.7615951299667358,24.443153381347656
3580,occlusion,low,0.036908648908138275,0.7910379767417908,25.601318359375
3581,clean,none,0.035777218639850616,0.7917072176933289,25.95237922668457
3582,clean,none,0.03472307324409485,0.8500818014144897,25.626014709472656
3583,blur,medium,0.030150895938277245,0.837427020072937,27.236637115478516
3584,clean,none,0.07076939940452576,0.718753457069397,20.09342384338379
3585,clean,none,0.03647099435329437,0.8405229449272156,22.315258026123047
3586,blur,medium,0.03481901437044144,0.8052595853805542,24.615659713745117
3587,clean,none,0.03766273707151413,0.792559027671814,25.194316864013672
3588,occlusion,low,0.07220667600631714,0.7510077357292175,17.534578323364258
3589,blur,high,0.05193372070789337,0.7357208728790283,22.425979614257812
3590,clean,none,0.04446938633918762,0.8072365522384644,23.784887313842773
3591,blur,low,0.04323602840304375,0.7962726354598999,24.59953498840332
3592,occlusion,high,0.06482318788766861,0.6089508533477783,18.13056755065918
3593,clean,none,0.08146393299102783,0.7255979776382446,19.15526580810547
3594,clean,none,0.06870411336421967,0.6308004856109619,20.6411190032959
3595,salt_pepper,high,0.044007882475852966,0.8579659461975098,20.55290412902832
3596,salt_pepper,high,0.04746834561228752,0.7563079595565796,23.808670043945312
3597,salt_pepper,low,0.03905683755874634,0.7888616323471069,25.426328659057617
3598,occlusion,high,0.06514200568199158,0.5946959257125854,19.824665069580078
3599,occlusion,low,0.0360056534409523,0.8408204317092896,24.83961296081543
3600,salt_pepper,medium,0.045055240392684937,0.766959547996521,24.141721725463867
3601,blur,low,0.03240322321653366,0.8468419909477234,27.076738357543945
3602,blur,low,0.037336431443691254,0.8583616614341736,25.24765968322754
3603,occlusion,low,0.032024502754211426,0.8332507610321045,26.17994499206543
3604,salt_pepper,low,0.036183085292577744,0.8265054225921631,25.63833999633789
3605,blur,medium,0.039338476955890656,0.7474361658096313,25.16741180419922
3606,salt_pepper,low,0.044148534536361694,0.7420010566711426,24.09381866455078
3607,salt_pepper,high,0.03688197582960129,0.7690157294273376,25.72650146484375
3608,salt_pepper,low,0.040018077939748764,0.7856801748275757,25.372642517089844
3609,blur,medium,0.03807927295565605,0.7654699683189392,25.707176208496094
3610,occlusion,low,0.043277740478515625,0.7268168926239014,24.20330047607422
3611,blur,low,0.036154285073280334,0.8139467239379883,25.16660499572754
3612,occlusion,medium,0.06714726984500885,0.6081316471099854,18.033971786499023
3613,clean,none,0.028875790536403656,0.7882689833641052,27.60101318359375
3614,clean,none,0.0388021320104599,0.7966647148132324,23.114253997802734
3615,occlusion,low,0.05039213225245476,0.750478208065033,22.339113235473633
3616,occlusion,high,0.08006609976291656,0.46532297134399414,16.911537170410156
3617,occlusion,medium,0.0676153227686882,0.6565405130386353,19.71994400024414
3618,occlusion,medium,0.0767216682434082,0.6494422554969788,17.717573165893555
3619,salt_pepper,low,0.044389508664608,0.8326754570007324,24.331266403198242
3620,salt_pepper,low,0.049061618745326996,0.7327468395233154,23.178512573242188
3621,occlusion,high,0.07848291844129562,0.5853723883628845,17.63573455810547
3622,salt_pepper,low,0.039369698613882065,0.8214858770370483,24.965818405151367
3623,clean,none,0.04795169085264206,0.7575940489768982,23.233997344970703
3624,occlusion,low,0.08516335487365723,0.49107128381729126,18.732515335083008
3625,clean,none,0.03521199896931648,0.8381959795951843,25.08282470703125
3626,blur,high,0.032130166888237,0.7806848883628845,26.557697296142578
3627,occlusion,high,0.05761665850877762,0.6669876575469971,18.532894134521484
3628,blur,low,0.033656638115644455,0.8557560443878174,25.363250732421875
3629,clean,none,0.03705623373389244,0.7605301737785339,25.699356079101562
3630,occlusion,low,0.0658554956316948,0.6463067531585693,19.6273136138916
3631,clean,none,0.059502433985471725,0.6639631986618042,21.444252014160156
3632,clean,none,0.030473878607153893,0.8529344797134399,26.74785804748535
3633,blur,high,0.046598296612501144,0.7290095686912537,22.857868194580078
3634,blur,high,0.03163539990782738,0.7594441771507263,27.102039337158203
3635,clean,none,0.05390937253832817,0.6113438606262207,22.762662887573242
3636,occlusion,low,0.04407308250665665,0.7347019910812378,22.913223266601562
3637,salt_pepper,low,0.04357057437300682,0.7990543842315674,22.300403594970703
3638,blur,high,0.03908201679587364,0.7282277941703796,25.133230209350586
3639,salt_pepper,high,0.06053921580314636,0.6835556030273438,21.610301971435547
3640,blur,low,0.033898625522851944,0.8258508443832397,26.013473510742188
3641,clean,none,0.03704135864973068,0.8128778338432312,25.247005462646484
3642,occlusion,low,0.03975182771682739,0.7855485677719116,23.58308982849121
3643,clean,none,0.02613241598010063,0.8406721353530884,28.057043075561523
3644,salt_pepper,high,0.05058286711573601,0.7530049085617065,22.99493980407715
3645,clean,none,0.04857389256358147,0.8404218554496765,20.734878540039062
3646,occlusion,medium,0.048479627817869186,0.5862802267074585,23.566476821899414
3647,blur,medium,0.040175728499889374,0.790353536605835,23.821107864379883
3648,occlusion,medium,0.05713764950633049,0.6057514548301697,21.633100509643555
3649,blur,high,0.040186040103435516,0.8246433138847351,23.28217315673828
3650,salt_pepper,low,0.0366755947470665,0.7956241369247437,25.54376983642578
3651,blur,high,0.04865304380655289,0.5635455846786499,23.513153076171875
3652,occlusion,high,0.08014339953660965,0.5667077302932739,18.095788955688477
3653,clean,none,0.049324288964271545,0.5836192965507507,23.691293716430664
3654,salt_pepper,low,0.03628434240818024,0.7657665014266968,25.791854858398438
3655,salt_pepper,low,0.02570703998208046,0.8013841509819031,28.131710052490234
3656,salt_pepper,high,0.04850653558969498,0.7015018463134766,23.3573055267334
3657,occlusion,medium,0.059455301612615585,0.5356907248497009,21.813282012939453
3658,blur,medium,0.044123005121946335,0.762407660484314,24.566810607910156
3659,clean,none,0.04515375941991806,0.805133581161499,23.14129638671875
3660,clean,none,0.04199974238872528,0.7647770643234253,24.572790145874023
3661,salt_pepper,high,0.05734313651919365,0.7263922691345215,22.179710388183594
3662,clean,none,0.017433997243642807,0.9270009398460388,31.490468978881836
3663,salt_pepper,high,0.03912641108036041,0.7918824553489685,24.49077796936035
3664,clean,none,0.05250348895788193,0.7287976145744324,22.959949493408203
3665,occlusion,medium,0.06957665830850601,0.6204121112823486,20.02569580078125
3666,clean,none,0.04617079347372055,0.797148585319519,22.740489959716797
3667,occlusion,high,0.06952962279319763,0.654681921005249,18.979167938232422
3668,occlusion,high,0.06484034657478333,0.6757521629333496,18.199569702148438
