idx,type,severity,l1,ssim,psnr,w_clean,w_salt_pepper,w_blur,w_occlusion
0,clean,none,0.006313578225672245,0.9974265098571777,40.57257843017578,0.8812559247016907,0.027313705533742905,0.03730643168091774,0.054124001413583755
1,clean,none,0.009104152210056782,0.9937545657157898,38.46400833129883,0.7779220342636108,0.03050907514989376,0.1231757178902626,0.06839317828416824
2,clean,none,0.011835280805826187,0.9906696677207947,36.00586700439453,0.7748287320137024,0.028052549809217453,0.1352691352367401,0.06184958294034004
3,occlusion,low,0.05375848710536957,0.6750747561454773,22.447181701660156,0.04248014837503433,0.06138736382126808,0.021228883415460587,0.8749036192893982
4,salt_pepper,low,0.03508343547582626,0.878675639629364,25.951948165893555,0.028222735971212387,0.8713400959968567,0.07047536969184875,0.02996181696653366
5,salt_pepper,high,0.038058873265981674,0.8308790922164917,26.07590103149414,0.031587034463882446,0.8924183249473572,0.05411746725440025,0.02187722735106945
6,salt_pepper,low,0.06878931820392609,0.8599876165390015,20.53915786743164,0.03597718104720116,0.8577933311462402,0.0716838389635086,0.034545622766017914
7,clean,none,0.006565128918737173,0.9965975284576416,41.46947479248047,0.7972121238708496,0.026600776240229607,0.11451741307973862,0.0616697333753109
8,salt_pepper,high,0.04841012880206108,0.8252100348472595,23.27069854736328,0.03149885684251785,0.8927557468414307,0.053827326744794846,0.021918049082159996
9,blur,medium,0.051597416400909424,0.8041033148765564,22.708559036254883,0.12537141144275665,0.016838163137435913,0.8205686807632446,0.03722168877720833
10,blur,low,0.04704892635345459,0.8100019693374634,23.78312873840332,0.1624102145433426,0.01452681515365839,0.7960129380226135,0.02705010399222374
11,blur,low,0.03722844645380974,0.8620464205741882,26.036434173583984,0.20577070116996765,0.01597794145345688,0.7476025223731995,0.03064882755279541
12,occlusion,medium,0.054853737354278564,0.710652232170105,21.381511688232422,0.011209659278392792,0.04417111352086067,0.005228422582149506,0.9393908381462097
13,occlusion,high,0.05155161768198013,0.7040182948112488,21.32376480102539,0.00019443333439994603,0.006288574077188969,0.00043816311517730355,0.9930787682533264
14,clean,none,0.011962967924773693,0.9862138628959656,35.812374114990234,0.6668546795845032,0.034508273005485535,0.2260882407426834,0.07254885137081146
15,blur,high,0.08015059679746628,0.737815260887146,19.96443748474121,0.11384990811347961,0.011090700514614582,0.8510358929634094,0.02402343973517418
16,clean,none,0.006276092957705259,0.9967324137687683,41.25331497192383,0.8510432243347168,0.02756994590163231,0.06674206256866455,0.05464477464556694
17,occlusion,low,0.03646261245012283,0.850799024105072,25.81143569946289,0.07773624360561371,0.055842429399490356,0.027486156672239304,0.838935136795044
18,clean,none,0.008487982675433159,0.9939648509025574,38.256752014160156,0.7774182558059692,0.043624769896268845,0.06543952971696854,0.11351744085550308
19,salt_pepper,high,0.054939351975917816,0.8432838916778564,22.624780654907227,0.029714813455939293,0.8956390023231506,0.053566671907901764,0.021079543977975845
20,blur,high,0.04978106543421745,0.8133126497268677,23.58285903930664,0.12159347534179688,0.011991949751973152,0.8417515158653259,0.024663066491484642
21,clean,none,0.007320804055780172,0.9939296245574951,39.55329513549805,0.8478856682777405,0.030809521675109863,0.05841437354683876,0.06289041042327881
22,occlusion,low,0.06215069442987442,0.729566752910614,20.799041748046875,0.08327566832304001,0.05996667221188545,0.05354689061641693,0.8032106757164001
23,occlusion,low,0.037824518978595734,0.7866687774658203,24.938377380371094,0.05498312786221504,0.06834794580936432,0.026058202609419823,0.8506107330322266
24,occlusion,low,0.04868299886584282,0.7078280448913574,23.545034408569336,0.010257688350975513,0.03371930122375488,0.019969534128904343,0.936053454875946
25,salt_pepper,low,0.06305122375488281,0.9013651609420776,21.814449310302734,0.039765696972608566,0.8486446738243103,0.07627574354410172,0.03531394153833389
26,clean,none,0.006212159059941769,0.9958195090293884,41.092132568359375,0.8418945074081421,0.03728422150015831,0.029501982033252716,0.09131928533315659
27,clean,none,0.00677750539034605,0.9965712428092957,40.53935623168945,0.8747742176055908,0.03354144096374512,0.0371021032333374,0.05458224564790726
28,salt_pepper,medium,0.05131935328245163,0.8376487493515015,23.78292465209961,0.036869343370199203,0.8697208166122437,0.06546755880117416,0.027942270040512085
29,clean,none,0.005895085632801056,0.9953516721725464,42.561004638671875,0.8445343971252441,0.03691466525197029,0.05411838740110397,0.06443262100219727
30,salt_pepper,low,0.03631555661559105,0.9130851626396179,26.785852432250977,0.02693098783493042,0.8673079013824463,0.07150279730558395,0.034258391708135605
31,clean,none,0.014437993988394737,0.9288532733917236,32.768226623535156,0.48237109184265137,0.07221636176109314,0.150492325425148,0.2949202358722687
32,clean,none,0.002870171098038554,0.9991602897644043,47.9542121887207,0.8978620767593384,0.021719956770539284,0.029471704736351967,0.05094621703028679
33,blur,medium,0.04348902404308319,0.849949300289154,24.81214141845703,0.12143640965223312,0.014859589748084545,0.8328410983085632,0.030862977728247643
34,occlusion,high,0.08436144888401031,0.6543711423873901,19.183618545532227,0.0015954765258356929,0.013850290328264236,0.002587294904515147,0.9819669723510742
35,salt_pepper,medium,0.058509111404418945,0.788054883480072,22.126943588256836,0.038026969879865646,0.8695263266563416,0.06350372731685638,0.0289430171251297
36,blur,high,0.09285436570644379,0.7053653001785278,17.69745635986328,0.11440199613571167,0.011493870988488197,0.8493731617927551,0.024730993434786797
37,occlusion,medium,0.032847970724105835,0.8672831058502197,24.247732162475586,0.07511886209249496,0.07586119323968887,0.04483404383063316,0.8041859269142151
38,occlusion,low,0.05528318136930466,0.750142514705658,22.111652374267578,0.07732417434453964,0.07440432161092758,0.013687925413250923,0.8345836400985718
39,blur,medium,0.03637931868433952,0.8627611994743347,25.560993194580078,0.11677542328834534,0.011408526450395584,0.8480939269065857,0.023722166195511818
40,clean,none,0.01805948279798031,0.9946224093437195,31.750259399414062,0.8268803954124451,0.028126748278737068,0.07874324172735214,0.06624970585107803
41,salt_pepper,high,0.06348396837711334,0.8376195430755615,22.337682723999023,0.042827170342206955,0.8603679537773132,0.0671825110912323,0.029622379690408707
42,occlusion,high,0.03876079246401787,0.8077113628387451,24.06562042236328,0.007701723370701075,0.02246006578207016,0.0056222775019705296,0.9642159342765808
43,salt_pepper,low,0.05958021804690361,0.8490700125694275,22.645301818847656,0.04932679608464241,0.8258211016654968,0.08365670591592789,0.041195377707481384
44,salt_pepper,high,0.04579765722155571,0.8699076175689697,23.623464584350586,0.02223534882068634,0.9176325798034668,0.04411968216300011,0.016012366861104965
45,occlusion,medium,0.037405844777822495,0.7726832628250122,23.46072769165039,0.00011244683992117643,0.005042486824095249,0.00031264411518350244,0.9945323467254639
46,occlusion,high,0.027033736929297447,0.7163187861442566,25.835712432861328,0.1796102672815323,0.060892149806022644,0.14142006635665894,0.6180775761604309
47,clean,none,0.017290856689214706,0.9850128889083862,33.0711555480957,0.7448936104774475,0.0284364465624094,0.16468855738639832,0.061981357634067535
48,clean,none,0.005777125246822834,0.9982795715332031,43.139427185058594,0.8964070081710815,0.022580156102776527,0.03946681693196297,0.041545990854501724
49,salt_pepper,medium,0.053465213626623154,0.831722617149353,23.100040435791016,0.018478887155652046,0.9249092936515808,0.04129357263445854,0.015318249352276325
50,occlusion,medium,0.029095202684402466,0.8492640256881714,25.45621109008789,0.08482390642166138,0.05723081901669502,0.07653947174549103,0.7814057469367981
51,clean,none,0.005026025231927633,0.9974627494812012,43.279422760009766,0.8600831627845764,0.02603905089199543,0.05902192369103432,0.05485584959387779
52,occlusion,high,0.04361551254987717,0.8198158144950867,23.237934112548828,7.797063517500646e-06,0.001899695722386241,2.915980621764902e-05,0.9980632662773132
53,salt_pepper,medium,0.050727710127830505,0.83824622631073,22.927827835083008,0.03253108635544777,0.8807899951934814,0.06091664358973503,0.02576226182281971
54,clean,none,0.012540780007839203,0.9819590449333191,35.36506652832031,0.6735284328460693,0.032532211393117905,0.22431300580501556,0.06962628662586212
55,salt_pepper,high,0.052668191492557526,0.7476456165313721,22.957551956176758,0.0351361520588398,0.8819876909255981,0.05799085274338722,0.02488534338772297
56,occlusion,high,0.03660746291279793,0.7324929237365723,24.31006622314453,0.00514725549146533,0.019478747621178627,0.008677259087562561,0.9666966795921326
57,salt_pepper,medium,0.08702091872692108,0.7089272737503052,17.770423889160156,0.04947566241025925,0.8328972458839417,0.08319347351789474,0.03443364053964615
58,blur,low,0.02685200236737728,0.8458268046379089,27.1395263671875,0.13975325226783752,0.01954890601336956,0.7913580536842346,0.049339789897203445
59,clean,none,0.005786275491118431,0.9980181455612183,41.58306121826172,0.9208844304084778,0.02784149721264839,0.011652288027107716,0.03962177783250809
60,clean,none,0.03388037905097008,0.9674685001373291,27.6737003326416,0.7317867875099182,0.035370245575904846,0.15578435361385345,0.07705866545438766
61,salt_pepper,low,0.046065449714660645,0.9049997329711914,23.057458877563477,0.024810444563627243,0.885478675365448,0.06273580342531204,0.02697502076625824
62,blur,high,0.0661531388759613,0.8135690093040466,21.646183013916016,0.12337712198495865,0.016322841867804527,0.8245424032211304,0.03575766459107399
63,blur,medium,0.03804674372076988,0.8678717613220215,26.04819107055664,0.10914665460586548,0.013290920294821262,0.8486555814743042,0.02890690416097641
64,salt_pepper,medium,0.04516034945845604,0.8268646001815796,24.306337356567383,0.029127242043614388,0.8917382955551147,0.055847395211458206,0.023287009447813034
65,clean,none,0.0033934484235942364,0.9982843399047852,46.99553680419922,0.8805435299873352,0.024795187637209892,0.04631901532411575,0.048342231661081314
66,blur,medium,0.08249516040086746,0.8671474456787109,19.634136199951172,0.11982528865337372,0.012315354309976101,0.8410220742225647,0.026837239041924477
67,clean,none,0.007359744049608707,0.9955943822860718,39.157413482666016,0.8091023564338684,0.031908247619867325,0.09563539177179337,0.0633540228009224
68,clean,none,0.006643693894147873,0.9963309168815613,40.71442413330078,0.8484494090080261,0.027767127379775047,0.060920290648937225,0.06286322325468063
69,clean,none,0.003567599458619952,0.9984085559844971,45.54815673828125,0.8841785788536072,0.027847597375512123,0.02705167420208454,0.06092211604118347
70,blur,medium,0.032598644495010376,0.8640621900558472,27.01696014404297,0.11805303394794464,0.014295718632638454,0.8361620903015137,0.03148917481303215
71,occlusion,low,0.05845474451780319,0.7337760329246521,20.8229923248291,0.01731371507048607,0.04113386943936348,0.010977987200021744,0.9305744171142578
72,blur,medium,0.04628739878535271,0.8314797878265381,23.783510208129883,0.12449999898672104,0.011184669099748135,0.8412420153617859,0.023073310032486916
73,occlusion,medium,0.08102809637784958,0.46841561794281006,18.953977584838867,0.004746927879750729,0.05921392887830734,0.003924122545868158,0.9321150779724121
74,salt_pepper,high,0.08385388553142548,0.8367573618888855,19.223716735839844,0.031957462430000305,0.8869834542274475,0.057892460376024246,0.02316659688949585
75,blur,low,0.05551235005259514,0.787812352180481,21.554994583129883,0.16188301146030426,0.013461459428071976,0.8001638650894165,0.02449166588485241
76,occlusion,medium,0.05300324782729149,0.6874107122421265,21.735448837280273,0.0045717936009168625,0.029360195621848106,0.002144712023437023,0.9639232754707336
77,salt_pepper,medium,0.06506439298391342,0.8868240118026733,21.522689819335938,0.032113026827573776,0.8824083805084229,0.0606999546289444,0.024778667837381363
78,salt_pepper,high,0.10456662625074387,0.7265421152114868,16.724628448486328,0.03811730071902275,0.8734111785888672,0.06076981499791145,0.027701737359166145
79,blur,high,0.07042139768600464,0.6325559616088867,19.772953033447266,0.13263443112373352,0.016922004520893097,0.8124495148658752,0.037994079291820526
80,salt_pepper,low,0.04664366692304611,0.8738965392112732,24.7067813873291,0.03385033458471298,0.8556846976280212,0.07331161201000214,0.037153348326683044
81,salt_pepper,medium,0.05775942653417587,0.8218223452568054,22.362993240356445,0.033077873289585114,0.8813695907592773,0.06082053482532501,0.024731943383812904
82,clean,none,0.005459139123558998,0.9974178075790405,42.40757751464844,0.8713146448135376,0.021742409095168114,0.05825897306203842,0.0486840084195137
83,occlusion,high,0.0759657546877861,0.48555490374565125,18.18853187561035,0.000180759045179002,0.007732104044407606,0.00017890188610181212,0.9919081330299377
84,blur,medium,0.057113777846097946,0.6462465524673462,22.36792755126953,0.1199580729007721,0.010856335051357746,0.8464793562889099,0.02270619012415409
85,blur,high,0.05400575324892998,0.7738634347915649,22.575210571289062,0.1172756478190422,0.012174845673143864,0.8446127772331238,0.0259366687387228
86,salt_pepper,high,0.033215831965208054,0.881088376045227,26.661483764648438,0.01882975734770298,0.931942343711853,0.03580138832330704,0.013426542282104492
87,occlusion,medium,0.058173827826976776,0.7053636908531189,20.7308349609375,0.0811682716012001,0.05884960666298866,0.00650171609595418,0.8534803986549377
88,salt_pepper,medium,0.044405095279216766,0.8811502456665039,24.60751724243164,0.030245615169405937,0.884523332118988,0.06094123050570488,0.024289794266223907
89,occlusion,medium,0.05754745006561279,0.6712114810943604,20.502483367919922,0.0003089004603680223,0.010372349992394447,0.00046992063289508224,0.9888488054275513
90,occlusion,high,0.059648655354976654,0.6039688587188721,21.503578186035156,5.442920883069746e-05,0.00337746343575418,0.00010885795927606523,0.9964591860771179
91,salt_pepper,low,0.03756449371576309,0.8650500178337097,25.132003784179688,0.036190249025821686,0.8500567078590393,0.07498769462108612,0.03876529633998871
92,salt_pepper,medium,0.05700252577662468,0.8171083331108093,22.73432731628418,0.03263366222381592,0.8796042203903198,0.062476035207509995,0.025286003947257996
93,occlusion,medium,0.03964414820075035,0.7532364130020142,23.623083114624023,1.6493266230099835e-05,0.0032427527476102114,7.73056672187522e-05,0.996663510799408
94,occlusion,high,0.05902205407619476,0.6566991209983826,21.546438217163086,0.0001320056471740827,0.0063001359812915325,0.00029246791382320225,0.9932754039764404
95,occlusion,low,0.05814629793167114,0.7162182331085205,20.97517967224121,0.04967127740383148,0.05442848056554794,0.011648130603134632,0.88425213098526
96,salt_pepper,medium,0.07745812833309174,0.755649745464325,19.521629333496094,0.030939877033233643,0.8859566450119019,0.05919845029711723,0.02390504814684391
97,blur,high,0.04514351487159729,0.8849304914474487,24.70775604248047,0.12361917644739151,0.01070378627628088,0.8436118364334106,0.022065145894885063
98,clean,none,0.006840969435870647,0.9938237071037292,40.786521911621094,0.8878816366195679,0.032970890402793884,0.02841372787952423,0.050733741372823715
99,occlusion,high,0.09165540337562561,0.5584738850593567,17.06243324279785,0.0006705723353661597,0.008114432916045189,0.00035852010478265584,0.9908565282821655
100,salt_pepper,medium,0.03316959738731384,0.8801075220108032,27.05660629272461,0.02289353497326374,0.9091126918792725,0.04929955303668976,0.018694214522838593
101,blur,low,0.05723823606967926,0.7090317606925964,22.694570541381836,0.17747370898723602,0.016665665432810783,0.7743574976921082,0.03150314837694168
102,salt_pepper,low,0.03463061898946762,0.8618103861808777,26.381473541259766,0.043048664927482605,0.8463932871818542,0.07248282432556152,0.03807524964213371
103,occlusion,low,0.04332409426569939,0.8348811864852905,23.47994613647461,0.31032174825668335,0.08603125810623169,0.07629998028278351,0.5273469686508179
104,salt_pepper,high,0.03803620859980583,0.8603225946426392,24.75284194946289,0.03028220869600773,0.8929585218429565,0.05473468825221062,0.022024625912308693
105,salt_pepper,low,0.036303844302892685,0.873108983039856,26.433059692382812,0.03645908087491989,0.8583178520202637,0.07219696789979935,0.033026073127985
106,clean,none,0.023160627111792564,0.9275197982788086,28.794450759887695,0.667924165725708,0.03897029161453247,0.20585225522518158,0.08725333213806152
107,salt_pepper,high,0.03589245304465294,0.8661999106407166,25.71683120727539,0.03038005158305168,0.8926250338554382,0.05372489616274834,0.023270009085536003
108,salt_pepper,high,0.04196638613939285,0.8317456245422363,24.341064453125,0.024031270295381546,0.9108194708824158,0.047203414142131805,0.017945945262908936
109,salt_pepper,low,0.03279610723257065,0.9117497205734253,27.275068283081055,0.0389319583773613,0.8500537276268005,0.07625453174114227,0.034759771078825
110,clean,none,0.004243665840476751,0.9986025094985962,43.62180709838867,0.896668553352356,0.02671358734369278,0.028940372169017792,0.047677431255578995
111,blur,medium,0.028499698266386986,0.9201866984367371,28.236377716064453,0.11996602267026901,0.012190544046461582,0.8424733877182007,0.02537003718316555
112,clean,none,0.004293274134397507,0.9976009130477905,43.8911247253418,0.865315854549408,0.030757615342736244,0.04085133969783783,0.06307519227266312
113,salt_pepper,high,0.04214581102132797,0.8625475764274597,24.129192352294922,0.03070378676056862,0.8949375152587891,0.05321354791522026,0.02114512212574482
114,blur,high,0.04316754266619682,0.7418386340141296,24.278993606567383,0.11428177356719971,0.015190928243100643,0.8382594585418701,0.032267771661281586
115,salt_pepper,low,0.0431966558098793,0.8986959457397461,23.347766876220703,0.025811607018113136,0.8629434108734131,0.06951091438531876,0.04173407331109047
116,blur,medium,0.03609374165534973,0.8963099718093872,26.061927795410156,0.1188926249742508,0.015432756394147873,0.8337106108665466,0.031963951885700226
117,blur,medium,0.03667357563972473,0.8905912637710571,25.67499542236328,0.11416937410831451,0.012324399314820766,0.8479990363121033,0.02550715208053589
118,occlusion,medium,0.04592600464820862,0.7792305946350098,23.465349197387695,0.01088796742260456,0.03340250998735428,0.0025976139586418867,0.9531119465827942
119,occlusion,low,0.05344175547361374,0.7838741540908813,22.45783042907715,0.08227697759866714,0.060595352202653885,0.01122864056378603,0.8458990454673767
120,blur,medium,0.04738035798072815,0.7577463388442993,23.997543334960938,0.11579130589962006,0.011498283594846725,0.849078893661499,0.02363160066306591
121,salt_pepper,high,0.0646839290857315,0.7030867338180542,21.16234588623047,0.03970430791378021,0.8667573928833008,0.06493975967168808,0.02859853208065033
122,salt_pepper,high,0.03829623758792877,0.8856806755065918,26.447959899902344,0.03197683393955231,0.8898257613182068,0.055107779800891876,0.023089656606316566
123,blur,medium,0.05036267638206482,0.8528363704681396,23.554309844970703,0.11081206053495407,0.012627125717699528,0.8502591848373413,0.02630169503390789
124,occlusion,medium,0.056336186826229095,0.7544559240341187,21.555618286132812,4.192405685898848e-05,0.0040295119397342205,0.00011964415898546576,0.9958089590072632
125,salt_pepper,medium,0.04743989557027817,0.8810086250305176,24.233217239379883,0.0344526469707489,0.8748382329940796,0.06373760104179382,0.026971492916345596
126,occlusion,medium,0.060056816786527634,0.6648139357566833,21.952409744262695,0.0005353323649615049,0.009990643709897995,0.0004803494084626436,0.9889937043190002
127,clean,none,0.00319635309278965,0.9992889165878296,47.01700210571289,0.919906497001648,0.0241677388548851,0.014588600024580956,0.04133715108036995
128,occlusion,medium,0.06974418461322784,0.7132185697555542,18.73777198791504,0.002670574700459838,0.019522100687026978,0.00296425330452621,0.9748431444168091
129,clean,none,0.005151430144906044,0.9982553720474243,43.123291015625,0.9049158692359924,0.03512702137231827,0.020468659698963165,0.03948844596743584
130,salt_pepper,high,0.06503580510616302,0.8263375163078308,20.110931396484375,0.025463851168751717,0.9103250503540039,0.04661959409713745,0.017591537907719612
131,blur,high,0.04870898276567459,0.741004228591919,23.32201385498047,0.12875273823738098,0.016411274671554565,0.8198992609977722,0.034936703741550446
132,occlusion,medium,0.05716819688677788,0.681198239326477,21.678924560546875,0.0007120107766240835,0.012807080522179604,0.0009464950999245048,0.9855344295501709
133,blur,medium,0.060083162039518356,0.7714710235595703,19.751371383666992,0.11648567020893097,0.01175354141741991,0.8468729853630066,0.0248878113925457
134,salt_pepper,medium,0.050321221351623535,0.760042667388916,23.03824234008789,0.03530127555131912,0.8764660954475403,0.06178220361471176,0.026450343430042267
135,clean,none,0.015668338164687157,0.9863810539245605,33.51555633544922,0.6094606518745422,0.031454551964998245,0.2959331274032593,0.06315159052610397
136,clean,none,0.015530295670032501,0.9865944385528564,33.49136734008789,0.6174266338348389,0.03648480772972107,0.2738475799560547,0.07224103063344955
137,salt_pepper,high,0.0547395758330822,0.7358648180961609,22.86008071899414,0.04884294047951698,0.8411017656326294,0.07709191739559174,0.032963432371616364
138,blur,medium,0.05262289568781853,0.8190445303916931,23.172168731689453,0.11282142996788025,0.013051819987595081,0.8475674390792847,0.02655933052301407
139,occlusion,high,0.06421168893575668,0.6716804504394531,19.832252502441406,0.00023622266598977149,0.006960744969546795,0.00046493427362293005,0.9923381209373474
140,clean,none,0.007298920303583145,0.9972771406173706,39.85835647583008,0.8465757369995117,0.02599913999438286,0.07215209305286407,0.055273041129112244
141,salt_pepper,high,0.04511113464832306,0.8120244741439819,24.205089569091797,0.0347006693482399,0.8799565434455872,0.05963979288935661,0.025703027844429016
142,clean,none,0.009816398844122887,0.9927716255187988,37.258914947509766,0.7734848260879517,0.030620822682976723,0.12984615564346313,0.06604820489883423
143,blur,low,0.03840598091483116,0.8845643997192383,25.843570709228516,0.14834721386432648,0.012676001526415348,0.8144999146461487,0.02447686716914177
144,blur,medium,0.07151865214109421,0.8210159540176392,20.333145141601562,0.1223541796207428,0.01560075581073761,0.8282015323638916,0.03384360298514366
145,blur,medium,0.044692378491163254,0.7726421356201172,23.737144470214844,0.11169251799583435,0.01373402401804924,0.8446324467658997,0.029941055923700333
146,occlusion,medium,0.05908886715769768,0.6783561110496521,20.216243743896484,0.00540628656744957,0.0359564945101738,0.0036438116803765297,0.9549933671951294
147,occlusion,medium,0.04459302872419357,0.8026641607284546,23.443639755249023,0.00016545025573577732,0.00929644238203764,0.00034076248994097114,0.9901974201202393
148,salt_pepper,medium,0.057247862219810486,0.7978503108024597,22.797433853149414,0.03689546883106232,0.8707295656204224,0.06458311527967453,0.027791805565357208
149,blur,low,0.043283604085445404,0.8168625235557556,23.801557540893555,0.19600477814674377,0.02187107503414154,0.7404024600982666,0.041721709072589874
150,blur,high,0.05741529166698456,0.7209857702255249,22.175607681274414,0.11476773023605347,0.011633533053100109,0.8495575189590454,0.024041248485445976
151,salt_pepper,high,0.05013753101229668,0.8741962313652039,23.236907958984375,0.02828999049961567,0.8997750282287598,0.05107896402478218,0.02085600234568119
152,occlusion,low,0.028618689626455307,0.891920268535614,26.276647567749023,0.5088719725608826,0.07129067927598953,0.1234765499830246,0.2963607907295227
153,salt_pepper,low,0.049238309264183044,0.8478195667266846,24.010330200195312,0.03827420622110367,0.850784957408905,0.07557585090398788,0.03536497429013252
154,blur,low,0.03624626249074936,0.7979905605316162,25.780031204223633,0.21335163712501526,0.014788322150707245,0.7448248863220215,0.027035145089030266
155,salt_pepper,high,0.06568938493728638,0.8114973902702332,20.72779655456543,0.03044523485004902,0.8954656720161438,0.0524992011487484,0.02158981002867222
156,occlusion,low,0.0429876409471035,0.8730167746543884,19.824913024902344,0.6919040083885193,0.06975021958351135,0.05947941914200783,0.1788664311170578
157,clean,none,0.009358806535601616,0.9926444888114929,38.667449951171875,0.7836765050888062,0.02740132249891758,0.13305692374706268,0.05586529150605202
158,occlusion,medium,0.055294476449489594,0.7167968153953552,20.616113662719727,0.007186942268162966,0.03249242529273033,0.004221807233989239,0.9560987949371338
159,occlusion,low,0.04129517823457718,0.8005627989768982,23.471811294555664,0.05839533731341362,0.06716974824666977,0.04758470878005028,0.8268502354621887
160,occlusion,low,0.05411126837134361,0.7308435440063477,21.6190128326416,0.027072208002209663,0.06170668825507164,0.016868239268660545,0.8943527936935425
161,salt_pepper,medium,0.05618293210864067,0.8710474967956543,21.867687225341797,0.03887145221233368,0.8627504706382751,0.06836063414812088,0.030017467215657234
162,clean,none,0.00927707739174366,0.994376540184021,37.93485641479492,0.8374301195144653,0.03455427289009094,0.06873033940792084,0.059285204857587814
163,blur,medium,0.13657379150390625,0.5244781374931335,15.623294830322266,0.11121223866939545,0.013930636458098888,0.8453259468078613,0.02953117899596691
164,occlusion,medium,0.12250645458698273,0.5119776129722595,15.89669132232666,0.023127324879169464,0.05031421780586243,0.010852867737412453,0.9157056212425232
165,clean,none,0.02111227437853813,0.9855616092681885,30.080078125,0.7575308084487915,0.03322936221957207,0.14466017484664917,0.06457970291376114
166,blur,medium,0.05194396525621414,0.8651756048202515,23.712993621826172,0.1261119395494461,0.011716644279658794,0.8379176259040833,0.024253811687231064
167,clean,none,0.0045573222450912,0.9974435567855835,43.59063720703125,0.8832705616950989,0.025951996445655823,0.041347965598106384,0.04942948371171951
168,blur,low,0.055537011474370956,0.7651141881942749,22.999162673950195,0.16810089349746704,0.017106501385569572,0.781640350818634,0.03315223753452301
169,salt_pepper,high,0.05448303744196892,0.7836906909942627,22.110675811767578,0.035225771367549896,0.8810825347900391,0.059325043112039566,0.02436668612062931
170,blur,medium,0.043906353414058685,0.8827837705612183,24.458332061767578,0.11383745074272156,0.010844467207789421,0.8523609042167664,0.02295718342065811
171,clean,none,0.008537119254469872,0.9838629961013794,38.746849060058594,0.7423468828201294,0.03483576327562332,0.13927039504051208,0.0835469663143158
172,blur,high,0.0350152850151062,0.855498194694519,25.907272338867188,0.12106335163116455,0.01418359950184822,0.8355596661567688,0.029193412512540817
173,clean,none,0.006189858075231314,0.9972647428512573,41.555519104003906,0.8486949801445007,0.03028825856745243,0.053321514278650284,0.06769517064094543
174,occlusion,medium,0.05911245197057724,0.6373790502548218,19.77564239501953,0.0003588204563129693,0.012927179224789143,0.0006843468290753663,0.9860296845436096
175,blur,low,0.06193607300519943,0.7346105575561523,22.0913143157959,0.14211322367191315,0.014823171310126781,0.8141894936561584,0.0288741085678339
176,occlusion,high,0.071573905646801,0.6709360480308533,19.855113983154297,3.690641824505292e-05,0.0031172719318419695,0.00011955616355407983,0.9967262744903564
177,clean,none,0.010739743709564209,0.9919638633728027,37.695068359375,0.8481301069259644,0.030059946700930595,0.06425666064023972,0.0575532428920269
178,salt_pepper,low,0.05615615099668503,0.8515934944152832,22.192609786987305,0.03928909823298454,0.8445655703544617,0.07774495333433151,0.03840041905641556
179,salt_pepper,medium,0.057766567915678024,0.7990883588790894,22.234729766845703,0.041158922016620636,0.8547463417053223,0.07249821722507477,0.031596507877111435
180,salt_pepper,high,0.06606358289718628,0.7624480724334717,20.585227966308594,0.039317451417446136,0.8680435419082642,0.06508582085371017,0.02755318582057953
181,blur,medium,0.04135298356413841,0.8671668767929077,24.84696388244629,0.11854509264230728,0.012488897889852524,0.8425377011299133,0.02642824500799179
182,salt_pepper,low,0.05066601559519768,0.8331958651542664,22.403514862060547,0.035871390253305435,0.8540694713592529,0.07326828688383102,0.036790844053030014
183,blur,low,0.04869307205080986,0.7886902689933777,23.910505294799805,0.16110533475875854,0.015610950998961926,0.7936261892318726,0.02965760976076126
184,blur,high,0.04111528396606445,0.8347606658935547,24.992856979370117,0.11858613044023514,0.013118615373969078,0.8407903909683228,0.027504848316311836
185,salt_pepper,low,0.07625244557857513,0.6885408163070679,18.192501068115234,0.06902338564395905,0.7901700735092163,0.08632505685091019,0.05448147654533386
186,salt_pepper,high,0.11311518400907516,0.7496041059494019,15.295469284057617,0.031397026032209396,0.8903144001960754,0.054684270173311234,0.02360430546104908
187,clean,none,0.015484369359910488,0.9837836027145386,33.187015533447266,0.7398359775543213,0.03826130926609039,0.14090213179588318,0.08100053668022156
188,clean,none,0.009489867836236954,0.9941838979721069,38.25349426269531,0.8643161058425903,0.03770561143755913,0.03824438527226448,0.05973386391997337
189,clean,none,0.009393814951181412,0.9953255653381348,35.11112976074219,0.7642011642456055,0.03648568317294121,0.12322856485843658,0.07608458399772644
190,blur,medium,0.05313223600387573,0.9030226469039917,21.07304573059082,0.1315358430147171,0.017915165051817894,0.8136957287788391,0.03685332089662552
191,blur,high,0.05136081203818321,0.7640389800071716,22.97766876220703,0.12430786341428757,0.013421437703073025,0.8334391117095947,0.02883162908256054
192,blur,medium,0.038478631526231766,0.8674629926681519,25.509164810180664,0.11764638870954514,0.010908249765634537,0.8486706018447876,0.022774793207645416
193,blur,medium,0.08987921476364136,0.7585918307304382,18.114608764648438,0.11576724797487259,0.011150550097227097,0.849992573261261,0.023089680820703506
194,blur,low,0.07472969591617584,0.7926363348960876,20.631763458251953,0.19944162666797638,0.013342456892132759,0.7631024122238159,0.02411346137523651
195,blur,high,0.04888492450118065,0.756940484046936,23.734922409057617,0.11275781691074371,0.012711761519312859,0.8473436236381531,0.02718673087656498
196,occlusion,high,0.05504009127616882,0.714543342590332,20.608013153076172,4.704203035998944e-07,0.0006672562449239194,5.402520400821231e-06,0.9993269443511963
197,occlusion,high,0.05714350566267967,0.7111205458641052,20.889461517333984,4.3313535570632666e-05,0.003066651290282607,0.00014411281154025346,0.9967459440231323
198,salt_pepper,high,0.05240803211927414,0.7703313231468201,22.550498962402344,0.02483474276959896,0.9148550629615784,0.043020542711019516,0.017289556562900543
199,salt_pepper,high,0.03820992261171341,0.8715445399284363,25.789791107177734,0.02782997488975525,0.9037445187568665,0.049073804169893265,0.01935175061225891
200,occlusion,high,0.06931233406066895,0.6316944360733032,19.773536682128906,0.00015418377006426454,0.007800300605595112,0.0004450279229786247,0.991600513458252
201,clean,none,0.009161131456494331,0.9925374388694763,38.646034240722656,0.8249103426933289,0.032710496336221695,0.07778074592351913,0.0645984634757042
202,blur,low,0.039239440113306046,0.9285838007926941,25.275876998901367,0.14461885392665863,0.011671818792819977,0.8219820857048035,0.021727299317717552
203,occlusion,low,0.05245266854763031,0.7819603681564331,22.297706604003906,0.11279664933681488,0.07622697949409485,0.05790294334292412,0.7530733942985535
204,salt_pepper,medium,0.051738061010837555,0.732994794845581,23.48720932006836,0.03895685821771622,0.858170211315155,0.07106456905603409,0.0318082794547081
205,salt_pepper,high,0.05872657150030136,0.6946131587028503,21.540822982788086,0.03545113280415535,0.8795458674430847,0.059435319155454636,0.02556769736111164
206,occlusion,high,0.053804486989974976,0.6224188208580017,21.050540924072266,9.639958443585783e-05,0.007889112457633018,0.00030772440368309617,0.9917068481445312
207,salt_pepper,medium,0.053363703191280365,0.8207313418388367,23.171274185180664,0.035992495715618134,0.873985230922699,0.06241924315690994,0.02760304883122444
208,salt_pepper,medium,0.035781070590019226,0.8033422231674194,25.683231353759766,0.019531508907675743,0.9213907122612,0.04326934739947319,0.01580844819545746
209,salt_pepper,low,0.08711763471364975,0.7276816368103027,19.37868881225586,0.05238175764679909,0.8269048929214478,0.0815165787935257,0.03919679671525955
210,clean,none,0.012145104818046093,0.9903216361999512,35.954986572265625,0.7739877700805664,0.029316062107682228,0.13873709738254547,0.05795905739068985
211,blur,low,0.06029482185840607,0.7381176948547363,22.492366790771484,0.17345939576625824,0.016517726704478264,0.7792067527770996,0.03081614337861538
212,occlusion,high,0.057201407849788666,0.6061196327209473,20.726289749145508,0.001864826655946672,0.013992151245474815,0.0013687119353562593,0.9827743172645569
213,occlusion,low,0.03722240403294563,0.809436559677124,24.451473236083984,0.13168752193450928,0.07083051651716232,0.05062898248434067,0.7468529939651489
214,blur,medium,0.058124661445617676,0.797755241394043,22.65993881225586,0.1167479008436203,0.011021860875189304,0.8490859270095825,0.023144280537962914
215,salt_pepper,high,0.09257291257381439,0.6455123424530029,18.434846878051758,0.03843333199620247,0.8759883642196655,0.05951857939362526,0.02605968900024891
216,clean,none,0.005216258578002453,0.9973874092102051,43.368587493896484,0.8997695446014404,0.03039964661002159,0.01960483193397522,0.05022604018449783
217,salt_pepper,low,0.06919211149215698,0.7542702555656433,19.967514038085938,0.05670512095093727,0.8118775486946106,0.08574996888637543,0.04566735029220581
218,salt_pepper,high,0.0533418133854866,0.6758891940116882,23.043563842773438,0.034995678812265396,0.878998339176178,0.06067626178264618,0.025329681113362312
219,clean,none,0.00661979615688324,0.9965119361877441,40.913814544677734,0.8915477991104126,0.031270790845155716,0.025136876851320267,0.05204455181956291
220,occlusion,low,0.03785397484898567,0.844630241394043,24.54820442199707,0.08430949598550797,0.06427092850208282,0.03504306077957153,0.8163765668869019
221,clean,none,0.02925291284918785,0.9526695013046265,28.725919723510742,0.5940896272659302,0.03498934581875801,0.2968214750289917,0.07409955561161041
222,blur,low,0.042267806828022,0.8452653884887695,25.096132278442383,0.14050666987895966,0.017134813591837883,0.8075124621391296,0.03484606370329857
223,clean,none,0.00997443962842226,0.9951016902923584,37.40045928955078,0.8642227053642273,0.032854218035936356,0.042729414999485016,0.06019361689686775
224,occlusion,low,0.020125772804021835,0.9057061076164246,27.639671325683594,0.7450495362281799,0.04401221126317978,0.05292326956987381,0.15801499783992767
225,clean,none,0.006197420414537191,0.9980921745300293,42.11476135253906,0.910793662071228,0.032172661274671555,0.017852960154414177,0.03918075188994408
226,occlusion,medium,0.033344607800245285,0.7945517897605896,25.105335235595703,0.013864458538591862,0.03749191015958786,0.016174357384443283,0.9324692487716675
227,salt_pepper,high,0.08307324349880219,0.7030808329582214,18.956249237060547,0.04849088564515114,0.8442994952201843,0.0745384469628334,0.03267120569944382
228,occlusion,medium,0.043000154197216034,0.7132030725479126,23.891986846923828,0.0013320016441866755,0.022567184641957283,0.0010566841810941696,0.9750441312789917
229,occlusion,low,0.06579434871673584,0.6886088252067566,19.80144691467285,0.07549698650836945,0.10236385464668274,0.01811685785651207,0.8040223717689514
230,clean,none,0.0053118569776415825,0.9978560209274292,41.99079132080078,0.8894102573394775,0.024547772482037544,0.04293026402592659,0.043111711740493774
231,blur,high,0.0913902148604393,0.5337611436843872,18.840633392333984,0.11488303542137146,0.014521275646984577,0.8389135599136353,0.03168214485049248
232,salt_pepper,medium,0.05329154059290886,0.7619041800498962,22.247732162475586,0.03360768035054207,0.8783327341079712,0.06221144646406174,0.025848090648651123
233,salt_pepper,high,0.06129233166575432,0.839508056640625,20.944059371948242,0.02527584508061409,0.9090960025787354,0.047534771263599396,0.0180934090167284
234,blur,high,0.09007398784160614,0.5932159423828125,18.29537010192871,0.10869386792182922,0.010334750637412071,0.8586069345474243,0.022364508360624313
235,blur,high,0.10334479808807373,0.5914620757102966,16.592567443847656,0.12017039954662323,0.01444180402904749,0.8352674245834351,0.030120383948087692
236,occlusion,low,0.029797127470374107,0.8337039947509766,27.069990158081055,0.028277292847633362,0.05092834681272507,0.02008812315762043,0.9007062911987305
237,blur,high,0.044782206416130066,0.8034172058105469,24.07108497619629,0.10573612153530121,0.012629378587007523,0.8537800312042236,0.027854491025209427
238,blur,high,0.07048717141151428,0.6400806903839111,21.02958869934082,0.11001138389110565,0.013182714581489563,0.8476887941360474,0.029117127880454063
239,clean,none,0.007350600324571133,0.9969309568405151,40.016517639160156,0.8953719139099121,0.024240724742412567,0.03869639337062836,0.041690971702337265
240,clean,none,0.005553834140300751,0.997098445892334,42.23257064819336,0.8787451982498169,0.02962736040353775,0.03984679654240608,0.05178069323301315
241,blur,medium,0.06234229728579521,0.7740060687065125,21.916927337646484,0.11478205770254135,0.01133466325700283,0.8497143983840942,0.024168958887457848
242,occlusion,low,0.07002883404493332,0.6838594675064087,19.552095413208008,0.10519015789031982,0.10011645406484604,0.01956164464354515,0.7751316428184509
243,occlusion,medium,0.05799684673547745,0.6849462389945984,21.6319580078125,0.0007842641789466143,0.018835287541151047,0.0015858481638133526,0.9787945747375488
244,blur,low,0.06654462218284607,0.7998762130737305,21.626182556152344,0.2322453111410141,0.015312612988054752,0.7240626811981201,0.028379373252391815
245,salt_pepper,low,0.06632483750581741,0.8286132216453552,20.777687072753906,0.0479838028550148,0.8333454132080078,0.07742694020271301,0.041243862360715866
246,blur,medium,0.060942988842725754,0.6920391321182251,21.41288948059082,0.1173829510807991,0.015010171569883823,0.8358089327812195,0.03179793804883957
247,blur,low,0.07401932775974274,0.760820746421814,19.926105499267578,0.18613553047180176,0.01773371919989586,0.7636123299598694,0.03251847252249718
248,salt_pepper,high,0.04576515778899193,0.8368711471557617,23.656234741210938,0.034090325236320496,0.8842158317565918,0.05762672424316406,0.024067090824246407
249,salt_pepper,low,0.0566745363175869,0.8291807174682617,21.93775177001953,0.049481868743896484,0.8255886435508728,0.0836963877081871,0.04123309254646301
250,salt_pepper,medium,0.06307999789714813,0.7690169215202332,22.25551414489746,0.03625684604048729,0.8716886043548584,0.06440454721450806,0.02764996327459812
251,occlusion,medium,0.06429820507764816,0.7575513124465942,20.385828018188477,0.0022928586695343256,0.019858475774526596,0.002197741763666272,0.97565096616745
252,occlusion,high,0.07768568396568298,0.5769016146659851,18.68562126159668,3.4367520129308105e-05,0.004967423155903816,9.330156171927229e-05,0.9949049949645996
253,salt_pepper,high,0.06959113478660583,0.8081802725791931,21.14591407775879,0.03534796088933945,0.8786641359329224,0.05910138040781021,0.026886504143476486
254,salt_pepper,low,0.07124856114387512,0.7230322360992432,20.62860679626465,0.07974888384342194,0.7635095715522766,0.10057872533798218,0.05616272985935211
255,clean,none,0.008835207670927048,0.9960722923278809,38.333927154541016,0.8523613810539246,0.03645269572734833,0.04938077926635742,0.061805251985788345
256,salt_pepper,medium,0.04295976087450981,0.8242578506469727,24.578685760498047,0.03708624839782715,0.8695582747459412,0.06349707394838333,0.02985834702849388
257,clean,none,0.00955897942185402,0.9927069544792175,38.16385269165039,0.8367522954940796,0.028598522767424583,0.07392114400863647,0.060728058218955994
258,clean,none,0.008419044315814972,0.9940074682235718,38.91050338745117,0.8512017130851746,0.035473983734846115,0.0540836900472641,0.05924064666032791
259,salt_pepper,low,0.043299585580825806,0.7984880208969116,24.87116050720215,0.04882105067372322,0.8274781703948975,0.0820268914103508,0.041673798114061356
260,clean,none,0.0068597691133618355,0.9948921203613281,40.37579345703125,0.8349606394767761,0.02961622178554535,0.08061473816633224,0.05480846390128136
261,salt_pepper,low,0.056558556854724884,0.6270028352737427,22.536224365234375,0.038472894579172134,0.8414227366447449,0.07953504472970963,0.040569283068180084
262,occlusion,low,0.05868932604789734,0.7746660113334656,21.52801513671875,0.06347095221281052,0.07453553378582001,0.01322183571755886,0.8487716317176819
263,clean,none,0.010418979451060295,0.9931687712669373,36.80944061279297,0.8255892992019653,0.05316205322742462,0.043275073170661926,0.07797356694936752
264,salt_pepper,low,0.10544811934232712,0.7459677457809448,16.541717529296875,0.05267583578824997,0.8157562017440796,0.08645042032003403,0.045117512345314026
265,clean,none,0.013241015374660492,0.9875750541687012,34.31425476074219,0.6937946677207947,0.03649197146296501,0.19608856737613678,0.07362479716539383
266,salt_pepper,low,0.03075542114675045,0.9550554752349854,28.046892166137695,0.02375129610300064,0.8870449066162109,0.06150065362453461,0.027703095227479935
267,clean,none,0.010565180331468582,0.9957213401794434,36.96617889404297,0.8602728247642517,0.02848185785114765,0.05405215919017792,0.05719316378235817
268,occlusion,medium,0.06801529973745346,0.5647138953208923,20.657230377197266,0.000658032251521945,0.017392311245203018,0.0011855362681671977,0.9807641506195068
269,occlusion,high,0.053782641887664795,0.6071872115135193,20.79320526123047,2.4426024538115598e-05,0.0024493534583598375,6.8236819060985e-05,0.9974580407142639
270,blur,low,0.08180218189954758,0.7592053413391113,19.121152877807617,0.18786853551864624,0.018099211156368256,0.7613220810890198,0.03271017223596573
271,blur,low,0.06407308578491211,0.8117911219596863,21.182659149169922,0.14392581582069397,0.013766726478934288,0.8156535625457764,0.02665388025343418
272,blur,low,0.06295803189277649,0.7672566175460815,21.84362030029297,0.23149915039539337,0.02161070890724659,0.7085514068603516,0.03833875432610512
273,blur,high,0.06136297434568405,0.7026523351669312,21.575613021850586,0.12124499678611755,0.014365505427122116,0.83379065990448,0.030598822981119156
274,blur,medium,0.05386725068092346,0.7946208715438843,23.139636993408203,0.11961375176906586,0.013144620694220066,0.8392768502235413,0.027964774519205093
275,occlusion,low,0.03819607198238373,0.8097114562988281,25.325716018676758,0.048149224370718,0.054873909801244736,0.026439262554049492,0.8705375790596008
276,clean,none,0.0051451316103339195,0.9980232119560242,43.455772399902344,0.9188278317451477,0.03027750551700592,0.015071210451424122,0.03582343831658363
277,salt_pepper,low,0.06041799113154411,0.7993738651275635,22.224258422851562,0.03971849009394646,0.8442344069480896,0.07832999527454376,0.03771709278225899
278,salt_pepper,high,0.03297055885195732,0.8195977210998535,26.65099334716797,0.03166176751255989,0.888458251953125,0.05673579126596451,0.02314421720802784
279,salt_pepper,low,0.06924152374267578,0.7762883901596069,20.0401668548584,0.029800809919834137,0.8628976941108704,0.072084940969944,0.035216543823480606
280,blur,high,0.06505392491817474,0.776180624961853,19.949155807495117,0.12977634370326996,0.017513757571578026,0.8138244152069092,0.038885507732629776
281,salt_pepper,medium,0.05788902938365936,0.7803144454956055,21.883581161499023,0.02873285859823227,0.8857293725013733,0.06162061169743538,0.023917166516184807
282,clean,none,0.007071463391184807,0.9962984323501587,40.30681228637695,0.8476437330245972,0.03636786714196205,0.05654605105519295,0.059442393481731415
283,clean,none,0.009231114760041237,0.9923083782196045,38.25422668457031,0.7767665982246399,0.02705005370080471,0.14365984499454498,0.05252348259091377
284,occlusion,medium,0.04818422719836235,0.7724337577819824,21.5072078704834,0.0004349172522779554,0.00905914418399334,0.0007850615074858069,0.98972088098526
285,clean,none,0.007599873002618551,0.9956204295158386,39.68024444580078,0.8683531284332275,0.028742894530296326,0.0505654513835907,0.052338484674692154
286,salt_pepper,medium,0.062351044267416,0.7978083491325378,21.423545837402344,0.029935473576188087,0.8850529789924622,0.060587991029024124,0.02442360855638981
287,salt_pepper,low,0.05015919730067253,0.8283350467681885,19.67798614501953,0.04118221625685692,0.8399591445922852,0.08508402854204178,0.03377470001578331
288,blur,medium,0.03199397027492523,0.8480533361434937,27.333919525146484,0.1124323382973671,0.013386855833232403,0.8465964198112488,0.027584390714764595
289,occlusion,low,0.03340159356594086,0.8622490763664246,25.487882614135742,0.0501432940363884,0.06478635221719742,0.0510767325758934,0.833993673324585
290,blur,medium,0.11874103546142578,0.6550712585449219,14.916706085205078,0.11892177164554596,0.011030704714357853,0.8469820022583008,0.02306547574698925
291,blur,low,0.0525803342461586,0.7790853381156921,22.703022003173828,0.301728755235672,0.02830750308930874,0.6125077605247498,0.05745596066117287
292,occlusion,low,0.05324120447039604,0.8229445815086365,21.360458374023438,0.1337009072303772,0.07513989508152008,0.017179490998387337,0.7739797234535217
293,salt_pepper,low,0.052886079996824265,0.7540878653526306,22.64187240600586,0.044655513018369675,0.843169629573822,0.0737011507153511,0.03847372159361839
294,blur,medium,0.09986737370491028,0.6851539611816406,17.462194442749023,0.11800053715705872,0.01190915610641241,0.8445802927017212,0.0255100317299366
295,occlusion,high,0.10388296097517014,0.4596337080001831,16.688621520996094,0.0008727090316824615,0.019125081598758698,0.0008621978922747076,0.9791399240493774
296,clean,none,0.013918711803853512,0.9920066595077515,33.973663330078125,0.8571551442146301,0.032855074852705,0.04725789278745651,0.06273183226585388
297,clean,none,0.030685683712363243,0.9445597529411316,27.599428176879883,0.36080965399742126,0.026142636314034462,0.5643764138221741,0.048671312630176544
298,clean,none,0.010254951193928719,0.9932116270065308,37.19669723510742,0.795021653175354,0.028225410729646683,0.1211809515953064,0.05557206645607948
299,salt_pepper,medium,0.0553339421749115,0.8244781494140625,23.01058578491211,0.03517799824476242,0.8748064041137695,0.06311321258544922,0.026902366429567337
300,clean,none,0.013725904747843742,0.9896573424339294,34.5555534362793,0.6304900050163269,0.03238753229379654,0.2667292356491089,0.07039321959018707
301,occlusion,medium,0.08416758477687836,0.7421028017997742,16.54289436340332,0.003936535678803921,0.024500945582985878,0.0023603339213877916,0.9692022204399109
302,salt_pepper,low,0.08527736365795135,0.8191671371459961,19.014636993408203,0.03737252578139305,0.847007155418396,0.07735791802406311,0.03826240450143814
303,blur,low,0.06620939075946808,0.7484768629074097,20.999860763549805,0.2004987746477127,0.015279512852430344,0.7566962838172913,0.027525439858436584
304,clean,none,0.004218374844640493,0.99622642993927,43.94280242919922,0.8977704048156738,0.02781822718679905,0.024411948397755623,0.04999936372041702
305,clean,none,0.005521124228835106,0.9949712753295898,42.722774505615234,0.8629583120346069,0.033742744475603104,0.04355810955166817,0.059740807861089706
306,salt_pepper,high,0.03385944291949272,0.853181004524231,26.03887176513672,0.019931156188249588,0.9272241592407227,0.03844774514436722,0.014396890997886658
307,salt_pepper,medium,0.08211677521467209,0.6907726526260376,18.563392639160156,0.0341549851000309,0.8741456270217896,0.06334630399942398,0.028353016823530197
308,salt_pepper,high,0.06934873014688492,0.643212616443634,20.78982925415039,0.04551396891474724,0.8555802702903748,0.0673007220029831,0.031604964286088943
309,blur,medium,0.03510826826095581,0.9174322485923767,25.80486297607422,0.11658132821321487,0.0121722761541605,0.8459341526031494,0.0253122728317976
310,blur,low,0.04036466032266617,0.7886459231376648,24.165512084960938,0.201954185962677,0.024498293176293373,0.7162938714027405,0.05725366249680519
311,salt_pepper,medium,0.05361120402812958,0.7767840623855591,22.38623046875,0.02722475677728653,0.8960080146789551,0.054602447897195816,0.022164760157465935
312,salt_pepper,low,0.043720491230487823,0.8339518308639526,24.754867553710938,0.03505273908376694,0.8446864485740662,0.08037076145410538,0.03989012539386749
313,salt_pepper,low,0.03991314023733139,0.873184859752655,24.847307205200195,0.03200063481926918,0.85529625415802,0.0751696228981018,0.037533484399318695
314,clean,none,0.008369545452296734,0.996250569820404,39.00630569458008,0.7692378759384155,0.026606623083353043,0.13832347095012665,0.06583203375339508
315,occlusion,high,0.07304498553276062,0.6885589361190796,16.927581787109375,2.567561296018539e-06,0.0010375488782301545,1.5278312275768258e-05,0.9989445805549622
316,blur,low,0.08701808750629425,0.7990632057189941,19.507171630859375,0.17352859675884247,0.013355627655982971,0.7880076766014099,0.025108138099312782
317,salt_pepper,high,0.053510647267103195,0.7520675659179688,23.389331817626953,0.04392632469534874,0.8547229766845703,0.06993120908737183,0.031419482082128525
318,salt_pepper,medium,0.06870860606431961,0.8539020419120789,18.217432022094727,0.02381133660674095,0.9030678272247314,0.05256336182355881,0.020557532086968422
319,occlusion,low,0.04855446517467499,0.7940573692321777,22.41030502319336,0.03677748516201973,0.052911389619112015,0.031935375183820724,0.878375768661499
320,clean,none,0.008059808984398842,0.9949796199798584,39.748046875,0.8477689027786255,0.028662145137786865,0.06291427463293076,0.06065470352768898
321,blur,high,0.04941723868250847,0.7785370349884033,23.20063591003418,0.11027931421995163,0.012086508795619011,0.8516127467155457,0.026021400466561317
322,salt_pepper,high,0.05840960144996643,0.72078937292099,21.644264221191406,0.02814304828643799,0.903078556060791,0.04914979636669159,0.019628584384918213
323,blur,medium,0.09879320114850998,0.5996633768081665,18.38517951965332,0.1011577919125557,0.010584643110632896,0.8648694157600403,0.02338823676109314
324,salt_pepper,medium,0.05855407565832138,0.7955133318901062,21.989883422851562,0.032619573175907135,0.8785753846168518,0.062431320548057556,0.026373693719506264
325,blur,low,0.05226772278547287,0.7374266386032104,23.002721786499023,0.18979747593402863,0.018376586958765984,0.7571239471435547,0.03470196574926376
326,salt_pepper,low,0.062158189713954926,0.7761067748069763,21.792816162109375,0.05751906707882881,0.8096323609352112,0.087630994617939,0.045217595994472504
327,clean,none,0.007356290705502033,0.9952394366264343,40.11845397949219,0.8364507555961609,0.029447082430124283,0.06826405227184296,0.06583813577890396
328,blur,high,0.04010464996099472,0.8235375285148621,25.15150260925293,0.10960902273654938,0.01044244971126318,0.8572338819503784,0.022714577615261078
329,salt_pepper,medium,0.09713240712881088,0.695358157157898,17.824981689453125,0.03226405754685402,0.8843438625335693,0.05852602422237396,0.024866074323654175
330,clean,none,0.01087015401571989,0.9928702116012573,36.70173645019531,0.7872890830039978,0.031118622049689293,0.11674154549837112,0.06485071778297424
331,clean,none,0.005781154613941908,0.9959193468093872,42.2623291015625,0.8665937781333923,0.028553133830428123,0.051455818116664886,0.053397271782159805
332,salt_pepper,high,0.05301452800631523,0.8383915424346924,22.594322204589844,0.03291093185544014,0.8857812285423279,0.05802597478032112,0.02328190766274929
333,clean,none,0.0075331032276153564,0.996027946472168,39.33125305175781,0.8618789911270142,0.030376223847270012,0.04556777700781822,0.062176961451768875
334,occlusion,medium,0.06936948001384735,0.7089543342590332,19.59514045715332,0.00014430424198508263,0.007029330357909203,0.0004586368741001934,0.992367684841156
335,occlusion,high,0.08260704576969147,0.6556751728057861,16.489463806152344,1.3391247193794698e-05,0.0019147972343489528,7.828977686585858e-05,0.9979934692382812
336,salt_pepper,medium,0.1148788332939148,0.5836827158927917,17.05597686767578,0.059127483516931534,0.8137701749801636,0.08394525945186615,0.04315706342458725
337,blur,high,0.06609034538269043,0.7175301313400269,21.102563858032227,0.11192286014556885,0.013300681486725807,0.8458960056304932,0.02888047695159912
338,occlusion,low,0.03765702620148659,0.7114989161491394,25.58788299560547,0.024844791740179062,0.05246594175696373,0.009200641885399818,0.9134886264801025
339,blur,medium,0.04393010959029198,0.817895770072937,24.637556076049805,0.12241603434085846,0.01526146661490202,0.8306078910827637,0.0317145399749279
340,occlusion,medium,0.0669461116194725,0.6854462027549744,19.411649703979492,0.0010278526460751891,0.016783883795142174,0.0014684845227748156,0.9807198643684387
341,salt_pepper,low,0.062415312975645065,0.7296335101127625,22.176895141601562,0.05424381420016289,0.8235393166542053,0.08064419776201248,0.041572656482458115
342,salt_pepper,medium,0.0320536307990551,0.7906632423400879,26.17926788330078,0.017254093661904335,0.9315383434295654,0.03777063637971878,0.013436948880553246
343,blur,high,0.05184618756175041,0.765578031539917,22.949705123901367,0.11846905201673508,0.011060266755521297,0.8467190265655518,0.023751623928546906
344,clean,none,0.003626724239438772,0.9988448619842529,45.803138732910156,0.899428129196167,0.021617814898490906,0.03583294898271561,0.043121110647916794
345,clean,none,0.009174554608762264,0.9933125376701355,38.70075988769531,0.8400703072547913,0.03069472312927246,0.06817881762981415,0.06105608865618706
346,occlusion,high,0.07357063889503479,0.6364243030548096,18.745445251464844,8.879826054908335e-06,0.0013306947657838464,4.558842192636803e-05,0.9986147880554199
347,blur,low,0.06210266798734665,0.7846173048019409,21.030921936035156,0.19260311126708984,0.01862775906920433,0.7541682124137878,0.0346008725464344
348,clean,none,0.005463857203722,0.9965405464172363,42.21861267089844,0.8543012738227844,0.02621050365269184,0.0677080824971199,0.05178016424179077
349,blur,medium,0.06499481946229935,0.7672807574272156,21.482677459716797,0.11511900275945663,0.012230068445205688,0.8471314907073975,0.025519374758005142
350,clean,none,0.006532060913741589,0.9959365725517273,41.3642692565918,0.8260006904602051,0.0311267226934433,0.07489597052335739,0.06797659397125244
351,occlusion,medium,0.06878441572189331,0.6702353358268738,19.035451889038086,0.0033943383023142815,0.03462995961308479,0.004289630800485611,0.9576860666275024
352,salt_pepper,medium,0.04477328062057495,0.8353752493858337,24.380565643310547,0.0343327634036541,0.8759874105453491,0.06340892612934113,0.026270976290106773
353,salt_pepper,high,0.0586625300347805,0.7632193565368652,21.95907211303711,0.037640489637851715,0.8737699389457703,0.06190476939082146,0.02668483555316925
354,blur,low,0.05905964970588684,0.8105299472808838,22.86949348449707,0.15141548216342926,0.01750624179840088,0.7950353622436523,0.036042939871549606
355,clean,none,0.011448248289525509,0.9895826578140259,36.052040100097656,0.8720933198928833,0.029614657163619995,0.04457443952560425,0.05371750518679619
356,clean,none,0.019770681858062744,0.98161780834198,32.18729019165039,0.7348154187202454,0.03316012769937515,0.14807459712028503,0.08394979685544968
357,occlusion,low,0.04483411833643913,0.8341474533081055,21.033329010009766,0.48900672793388367,0.07347624748945236,0.05570705980062485,0.3818099796772003
358,clean,none,0.005188530310988426,0.9974511861801147,42.87067794799805,0.8923619985580444,0.025037068873643875,0.03373919054865837,0.04886171966791153
359,blur,medium,0.08920513093471527,0.8212611079216003,18.306713104248047,0.11703808605670929,0.010070264339447021,0.8523308634757996,0.02056078240275383
360,salt_pepper,medium,0.040991079062223434,0.8329534530639648,24.625179290771484,0.03782077878713608,0.8685591220855713,0.0656789243221283,0.027941174805164337
361,blur,medium,0.06322136521339417,0.7606834769248962,21.229001998901367,0.10902730375528336,0.013781697489321232,0.8471408486366272,0.03005012311041355
362,occlusion,low,0.047268643975257874,0.8769631385803223,21.37131690979004,0.008441933430731297,0.032080963253974915,0.021700920537114143,0.9377762079238892
363,occlusion,low,0.06452424824237823,0.6240565776824951,20.324493408203125,0.029543094336986542,0.04772913455963135,0.019617309793829918,0.9031104445457458
364,salt_pepper,high,0.032194748520851135,0.8529931902885437,26.89826202392578,0.02795751765370369,0.9030337333679199,0.04948700964450836,0.01952180080115795
365,occlusion,low,0.06959553807973862,0.7132615447044373,19.951683044433594,0.028727594763040543,0.05497976392507553,0.010109235532581806,0.9061834216117859
366,salt_pepper,high,0.10538415610790253,0.7400708198547363,16.831741333007812,0.03897283598780632,0.8673193454742432,0.06540539860725403,0.02830233797430992
367,blur,medium,0.047257453203201294,0.8247901797294617,23.87872314453125,0.11656352877616882,0.010883253067731857,0.8494020700454712,0.023151161149144173
368,occlusion,medium,0.046662479639053345,0.7980284094810486,21.84149742126465,0.0011144868331030011,0.013747201301157475,0.0017143856966868043,0.9834239482879639
369,occlusion,high,0.1185891255736351,0.5102810859680176,16.502763748168945,1.1057916708523408e-05,0.0017776956083253026,3.2849940907908604e-05,0.9981783628463745
370,clean,none,0.02915237471461296,0.9678394198417664,28.962928771972656,0.6918360590934753,0.027870340272784233,0.22499880194664001,0.055294737219810486
371,occlusion,low,0.09883179515600204,0.496151864528656,18.015636444091797,0.036618564277887344,0.058591533452272415,0.019450904801487923,0.8853389620780945
372,occlusion,low,0.03199565038084984,0.8743647336959839,25.131668090820312,0.047399044036865234,0.06789486110210419,0.05372488498687744,0.8309811949729919
373,occlusion,high,0.08776766061782837,0.5728864669799805,17.005695343017578,2.508351462893188e-05,0.002135529648512602,4.926527981297113e-05,0.9977900981903076
374,occlusion,low,0.07187508791685104,0.6399168372154236,20.367778778076172,0.0827292799949646,0.07127352803945541,0.02438548393547535,0.8216117024421692
375,salt_pepper,high,0.0378861241042614,0.8190101981163025,25.052001953125,0.02089190110564232,0.9227046370506287,0.04079768806695938,0.015605807304382324
376,occlusion,low,0.07286658883094788,0.7804058790206909,19.543479919433594,0.046051204204559326,0.07248701900243759,0.024977626278996468,0.8564841747283936
377,blur,high,0.057657137513160706,0.8285011053085327,21.876794815063477,0.11767584830522537,0.010825185105204582,0.8483895659446716,0.023109305649995804
378,salt_pepper,high,0.05863608047366142,0.7888543605804443,22.06946563720703,0.03244665265083313,0.8884493112564087,0.056440092623233795,0.022663895040750504
379,blur,low,0.030250510200858116,0.8978770971298218,27.13479232788086,0.14523108303546906,0.013019809499382973,0.8162353038787842,0.0255137886852026
380,salt_pepper,medium,0.051730066537857056,0.8081192374229431,23.220211029052734,0.03604038059711456,0.8748250603675842,0.06258367747068405,0.02655094861984253
381,salt_pepper,medium,0.039558734744787216,0.8040663599967957,25.476451873779297,0.02639796771109104,0.9033737182617188,0.050150491297245026,0.020077813416719437
382,occlusion,low,0.0425163172185421,0.8420733213424683,23.743295669555664,0.07931479066610336,0.07080908119678497,0.033843912184238434,0.8160322308540344
383,clean,none,0.008990509435534477,0.9962825775146484,38.087127685546875,0.8195693492889404,0.03379250690340996,0.07093833386898041,0.0756998360157013
384,occlusion,low,0.028096787631511688,0.8928879499435425,25.94989585876465,0.009405550546944141,0.043079398572444916,0.006143843289464712,0.9413712024688721
385,occlusion,low,0.06636472046375275,0.7636374831199646,20.369094848632812,0.025575950741767883,0.058248382061719894,0.018877267837524414,0.8972983360290527
386,clean,none,0.007578272372484207,0.9902045130729675,39.74857711791992,0.7371758818626404,0.03415048494935036,0.15629614889621735,0.0723775252699852
387,clean,none,0.006876979023218155,0.9965085387229919,39.134185791015625,0.8815296292304993,0.03294641152024269,0.033238232135772705,0.05228566378355026
388,clean,none,0.010714019648730755,0.9939812421798706,36.68669891357422,0.8181322813034058,0.024177923798561096,0.11055941134691238,0.047130368649959564
389,blur,high,0.06298710405826569,0.6377811431884766,21.310256958007812,0.11614064872264862,0.0120847774669528,0.8461589813232422,0.025615554302930832
390,clean,none,0.008128590881824493,0.9929065704345703,39.58757019042969,0.8400810956954956,0.028153523802757263,0.07135921716690063,0.060406070202589035
391,blur,low,0.04487374424934387,0.7207332849502563,24.823410034179688,0.17086271941661835,0.013680463656783104,0.7900011539459229,0.025455612689256668
392,salt_pepper,high,0.05606186389923096,0.7330919504165649,22.629396438598633,0.038568153977394104,0.8717968463897705,0.06220325827598572,0.027431771159172058
393,clean,none,0.019471749663352966,0.9782693386077881,32.174346923828125,0.6770868897438049,0.031015079468488693,0.22709718346595764,0.06480082124471664
394,salt_pepper,high,0.043633632361888885,0.8616231679916382,24.690582275390625,0.032173339277505875,0.889784574508667,0.0554119274020195,0.02263014391064644
395,occlusion,low,0.022963467985391617,0.8992332220077515,26.64065933227539,0.3145308196544647,0.0777672678232193,0.09114239364862442,0.5165594816207886
396,occlusion,medium,0.07665231823921204,0.6532976627349854,19.13237953186035,0.05725536867976189,0.07307293266057968,0.00817760732024908,0.8614940643310547
397,blur,high,0.0675157830119133,0.6742628812789917,21.20492935180664,0.10913493484258652,0.01208522729575634,0.8523048162460327,0.026475030928850174
398,occlusion,high,0.07977556437253952,0.6450879573822021,17.274320602416992,0.0009451199439354241,0.00992418359965086,0.0010450012050569057,0.9880856275558472
399,occlusion,medium,0.05605435371398926,0.7532333135604858,21.292688369750977,0.0006962071638554335,0.009837252087891102,0.0009991431143134832,0.988467276096344
400,clean,none,0.017081469297409058,0.9814512133598328,32.03742599487305,0.6210461258888245,0.0635015070438385,0.15397250652313232,0.1614798605442047
401,blur,low,0.05436860769987106,0.7756316065788269,23.104785919189453,0.2027752548456192,0.015501709654927254,0.752963662147522,0.028759345412254333
402,blur,medium,0.04279066249728203,0.8857309222221375,24.676074981689453,0.11806333810091019,0.01390820275992155,0.8389800190925598,0.029048383235931396
403,salt_pepper,high,0.04144483432173729,0.9007923603057861,25.889558792114258,0.02792433463037014,0.9027605652809143,0.04949498549103737,0.019820092245936394
404,salt_pepper,low,0.12169221043586731,0.8793875575065613,17.518999099731445,0.03696624934673309,0.8557828664779663,0.0739375501871109,0.03331334516406059
405,occlusion,medium,0.05112137645483017,0.7777999639511108,21.10962677001953,0.00846499390900135,0.04720233753323555,0.01395771186798811,0.9303749203681946
406,blur,high,0.060464754700660706,0.6271668672561646,21.769725799560547,0.1180759072303772,0.01252977829426527,0.8428143858909607,0.026580022647976875
407,blur,high,0.05699789151549339,0.7227878570556641,21.850107192993164,0.11925025284290314,0.014043574221432209,0.837178647518158,0.029527483507990837
408,clean,none,0.006328798830509186,0.9969555735588074,41.079288482666016,0.8577319383621216,0.0237403754144907,0.06927042454481125,0.04925723001360893
409,blur,medium,0.03522741049528122,0.9147480726242065,26.634727478027344,0.11683584749698639,0.01043168269097805,0.8508462309837341,0.021886292845010757
410,blur,high,0.050837911665439606,0.8310355544090271,22.778240203857422,0.11621573567390442,0.012907802127301693,0.8434967994689941,0.02737957425415516
411,clean,none,0.009108125232160091,0.9950844645500183,37.41321563720703,0.774904191493988,0.04153922200202942,0.04560251161456108,0.13795413076877594
412,occlusion,high,0.1139376163482666,0.609639585018158,14.62104320526123,0.0010905658127740026,0.013076101429760456,0.0013192059705033898,0.984514057636261
413,salt_pepper,medium,0.10887359082698822,0.7119459509849548,15.624187469482422,0.034188587218523026,0.873357355594635,0.0656859502196312,0.026768097653985023
414,clean,none,0.035559676587581635,0.9559089541435242,26.950502395629883,0.7353010177612305,0.03681511804461479,0.15511123836040497,0.07277263700962067
415,clean,none,0.008792228065431118,0.9954935908317566,39.106353759765625,0.884986400604248,0.03094056248664856,0.03268229588866234,0.051390744745731354
416,blur,low,0.033877529203891754,0.9097495079040527,27.047298431396484,0.14488737285137177,0.013484107330441475,0.8153136968612671,0.026314755901694298
417,blur,low,0.04054264351725578,0.8715025782585144,24.69613265991211,0.16320008039474487,0.011857349425554276,0.8027753233909607,0.022167185321450233
418,occlusion,medium,0.05579899996519089,0.7564339637756348,19.674407958984375,0.04896072298288345,0.05714370310306549,0.00881443452090025,0.8850811719894409
419,clean,none,0.0052517554722726345,0.9959003925323486,42.16108322143555,0.8289566040039062,0.026030363515019417,0.08200524747371674,0.06300779432058334
420,salt_pepper,high,0.07938285171985626,0.7830528020858765,18.916818618774414,0.03957565873861313,0.8671425580978394,0.06442936509847641,0.028852451592683792
421,clean,none,0.0062540313228964806,0.9977458715438843,42.1810302734375,0.9016822576522827,0.02357376180589199,0.027975626289844513,0.04676841199398041
422,salt_pepper,high,0.09189506620168686,0.6188497543334961,18.72837257385254,0.04805364832282066,0.8471890091896057,0.0684099867939949,0.03634744882583618
423,clean,none,0.02703266404569149,0.9696643352508545,29.223770141601562,0.4145510494709015,0.03243856877088547,0.48220643401145935,0.07080400735139847
424,clean,none,0.008573818951845169,0.9948329925537109,39.278770446777344,0.8842677474021912,0.03245031088590622,0.028990358114242554,0.05429154261946678
425,occlusion,medium,0.053547587245702744,0.7916433215141296,22.40469741821289,0.0024575081188231707,0.03470035642385483,0.0029557631351053715,0.9598864316940308
426,blur,medium,0.036064643412828445,0.8828366994857788,25.799373626708984,0.11527285724878311,0.013997540809214115,0.8377418518066406,0.032987792044878006
427,salt_pepper,low,0.1109938845038414,0.6877018213272095,15.65070629119873,0.047898609191179276,0.8328978419303894,0.0780281201004982,0.04117541015148163
428,salt_pepper,low,0.058091696351766586,0.8078036308288574,22.109525680541992,0.03745371103286743,0.8447504043579102,0.08060946315526962,0.03718649595975876
429,salt_pepper,high,0.05165301263332367,0.7665874361991882,22.69702911376953,0.01940963603556156,0.9285116791725159,0.037936020642519,0.01414275448769331
430,blur,high,0.08232460170984268,0.7099329233169556,18.58066177368164,0.11558057367801666,0.012331421487033367,0.8458583950996399,0.02622954733669758
431,occlusion,medium,0.0816134363412857,0.7315897941589355,17.031644821166992,0.0003037870046682656,0.007773668505251408,0.0005084270960651338,0.9914141297340393
432,blur,medium,0.03250967711210251,0.8485420942306519,26.409013748168945,0.11933465301990509,0.013608169741928577,0.8379262685775757,0.029130844399333
433,salt_pepper,medium,0.057191453874111176,0.8723596334457397,22.285106658935547,0.02773989550769329,0.8970227837562561,0.05330846086144447,0.021928837522864342
434,salt_pepper,low,0.06769604235887527,0.7006477117538452,20.905696868896484,0.059593360871076584,0.8066902160644531,0.08525645732879639,0.04845995455980301
435,salt_pepper,medium,0.06951309740543365,0.751653790473938,20.738628387451172,0.03689663112163544,0.8655351400375366,0.06770534068346024,0.02986293099820614
436,clean,none,0.008667146787047386,0.9956647753715515,38.83241653442383,0.8290296792984009,0.029639411717653275,0.08119271695613861,0.060138195753097534
437,salt_pepper,medium,0.10416954010725021,0.6171537041664124,17.718687057495117,0.0794760137796402,0.7693629264831543,0.09218796342611313,0.05897309631109238
438,occlusion,high,0.07496489584445953,0.7012126445770264,17.47528839111328,1.2673465334955836e-06,0.0006276694475673139,7.310994988074526e-06,0.9993637204170227
439,blur,low,0.04898333549499512,0.861457347869873,23.130199432373047,0.164076566696167,0.01951470784842968,0.7788768410682678,0.03753183037042618
440,occlusion,low,0.06788501143455505,0.642035722732544,20.13558578491211,0.07832365483045578,0.07845893502235413,0.014842681586742401,0.8283747434616089
441,occlusion,low,0.05046194791793823,0.8361732959747314,19.70477294921875,0.09280168265104294,0.0767645388841629,0.019147485494613647,0.811286211013794
442,blur,high,0.07925835251808167,0.7266201972961426,19.69219207763672,0.11851900815963745,0.011623330414295197,0.8457894921302795,0.024068107828497887
443,blur,low,0.04143517464399338,0.6760976314544678,24.389429092407227,0.3136954605579376,0.019126590341329575,0.6332902312278748,0.03388774022459984
444,blur,high,0.06815239787101746,0.7994488477706909,21.283061981201172,0.1173083633184433,0.013699404895305634,0.840469479560852,0.028522783890366554
445,clean,none,0.03312298655509949,0.9505070447921753,27.744874954223633,0.6740159392356873,0.03149654343724251,0.23107114434242249,0.06341640651226044
446,salt_pepper,low,0.10563892126083374,0.49642354249954224,18.35687255859375,0.03888166695833206,0.8426933884620667,0.07937882840633392,0.039046067744493484
447,blur,low,0.04375951737165451,0.7527562975883484,24.677146911621094,0.16714932024478912,0.017260266467928886,0.7824923396110535,0.03309808671474457
448,clean,none,0.009991984814405441,0.9948291778564453,37.57413864135742,0.8809223771095276,0.04544917866587639,0.013075455091893673,0.06055300682783127
449,blur,low,0.03311987966299057,0.8832387924194336,27.18846893310547,0.16340988874435425,0.016129616647958755,0.789951503276825,0.03050895594060421
450,clean,none,0.005118449684232473,0.9960010051727295,42.87969207763672,0.8625031113624573,0.030780980363488197,0.04838256910443306,0.058333393186330795
451,clean,none,0.00747472932562232,0.9958826899528503,39.82728958129883,0.8798367977142334,0.032637327909469604,0.027777407318353653,0.059748388826847076
452,clean,none,0.007818829268217087,0.9949018359184265,39.57072067260742,0.8536465764045715,0.03820991516113281,0.04483708366751671,0.06330646574497223
453,salt_pepper,low,0.11605855077505112,0.6531322002410889,16.536022186279297,0.21904857456684113,0.6174120306968689,0.08020759373903275,0.0833318680524826
454,clean,none,0.006478962954133749,0.9974080920219421,41.02792739868164,0.8832741379737854,0.03282313421368599,0.030938314273953438,0.052964385598897934
455,clean,none,0.007201619446277618,0.9890491366386414,38.29764938354492,0.7906715273857117,0.03922085091471672,0.024224305525422096,0.14588336646556854
456,clean,none,0.02229396067559719,0.9673093557357788,30.024860382080078,0.5996345281600952,0.03550837188959122,0.2957794964313507,0.06907756626605988
457,salt_pepper,high,0.09221941232681274,0.7538067698478699,18.467824935913086,0.039828307926654816,0.8666725754737854,0.0650281310081482,0.028470950201153755
458,blur,medium,0.04363848268985748,0.8648446798324585,23.700054168701172,0.12013168632984161,0.011171720921993256,0.8457446694374084,0.022951900959014893
459,blur,high,0.03444797918200493,0.8721989989280701,27.20494270324707,0.11964239925146103,0.01372538786381483,0.8376431465148926,0.028989112004637718
460,occlusion,high,0.07482771575450897,0.6309992074966431,18.61726951599121,3.103688868577592e-05,0.0027853187639266253,7.39386523491703e-05,0.9971097111701965
461,salt_pepper,high,0.08706597983837128,0.705116868019104,19.070375442504883,0.04788213595747948,0.8460259437561035,0.07291893661022186,0.03317295014858246
462,occlusion,low,0.04636434465646744,0.832488477230072,21.402599334716797,0.3046532869338989,0.0769190788269043,0.10187926143407822,0.5165483355522156
463,blur,high,0.04258854314684868,0.854205846786499,22.541072845458984,0.11260642856359482,0.014653865247964859,0.8390282988548279,0.03371135890483856
464,occlusion,high,0.12267331779003143,0.40457701683044434,16.72028350830078,0.0001049350539688021,0.0046587795950472355,0.0007025707163847983,0.9945337772369385
465,occlusion,medium,0.06656873971223831,0.7475570440292358,18.75602912902832,0.0003486738132778555,0.00751824676990509,0.0004216467496007681,0.9917113780975342
466,clean,none,0.0072813089936971664,0.995039165019989,40.17864990234375,0.8300869464874268,0.027739545330405235,0.08874601870775223,0.05342753604054451
467,clean,none,0.014194203540682793,0.9861370325088501,34.6683349609375,0.6981298923492432,0.03317853808403015,0.1982440948486328,0.07044748216867447
468,occlusion,high,0.10155817121267319,0.5125321745872498,17.206859588623047,2.293644138262607e-05,0.003367086173966527,0.00010438419121783227,0.996505618095398
469,occlusion,medium,0.10330870002508163,0.5712529420852661,17.21956443786621,0.01628108322620392,0.03411906212568283,0.011800941079854965,0.9377988576889038
470,occlusion,medium,0.06061697006225586,0.7982776165008545,18.918352127075195,0.001305347541347146,0.0139401750639081,0.003880274249240756,0.980874240398407
471,blur,medium,0.051456891000270844,0.8315069675445557,22.900495529174805,0.11276295781135559,0.011356350965797901,0.8520834445953369,0.023797227069735527
472,blur,low,0.037897609174251556,0.7844882011413574,25.05017852783203,0.18873119354248047,0.01901182532310486,0.75752192735672,0.03473502770066261
473,salt_pepper,medium,0.04172518849372864,0.7696064710617065,24.6464900970459,0.045004673302173615,0.844092845916748,0.0765267089009285,0.03437576815485954
474,blur,medium,0.05348622426390648,0.8367346525192261,22.09579849243164,0.11711937189102173,0.01128359418362379,0.8474180102348328,0.024179037660360336
475,occlusion,low,0.07657164335250854,0.671709418296814,20.335643768310547,0.06461373716592789,0.06705112755298615,0.03854382410645485,0.8297913670539856
476,blur,high,0.04556757211685181,0.7749238014221191,24.306068420410156,0.11710307747125626,0.01081467792391777,0.8492595553398132,0.022822735831141472
477,occlusion,medium,0.04888066649436951,0.7653135657310486,20.877456665039062,0.00036469180486164987,0.007246546447277069,0.0007018367759883404,0.9916868805885315
478,blur,medium,0.03510582074522972,0.8784312009811401,26.496965408325195,0.11661210656166077,0.010658307932317257,0.8504082560539246,0.02232130616903305
479,occlusion,high,0.06539976596832275,0.6897661089897156,19.385732650756836,0.0002799342037178576,0.008283508010208607,0.00044438030454330146,0.9909921884536743
480,salt_pepper,high,0.0515441820025444,0.8308095932006836,22.83336639404297,0.04106451943516731,0.8628063797950745,0.0674353614449501,0.02869372069835663
481,occlusion,medium,0.052304357290267944,0.7914943099021912,22.895841598510742,0.01640632003545761,0.033740006387233734,0.007457809057086706,0.9423959255218506
482,occlusion,medium,0.04313376545906067,0.7983307838439941,23.63513946533203,0.00037136219907552004,0.00958372000604868,0.0008825998520478606,0.9891623258590698
483,clean,none,0.013766485266387463,0.9850112199783325,34.90911865234375,0.6643665432929993,0.0341307558119297,0.22148406505584717,0.08001864701509476
484,occlusion,medium,0.03524302691221237,0.8348811864852905,23.863365173339844,0.0008689603419043124,0.012624901719391346,0.0026315811555832624,0.9838745594024658
485,clean,none,0.00845248717814684,0.9953370094299316,37.783748626708984,0.8354030847549438,0.04461386427283287,0.062071673572063446,0.05791142210364342
486,salt_pepper,high,0.05356016382575035,0.8489054441452026,23.111286163330078,0.027082296088337898,0.9039256572723389,0.049544915556907654,0.01944713480770588
487,occlusion,low,0.04513513296842575,0.803834080696106,23.342731475830078,0.029644673690199852,0.05094774067401886,0.022910041734576225,0.8964975476264954
488,salt_pepper,low,0.07321152091026306,0.6581050157546997,20.61896514892578,0.10963252931833267,0.7169243693351746,0.1016082763671875,0.07183482497930527
489,clean,none,0.004321988206356764,0.9977741241455078,44.77973175048828,0.911293089389801,0.025021158158779144,0.01966230571269989,0.04402339085936546
490,clean,none,0.007233373820781708,0.9959475994110107,40.052635192871094,0.8160877823829651,0.028309423476457596,0.09589141607284546,0.059711307287216187
491,blur,medium,0.05081138014793396,0.7945147752761841,22.918865203857422,0.11683406680822372,0.013049939647316933,0.8421128988265991,0.02800312452018261
492,clean,none,0.008471794426441193,0.9950007200241089,39.464012145996094,0.8823817372322083,0.029334386810660362,0.0335201732814312,0.05476371943950653
493,clean,none,0.009126316756010056,0.9954509735107422,38.31039047241211,0.8197741508483887,0.027683380991220474,0.09997105598449707,0.0525713711977005
494,occlusion,medium,0.062465354800224304,0.7748987674713135,20.867021560668945,0.00036955313407815993,0.006607070565223694,0.0015940162120386958,0.9914293885231018
495,salt_pepper,high,0.04743484407663345,0.8123249411582947,24.035747528076172,0.04639608785510063,0.8468853831291199,0.0732988640666008,0.03341963142156601
496,occlusion,high,0.0851970911026001,0.4610862135887146,17.229501724243164,0.00047647644532844424,0.00892262626439333,0.0003772611962631345,0.9902237057685852
497,salt_pepper,medium,0.06205812096595764,0.8329017162322998,20.755149841308594,0.03736494481563568,0.8588666319847107,0.0713135153055191,0.03245490416884422
498,blur,low,0.05680428445339203,0.803831934928894,22.236040115356445,0.16270680725574493,0.011995936743915081,0.8030245304107666,0.022272683680057526
499,salt_pepper,high,0.06259630620479584,0.765479326248169,21.54142189025879,0.039621710777282715,0.8674215078353882,0.06517643481492996,0.02778027392923832
500,salt_pepper,high,0.06858976185321808,0.7652459144592285,20.641258239746094,0.03413156792521477,0.8818768858909607,0.059159763157367706,0.024831732735037804
501,occlusion,low,0.09753002226352692,0.6697142124176025,18.02846908569336,0.1608918309211731,0.0801776647567749,0.0494108609855175,0.709519624710083
502,occlusion,low,0.04848124831914902,0.7425486445426941,23.098941802978516,0.05341321974992752,0.054885800927877426,0.018750671297311783,0.8729503154754639
503,clean,none,0.008536392822861671,0.9938846826553345,38.65562057495117,0.8121628165245056,0.0263512022793293,0.10561161488294601,0.055874302983284
504,blur,high,0.03969283774495125,0.8493816256523132,24.376121520996094,0.12341233342885971,0.011077388189733028,0.8422910571098328,0.02321929670870304
505,clean,none,0.006701536010950804,0.995550811290741,40.57445526123047,0.8347589373588562,0.04360339418053627,0.047921981662511826,0.07371558994054794
506,salt_pepper,medium,0.0642399862408638,0.6576001048088074,20.38385009765625,0.037827108055353165,0.8626717329025269,0.06872326135635376,0.030777964740991592
507,clean,none,0.005072097759693861,0.9975506067276001,42.24089050292969,0.8684985637664795,0.028737705200910568,0.04146939516067505,0.061294350773096085
508,clean,none,0.008237631991505623,0.994989812374115,38.82647705078125,0.824124813079834,0.031837478280067444,0.07699812948703766,0.0670396164059639
509,salt_pepper,high,0.11279764771461487,0.6803109049797058,17.56344985961914,0.051903896033763885,0.8353627324104309,0.07739536464214325,0.035338032990694046
510,blur,low,0.035391032695770264,0.9234215617179871,26.678922653198242,0.1873469054698944,0.013440988957881927,0.7740873098373413,0.02512475848197937
511,blur,high,0.042961589992046356,0.8035964369773865,23.766252517700195,0.11459356546401978,0.01032751053571701,0.8533700704574585,0.021708834916353226
512,salt_pepper,high,0.05720563232898712,0.6480309367179871,22.232532501220703,0.039318688213825226,0.8691809773445129,0.06353739649057388,0.02796294167637825
513,blur,high,0.11686620116233826,0.49386924505233765,16.41350746154785,0.11081162095069885,0.012983963824808598,0.8480296730995178,0.028174737468361855
514,salt_pepper,high,0.036963656544685364,0.7573439478874207,26.199169158935547,0.03247268497943878,0.8896133303642273,0.0557815283536911,0.022132473066449165
515,blur,medium,0.05052575096487999,0.757533073425293,23.555103302001953,0.1186002641916275,0.010739484801888466,0.8481792211532593,0.022480998188257217
516,blur,medium,0.04090726748108864,0.8316933512687683,24.544910430908203,0.10744128376245499,0.014104342088103294,0.8453382253646851,0.03311615437269211
517,salt_pepper,high,0.08071896433830261,0.7662603259086609,18.98073959350586,0.038249604403972626,0.8716842532157898,0.06272630393505096,0.027339883148670197
518,occlusion,high,0.055982232093811035,0.6281814575195312,20.6404972076416,0.002093237591907382,0.016619322821497917,0.004559280816465616,0.9767281413078308
519,occlusion,medium,0.06005454063415527,0.669298529624939,21.29227066040039,0.0008203283068723977,0.01202346570789814,0.0010674907825887203,0.9860886931419373
520,occlusion,medium,0.05544007942080498,0.6567577123641968,21.623640060424805,0.0009892412927001715,0.020485693588852882,0.001981993205845356,0.976543128490448
521,occlusion,low,0.0484909825026989,0.8430943489074707,21.59241485595703,0.47620445489883423,0.10565517842769623,0.03978663310408592,0.3783537447452545
522,blur,low,0.05464008077979088,0.8646878004074097,22.86100196838379,0.15189975500106812,0.012761850841343403,0.8101897835731506,0.025148559361696243
523,occlusion,high,0.05937514826655388,0.6579833030700684,20.095935821533203,0.0007231640047393739,0.01210265327244997,0.0007164886919781566,0.9864577651023865
524,blur,medium,0.06887003779411316,0.5816771984100342,21.054893493652344,0.11427925527095795,0.012029636651277542,0.8480502963066101,0.02564084157347679
525,clean,none,0.010742833837866783,0.9943394660949707,37.084815979003906,0.8658657670021057,0.03156578913331032,0.04429084435105324,0.05827753245830536
526,occlusion,low,0.06124075874686241,0.7736352682113647,19.86452293395996,0.4060010612010956,0.0870986357331276,0.049961961805820465,0.45693835616111755
527,occlusion,high,0.04416870325803757,0.6785604357719421,24.028358459472656,0.00036372357863001525,0.005727473646402359,0.001514648669399321,0.9923940896987915
528,blur,medium,0.04829075187444687,0.7396485805511475,22.832815170288086,0.116291843354702,0.010650549083948135,0.8506579995155334,0.022399570792913437
529,salt_pepper,high,0.07253897190093994,0.7362157702445984,20.24419593811035,0.03563300892710686,0.8812323212623596,0.05732918158173561,0.025805452838540077
530,clean,none,0.006455196067690849,0.9979532957077026,41.28982162475586,0.8994754552841187,0.022854158654808998,0.03657766431570053,0.04109272360801697
531,occlusion,high,0.06727491319179535,0.577074408531189,20.1949520111084,0.0008128866902552545,0.012859504669904709,0.0007552456227131188,0.9855723977088928
532,occlusion,high,0.14814850687980652,0.44201570749282837,13.550281524658203,0.00015760725364089012,0.005485511384904385,0.00019241764675825834,0.9941645264625549
533,salt_pepper,medium,0.06771022081375122,0.7348321676254272,20.90531349182129,0.028591712936758995,0.8899309039115906,0.05764639377593994,0.023830929771065712
534,blur,low,0.057434797286987305,0.7777309417724609,22.29305076599121,0.17743653059005737,0.013827982358634472,0.7819699048995972,0.026765616610646248
535,salt_pepper,low,0.07311856001615524,0.7921242713928223,20.115652084350586,0.040080707520246506,0.8466669917106628,0.07686220854520798,0.03639012947678566
536,clean,none,0.007639686577022076,0.9946486353874207,39.49271774291992,0.8238822817802429,0.027362382039427757,0.09542681276798248,0.05332851782441139
537,salt_pepper,high,0.055786143988370895,0.7967235445976257,22.66277503967285,0.03733152523636818,0.8681793212890625,0.0661233514547348,0.02836584858596325
538,clean,none,0.00614831130951643,0.9970849752426147,40.95198059082031,0.8564085960388184,0.029317451640963554,0.05282341316342354,0.06145043671131134
539,clean,none,0.006820867769420147,0.9958057403564453,40.213905334472656,0.8136745095252991,0.024508554488420486,0.1162138283252716,0.04560316354036331
540,salt_pepper,high,0.0855085477232933,0.7382714152336121,19.24867820739746,0.04697813466191292,0.8488670587539673,0.07193491607904434,0.03221985697746277
541,occlusion,medium,0.0659254938364029,0.5532093048095703,20.460620880126953,0.001157459570094943,0.01693088747560978,0.001809329609386623,0.9801023602485657
542,salt_pepper,low,0.07965564727783203,0.6410965919494629,19.79633140563965,0.0826767310500145,0.7690284848213196,0.0902845710515976,0.05801022797822952
543,clean,none,0.005916374735534191,0.9971027374267578,42.015594482421875,0.8404395580291748,0.02565426006913185,0.06723157316446304,0.06667453795671463
544,blur,high,0.069832943379879,0.713566780090332,19.944459915161133,0.13187484443187714,0.011789548210799694,0.8311846256256104,0.0251509640365839
545,occlusion,medium,0.0737595185637474,0.661587119102478,19.301815032958984,0.0005643636686727405,0.01036639790982008,0.0008684351923875511,0.9882007837295532
546,salt_pepper,high,0.0659906268119812,0.7647062540054321,20.720672607421875,0.0356021448969841,0.8788838386535645,0.05966249108314514,0.025851547718048096
547,salt_pepper,medium,0.05920417234301567,0.7797760963439941,21.86866569519043,0.0330456979572773,0.8810747861862183,0.06079038977622986,0.025089209899306297
548,occlusion,high,0.10312670469284058,0.4914596974849701,16.389667510986328,8.919454558053985e-05,0.006594225764274597,0.0001299239374930039,0.9931865930557251
549,clean,none,0.013762243092060089,0.9930654764175415,35.20604705810547,0.7512192726135254,0.02890908531844616,0.16198284924030304,0.05788879469037056
550,blur,medium,0.03777364641427994,0.8076386451721191,25.544017791748047,0.12308811396360397,0.01471273135393858,0.8315219283103943,0.030677128583192825
551,blur,high,0.043458711355924606,0.8570423126220703,23.994606018066406,0.12628735601902008,0.011383411474525928,0.8384093046188354,0.023919856175780296
552,blur,medium,0.09668253362178802,0.7573730945587158,18.04108238220215,0.11168854683637619,0.010507186874747276,0.8551986813545227,0.022605570033192635
553,salt_pepper,high,0.05134350806474686,0.7968139052391052,23.696430206298828,0.03499956429004669,0.8795743584632874,0.060570042580366135,0.02485598623752594
554,occlusion,medium,0.04550204426050186,0.8281592726707458,22.976381301879883,0.00013279260019771755,0.005292512942105532,0.00019925787637475878,0.994375467300415
555,blur,high,0.08472566306591034,0.7057052850723267,17.583255767822266,0.11491940170526505,0.011224942281842232,0.8502077460289001,0.0236478541046381
556,occlusion,medium,0.08745261281728745,0.5036918520927429,18.716407775878906,0.0015045729232951999,0.019620107486844063,0.002258351305499673,0.9766170382499695
557,blur,medium,0.08287934958934784,0.825833261013031,18.770009994506836,0.11352735757827759,0.010633985511958599,0.8528931140899658,0.02294560894370079
558,occlusion,low,0.045155905187129974,0.7923436164855957,23.08344841003418,0.04231473058462143,0.05288542062044144,0.01015715766698122,0.8946426510810852
559,occlusion,low,0.034768424928188324,0.7994675636291504,25.274383544921875,0.05491529032588005,0.07606782764196396,0.024019943550229073,0.844996988773346
560,blur,high,0.03793661296367645,0.8315069675445557,25.534133911132812,0.11842765659093857,0.011000361293554306,0.8475125432014465,0.02305939607322216
561,clean,none,0.005471702199429274,0.9954938888549805,41.9078254699707,0.8172011971473694,0.03144828975200653,0.07742172479629517,0.07392872124910355
562,occlusion,medium,0.06241598725318909,0.8267698287963867,20.730579376220703,8.616561535745859e-05,0.005050679203122854,0.00025371339870616794,0.9946093559265137
563,salt_pepper,medium,0.032630544155836105,0.8262097239494324,26.729698181152344,0.02845161221921444,0.8917019963264465,0.05715275928378105,0.0226935762912035
564,occlusion,high,0.0996103510260582,0.5355582237243652,16.5043888092041,5.575018803938292e-05,0.006062725093215704,0.00016529943968635052,0.993716299533844
565,clean,none,0.01074468344449997,0.9930419921875,37.37075424194336,0.7534685730934143,0.025937510654330254,0.16176259517669678,0.05883136764168739
566,blur,low,0.0370485894382,0.8769692182540894,25.46055793762207,0.1751413494348526,0.013973730616271496,0.7831491231918335,0.027735721319913864
567,blur,high,0.039509378373622894,0.8486422300338745,25.60817527770996,0.11937011033296585,0.011223328299820423,0.8457770347595215,0.02362949401140213
568,clean,none,0.005530820693820715,0.9964949488639832,41.06837844848633,0.8745895028114319,0.024426167830824852,0.04294899106025696,0.058035366237163544
569,blur,high,0.05579494684934616,0.6770276427268982,22.545536041259766,0.11968978494405746,0.01139974407851696,0.8447250723838806,0.02418534830212593
570,blur,high,0.03126714378595352,0.850562572479248,25.723857879638672,0.11872657388448715,0.011037535965442657,0.847135603427887,0.023100342601537704
571,clean,none,0.004778011702001095,0.9976164698600769,43.7332763671875,0.8609161972999573,0.02986226975917816,0.04344679042696953,0.06577466428279877
572,salt_pepper,medium,0.044234536588191986,0.6994601488113403,24.22199249267578,0.03989047929644585,0.863990843296051,0.06652563065290451,0.029592998325824738
573,blur,low,0.053329288959503174,0.7978307008743286,23.021852493286133,0.19030405580997467,0.017317214980721474,0.7615768313407898,0.030801914632320404
574,blur,high,0.0644492357969284,0.7494906187057495,20.329866409301758,0.11557865142822266,0.014306445606052876,0.8385794758796692,0.03153545781970024
575,clean,none,0.013364906422793865,0.9787992835044861,35.15115737915039,0.8574889898300171,0.03414028137922287,0.04392160475254059,0.06444920599460602
576,salt_pepper,high,0.03076530620455742,0.8151922225952148,27.383880615234375,0.02112237736582756,0.9249976873397827,0.03912121802568436,0.014758776873350143
577,clean,none,0.004323074594140053,0.9964338541030884,44.184261322021484,0.8802148699760437,0.02675635926425457,0.043950606137514114,0.04907820001244545
578,clean,none,0.0037305611185729504,0.9981300830841064,45.87091064453125,0.9086364507675171,0.02389783039689064,0.024208705872297287,0.043256960809230804
579,blur,low,0.04909111186861992,0.8472821116447449,23.4986515045166,0.19715894758701324,0.013882302679121494,0.762896716594696,0.026062024757266045
580,blur,medium,0.0465523898601532,0.8740636110305786,23.89594841003418,0.1143585741519928,0.010350141674280167,0.8534780740737915,0.02181321009993553
581,clean,none,0.006195281632244587,0.9977268576622009,41.505855560302734,0.883293628692627,0.026569651439785957,0.04019169509410858,0.04994498938322067
582,clean,none,0.0029862113296985626,0.9989724159240723,47.28511428833008,0.9209386110305786,0.020091421902179718,0.022109398618340492,0.036860525608062744
583,salt_pepper,medium,0.13345478475093842,0.682564377784729,13.243566513061523,0.03115658462047577,0.882483184337616,0.060561418533325195,0.02579888515174389
584,blur,high,0.0602489709854126,0.718266487121582,21.1691951751709,0.11247894167900085,0.010991211980581284,0.8528727293014526,0.02365715056657791
585,occlusion,medium,0.057593464851379395,0.7351441383361816,21.73950958251953,0.05630669370293617,0.06612911820411682,0.009022586978971958,0.8685415387153625
586,clean,none,0.006847985088825226,0.9978464841842651,40.2847900390625,0.8987878561019897,0.03209014609456062,0.02095254510641098,0.04816952347755432
587,occlusion,medium,0.05687665194272995,0.730457067489624,21.6071720123291,0.0020110325422137976,0.02538490667939186,0.002378171542659402,0.9702258706092834
588,occlusion,medium,0.06957163661718369,0.7092656493186951,19.260103225708008,0.00317655922845006,0.017869414761662483,0.0018168604001402855,0.9771371483802795
589,salt_pepper,low,0.06442935764789581,0.7533518075942993,21.361906051635742,0.05077088624238968,0.8263912796974182,0.0778002217411995,0.04503762349486351
590,occlusion,medium,0.045837368816137314,0.6709029674530029,22.942256927490234,0.01914343610405922,0.03073183447122574,0.008785009384155273,0.9413397312164307
591,blur,high,0.038791172206401825,0.8226825594902039,24.36642837524414,0.11280717700719833,0.010631836019456387,0.8540590405464172,0.022501982748508453
592,occlusion,low,0.04047380015254021,0.8510984182357788,24.25436019897461,0.005646142177283764,0.02273140847682953,0.0038229478523135185,0.9677996039390564
593,salt_pepper,medium,0.07297631353139877,0.7484720945358276,20.348299026489258,0.044553883373737335,0.8440856337547302,0.07516352087259293,0.036196932196617126
594,clean,none,0.011562539264559746,0.9913535118103027,35.651145935058594,0.7899875044822693,0.030532993376255035,0.12027306109666824,0.059206388890743256
595,occlusion,low,0.05358950421214104,0.7800502181053162,21.737546920776367,0.21442723274230957,0.08312897384166718,0.03804090991616249,0.664402961730957
596,clean,none,0.004831359721720219,0.9971515536308289,42.446922302246094,0.8801292777061462,0.02466905489563942,0.04522555693984032,0.049976103007793427
597,clean,none,0.011208104901015759,0.984226405620575,35.6759033203125,0.8477920293807983,0.042863477021455765,0.04150594398379326,0.06783852726221085
598,clean,none,0.006370039656758308,0.9957202672958374,40.215816497802734,0.8557138442993164,0.029100829735398293,0.05952848494052887,0.05565686523914337
599,clean,none,0.008015086874365807,0.9931846857070923,39.125343322753906,0.7860514521598816,0.03578012436628342,0.10171321779489517,0.07645523548126221
600,occlusion,low,0.02831226959824562,0.8591148853302002,26.221477508544922,0.06450359523296356,0.05924495682120323,0.01996421068906784,0.8562871813774109
601,salt_pepper,high,0.05593153089284897,0.6883329153060913,23.064233779907227,0.023824958130717278,0.9156054854393005,0.044028621166944504,0.01654098369181156
602,clean,none,0.023445215076208115,0.9496703147888184,29.708454132080078,0.4060613811016083,0.031322211027145386,0.5057238936424255,0.056892458349466324
603,clean,none,0.003773685311898589,0.9984797835350037,45.858001708984375,0.876100480556488,0.023845843970775604,0.052236054092645645,0.047817591577768326
604,blur,high,0.0437578521668911,0.8967598676681519,25.564090728759766,0.128362238407135,0.013288114219903946,0.8309140205383301,0.02743562124669552
605,clean,none,0.004511991515755653,0.9982446432113647,44.228729248046875,0.8658242225646973,0.03126271814107895,0.044578585773706436,0.05833449587225914
606,occlusion,high,0.0722348541021347,0.6476137042045593,19.125682830810547,7.43659766158089e-05,0.004122560378164053,0.0002072566858259961,0.9955957531929016
607,salt_pepper,medium,0.06214287132024765,0.8696050047874451,20.932340621948242,0.0368790403008461,0.8677836060523987,0.06595509499311447,0.029382310807704926
608,salt_pepper,medium,0.031411368399858475,0.9212034940719604,27.840587615966797,0.024471046403050423,0.9047011733055115,0.05191344767808914,0.018914271146059036
609,clean,none,0.03359965607523918,0.9429149627685547,25.537622451782227,0.42103111743927,0.026790481060743332,0.49961549043655396,0.05256292596459389
610,blur,low,0.05497761815786362,0.8556617498397827,22.179975509643555,0.15367330610752106,0.011862445622682571,0.8115173578262329,0.022946922108530998
611,occlusion,medium,0.0849175900220871,0.7387866973876953,17.72142791748047,0.0002962420112453401,0.006362415384501219,0.0005549444467760623,0.9927863478660583
612,clean,none,0.01990341767668724,0.9757145643234253,31.861522674560547,0.7279981374740601,0.03366376459598541,0.16904255747795105,0.06929554790258408
613,occlusion,medium,0.07147297263145447,0.6635391712188721,20.324573516845703,0.0008826824487186968,0.01437596045434475,0.0014589478960260749,0.9832823872566223
614,blur,low,0.0878220796585083,0.7409722208976746,18.143306732177734,0.21537010371685028,0.018113302066922188,0.7337579727172852,0.032758668065071106
615,salt_pepper,low,0.03816792368888855,0.8817622661590576,25.67809295654297,0.0405549556016922,0.8499799966812134,0.07510659843683243,0.03435847908258438
616,clean,none,0.00805948581546545,0.9962913393974304,39.84845733642578,0.7325504422187805,0.03540937602519989,0.14140786230564117,0.09063228219747543
617,occlusion,low,0.03016502968966961,0.8202508687973022,26.84608268737793,0.023076465353369713,0.06384390592575073,0.02953675575554371,0.8835428953170776
618,blur,low,0.039190106093883514,0.8500666618347168,24.20829963684082,0.1653270423412323,0.016857123002409935,0.7838292717933655,0.033986590802669525
619,salt_pepper,medium,0.05233750492334366,0.811558723449707,22.626188278198242,0.03961237519979477,0.8571978807449341,0.07171020656824112,0.03147948905825615
620,blur,low,0.049982041120529175,0.8459553718566895,23.077102661132812,0.13476498425006866,0.013427856378257275,0.8248587250709534,0.02694847248494625
621,clean,none,0.008616451174020767,0.9961723685264587,38.27436828613281,0.8534246683120728,0.05664319172501564,0.027763133868575096,0.0621689110994339
622,blur,medium,0.03088252618908882,0.9334690570831299,27.559646606445312,0.1272464543581009,0.010982593521475792,0.8391642570495605,0.0226067453622818
623,clean,none,0.005150280427187681,0.9971083402633667,43.077117919921875,0.8633047342300415,0.029630323871970177,0.04992572218179703,0.05713922530412674
624,clean,none,0.008058188483119011,0.9949800968170166,39.56896209716797,0.8471986055374146,0.03079552762210369,0.06256711483001709,0.059438761323690414
625,blur,low,0.08243602514266968,0.8018345832824707,17.668012619018555,0.13989730179309845,0.011374150402843952,0.8262573480606079,0.022471249103546143
626,blur,medium,0.05368683859705925,0.8414518237113953,22.54598617553711,0.11966666579246521,0.01170444767922163,0.8432661294937134,0.025362759828567505
627,salt_pepper,low,0.053301066160202026,0.8699302673339844,23.077354431152344,0.04590844735503197,0.8348749279975891,0.08178281038999557,0.03743380680680275
628,salt_pepper,medium,0.037639815360307693,0.8810731768608093,26.44965171813965,0.039517343044281006,0.8635086417198181,0.06847250461578369,0.02850157395005226
629,blur,low,0.027926817536354065,0.8902043700218201,28.41495132446289,0.12863297760486603,0.012621523812413216,0.833437442779541,0.025308040902018547
630,occlusion,medium,0.03608525171875954,0.8108091354370117,25.7155818939209,0.0008112923824228346,0.012563476338982582,0.0009687599376775324,0.9856564998626709
631,clean,none,0.0110907182097435,0.9916170835494995,36.1636848449707,0.7605174779891968,0.03714223951101303,0.1220334991812706,0.08030673116445541
632,clean,none,0.01473206840455532,0.993736743927002,33.638301849365234,0.7769593000411987,0.032931916415691376,0.11962292343378067,0.07048586010932922
633,clean,none,0.010775799863040447,0.9926905632019043,36.91710662841797,0.7959052920341492,0.031464941799640656,0.10730361938476562,0.06532607227563858
634,blur,high,0.04169300198554993,0.8621246218681335,25.096433639526367,0.11494044214487076,0.011082319542765617,0.8505837321281433,0.023393522948026657
635,clean,none,0.008059149608016014,0.9948748350143433,39.80616760253906,0.8149197697639465,0.026460986584424973,0.10312994569540024,0.05548936873674393
636,occlusion,high,0.05119699239730835,0.7091091871261597,21.363828659057617,7.089904102031142e-05,0.0040273964405059814,0.0001888208498712629,0.9957128763198853
637,clean,none,0.007550700567662716,0.9975309371948242,38.83475875854492,0.8435590267181396,0.02681659534573555,0.07447435706853867,0.05514998361468315
638,blur,medium,0.022275041788816452,0.9195351004600525,29.9765682220459,0.12300746142864227,0.011353131383657455,0.842296302318573,0.023343060165643692
639,occlusion,low,0.04976816102862358,0.8640081882476807,21.617929458618164,0.026692353188991547,0.047965798527002335,0.052108678966760635,0.8732330799102783
640,blur,low,0.040294717997312546,0.9045209288597107,24.15970802307129,0.12411132454872131,0.010792343877255917,0.8432275652885437,0.02186874859035015
641,clean,none,0.007287477143108845,0.994924008846283,39.76679992675781,0.7952870726585388,0.03347510099411011,0.09719885885715485,0.07403887808322906
642,occlusion,low,0.041777174919843674,0.8573245406150818,23.308734893798828,0.04274219647049904,0.04167865216732025,0.009168151766061783,0.9064109921455383
643,occlusion,high,0.0822821706533432,0.731705367565155,18.41092872619629,4.141486897424329e-06,0.0017205289332196116,2.165357545891311e-05,0.9982536435127258
644,occlusion,high,0.08695989102125168,0.6599892973899841,16.100502014160156,4.0658338548382744e-05,0.00270184688270092,0.0001476120960433036,0.9971099495887756
645,occlusion,medium,0.052386462688446045,0.734653890132904,21.076194763183594,0.00793789979070425,0.05016929283738136,0.0049467068165540695,0.9369460344314575
646,clean,none,0.006981285288929939,0.9925598502159119,40.27275085449219,0.7287324070930481,0.02946965955197811,0.1738288253545761,0.06796909868717194
647,occlusion,low,0.034470587968826294,0.8348320722579956,26.118221282958984,0.00663979584351182,0.02379269152879715,0.009561935439705849,0.9600056409835815
648,salt_pepper,medium,0.025965873152017593,0.9174229502677917,29.60662841796875,0.03830205649137497,0.8658605813980103,0.06769301742315292,0.028144339099526405
649,salt_pepper,low,0.043943338096141815,0.8495110273361206,24.08870506286621,0.04109770804643631,0.8333982229232788,0.0842834934592247,0.04122057184576988
650,occlusion,low,0.05028790980577469,0.7705427408218384,23.254316329956055,0.10224799066781998,0.07562797516584396,0.02923956699669361,0.7928845286369324
651,occlusion,high,0.052927374839782715,0.7036153078079224,21.720230102539062,0.0016094588208943605,0.013507608324289322,0.0030686610843986273,0.9818142056465149
652,clean,none,0.027395173907279968,0.9744648933410645,29.527158737182617,0.6649258136749268,0.03014932945370674,0.2400190681219101,0.06490583717823029
653,blur,low,0.089189812541008,0.8329517245292664,18.9293270111084,0.1428752988576889,0.014312498271465302,0.8149744868278503,0.027837669476866722
654,occlusion,medium,0.025693733245134354,0.9073840379714966,27.798078536987305,0.0030892707873135805,0.017752332612872124,0.0058994777500629425,0.973258912563324
655,occlusion,medium,0.06769769638776779,0.7989416122436523,20.354700088500977,0.0010035091545432806,0.013817057013511658,0.0010558550711721182,0.9841235280036926
656,occlusion,low,0.0666997879743576,0.6079065799713135,20.28015899658203,0.038815055042505264,0.07234393805265427,0.009826037101447582,0.8790149688720703
657,blur,low,0.05181887000799179,0.8758982419967651,21.217830657958984,0.20573997497558594,0.02459835633635521,0.7230837941169739,0.046577852219343185
658,clean,none,0.015684567391872406,0.9829584956169128,33.86426544189453,0.5822885632514954,0.032780230045318604,0.31995245814323425,0.06497880816459656
659,blur,medium,0.12193169444799423,0.822769820690155,15.784969329833984,0.11406368762254715,0.011712107807397842,0.8486824035644531,0.025541869923472404
660,occlusion,low,0.04458495229482651,0.8190088272094727,22.370670318603516,0.07190574705600739,0.059747837483882904,0.030203480273485184,0.8381429314613342
661,salt_pepper,high,0.04875863716006279,0.8400213718414307,23.61498260498047,0.025166049599647522,0.9109981656074524,0.04638787358999252,0.017447903752326965
662,blur,low,0.028116468340158463,0.9241365194320679,28.32817840576172,0.12872572243213654,0.011676150374114513,0.835890531539917,0.023707600310444832
663,blur,high,0.031047474592924118,0.8979635238647461,26.98728370666504,0.11841704696416855,0.010838938876986504,0.8473823070526123,0.023361686617136
664,clean,none,0.0069181062281131744,0.9934669733047485,41.08788299560547,0.8376630544662476,0.033745184540748596,0.05483700707554817,0.07375480979681015
665,blur,low,0.03741898387670517,0.8616647720336914,26.118480682373047,0.148122176527977,0.014328365214169025,0.810215413570404,0.02733408659696579
666,occlusion,low,0.0313912034034729,0.8443693518638611,25.956600189208984,0.06459292769432068,0.07236790657043457,0.058516256511211395,0.8045229315757751
667,occlusion,medium,0.048036348074674606,0.7205385565757751,20.19935417175293,0.00031951593700796366,0.010264777578413486,0.0004599441308528185,0.9889556765556335
668,blur,low,0.03360196202993393,0.8796345591545105,26.560474395751953,0.13481944799423218,0.016329407691955566,0.8169084787368774,0.031942617148160934
669,blur,low,0.054091863334178925,0.8787466883659363,20.923866271972656,0.16026337444782257,0.0211656354367733,0.7771846652030945,0.041386332362890244
670,blur,medium,0.0436486080288887,0.8847647905349731,24.326148986816406,0.11440730839967728,0.01135343685746193,0.8463943004608154,0.027844956144690514
671,occlusion,medium,0.0419391393661499,0.8395595550537109,24.422531127929688,0.004873423837125301,0.025525186210870743,0.004599140956997871,0.9650023579597473
672,occlusion,low,0.03767946735024452,0.8665986061096191,24.720176696777344,0.08642732352018356,0.06361263245344162,0.05171288177371025,0.7982472777366638
673,blur,low,0.0398213267326355,0.9059699773788452,24.928539276123047,0.21644341945648193,0.018774792551994324,0.7250089645385742,0.03977285325527191
674,salt_pepper,high,0.06189371272921562,0.7651883363723755,22.331775665283203,0.036392658948898315,0.8822234869003296,0.05714566260576248,0.02423817105591297
675,blur,medium,0.026194920763373375,0.9317306280136108,28.934711456298828,0.12078554928302765,0.01060095801949501,0.8466147780418396,0.021998722106218338
676,occlusion,low,0.11059154570102692,0.7211999893188477,16.905170440673828,0.032415010035037994,0.04542582854628563,0.009853571653366089,0.9123055934906006
677,blur,low,0.03689069673418999,0.8634424209594727,26.10762596130371,0.1578061431646347,0.012501951307058334,0.8052483797073364,0.02444353885948658
678,clean,none,0.011320921592414379,0.9936443567276001,35.13484573364258,0.6911450624465942,0.02913866937160492,0.2169734388589859,0.06274283677339554
679,clean,none,0.010044753551483154,0.9937087893486023,36.68037033081055,0.8039310574531555,0.031158754602074623,0.09901224076747894,0.06589797139167786
680,occlusion,high,0.07164908945560455,0.7542575597763062,19.03903579711914,3.8077162116678664e-06,0.0011658596340566874,2.4238253899966367e-05,0.9988059997558594
681,blur,high,0.07236290723085403,0.7841475009918213,19.318496704101562,0.12827099859714508,0.012958136387169361,0.8314144611358643,0.027356375008821487
682,occlusion,medium,0.058590881526470184,0.711225688457489,20.18498420715332,0.004283351823687553,0.02760283276438713,0.003514512674883008,0.9645993113517761
683,salt_pepper,medium,0.04297323152422905,0.8387519717216492,23.962793350219727,0.029045917093753815,0.8966426849365234,0.05299808830022812,0.021313278004527092
684,clean,none,0.0036823730915784836,0.9981635808944702,45.811771392822266,0.8963674306869507,0.027948029339313507,0.026734568178653717,0.04895000159740448
685,blur,high,0.04546204209327698,0.754319429397583,24.121604919433594,0.11990056931972504,0.013660482130944729,0.8371405005455017,0.02929842285811901
686,clean,none,0.007901415228843689,0.9934500455856323,39.595123291015625,0.7678235769271851,0.035955771803855896,0.12179761379957199,0.07442303001880646
687,occlusion,low,0.044067323207855225,0.8663846850395203,23.79387855529785,0.08385367691516876,0.07051287591457367,0.04198969155550003,0.8036437630653381
688,blur,high,0.0641232430934906,0.8417496681213379,20.187463760375977,0.14137163758277893,0.020290978252887726,0.7952362298965454,0.04310116544365883
689,blur,low,0.03388451784849167,0.8018249273300171,27.193885803222656,0.1590428501367569,0.017865192145109177,0.7893508076667786,0.03374113142490387
690,occlusion,low,0.06710395961999893,0.7155255675315857,19.14947509765625,0.005425186827778816,0.038817647844552994,0.005350697785615921,0.9504063725471497
691,blur,high,0.03834604099392891,0.8422543406486511,25.377212524414062,0.11597201973199844,0.014595518819987774,0.8379120230674744,0.031520456075668335
692,blur,high,0.05722076818346977,0.728935718536377,23.057973861694336,0.11895161122083664,0.012488423846662045,0.8427468538284302,0.02581305056810379
693,clean,none,0.003753624390810728,0.9990847110748291,46.139801025390625,0.903167188167572,0.020794345065951347,0.031470514833927155,0.04456789791584015
694,occlusion,high,0.052179038524627686,0.7895524501800537,19.7293643951416,0.00022502319188788533,0.008707096800208092,0.0007149616139940917,0.9903529286384583
695,clean,none,0.007393253035843372,0.9965410232543945,39.65433120727539,0.8028746247291565,0.026006165891885757,0.11396557092666626,0.05715368688106537
696,occlusion,high,0.04101717099547386,0.837607741355896,21.177568435668945,2.7468502139527118e-06,0.0008282280759885907,1.184363918582676e-05,0.999157190322876
697,clean,none,0.00957084633409977,0.9927215576171875,37.25752639770508,0.7787503600120544,0.0400867685675621,0.07971196621656418,0.10145089030265808
698,blur,medium,0.024467049166560173,0.9407428503036499,30.158145904541016,0.11342068761587143,0.011101257987320423,0.8519019484519958,0.023576131090521812
699,blur,medium,0.043358564376831055,0.8676584959030151,24.430437088012695,0.11006610095500946,0.010728486813604832,0.8564584255218506,0.022746911272406578
700,clean,none,0.0051025161519646645,0.9972527027130127,43.007423400878906,0.8775877952575684,0.027989894151687622,0.03973574563860893,0.054686643183231354
701,blur,low,0.05791040509939194,0.8638046979904175,21.607038497924805,0.1617114096879959,0.01406196877360344,0.7953810691833496,0.02884555608034134
702,occlusion,medium,0.042532723397016525,0.7465091943740845,22.753681182861328,0.009261456318199635,0.05099400132894516,0.0026934321504086256,0.9370511174201965
703,clean,none,0.005498802289366722,0.9965397715568542,41.61448669433594,0.8519880771636963,0.027912883087992668,0.06542922556400299,0.05466979742050171
704,occlusion,high,0.06361523270606995,0.7055951952934265,19.175647735595703,0.0001559053489472717,0.0063956622034311295,0.0004754475667141378,0.9929729700088501
705,occlusion,high,0.08105511218309402,0.6379783153533936,17.297271728515625,0.0005599144496954978,0.007988788187503815,0.001086657983250916,0.9903646111488342
706,occlusion,high,0.13833561539649963,0.67076575756073,14.985942840576172,0.00023122975835576653,0.006396595388650894,0.0007697742548771203,0.9926024079322815
707,blur,low,0.044969163835048676,0.7920893430709839,24.03023910522461,0.2013128250837326,0.01985725201666355,0.7426162362098694,0.03621362894773483
708,blur,low,0.04937722533941269,0.8613254427909851,23.233177185058594,0.19012108445167542,0.016666797921061516,0.7597144246101379,0.033497706055641174
709,occlusion,high,0.06090034544467926,0.6640599966049194,19.5899715423584,0.0033926772885024548,0.01936466619372368,0.004056052304804325,0.9731866121292114
710,blur,low,0.04437790438532829,0.8083874583244324,23.298349380493164,0.2010715901851654,0.023476531729102135,0.7061123847961426,0.0693395584821701
711,blur,medium,0.03084055706858635,0.9483023881912231,27.347383499145508,0.12021469324827194,0.009979967959225178,0.8497020602226257,0.020103251561522484
712,occlusion,high,0.06229531019926071,0.6448271870613098,19.773792266845703,2.3007603886071593e-05,0.0035592506173998117,9.430229692952707e-05,0.9963234663009644
713,occlusion,medium,0.04546698182821274,0.7442333698272705,20.253116607666016,0.011020091362297535,0.03508564457297325,0.008606547489762306,0.9452877044677734
714,occlusion,medium,0.032610293477773666,0.7723621129989624,25.751670837402344,0.026246964931488037,0.048603057861328125,0.008158901706337929,0.916991114616394
715,occlusion,low,0.05500854551792145,0.7162730097770691,21.54390525817871,0.07323593646287918,0.05971892923116684,0.016756214201450348,0.8502889275550842
716,occlusion,high,0.035360850393772125,0.8407909870147705,25.503700256347656,0.0017582199070602655,0.012712214142084122,0.002246336778625846,0.9832831621170044
717,clean,none,0.011020074598491192,0.9790573120117188,35.84291458129883,0.6443510055541992,0.04557693004608154,0.17447438836097717,0.13559773564338684
718,clean,none,0.03083111345767975,0.9813709259033203,27.55447006225586,0.5460994839668274,0.03169972822070122,0.3569839298725128,0.06521689146757126
719,salt_pepper,high,0.13415703177452087,0.6712760925292969,15.099109649658203,0.03397677466273308,0.8846061825752258,0.057663340121507645,0.023753708228468895
720,occlusion,medium,0.039514653384685516,0.8072530627250671,24.87964630126953,0.00027163600316271186,0.007360939402133226,0.0005094052175991237,0.9918579459190369
721,salt_pepper,medium,0.07570041716098785,0.7173017263412476,19.05693244934082,0.028602438047528267,0.8931428790092468,0.056086644530296326,0.022167954593896866
722,blur,low,0.050450414419174194,0.8733252286911011,23.20725440979004,0.12237834185361862,0.01123051717877388,0.8432653546333313,0.02312580682337284
723,occlusion,medium,0.05213861167430878,0.6880006194114685,22.817861557006836,0.008508017286658287,0.033291760832071304,0.005209579132497311,0.9529905915260315
724,occlusion,low,0.04661884158849716,0.7887498736381531,22.91421127319336,0.09818314760923386,0.08493340760469437,0.020431000739336014,0.7964524030685425
725,blur,high,0.0340014286339283,0.9123101234436035,25.45171546936035,0.11980067193508148,0.010440314188599586,0.847999095916748,0.021759862080216408
726,blur,high,0.052989087998867035,0.7574266195297241,21.499324798583984,0.10416567325592041,0.014390976168215275,0.8445339798927307,0.03690943494439125
727,clean,none,0.007253359071910381,0.9951874613761902,40.29856872558594,0.8407779335975647,0.025650838389992714,0.07990498095750809,0.05366622656583786
728,occlusion,high,0.0634126216173172,0.7413749694824219,20.598461151123047,0.03458721190690994,0.06006649136543274,0.027471890673041344,0.8778744339942932
729,clean,none,0.003565243910998106,0.9988765716552734,45.91240310668945,0.8936527967453003,0.023993220180273056,0.037031251937150955,0.045322760939598083
730,blur,medium,0.049129605293273926,0.8347651362419128,23.936668395996094,0.11160566657781601,0.012714499607682228,0.8471952676773071,0.028484562411904335
731,clean,none,0.01216751616448164,0.9832525253295898,35.78691101074219,0.6111979484558105,0.04199833422899246,0.2394552379846573,0.1073484867811203
732,clean,none,0.010043976828455925,0.9946449995040894,37.232147216796875,0.8695673942565918,0.036221764981746674,0.03547068312764168,0.058740220963954926
733,occlusion,low,0.04382510110735893,0.8894273042678833,20.726707458496094,0.213551327586174,0.15025319159030914,0.02247951366007328,0.6137159466743469
734,salt_pepper,medium,0.023633144795894623,0.8532399535179138,30.19837188720703,0.022220322862267494,0.9126580357551575,0.046965789049863815,0.01815585419535637
735,occlusion,medium,0.1504802107810974,0.7370245456695557,15.238479614257812,0.004549126606434584,0.022915413603186607,0.004113634116947651,0.9684217572212219
736,occlusion,low,0.03980909660458565,0.8719253540039062,18.407499313354492,0.6286084651947021,0.08769203722476959,0.017490336671471596,0.2662091851234436
737,clean,none,0.006240235175937414,0.9969226717948914,41.19438171386719,0.8780304193496704,0.028093870729207993,0.035866837948560715,0.05800880119204521
738,clean,none,0.0025020367465913296,0.9993500709533691,49.1508903503418,0.9089818596839905,0.023606477305293083,0.022732675075531006,0.04467898607254028
739,salt_pepper,high,0.03866958245635033,0.8093129992485046,25.02916145324707,0.02304970659315586,0.9184975624084473,0.042686086148023605,0.015766659751534462
740,blur,low,0.05576006695628166,0.8127471208572388,22.434539794921875,0.15509961545467377,0.012131104245781898,0.8091530203819275,0.02361632138490677
741,salt_pepper,low,0.05899212881922722,0.7644861936569214,21.954181671142578,0.031545884907245636,0.8677260279655457,0.06905962526798248,0.03166848421096802
742,clean,none,0.006797119043767452,0.9953421354293823,41.010494232177734,0.8474911451339722,0.036654409021139145,0.04425331577658653,0.07160115242004395
743,occlusion,high,0.06331760436296463,0.6096150279045105,18.294790267944336,0.003647398902103305,0.017413847148418427,0.004014061763882637,0.9749246835708618
744,occlusion,low,0.03874310106039047,0.8299665451049805,21.428518295288086,0.40212640166282654,0.1128319576382637,0.027393441647291183,0.4576481878757477
745,salt_pepper,high,0.021837860345840454,0.9314526915550232,28.860946655273438,0.017905954271554947,0.9351131319999695,0.034682754427194595,0.01229812577366829
746,clean,none,0.009377911686897278,0.9949367046356201,37.42049789428711,0.8459091782569885,0.03820899501442909,0.05081700533628464,0.06506477296352386
747,occlusion,high,0.05949784815311432,0.6524330973625183,20.449737548828125,0.013171914964914322,0.037833426147699356,0.003690490499138832,0.9453040957450867
748,blur,high,0.062396340072155,0.8066359758377075,21.397497177124023,0.11605051904916763,0.011556198820471764,0.8475419282913208,0.024851391091942787
749,salt_pepper,high,0.07261756807565689,0.8011254072189331,19.588134765625,0.02337830699980259,0.9166045188903809,0.043484609574079514,0.01653257943689823
750,salt_pepper,medium,0.03860524296760559,0.8415800929069519,25.60418701171875,0.028645001351833344,0.8943107724189758,0.055065881460905075,0.02197830006480217
751,salt_pepper,medium,0.035443078726530075,0.9210761785507202,26.479591369628906,0.02002709172666073,0.9155898690223694,0.04748629033565521,0.016896700486540794
752,blur,low,0.0666581243276596,0.7941427230834961,20.826927185058594,0.19166481494903564,0.01639861799776554,0.7608276009559631,0.03110906481742859
753,salt_pepper,medium,0.04128599166870117,0.7779442071914673,25.204914093017578,0.036591775715351105,0.8651423454284668,0.06780710816383362,0.03045874834060669
754,salt_pepper,medium,0.04010293632745743,0.8598943948745728,24.78856086730957,0.027012614533305168,0.902094841003418,0.051006019115448,0.01988648995757103
755,salt_pepper,medium,0.07492109388113022,0.7599061727523804,20.1500244140625,0.027051018550992012,0.9000276923179626,0.05213219299912453,0.020789196714758873
756,occlusion,medium,0.048155635595321655,0.7535278797149658,21.956207275390625,0.0006194846937432885,0.013116197660565376,0.0020422223024070263,0.9842221140861511
757,blur,low,0.04658079147338867,0.8400373458862305,22.83742904663086,0.1583057940006256,0.014902323484420776,0.7979781627655029,0.028813818469643593
758,clean,none,0.004006059840321541,0.9973430633544922,45.199195861816406,0.876194417476654,0.029477572068572044,0.044251374900341034,0.0500766858458519
759,occlusion,low,0.04210437834262848,0.8484523296356201,23.667743682861328,0.06419771164655685,0.06881792843341827,0.05706484243273735,0.809919536113739
760,blur,medium,0.06959810853004456,0.800255298614502,19.53094482421875,0.09817466884851456,0.011827395297586918,0.8596428632736206,0.030355051159858704
761,clean,none,0.015608864836394787,0.9831790924072266,33.60820007324219,0.5423664450645447,0.02758208103477955,0.36821460723876953,0.06183687224984169
762,occlusion,medium,0.11062762141227722,0.5271052718162537,15.822945594787598,0.08249830454587936,0.07708574831485748,0.02747632935643196,0.8129395842552185
763,salt_pepper,medium,0.03198959305882454,0.9184877872467041,28.202064514160156,0.023624803870916367,0.9104496240615845,0.04797133058309555,0.017954198643565178
764,occlusion,low,0.05306793376803398,0.7610634565353394,22.828901290893555,0.13160254061222076,0.08360764384269714,0.0863756462931633,0.6984142065048218
765,blur,high,0.061957597732543945,0.8373736143112183,21.385038375854492,0.12764734029769897,0.010787399485707283,0.8395119905471802,0.022053278982639313
766,clean,none,0.007086011581122875,0.9953395128250122,38.65768051147461,0.8230366110801697,0.03215853124856949,0.07284127175807953,0.0719636082649231
767,occlusion,low,0.05122300982475281,0.8516778349876404,21.28164291381836,0.03839239850640297,0.04871674254536629,0.007126268930733204,0.9057645797729492
768,salt_pepper,high,0.04289838299155235,0.8113338947296143,24.245315551757812,0.02995559759438038,0.8985205888748169,0.05121737718582153,0.02030636928975582
769,occlusion,high,0.04523726925253868,0.5974645614624023,23.850826263427734,0.0008147112093865871,0.013127804733812809,0.0010062529472634196,0.9850512742996216
770,salt_pepper,medium,0.061154693365097046,0.7295460104942322,21.484872817993164,0.033430684357881546,0.8819875121116638,0.05894742161035538,0.025634361431002617
771,clean,none,0.01049206405878067,0.9936034679412842,36.65106964111328,0.8131656646728516,0.03124319389462471,0.09257325530052185,0.06301786750555038
772,clean,none,0.007238257210701704,0.9962250590324402,40.94050598144531,0.7138655185699463,0.0388978086411953,0.1490807831287384,0.09815587103366852
773,blur,low,0.03256585821509361,0.9367220401763916,28.035533905029297,0.12814244627952576,0.0117743369191885,0.8356723785400391,0.02441076561808586
774,salt_pepper,low,0.02976669929921627,0.8260244131088257,27.839195251464844,0.022559862583875656,0.8796848654747009,0.0637674331665039,0.03398783877491951
775,clean,none,0.0066561102867126465,0.9967752695083618,41.91183090209961,0.854697585105896,0.027287153527140617,0.06842777132987976,0.04958746209740639
776,blur,high,0.12319563329219818,0.6740819811820984,16.383359909057617,0.10964049398899078,0.010403950698673725,0.8573753833770752,0.0225800983607769
777,occlusion,medium,0.05173856019973755,0.7540551424026489,21.444747924804688,0.12300150841474533,0.07939297705888748,0.017006665468215942,0.7805988788604736
778,salt_pepper,medium,0.03144558519124985,0.8935927152633667,27.336408615112305,0.024331336840987206,0.9067179560661316,0.049762021750211716,0.01918874680995941
779,salt_pepper,high,0.09677755832672119,0.6731290817260742,17.965200424194336,0.03127205744385719,0.8942151069641113,0.05254648998379707,0.02196625992655754
780,salt_pepper,high,0.039300352334976196,0.8608596324920654,23.9632625579834,0.02695469930768013,0.901927649974823,0.0509309396147728,0.020186783745884895
781,clean,none,0.0036980665754526854,0.9982244372367859,45.39175033569336,0.896247148513794,0.024645280092954636,0.035294823348522186,0.04381276294589043
782,salt_pepper,low,0.08796942234039307,0.8446525931358337,17.718006134033203,0.03236481547355652,0.8539790511131287,0.07772709429264069,0.0359291136264801
783,blur,medium,0.06000378727912903,0.8819934129714966,21.630373001098633,0.12487398087978363,0.010603893548250198,0.8428103923797607,0.021711792796850204
784,blur,high,0.032933540642261505,0.8245681524276733,26.87053680419922,0.1191146969795227,0.013821014203131199,0.8330064415931702,0.034057848155498505
785,blur,high,0.03499191626906395,0.8458434343338013,24.963205337524414,0.104085274040699,0.01483792532235384,0.8362619280815125,0.044814907014369965
786,occlusion,low,0.052717648446559906,0.865351676940918,18.83114242553711,0.7002637982368469,0.07883597165346146,0.030566610395908356,0.19033360481262207
787,salt_pepper,high,0.05262424796819687,0.7238107919692993,22.858154296875,0.03746883198618889,0.872769296169281,0.06180093437433243,0.027960874140262604
788,blur,low,0.07779838889837265,0.7294451594352722,19.942235946655273,0.21191145479679108,0.018718089908361435,0.7341793179512024,0.035191185772418976
789,salt_pepper,low,0.03806029632687569,0.8262662291526794,25.593326568603516,0.030118832364678383,0.8728649020195007,0.06742800027132034,0.029588235542178154
790,clean,none,0.0062840767204761505,0.9964526891708374,39.30881118774414,0.8796150088310242,0.028020473197102547,0.04271484538912773,0.04964962229132652
791,occlusion,medium,0.08016486465930939,0.6039400100708008,18.744199752807617,0.03798266872763634,0.05324086174368858,0.008058692328631878,0.9007177948951721
792,blur,high,0.0447777584195137,0.7531260251998901,23.47309112548828,0.12108763307332993,0.011517605744302273,0.8438200950622559,0.02357468381524086
793,occlusion,medium,0.08764731884002686,0.6114441156387329,18.365652084350586,0.005230031907558441,0.032241255044937134,0.005146326497197151,0.957382321357727
794,clean,none,0.008293154649436474,0.9937610626220703,39.13260269165039,0.8283089995384216,0.029879271984100342,0.0774146318435669,0.0643971860408783
795,salt_pepper,high,0.0523943230509758,0.7940620183944702,23.11885643005371,0.04031478986144066,0.8659226298332214,0.06495954096317291,0.028803039342164993
796,blur,high,0.04531458765268326,0.8496291041374207,24.04718017578125,0.11536797136068344,0.011493108235299587,0.8486164808273315,0.024522462859749794
797,salt_pepper,high,0.05712547525763512,0.8047119975090027,22.66256332397461,0.0342976376414299,0.8857215046882629,0.05614883080124855,0.023832084611058235
798,occlusion,high,0.10303761810064316,0.4906207025051117,15.835881233215332,0.00010850496619241312,0.005556630436331034,0.0001221384882228449,0.9942126870155334
799,clean,none,0.010551474057137966,0.9819943308830261,35.44322967529297,0.866433322429657,0.03172803297638893,0.04869282990694046,0.053145796060562134
800,blur,medium,0.09798155725002289,0.7692146301269531,17.497730255126953,0.11709832400083542,0.012755078263580799,0.8432908654212952,0.026855705305933952
801,salt_pepper,medium,0.04207359999418259,0.8675974607467651,25.049213409423828,0.018914125859737396,0.9188229441642761,0.044854260981082916,0.01740873232483864
802,blur,medium,0.057910528033971786,0.8131633996963501,22.178733825683594,0.11908262968063354,0.01431379932910204,0.8367352485656738,0.029868362471461296
803,blur,low,0.034180428832769394,0.8751741647720337,26.018341064453125,0.15626704692840576,0.013974776491522789,0.8035247325897217,0.026233434677124023
804,blur,medium,0.06351691484451294,0.7906115055084229,21.77656364440918,0.12044637650251389,0.011029795743525028,0.8451247215270996,0.023399142548441887
805,salt_pepper,medium,0.06983914971351624,0.840488851070404,20.99624252319336,0.033497076481580734,0.8758746385574341,0.065196193754673,0.02543204091489315
806,blur,low,0.036750487983226776,0.9041872024536133,26.212608337402344,0.19586412608623505,0.015358188189566135,0.7595339417457581,0.029243679717183113
807,clean,none,0.0033418843522667885,0.9984637498855591,46.57051467895508,0.8866327404975891,0.02691626362502575,0.03892705962061882,0.047523871064186096
808,clean,none,0.006661827675998211,0.9951409101486206,39.40980911254883,0.888424277305603,0.025299597531557083,0.03504396602511406,0.05123215168714523
809,occlusion,low,0.025748271495103836,0.8594793677330017,27.28448486328125,0.05088546872138977,0.07083778083324432,0.027659112587571144,0.8506175875663757
810,clean,none,0.007791516836732626,0.9958991408348083,39.64479064941406,0.8486616611480713,0.033002257347106934,0.058420777320861816,0.05991525575518608
811,blur,high,0.05606833100318909,0.8108847141265869,22.976675033569336,0.11319576948881149,0.011239059269428253,0.851154088973999,0.024410998448729515
812,clean,none,0.007462026085704565,0.9937725067138672,39.61248779296875,0.8043379783630371,0.03162483498454094,0.09477110207080841,0.06926606595516205
813,clean,none,0.007698278408497572,0.9970976114273071,38.90922164916992,0.8670151829719543,0.026934945955872536,0.056432656943798065,0.04961720481514931
814,salt_pepper,low,0.06097116693854332,0.7843522429466248,21.854881286621094,0.052115507423877716,0.8172117471694946,0.08705733716487885,0.04361545294523239
815,salt_pepper,medium,0.056953102350234985,0.8246698379516602,22.38527488708496,0.03255346789956093,0.8765744566917419,0.06399025022983551,0.026881838217377663
816,occlusion,medium,0.05390014871954918,0.7197582125663757,20.220584869384766,0.011417057365179062,0.029126575216650963,0.0038874116726219654,0.9555689096450806
817,blur,high,0.059718064963817596,0.8189873099327087,22.785337448120117,0.11373297870159149,0.01182225439697504,0.8492016196250916,0.025243239477276802
818,clean,none,0.0055952370166778564,0.9983372092247009,42.61505126953125,0.879267156124115,0.027744483202695847,0.03639354556798935,0.0565948449075222
819,salt_pepper,high,0.08880190551280975,0.6363418102264404,19.170387268066406,0.05001310259103775,0.8378583192825317,0.0739341601729393,0.03819437697529793
820,salt_pepper,high,0.06002819538116455,0.8480043411254883,22.353181838989258,0.035014327615499496,0.8794496059417725,0.06089451536536217,0.02464159205555916
821,salt_pepper,high,0.0389055460691452,0.8865656852722168,23.289081573486328,0.02137935720384121,0.9205803275108337,0.04260058328509331,0.015439726412296295
822,occlusion,high,0.12306901812553406,0.407831072807312,15.003800392150879,0.0027593569830060005,0.02182132937014103,0.004121317062526941,0.9712979793548584
823,occlusion,low,0.05513527989387512,0.6834267973899841,22.110488891601562,0.007777723018079996,0.02913069911301136,0.005366340279579163,0.9577252268791199
824,occlusion,low,0.06777907907962799,0.7270591259002686,20.319942474365234,0.033507090061903,0.051060229539871216,0.013329962268471718,0.9021027088165283
825,occlusion,medium,0.07858217507600784,0.6276557445526123,18.689687728881836,0.0022840138990432024,0.04148631542921066,0.0017211843514814973,0.9545084834098816
826,occlusion,high,0.05890641361474991,0.6417733430862427,20.847442626953125,1.5635614545317367e-06,0.0009611612185835838,1.2134281860198826e-05,0.9990251064300537
827,salt_pepper,medium,0.04641849920153618,0.881889283657074,23.697710037231445,0.028152987360954285,0.8947386741638184,0.054964661598205566,0.02214375138282776
828,salt_pepper,high,0.050508420914411545,0.8012406826019287,23.343826293945312,0.038693275302648544,0.8689099550247192,0.06489700078964233,0.027499698102474213
829,blur,high,0.05734759569168091,0.7575429677963257,22.5648136138916,0.12363601475954056,0.015644222497940063,0.8278270363807678,0.03289270028471947
830,blur,medium,0.0541849248111248,0.6978398561477661,22.98223304748535,0.11357594281435013,0.013864058069884777,0.842714786529541,0.0298452191054821
831,blur,high,0.05174093693494797,0.7814048528671265,22.90966796875,0.12439671158790588,0.014763722196221352,0.8296967148780823,0.031142836436629295
832,occlusion,high,0.07736644148826599,0.6001302003860474,18.248367309570312,0.04129248112440109,0.058289822190999985,0.02023533545434475,0.8801823854446411
833,salt_pepper,medium,0.062184058129787445,0.726041316986084,21.223772048950195,0.03242616355419159,0.8831890225410461,0.05954116955399513,0.02484366111457348
834,occlusion,low,0.036444809287786484,0.8317888975143433,22.786720275878906,0.023393865674734116,0.053051963448524475,0.011655542999505997,0.9118986129760742
835,occlusion,high,0.0866708904504776,0.6913496851921082,15.277471542358398,7.943666560095153e-07,0.001000149641185999,7.146375992306275e-06,0.9989919066429138
836,clean,none,0.005199635401368141,0.9986057281494141,43.494346618652344,0.8949080109596252,0.02190469019114971,0.03367430344223976,0.0495130680501461
837,occlusion,medium,0.05538603663444519,0.6237615346908569,22.39046287536621,0.00034607347333803773,0.010727007873356342,0.0006231390289030969,0.9883036613464355
838,salt_pepper,low,0.042226504534482956,0.8495774269104004,24.96901512145996,0.030200444161891937,0.8637761473655701,0.06870315968990326,0.037320204079151154
839,blur,high,0.05166284367442131,0.7327438592910767,23.023685455322266,0.11765256524085999,0.01198315154761076,0.8449758291244507,0.025388525798916817
840,salt_pepper,high,0.05349031090736389,0.8522493243217468,22.725994110107422,0.029406920075416565,0.8963017463684082,0.05294061079621315,0.02135067991912365
841,blur,low,0.04159634932875633,0.8335223197937012,24.68087387084961,0.28043970465660095,0.026113921776413918,0.6460580229759216,0.04738835617899895
842,occlusion,medium,0.0623817965388298,0.6584372520446777,20.413524627685547,0.004425605293363333,0.03229467198252678,0.006747952662408352,0.956531822681427
843,clean,none,0.01673351787030697,0.9919695854187012,32.50994873046875,0.7892740964889526,0.024151455610990524,0.13510535657405853,0.0514690987765789
844,salt_pepper,low,0.06897138804197311,0.7537201642990112,20.86503791809082,0.06566713750362396,0.7927231788635254,0.08913493156433105,0.052474699914455414
845,occlusion,low,0.05000007897615433,0.8835333585739136,17.634685516357422,0.7395408153533936,0.05930773913860321,0.04728294163942337,0.15386851131916046
846,blur,low,0.050999388098716736,0.8117531538009644,23.48367691040039,0.17137238383293152,0.013830340467393398,0.7887328863143921,0.026064351201057434
847,salt_pepper,medium,0.06715735048055649,0.7711606025695801,21.495702743530273,0.040044356137514114,0.8648010492324829,0.06570188701152802,0.029452791437506676
848,blur,low,0.0808812603354454,0.7756905555725098,17.691801071166992,0.19653624296188354,0.01915862038731575,0.7488884329795837,0.03541664034128189
849,blur,low,0.04951707646250725,0.8400148153305054,23.108325958251953,0.17073224484920502,0.017037052661180496,0.7806122303009033,0.03161848708987236
850,blur,high,0.07556863874197006,0.8037188053131104,20.539186477661133,0.11570870131254196,0.012241020798683167,0.8459339141845703,0.026116378605365753
851,occlusion,medium,0.10822030901908875,0.6347607970237732,16.184816360473633,0.005449966061860323,0.026591897010803223,0.005295851733535528,0.9626622200012207
852,clean,none,0.004156872630119324,0.9985024929046631,44.37541961669922,0.9075872302055359,0.021047016605734825,0.03140434995293617,0.03996137157082558
853,clean,none,0.012693451717495918,0.9738035202026367,34.70196533203125,0.8443294167518616,0.022737694904208183,0.08516149967908859,0.0477714017033577
854,occlusion,low,0.04317796230316162,0.848151445388794,23.932226181030273,0.010797209106385708,0.035428281873464584,0.006373078096657991,0.9474014639854431
855,salt_pepper,medium,0.08636962622404099,0.7211049795150757,17.33702850341797,0.029779044911265373,0.8933389186859131,0.054268334060907364,0.022613752633333206
856,clean,none,0.006179562769830227,0.9962571859359741,40.80213928222656,0.8387866616249084,0.029582081362605095,0.0732795000076294,0.058351777493953705
857,salt_pepper,medium,0.05573739856481552,0.8387417793273926,21.140459060668945,0.029026538133621216,0.88824462890625,0.05834985896945,0.024379007518291473
858,occlusion,high,0.05343549698591232,0.58590167760849,20.753633499145508,3.964777988585411e-06,0.0021295007318258286,2.705148290260695e-05,0.9978394508361816
859,clean,none,0.012613311409950256,0.9918076395988464,34.377845764160156,0.7945184707641602,0.027417434379458427,0.1190435066819191,0.0590205155313015
860,salt_pepper,high,0.031417202204465866,0.90362548828125,27.186185836791992,0.019178787246346474,0.9290869235992432,0.03793701156973839,0.0137972766533494
861,blur,high,0.09335886687040329,0.7851569652557373,17.383392333984375,0.12003947049379349,0.011171229183673859,0.8449379205703735,0.023851394653320312
862,blur,low,0.03984091803431511,0.7711448073387146,25.293310165405273,0.2179577797651291,0.01894092559814453,0.7289404273033142,0.03416088968515396
863,clean,none,0.013376275077462196,0.993441104888916,35.42275619506836,0.7910519242286682,0.030361345037817955,0.11609349399805069,0.06249324977397919
864,blur,low,0.052052102982997894,0.8455251455307007,23.171159744262695,0.1398361772298813,0.011021018959581852,0.8279176354408264,0.021225152537226677
865,blur,medium,0.06503676623106003,0.6609025597572327,21.200801849365234,0.1167854443192482,0.012176946736872196,0.8456996083259583,0.025338031351566315
866,occlusion,high,0.06571322679519653,0.5757559537887573,20.902103424072266,1.67237867572112e-05,0.0037209349684417248,0.00012139479076722637,0.9961410164833069
867,blur,high,0.06365978717803955,0.7973594069480896,20.927318572998047,0.11172820627689362,0.011899632401764393,0.8501879572868347,0.026184307411313057
868,blur,low,0.038131095468997955,0.7658223509788513,25.472116470336914,0.22668883204460144,0.01975369080901146,0.7175501585006714,0.03600725159049034
869,blur,high,0.05358639359474182,0.7993320822715759,22.938459396362305,0.11407745629549026,0.01130018848925829,0.8500754237174988,0.024546898901462555
870,clean,none,0.009207525290548801,0.9949333667755127,38.25525665283203,0.8084485530853271,0.023486271500587463,0.11008751392364502,0.05797760561108589
871,salt_pepper,medium,0.05477378889918327,0.7538356781005859,22.64081573486328,0.04245049133896828,0.8550557494163513,0.07091774046421051,0.03157607093453407
872,clean,none,0.010258235037326813,0.9906641840934753,37.113929748535156,0.7784801125526428,0.032628171145915985,0.11981937289237976,0.06907239556312561
873,blur,medium,0.08854179829359055,0.744247317314148,19.21491050720215,0.1081264466047287,0.01239367201924324,0.8530704975128174,0.026409417390823364
874,salt_pepper,low,0.075327068567276,0.7821516990661621,19.288156509399414,0.04144620522856712,0.8367117047309875,0.07983874529600143,0.0420033298432827
875,clean,none,0.025302112102508545,0.9392979145050049,28.664159774780273,0.5903046727180481,0.12304060906171799,0.031244570389389992,0.25541019439697266
876,occlusion,medium,0.061767563223838806,0.7112467288970947,20.488391876220703,0.007857892662286758,0.03785432502627373,0.006244255229830742,0.9480434656143188
877,blur,high,0.050116948783397675,0.8149699568748474,23.128650665283203,0.11176598072052002,0.012038412503898144,0.8508014678955078,0.025394169613718987
878,clean,none,0.010794281028211117,0.992333173751831,36.68598937988281,0.8123155236244202,0.02903784066438675,0.10129440575838089,0.05735218524932861
879,salt_pepper,high,0.06335829198360443,0.7038628458976746,21.650226593017578,0.04129337891936302,0.8657674789428711,0.06414884328842163,0.028790244832634926
880,clean,none,0.011973202228546143,0.9890239238739014,36.017486572265625,0.728352427482605,0.026921195909380913,0.1898805946111679,0.05484577640891075
881,blur,high,0.046016525477170944,0.7890118956565857,24.023340225219727,0.1105269268155098,0.012645834125578403,0.8495705723762512,0.027256710454821587
882,occlusion,medium,0.058595091104507446,0.7339448928833008,20.627260208129883,0.0012300634989514947,0.011475621722638607,0.001658454886637628,0.9856358766555786
883,occlusion,medium,0.06727112084627151,0.6601232290267944,19.253108978271484,0.004126789513975382,0.027179261669516563,0.0020004000980407,0.9666935801506042
884,salt_pepper,low,0.0446610264480114,0.8456598520278931,24.45951271057129,0.049466561526060104,0.8219190239906311,0.08673682808876038,0.04187764599919319
885,occlusion,high,0.03861066326498985,0.6816715002059937,24.04442024230957,4.781953975907527e-06,0.001966167939826846,2.7383841370465234e-05,0.998001754283905
886,clean,none,0.008578729815781116,0.9965347647666931,38.53981399536133,0.8322829604148865,0.024460429325699806,0.092319056391716,0.050937555730342865
887,salt_pepper,high,0.02196899615228176,0.8470649719238281,30.140796661376953,0.042361870408058167,0.8611516952514648,0.06742984056472778,0.02905663661658764
888,clean,none,0.00556741189211607,0.9951244592666626,42.2071647644043,0.7903508543968201,0.027038931846618652,0.12120145559310913,0.061408769339323044
889,occlusion,medium,0.04312795400619507,0.7412055730819702,24.064655303955078,0.0005233062547631562,0.01418418437242508,0.0012232190929353237,0.984069287776947
890,salt_pepper,low,0.041681475937366486,0.8605417609214783,25.929439544677734,0.038820136338472366,0.8392062187194824,0.08109600096940994,0.04087762162089348
891,blur,low,0.05717017501592636,0.8501787185668945,22.30339241027832,0.19740977883338928,0.019252818077802658,0.7427292466163635,0.04060804471373558
892,occlusion,medium,0.06159838289022446,0.566045880317688,21.764446258544922,0.003022552002221346,0.02697761356830597,0.0019517665496096015,0.968048095703125
893,occlusion,high,0.08702921122312546,0.7204656600952148,17.65792465209961,0.0001261998841073364,0.004874947015196085,0.000220265137613751,0.9947785139083862
894,occlusion,medium,0.08900128304958344,0.6062301993370056,18.121734619140625,0.0102071613073349,0.03218866139650345,0.010976615361869335,0.9466275572776794
895,occlusion,medium,0.05138511583209038,0.7807613611221313,20.59616470336914,0.0036167558282613754,0.017942529171705246,0.0025803172029554844,0.9758603572845459
896,clean,none,0.005126963835209608,0.9962708950042725,42.50831604003906,0.8006783127784729,0.03002624586224556,0.09107280522584915,0.0782226175069809
897,blur,low,0.03916282579302788,0.8903511762619019,26.134109497070312,0.15379703044891357,0.011544892564415932,0.8123524188995361,0.022305577993392944
898,clean,none,0.020064812153577805,0.9698928594589233,32.06263732910156,0.5085253715515137,0.025007976219058037,0.416518896818161,0.04994778707623482
899,clean,none,0.041764527559280396,0.9873045682907104,25.389671325683594,0.7304869294166565,0.0286591574549675,0.17346343398094177,0.06739047914743423
900,salt_pepper,low,0.031533870846033096,0.8626937866210938,26.547256469726562,0.032899387180805206,0.8607685565948486,0.07291652262210846,0.033415574580430984
901,occlusion,low,0.052135735750198364,0.7449290752410889,22.307645797729492,0.03131917119026184,0.050550319254398346,0.011908294633030891,0.9062222242355347
902,occlusion,high,0.07128874957561493,0.7801969051361084,15.969497680664062,6.078536898712628e-06,0.0016608312726020813,4.404911305755377e-05,0.9982890486717224
903,clean,none,0.004358918406069279,0.997138500213623,44.98285675048828,0.8839636445045471,0.02695344015955925,0.040320586413145065,0.04876231774687767
904,occlusion,medium,0.043233226984739304,0.7761124968528748,23.29616355895996,0.0002156682312488556,0.006419158075004816,0.0006244287942536175,0.9927406907081604
905,occlusion,medium,0.04649179428815842,0.8081815242767334,20.23421287536621,0.030113033950328827,0.04595375806093216,0.010529863648116589,0.9134033918380737
906,salt_pepper,medium,0.06022515892982483,0.7265160083770752,21.68021011352539,0.03623124957084656,0.8686383366584778,0.06658721715211868,0.028543222695589066
907,salt_pepper,low,0.028652450069785118,0.8603779077529907,27.949846267700195,0.031999845057725906,0.8673781156539917,0.06941266357898712,0.031209414824843407
908,salt_pepper,high,0.03301570937037468,0.8901842832565308,23.019309997558594,0.018222292885184288,0.9315735101699829,0.03709162026643753,0.013112620450556278
909,blur,high,0.04561825841665268,0.7057594060897827,24.466230392456055,0.11660800129175186,0.010821381583809853,0.849337100982666,0.023233473300933838
910,occlusion,medium,0.0472489669919014,0.7261857986450195,22.765148162841797,0.0006289512966759503,0.017141923308372498,0.0015415577217936516,0.9806875586509705
911,blur,low,0.045365795493125916,0.7998969554901123,24.214271545410156,0.1633354276418686,0.01577945612370968,0.7892783880233765,0.03160661458969116
912,blur,medium,0.04506143182516098,0.9207310676574707,24.847225189208984,0.12496133148670197,0.011266034096479416,0.8401483297348022,0.023624295368790627
913,clean,none,0.010065821930766106,0.9947353601455688,37.30179214477539,0.8658753037452698,0.0342123918235302,0.03420335426926613,0.06570900231599808
914,clean,none,0.010305503383278847,0.9939199686050415,37.60089874267578,0.8494335412979126,0.032150253653526306,0.05905133858323097,0.059364959597587585
915,blur,low,0.018000267446041107,0.9353598952293396,31.023334503173828,0.15278232097625732,0.013569220900535583,0.8073065280914307,0.026341911405324936
916,clean,none,0.003858813550323248,0.9949240684509277,43.979774475097656,0.8392507433891296,0.03625578433275223,0.019316766411066055,0.10517676174640656
917,salt_pepper,high,0.04981689155101776,0.7882553339004517,23.902626037597656,0.030596788972616196,0.8951103687286377,0.05225381255149841,0.022039081901311874
918,blur,low,0.06676279753446579,0.8728834390640259,20.58285903930664,0.15243922173976898,0.013039211742579937,0.8091391921043396,0.025382325053215027
919,blur,low,0.04872399568557739,0.8106784820556641,23.200870513916016,0.17146117985248566,0.017536519095301628,0.7779342532157898,0.03306814655661583
920,occlusion,medium,0.06491203606128693,0.6819517016410828,19.83999252319336,0.0007891584536992013,0.015006698668003082,0.0015239618951454759,0.9826801419258118
921,clean,none,0.010538975708186626,0.9910282492637634,36.79154586791992,0.704272449016571,0.02817045897245407,0.2133636176586151,0.05419347435235977
922,blur,medium,0.033900775015354156,0.7819439768791199,26.9669189453125,0.12854427099227905,0.013210595585405827,0.8309941291809082,0.027250947430729866
923,salt_pepper,medium,0.057894330471754074,0.7331556081771851,21.581823348999023,0.03492407128214836,0.8694452047348022,0.06682854890823364,0.028802216053009033
924,occlusion,low,0.06558223813772202,0.739152193069458,20.189388275146484,0.03752445802092552,0.06267298012971878,0.01180961076170206,0.8879930377006531
925,blur,medium,0.04747876524925232,0.775515079498291,24.24178695678711,0.12577414512634277,0.011035483330488205,0.8401957750320435,0.022994572296738625
926,occlusion,low,0.04090169072151184,0.8515045046806335,25.12982940673828,0.03682810068130493,0.05360713601112366,0.025598222389817238,0.8839665055274963
927,occlusion,medium,0.025477077811956406,0.8811942934989929,28.039886474609375,0.0019105258397758007,0.015406080521643162,0.0029924537520855665,0.9796908497810364
928,blur,high,0.05408531427383423,0.6335114240646362,22.10950469970703,0.1127244085073471,0.01259651780128479,0.8465436100959778,0.028135407716035843
929,blur,low,0.028620099648833275,0.8756427764892578,28.372390747070312,0.17634639143943787,0.012567006051540375,0.7876664996147156,0.02342013642191887
930,occlusion,low,0.030780961737036705,0.8236775398254395,26.717445373535156,0.12153470516204834,0.07517657428979874,0.03172443062067032,0.7715643644332886
931,clean,none,0.014888397417962551,0.9889833927154541,34.861602783203125,0.7016849517822266,0.025689037516713142,0.2187214195728302,0.05390452221035957
932,occlusion,high,0.05912204831838608,0.662492036819458,20.264854431152344,7.355186971835792e-05,0.004868011921644211,0.00015300606901291758,0.9949054718017578
933,salt_pepper,medium,0.03291554003953934,0.8426389694213867,26.910924911499023,0.038461413234472275,0.865645170211792,0.06710569560527802,0.028787704184651375
934,occlusion,low,0.027372151613235474,0.900725245475769,24.014225006103516,0.003186748130246997,0.02027244307100773,0.005728747230023146,0.9708121418952942
935,clean,none,0.005214250646531582,0.9968968629837036,43.244319915771484,0.854426383972168,0.032208479940891266,0.0495791994035244,0.06378591060638428
936,blur,medium,0.11369417607784271,0.8225969672203064,16.36272621154785,0.10753414034843445,0.01234187837690115,0.8479323387145996,0.03219170495867729
937,clean,none,0.009683615528047085,0.9942010641098022,37.68610382080078,0.8430120348930359,0.02827659621834755,0.05636432394385338,0.0723470076918602
938,salt_pepper,low,0.033799558877944946,0.8164114952087402,26.76557159423828,0.04830768331885338,0.8293561935424805,0.08378389477729797,0.03855223208665848
939,occlusion,high,0.06945794820785522,0.6708062887191772,18.64830780029297,0.000361037120455876,0.007858271710574627,0.00015583510685246438,0.9916248917579651
940,occlusion,low,0.028851419687271118,0.8034604787826538,27.33931541442871,0.003523461055010557,0.022577209398150444,0.005702946800738573,0.9681963324546814
941,salt_pepper,medium,0.0367201529443264,0.8883571624755859,26.982398986816406,0.03234291449189186,0.8847012519836426,0.059167470782995224,0.023788388818502426
942,clean,none,0.006266714073717594,0.9972438216209412,40.71460723876953,0.9027485847473145,0.02138395607471466,0.034440964460372925,0.041426461189985275
943,clean,none,0.020311366766691208,0.9851950407028198,32.02235412597656,0.6984953880310059,0.029315754771232605,0.2064329832792282,0.06575590372085571
944,occlusion,medium,0.040185391902923584,0.7544374465942383,24.300689697265625,0.0007874263683333993,0.011925151571631432,0.0007292799418792129,0.9865582585334778
945,blur,low,0.036893974989652634,0.8836533427238464,26.41903305053711,0.1589442938566208,0.011835991404950619,0.8067882061004639,0.022431418299674988
946,occlusion,low,0.049662571400403976,0.8083810806274414,23.115541458129883,0.0208811666816473,0.04732535779476166,0.005643054377287626,0.9261505007743835
947,blur,high,0.036040134727954865,0.7985923290252686,25.545156478881836,0.12293204665184021,0.01192088145762682,0.8398361802101135,0.02531084045767784
948,occlusion,high,0.04540009796619415,0.7410283088684082,22.870018005371094,0.00015922513557597995,0.005793205462396145,0.0006156645249575377,0.9934319853782654
949,salt_pepper,medium,0.042173922061920166,0.8448655009269714,25.134273529052734,0.030333250761032104,0.8848703503608704,0.06014111638069153,0.024655280634760857
950,occlusion,medium,0.0260600708425045,0.8718957901000977,25.783016204833984,4.892040306003764e-05,0.004577179905027151,0.00029056737548671663,0.9950833320617676
951,clean,none,0.007393340580165386,0.9952173233032227,40.01813888549805,0.7733975052833557,0.026308104395866394,0.1380259096622467,0.06226848438382149
952,salt_pepper,medium,0.051535993814468384,0.8420548439025879,23.15004539489746,0.03227408602833748,0.8823720812797546,0.05982505530118942,0.025528764352202415
953,salt_pepper,medium,0.03397737443447113,0.873886227607727,26.265974044799805,0.031977929174900055,0.884548544883728,0.05956694111227989,0.02390659973025322
954,occlusion,medium,0.036354031413793564,0.758785605430603,24.990798950195312,0.008107856847345829,0.03450719267129898,0.003682306269183755,0.9537027478218079
955,clean,none,0.005888379644602537,0.9954347014427185,38.604949951171875,0.8148595094680786,0.03225613757967949,0.08486446738243103,0.06801987439393997
956,clean,none,0.004914993420243263,0.9985114932060242,43.310791015625,0.8482007384300232,0.024178525432944298,0.06893086433410645,0.05868983641266823
957,clean,none,0.011179591529071331,0.9948447942733765,37.10729217529297,0.8047714233398438,0.02293856255710125,0.12292545288801193,0.04936457797884941
958,occlusion,low,0.027235697954893112,0.8773640990257263,27.831937789916992,0.16094481945037842,0.08571211248636246,0.06959180533885956,0.6837512850761414
959,salt_pepper,medium,0.07150749862194061,0.8442391753196716,20.563030242919922,0.04127257317304611,0.8558754324913025,0.0719757080078125,0.030876345932483673
960,salt_pepper,high,0.03876911848783493,0.8396026492118835,25.259296417236328,0.027233576402068138,0.9078525304794312,0.046489167958498,0.018424829468131065
961,salt_pepper,high,0.049856700003147125,0.8054842948913574,23.539419174194336,0.03219909220933914,0.8879324793815613,0.05595140904188156,0.02391696162521839
962,blur,high,0.03598230704665184,0.7259246706962585,26.660396575927734,0.12287476658821106,0.010917854495346546,0.8436684608459473,0.02253885194659233
963,blur,high,0.04463132470846176,0.8127659559249878,24.70165252685547,0.13495734333992004,0.01581478677690029,0.8163828253746033,0.03284502029418945
964,salt_pepper,low,0.034162428230047226,0.8688927888870239,26.57019805908203,0.03249628096818924,0.8618364334106445,0.07221309840679169,0.03345423564314842
965,clean,none,0.008874463848769665,0.9928807020187378,38.668365478515625,0.7766522765159607,0.027206242084503174,0.1364128440618515,0.05972865968942642
966,salt_pepper,low,0.04295381158590317,0.8728691935539246,23.64966583251953,0.041278522461652756,0.8425987958908081,0.07900597900152206,0.037116676568984985
967,salt_pepper,high,0.06672024726867676,0.7504822015762329,20.621034622192383,0.041488487273454666,0.8629799485206604,0.0664576068520546,0.02907399833202362
968,salt_pepper,medium,0.04361338913440704,0.801404595375061,25.200082778930664,0.023745650425553322,0.9077318906784058,0.04945341870188713,0.01906912587583065
969,blur,medium,0.024513375014066696,0.8726909160614014,28.581806182861328,0.1196598932147026,0.01618734374642372,0.8290131092071533,0.03513961657881737
970,occlusion,low,0.042926639318466187,0.8717150688171387,23.509275436401367,0.17096483707427979,0.0763431042432785,0.05052772909402847,0.7021642923355103
971,occlusion,medium,0.10059710592031479,0.5410077571868896,17.77770233154297,0.0058877007104456425,0.03770117461681366,0.007485336158424616,0.9489258527755737
972,occlusion,high,0.0546393096446991,0.6748623847961426,21.186933517456055,0.00017136130190920085,0.005241893231868744,0.00025705937878228724,0.9943296909332275
973,clean,none,0.0035806484520435333,0.9988911151885986,45.83146667480469,0.8945342898368835,0.025854675099253654,0.034011535346508026,0.045599572360515594
974,occlusion,low,0.049965064972639084,0.7329732775688171,22.916881561279297,0.004781497176736593,0.024497486650943756,0.004511295352131128,0.9662096500396729
975,salt_pepper,medium,0.0403565876185894,0.7627901434898376,25.366790771484375,0.03991458937525749,0.8598816394805908,0.06941892951726913,0.0307848509401083
976,salt_pepper,low,0.05843229591846466,0.8162461519241333,22.374086380004883,0.032764848321676254,0.8551498055458069,0.0728592723608017,0.039226096123456955
977,occlusion,medium,0.03432092070579529,0.796779990196228,25.624177932739258,0.004039545077830553,0.018405990675091743,0.00357514014467597,0.9739792943000793
978,occlusion,medium,0.0754224956035614,0.6229212284088135,19.824094772338867,0.004500631708651781,0.022356856614351273,0.0032963899429887533,0.9698460698127747
979,blur,low,0.04081833362579346,0.8633396029472351,23.856849670410156,0.17833608388900757,0.01445295661687851,0.7786492705345154,0.028561700135469437
980,salt_pepper,low,0.038733627647161484,0.8907307982444763,25.33555793762207,0.031795550137758255,0.8628703355789185,0.07222840189933777,0.03310565650463104
981,clean,none,0.007649475708603859,0.9973900318145752,39.41366958618164,0.8796801567077637,0.020385457202792168,0.05103445425629616,0.048899952322244644
982,clean,none,0.00400177389383316,0.9976023435592651,44.74460220336914,0.8862031698226929,0.02507113851606846,0.040004100650548935,0.04872162267565727
983,blur,high,0.06233511492609978,0.7965646982192993,21.532461166381836,0.12564657628536224,0.01231157872825861,0.835445761680603,0.026596108451485634
984,salt_pepper,medium,0.13368873298168182,0.6883740425109863,14.514721870422363,0.04856500402092934,0.8371617197990417,0.07749129831790924,0.03678189590573311
985,salt_pepper,high,0.04699388146400452,0.8451130390167236,23.316057205200195,0.026885369792580605,0.9063642621040344,0.04766770824790001,0.019082600250840187
986,clean,none,0.013833511620759964,0.986550509929657,34.70405578613281,0.6504857540130615,0.03611788898706436,0.24183718860149384,0.07155918329954147
987,salt_pepper,medium,0.07882006466388702,0.7880067825317383,20.376449584960938,0.03764517977833748,0.8702207803726196,0.06621553003787994,0.02591853216290474
988,occlusion,high,0.067112997174263,0.6683996915817261,19.089557647705078,0.00027494848472997546,0.006269115023314953,0.0006264435360208154,0.9928295016288757
989,clean,none,0.0065277349203825,0.9918580055236816,40.318328857421875,0.8292179107666016,0.03271755576133728,0.07455812394618988,0.06350639462471008
990,occlusion,high,0.09613782167434692,0.5002858638763428,17.926311492919922,2.4421662601525895e-05,0.0025868823286145926,0.0001173741984530352,0.9972712397575378
991,blur,low,0.04426174983382225,0.8490898609161377,23.507347106933594,0.1867239624261856,0.014563623815774918,0.7726180553436279,0.026094308122992516
992,occlusion,high,0.10325872898101807,0.6212587356567383,14.34774398803711,0.0008268110104836524,0.011043609119951725,0.0014626887859776616,0.9866669774055481
993,salt_pepper,medium,0.039430659264326096,0.8359009623527527,25.37372398376465,0.021198028698563576,0.9145910143852234,0.04656194895505905,0.017648959532380104
994,blur,high,0.04265051335096359,0.8580468893051147,23.51287078857422,0.1192583218216896,0.014086708426475525,0.8371532559394836,0.029501691460609436
995,blur,low,0.03415457159280777,0.8721187114715576,26.627805709838867,0.17897504568099976,0.014741074293851852,0.7782415151596069,0.02804228849709034
996,salt_pepper,medium,0.06780584156513214,0.7921013832092285,20.519588470458984,0.035638682544231415,0.8703078031539917,0.06546767055988312,0.028585784137248993
997,clean,none,0.0061429827474057674,0.9968673586845398,41.7673454284668,0.8311116099357605,0.027209918946027756,0.08675475418567657,0.05492381379008293
998,salt_pepper,low,0.06183284521102905,0.7421520948410034,21.584529876708984,0.06778013706207275,0.7859975695610046,0.09382560104131699,0.05239672586321831
999,clean,none,0.011629961431026459,0.991506040096283,36.531742095947266,0.8402970433235168,0.031734924763441086,0.06737642735242844,0.06059153750538826
1000,blur,medium,0.06293921172618866,0.7815065383911133,21.527626037597656,0.11931923031806946,0.010830848477780819,0.8471763730049133,0.022673634812235832
1001,salt_pepper,high,0.05095720291137695,0.7861821055412292,23.21672248840332,0.028838755562901497,0.899674117565155,0.050934821367263794,0.020552316680550575
1002,clean,none,0.007607769221067429,0.9956711530685425,40.342315673828125,0.8543394804000854,0.026272043585777283,0.06468621641397476,0.054702285677194595
1003,clean,none,0.008443448692560196,0.9887473583221436,38.15997314453125,0.7697274684906006,0.030919818207621574,0.11862434446811676,0.08072834461927414
1004,occlusion,low,0.06491934508085251,0.736854076385498,20.297128677368164,0.0060435812920331955,0.025705918669700623,0.00500563345849514,0.9632449150085449
1005,blur,high,0.033686570823192596,0.8973684310913086,25.248538970947266,0.12184407562017441,0.014312987215816975,0.8344318270683289,0.029411157593131065
1006,salt_pepper,low,0.04619000107049942,0.8363580107688904,24.067171096801758,0.038319893181324005,0.8392726182937622,0.0800807848572731,0.0423266775906086
1007,clean,none,0.008069377392530441,0.9966012835502625,39.54898452758789,0.864922285079956,0.02679082192480564,0.06419339030981064,0.04409348592162132
1008,blur,high,0.04170890897512436,0.8244802951812744,25.30839729309082,0.1183629184961319,0.01170937530696392,0.8450971841812134,0.02483045682311058
1009,salt_pepper,high,0.07941502332687378,0.7284461855888367,18.92021369934082,0.03476880490779877,0.8831363916397095,0.05741068720817566,0.02468411810696125
1010,occlusion,low,0.045508723706007004,0.810696542263031,23.426559448242188,0.018408574163913727,0.03897780552506447,0.015464811585843563,0.9271488189697266
1011,blur,low,0.031180134043097496,0.8696309924125671,26.59239959716797,0.1883191019296646,0.019385630264878273,0.7504056692123413,0.04188956692814827
1012,occlusion,high,0.1450565755367279,0.4047701060771942,13.778608322143555,0.005105596035718918,0.03480471298098564,0.0014743368374183774,0.9586153626441956
1013,blur,low,0.02529783546924591,0.9255132675170898,28.856861114501953,0.15589840710163116,0.016911108046770096,0.7925400733947754,0.03465043008327484
1014,salt_pepper,high,0.02459600195288658,0.8039538264274597,28.535356521606445,0.02378210984170437,0.9152060151100159,0.04396529123187065,0.017046652734279633
1015,occlusion,low,0.04902834817767143,0.7996586561203003,22.621166229248047,0.02187783271074295,0.03748294338583946,0.010698349215090275,0.9299408793449402
1016,blur,high,0.05335473641753197,0.8598006963729858,23.043996810913086,0.11605004966259003,0.012558840215206146,0.8449182510375977,0.026472844183444977
1017,salt_pepper,medium,0.07444512099027634,0.8446833491325378,20.88109016418457,0.046457689255476,0.8439271450042725,0.07631262391805649,0.033302485942840576
1018,clean,none,0.0048096985556185246,0.998083233833313,43.035160064697266,0.851951003074646,0.03352557495236397,0.046146634966135025,0.06837671250104904
1019,occlusion,medium,0.03584926947951317,0.8300878405570984,24.57140350341797,0.10258125513792038,0.07454203069210052,0.035982705652713776,0.7868940234184265
1020,clean,none,0.017596274614334106,0.9906112551689148,32.5137939453125,0.7143173217773438,0.03772203251719475,0.14931751787662506,0.09864313900470734
1021,clean,none,0.005988778080791235,0.9975255727767944,42.11524200439453,0.8964257836341858,0.027418091893196106,0.028742019087076187,0.04741411283612251
1022,clean,none,0.012935031205415726,0.987945556640625,35.438926696777344,0.6532254219055176,0.028729109093546867,0.2545005977153778,0.0635448545217514
1023,blur,medium,0.08428194373846054,0.8628575205802917,18.750167846679688,0.11608399450778961,0.012683707289397717,0.8446020483970642,0.026630224660038948
1024,salt_pepper,high,0.08342989534139633,0.7718619108200073,18.964616775512695,0.027536921203136444,0.9031086564064026,0.049572572112083435,0.01978176087141037
1025,blur,medium,0.08131831884384155,0.7678593993186951,18.0115909576416,0.11450404673814774,0.013346448540687561,0.8431206941604614,0.029028862714767456
1026,clean,none,0.004386240150779486,0.9960638880729675,44.557037353515625,0.8681831359863281,0.026375804096460342,0.051954418420791626,0.05348663404583931
1027,clean,none,0.01321566291153431,0.9889308214187622,34.190277099609375,0.6994017362594604,0.0284014530479908,0.21319079399108887,0.05900602787733078
1028,clean,none,0.008560778573155403,0.9863176345825195,39.27460479736328,0.6823291182518005,0.02834509313106537,0.2301468700170517,0.059178899973630905
1029,blur,medium,0.08206072449684143,0.6656026244163513,19.355159759521484,0.10799170285463333,0.01184818521142006,0.8549919128417969,0.025168241932988167
1030,salt_pepper,medium,0.05882928520441055,0.7848619222640991,21.775035858154297,0.028752466663718224,0.8912091851234436,0.05752512812614441,0.022513175383210182
1031,blur,medium,0.07454822957515717,0.804597020149231,18.967548370361328,0.1236470490694046,0.012691191397607327,0.8361824154853821,0.027479296550154686
1032,blur,low,0.03094969503581524,0.9283188581466675,27.83145523071289,0.1577943116426468,0.019007906317710876,0.7854544520378113,0.03774329274892807
1033,clean,none,0.005647405982017517,0.9978370070457458,42.036460876464844,0.9008020162582397,0.03168207034468651,0.020274315029382706,0.047241587191820145
1034,salt_pepper,high,0.05035669729113579,0.6653563976287842,23.807113647460938,0.052597228437662125,0.8320817351341248,0.07685206085443497,0.03846901282668114
1035,clean,none,0.003739694133400917,0.9988220930099487,45.795989990234375,0.9028027057647705,0.023254994302988052,0.030706914141774178,0.04323539137840271
1036,blur,low,0.05713091045618057,0.8209353685379028,22.634878158569336,0.158474862575531,0.01584283635020256,0.7942969799041748,0.03138536587357521
1037,occlusion,medium,0.07598067820072174,0.7532660961151123,17.617389678955078,0.0019185697892680764,0.014943303540349007,0.0018468466587364674,0.9812912940979004
1038,blur,high,0.05391531437635422,0.7570586204528809,22.181438446044922,0.11902450770139694,0.012234318070113659,0.8429681062698364,0.025773046538233757
1039,clean,none,0.011123964563012123,0.9817700386047363,36.31827163696289,0.6489868760108948,0.03215181455016136,0.2467270791530609,0.07213419675827026
1040,salt_pepper,medium,0.07277423143386841,0.7099744081497192,20.214710235595703,0.04122583195567131,0.8589190244674683,0.06667014211416245,0.033184926956892014
1041,blur,high,0.05648249015212059,0.6646920442581177,19.382598876953125,0.12430518120527267,0.016020020470023155,0.8228630423545837,0.036811716854572296
1042,salt_pepper,low,0.048609815537929535,0.889377772808075,23.07647705078125,0.035119712352752686,0.8618793487548828,0.07268127799034119,0.03031965345144272
1043,clean,none,0.004855561535805464,0.9970139861106873,43.50065231323242,0.8907630443572998,0.027333514764904976,0.031167037785053253,0.05073635280132294
1044,occlusion,high,0.0612165704369545,0.6691155433654785,20.63960075378418,0.00010522955562919378,0.005496699828654528,0.00022490047558676451,0.9941731095314026
1045,blur,low,0.04137410968542099,0.9145907163619995,24.852741241455078,0.1601499319076538,0.018049977719783783,0.7848636507987976,0.03693634644150734
1046,clean,none,0.007213117089122534,0.9953281879425049,40.03876495361328,0.8055469393730164,0.032215483486652374,0.09300869703292847,0.06922895461320877
1047,salt_pepper,high,0.09950578212738037,0.6343598365783691,17.171630859375,0.02884918823838234,0.9001799821853638,0.05068320780992508,0.02028769627213478
1048,blur,medium,0.03280308097600937,0.9254781603813171,26.963504791259766,0.11933642625808716,0.01266857236623764,0.8420277237892151,0.025967221707105637
1049,blur,low,0.03610774129629135,0.8642274737358093,26.135923385620117,0.1537388414144516,0.012942393310368061,0.808380663394928,0.024938073009252548
1050,salt_pepper,high,0.08225908875465393,0.732779860496521,18.209550857543945,0.03130330145359039,0.889517605304718,0.05623163655400276,0.022947389632463455
1051,blur,medium,0.15797650814056396,0.6183191537857056,13.500022888183594,0.11081983149051666,0.012338022701442242,0.8504422903060913,0.026399796828627586
1052,salt_pepper,high,0.07570548355579376,0.8772039413452148,21.222875595092773,0.02872706949710846,0.8990626931190491,0.05164207145571709,0.020568152889609337
1053,clean,none,0.009779452346265316,0.9970172643661499,36.145389556884766,0.8934453725814819,0.022189827635884285,0.03714035078883171,0.047224417328834534
1054,salt_pepper,high,0.050298117101192474,0.884963870048523,22.309242248535156,0.022041374817490578,0.9167424440383911,0.0444236658513546,0.01679251715540886
1055,occlusion,low,0.03672988340258598,0.8665332794189453,24.836366653442383,0.025379719212651253,0.04236790910363197,0.014426766894757748,0.9178255796432495
1056,salt_pepper,medium,0.042995892465114594,0.8630325198173523,24.35702133178711,0.029041610658168793,0.8901475667953491,0.05732113867998123,0.02348969876766205
1057,occlusion,medium,0.04399129003286362,0.7838600873947144,23.51578140258789,0.00034436112036928535,0.008119295351207256,0.0008075787918642163,0.9907287359237671
1058,occlusion,high,0.08100374788045883,0.6326575875282288,17.032621383666992,0.00041052521555684507,0.016232749447226524,0.0008584205061197281,0.9824983477592468
1059,salt_pepper,low,0.0990733802318573,0.7130932807922363,14.982625961303711,0.03874294459819794,0.8485965132713318,0.07557158172130585,0.03708905354142189
1060,salt_pepper,low,0.029582737013697624,0.8423883318901062,27.548175811767578,0.021688144654035568,0.8760446906089783,0.06316638737916946,0.0391007661819458
1061,blur,high,0.058806922286748886,0.8352270126342773,21.662220001220703,0.12334997951984406,0.013425556942820549,0.8336602449417114,0.029564207419753075
1062,blur,high,0.03692145645618439,0.7629038095474243,25.018938064575195,0.11714243143796921,0.012906919233500957,0.8428122997283936,0.02713829092681408
1063,clean,none,0.0067969574593007565,0.9918099641799927,39.85676193237305,0.7386897206306458,0.03666358441114426,0.13902725279331207,0.08561941981315613
1064,occlusion,low,0.04958481341600418,0.7996889352798462,23.02538299560547,0.08463121950626373,0.060228560119867325,0.025034049525856972,0.8301061391830444
1065,clean,none,0.018659627065062523,0.9835464358329773,31.992713928222656,0.7410497665405273,0.03558984771370888,0.152645543217659,0.07071477919816971
1066,clean,none,0.008241946808993816,0.9919463992118835,39.236351013183594,0.8150994181632996,0.03135296329855919,0.08986900001764297,0.06367860734462738
1067,occlusion,high,0.14481231570243835,0.4317142963409424,12.282329559326172,0.0010966727277264,0.016384731978178024,0.0012363828718662262,0.9812822341918945
1068,clean,none,0.0050073652528226376,0.997389018535614,43.36376190185547,0.8872007131576538,0.026851892471313477,0.0351751483976841,0.05077218636870384
1069,occlusion,high,0.04236210510134697,0.7146979570388794,22.902843475341797,0.0025077322497963905,0.013743284158408642,0.0033565103076398373,0.9803923964500427
1070,blur,medium,0.07391408085823059,0.7558202147483826,20.38884735107422,0.11775651574134827,0.010286693461239338,0.8501642346382141,0.021792521700263023
1071,blur,medium,0.07214831560850143,0.8599050045013428,20.680984497070312,0.11658626794815063,0.011386548168957233,0.8484503030776978,0.02357686497271061
1072,occlusion,medium,0.03919683024287224,0.7881995439529419,25.196205139160156,4.882818029727787e-05,0.004386907443404198,0.00024799007223919034,0.9953162670135498
1073,salt_pepper,medium,0.04798822104930878,0.843953549861908,24.355300903320312,0.04526353254914284,0.8463222980499268,0.07342324405908585,0.03499090299010277
1074,salt_pepper,high,0.066413514316082,0.6444978713989258,21.927082061767578,0.054033562541007996,0.8274024128913879,0.07898114621639252,0.03958282992243767
1075,blur,low,0.09008287638425827,0.7081710696220398,18.668058395385742,0.4602772295475006,0.035170868039131165,0.43254712224006653,0.07200481742620468
1076,blur,high,0.04834612458944321,0.7547823786735535,23.523977279663086,0.12779764831066132,0.014985914342105389,0.8260800838470459,0.031136348843574524
1077,blur,low,0.03278762847185135,0.8330261707305908,26.78901481628418,0.17347101867198944,0.021556921303272247,0.7552733421325684,0.04969864711165428
1078,salt_pepper,low,0.049673210829496384,0.9010933637619019,22.87217903137207,0.03565835580229759,0.8550881743431091,0.07243811339139938,0.03681536018848419
1079,clean,none,0.007217619568109512,0.9969324469566345,40.03523254394531,0.8949728012084961,0.03244655206799507,0.021070176735520363,0.05151049792766571
1080,salt_pepper,high,0.055346764624118805,0.7974646091461182,22.05997657775879,0.027411557734012604,0.9042960405349731,0.04912980645895004,0.01916266791522503
1081,salt_pepper,low,0.03820788115262985,0.9242576360702515,26.12936019897461,0.027881883084774017,0.8738932609558105,0.06941035389900208,0.028814533725380898
1082,occlusion,high,0.09955224394798279,0.5121446251869202,15.338869094848633,0.0016120055224746466,0.015194623731076717,0.0021509944926947355,0.9810423851013184
1083,occlusion,low,0.06006468087434769,0.794284999370575,21.034610748291016,0.09053829312324524,0.07878266274929047,0.06687197089195251,0.7638071179389954
1084,clean,none,0.0050649745389819145,0.994631290435791,43.112998962402344,0.8865018486976624,0.025677310302853584,0.03411422297358513,0.0537065826356411
1085,occlusion,medium,0.06451151520013809,0.6154468059539795,21.106395721435547,0.0028559891507029533,0.023149387910962105,0.003486448433250189,0.9705082178115845
1086,blur,medium,0.07196490466594696,0.6806795001029968,20.67957878112793,0.11447158455848694,0.012992769479751587,0.8452315926551819,0.027304014191031456
1087,blur,high,0.08139791339635849,0.638830840587616,18.997228622436523,0.11788671463727951,0.011198925785720348,0.8470202088356018,0.023894082754850388
1088,clean,none,0.00425354577600956,0.9986590147018433,44.23106384277344,0.8849211931228638,0.021887831389904022,0.049114663153886795,0.04407636448740959
1089,clean,none,0.016669027507305145,0.9788400530815125,32.692527770996094,0.6561653017997742,0.03148360550403595,0.24956640601158142,0.06278464943170547
1090,salt_pepper,low,0.03974345326423645,0.8050574064254761,24.978349685668945,0.04653841629624367,0.8322107791900635,0.08323667198419571,0.038014113903045654
1091,clean,none,0.008129923604428768,0.9951021075248718,39.29694366455078,0.8316223621368408,0.04179662466049194,0.06784813106060028,0.058732882142066956
1092,salt_pepper,low,0.038967326283454895,0.8846232891082764,25.72669219970703,0.03756013885140419,0.8517184257507324,0.07364459335803986,0.037076838314533234
1093,salt_pepper,low,0.0601455383002758,0.8070307970046997,22.241928100585938,0.046751827001571655,0.845518171787262,0.07225136458873749,0.035478681325912476
1094,clean,none,0.009839138016104698,0.9949628114700317,37.91600036621094,0.8648859262466431,0.0308382511138916,0.043307915329933167,0.060967929661273956
1095,clean,none,0.014618642628192902,0.9810313582420349,34.200843811035156,0.5859823226928711,0.02674776129424572,0.3326509892940521,0.0546189546585083
1096,blur,medium,0.062090128660202026,0.7095102071762085,20.495595932006836,0.12570254504680634,0.013473251834511757,0.8323749899864197,0.02844916842877865
1097,clean,none,0.006908842828124762,0.9966513514518738,40.257076263427734,0.8866345286369324,0.027111105620861053,0.03863273933529854,0.04762166738510132
1098,blur,medium,0.06316017359495163,0.7975875735282898,20.330333709716797,0.11549502611160278,0.011244693771004677,0.8491434454917908,0.02411690354347229
1099,blur,low,0.038648758083581924,0.8005838394165039,25.640445709228516,0.3563288450241089,0.028649520128965378,0.562828779220581,0.05219290405511856
1100,blur,low,0.05107645317912102,0.7659053802490234,23.26360511779785,0.3903424143791199,0.02660585194826126,0.5334051847457886,0.04964657127857208
1101,clean,none,0.0044112429022789,0.9971354007720947,44.30895233154297,0.877494215965271,0.02760746143758297,0.03971509635448456,0.05518318712711334
1102,blur,low,0.033777352422475815,0.8350740671157837,27.242080688476562,0.1827879548072815,0.014239487238228321,0.7764230966567993,0.02654951997101307
1103,clean,none,0.005418051034212112,0.9950454235076904,42.475860595703125,0.8414708971977234,0.03497994318604469,0.04388788342475891,0.07966125756502151
1104,salt_pepper,high,0.06009697914123535,0.8287355303764343,22.387104034423828,0.0332508385181427,0.8862766623497009,0.05705024302005768,0.023422162979841232
1105,occlusion,medium,0.07148931920528412,0.6866887807846069,19.080101013183594,0.005191330797970295,0.02122252993285656,0.004156898241490126,0.9694291353225708
1106,salt_pepper,medium,0.09531095623970032,0.642014741897583,17.963525772094727,0.0394403450191021,0.8661593794822693,0.06413333863019943,0.030266959220170975
1107,clean,none,0.00561731681227684,0.9973551034927368,41.51891326904297,0.8842604756355286,0.02799477055668831,0.03058549575507641,0.05715923756361008
1108,salt_pepper,low,0.04252825304865837,0.7894407510757446,24.316444396972656,0.03558635339140892,0.8464785218238831,0.07746340334415436,0.040471721440553665
1109,blur,low,0.042988430708646774,0.83875572681427,24.875661849975586,0.2192053645849228,0.017752736806869507,0.731478214263916,0.031563736498355865
1110,occlusion,low,0.0728660374879837,0.6611249446868896,19.196821212768555,0.0803079605102539,0.10171818733215332,0.015166044235229492,0.8028078079223633
1111,occlusion,high,0.06091262027621269,0.6470855474472046,20.328771591186523,2.1139619548193878e-06,0.000868172908667475,1.4062502486922313e-05,0.9991156458854675
1112,occlusion,low,0.03213869780302048,0.8767117857933044,25.09111213684082,0.3551659882068634,0.07864852994680405,0.058932024985551834,0.5072534084320068
1113,occlusion,high,0.0728699341416359,0.537087619304657,19.35374641418457,2.9399045160971582e-05,0.002891673007979989,8.133050869219005e-05,0.996997594833374
1114,clean,none,0.006650154944509268,0.9941808581352234,40.31264877319336,0.7918872237205505,0.03251245617866516,0.10390400886535645,0.07169636338949203
1115,occlusion,medium,0.04554878920316696,0.7644245028495789,24.33361053466797,0.0003958176530431956,0.008096707984805107,0.0004620413819793612,0.9910454154014587
1116,salt_pepper,medium,0.04699967801570892,0.7202793955802917,23.61678123474121,0.03668249025940895,0.8668960332870483,0.06731592863798141,0.029105542227625847
1117,blur,medium,0.10534936189651489,0.7770384550094604,17.611183166503906,0.11950885504484177,0.014339097775518894,0.8344982862472534,0.0316537506878376
1118,occlusion,high,0.057288896292448044,0.6253297328948975,21.324193954467773,0.00018893521337304264,0.007014715578407049,0.0002757574839051813,0.9925206899642944
1119,blur,medium,0.05755407363176346,0.7450703382492065,22.76352310180664,0.12164366245269775,0.014545882120728493,0.8325449228286743,0.03126547858119011
1120,occlusion,medium,0.08318988978862762,0.7027437686920166,19.301456451416016,0.0019167737336829305,0.023837873712182045,0.0011962786084041,0.9730491638183594
1121,clean,none,0.004661122336983681,0.9982403516769409,43.194305419921875,0.8448419570922852,0.03395305573940277,0.04699878394603729,0.0742061585187912
1122,occlusion,medium,0.0833674892783165,0.7001837491989136,18.121192932128906,0.17791631817817688,0.0962887778878212,0.019713519141077995,0.7060813307762146
1123,blur,medium,0.043219923973083496,0.8384661078453064,24.945995330810547,0.11689374595880508,0.012862568721175194,0.8436444401741028,0.02659926377236843
1124,blur,medium,0.05784512683749199,0.6777781844139099,22.08991050720215,0.1121252104640007,0.010282820090651512,0.8557815551757812,0.021810485050082207
1125,occlusion,high,0.06024830788373947,0.6069185733795166,21.17450523376465,0.0005431121680885553,0.008781492710113525,0.0006673411699011922,0.9900079965591431
1126,salt_pepper,medium,0.06706854701042175,0.6083637475967407,21.138742446899414,0.060992781072854996,0.8029119968414307,0.08970697969198227,0.04638822749257088
1127,blur,low,0.027928855270147324,0.9519357681274414,28.59487533569336,0.16667917370796204,0.012109196744859219,0.798355758190155,0.022855961695313454
1128,salt_pepper,medium,0.13013043999671936,0.6061972379684448,15.584381103515625,0.028956908732652664,0.8932416439056396,0.05543708801269531,0.022364309057593346
1129,salt_pepper,low,0.05840912461280823,0.8479199409484863,22.834598541259766,0.04845118522644043,0.8211939334869385,0.0849795937538147,0.045375168323516846
1130,blur,medium,0.04678173363208771,0.7526296973228455,24.323978424072266,0.12110530585050583,0.013699900358915329,0.8367648124694824,0.028429975733160973
1131,occlusion,high,0.08104237914085388,0.6295167207717896,18.339786529541016,9.056067938217893e-06,0.0017874545883387327,2.4068098355201073e-05,0.9981794357299805
1132,blur,low,0.08177313208580017,0.7255684733390808,19.77880096435547,0.3565748929977417,0.033595193177461624,0.5410076379776001,0.06882219761610031
1133,occlusion,high,0.05518031120300293,0.6627815961837769,21.391315460205078,0.0004273394006304443,0.007749501150101423,0.0007800418534316123,0.9910430908203125
1134,salt_pepper,high,0.03860506787896156,0.855961799621582,25.05199432373047,0.034976255148649216,0.879856288433075,0.05963093787431717,0.025536557659506798
1135,occlusion,low,0.021909479051828384,0.8925503492355347,29.221717834472656,0.00839143991470337,0.027653129771351814,0.007695781532675028,0.9562596678733826
1136,clean,none,0.03510613366961479,0.9741395711898804,27.061050415039062,0.7152136564254761,0.034598782658576965,0.16745968163013458,0.08272786438465118
1137,occlusion,high,0.1330578327178955,0.5679554343223572,14.1353120803833,1.2634845006687101e-05,0.00254768505692482,6.18721533101052e-05,0.9973777532577515
1138,blur,high,0.038361452519893646,0.795036256313324,25.117094039916992,0.12488114088773727,0.013015322387218475,0.8354002237319946,0.0267033614218235
1139,occlusion,high,0.08877208083868027,0.5451691150665283,17.738357543945312,6.4572082010272425e-06,0.0017353404546156526,2.282268542330712e-05,0.9982353448867798
1140,clean,none,0.0095569659024477,0.9914458990097046,38.01696014404297,0.7990825772285461,0.030634138733148575,0.10625054687261581,0.06403274089097977
1141,clean,none,0.005793876945972443,0.9904640913009644,39.9259033203125,0.7488596439361572,0.04063380882143974,0.05392634868621826,0.15658028423786163
1142,blur,medium,0.048109978437423706,0.7919875979423523,24.282367706298828,0.12296448647975922,0.017252029851078987,0.8219457864761353,0.03783769533038139
1143,blur,medium,0.042908377945423126,0.670954167842865,20.73944854736328,0.09753481298685074,0.02094055339694023,0.7984616756439209,0.08306294679641724
1144,blur,low,0.054866254329681396,0.7805992960929871,23.184574127197266,0.17108361423015594,0.012799170799553394,0.7913274765014648,0.024789737537503242
1145,occlusion,low,0.044351138174533844,0.6733255386352539,23.5805606842041,0.01861995831131935,0.0640675500035286,0.015844501554965973,0.90146803855896
1146,salt_pepper,high,0.04172526299953461,0.8219246864318848,22.645559310913086,0.018421920016407967,0.9316466450691223,0.036521993577480316,0.01340943668037653
1147,salt_pepper,high,0.04288214072585106,0.8801441192626953,24.931930541992188,0.021930180490016937,0.9167361855506897,0.04483287036418915,0.01650078594684601
1148,blur,low,0.05014772340655327,0.8446335196495056,23.378217697143555,0.181679368019104,0.012559630908071995,0.7821071743965149,0.023653864860534668
1149,occlusion,low,0.04706715792417526,0.7788886427879333,22.17743682861328,0.08009437471628189,0.09737730026245117,0.02293497882783413,0.7995933890342712
1150,blur,high,0.2035641372203827,0.5197550654411316,11.480890274047852,0.11569517105817795,0.012369520962238312,0.8451119065284729,0.02682337537407875
1151,occlusion,medium,0.08169496804475784,0.6692968606948853,17.057645797729492,0.001223600353114307,0.012434456497430801,0.0014081258559599519,0.9849338531494141
1152,occlusion,high,0.06035377085208893,0.7333736419677734,19.04476547241211,2.0835414034081623e-05,0.002819053130224347,9.13603143999353e-05,0.9970688223838806
1153,salt_pepper,low,0.04305350407958031,0.8763086795806885,24.67618751525879,0.043468229472637177,0.8428794741630554,0.07687005400657654,0.036782313138246536
1154,salt_pepper,low,0.03709990531206131,0.755736768245697,26.15459632873535,0.02778783068060875,0.8730682134628296,0.06720782816410065,0.031936027109622955
1155,salt_pepper,medium,0.042988866567611694,0.854377269744873,24.262971878051758,0.025635207071900368,0.9039129018783569,0.050765350461006165,0.019686594605445862
1156,occlusion,low,0.0697379857301712,0.7698034048080444,19.763763427734375,0.08799833804368973,0.07623597234487534,0.15530112385749817,0.6804645657539368
1157,salt_pepper,high,0.03523837774991989,0.7981185913085938,24.740121841430664,0.025801729410886765,0.9077541828155518,0.047674812376499176,0.01876927725970745
1158,clean,none,0.0051157595589756966,0.9970397353172302,42.51455307006836,0.84787917137146,0.031596601009368896,0.05657647177577019,0.06394775211811066
1159,occlusion,low,0.03436807543039322,0.8444878458976746,22.88254165649414,0.18440541625022888,0.09478180855512619,0.027280811220407486,0.6935319900512695
1160,blur,medium,0.03312789648771286,0.8356168270111084,27.158662796020508,0.12117428332567215,0.015559484250843525,0.830010175704956,0.033256057649850845
1161,clean,none,0.009106304496526718,0.9962196350097656,38.46525573730469,0.8725051283836365,0.03303394466638565,0.04411737993359566,0.05034357309341431
1162,clean,none,0.006699269637465477,0.9981279373168945,41.35013198852539,0.8981984853744507,0.023134462535381317,0.03348904475569725,0.04517795518040657
1163,occlusion,medium,0.053383179008960724,0.7620081901550293,21.719972610473633,0.00011266195360803977,0.008017665706574917,0.00032421477953903377,0.9915453791618347
1164,blur,high,0.03921983763575554,0.7903944253921509,25.15665054321289,0.1193857416510582,0.010833682492375374,0.847138524055481,0.022642068564891815
1165,salt_pepper,medium,0.06497088819742203,0.7077204585075378,21.129966735839844,0.047708433121442795,0.840656042098999,0.07614227384328842,0.035493262112140656
1166,occlusion,medium,0.04555085301399231,0.6763588190078735,23.442245483398438,0.002044424181804061,0.019082633778452873,0.0030497759580612183,0.975823163986206
1167,salt_pepper,low,0.11478780210018158,0.6462247371673584,17.095067977905273,0.08290854841470718,0.7627217173576355,0.095859095454216,0.05851062387228012
1168,occlusion,low,0.032173000276088715,0.8495375514030457,26.356508255004883,0.04313937947154045,0.05251041799783707,0.022630246356129646,0.8817198872566223
1169,occlusion,medium,0.04629957675933838,0.7727569341659546,22.444217681884766,0.0003783864085562527,0.014728636480867863,0.0007268161280080676,0.984166145324707
1170,occlusion,low,0.05052447319030762,0.8118623495101929,22.767934799194336,0.012174947187304497,0.03768269345164299,0.009300392121076584,0.9408420324325562
1171,occlusion,high,0.0716693326830864,0.6310173273086548,18.533893585205078,1.3912796021031681e-05,0.002330891788005829,5.405695992521942e-05,0.9976010918617249
1172,blur,high,0.12885884940624237,0.5659813284873962,15.329814910888672,0.10554548352956772,0.009532619267702103,0.8643274307250977,0.020594481378793716
1173,blur,low,0.05614970624446869,0.7006442546844482,22.411544799804688,0.21606259047985077,0.01971494033932686,0.7288222312927246,0.035400327295064926
1174,clean,none,0.009810381568968296,0.9924229383468628,37.49152374267578,0.8003048300743103,0.030327899381518364,0.10409682989120483,0.06527040898799896
1175,blur,low,0.03276240825653076,0.8892883062362671,27.0592098236084,0.18500863015651703,0.013161402195692062,0.7768142223358154,0.02501579187810421
1176,salt_pepper,low,0.0359211340546608,0.8899797201156616,25.360519409179688,0.03469371423125267,0.8667173385620117,0.06597553193569183,0.0326133668422699
1177,blur,high,0.03300371766090393,0.8539848327636719,25.766389846801758,0.12267187237739563,0.010767271742224693,0.8443120121955872,0.02224889025092125
1178,salt_pepper,medium,0.036758676171302795,0.7438597679138184,23.898313522338867,0.02033558487892151,0.9167349338531494,0.04529612511396408,0.01763332448899746
1179,salt_pepper,low,0.05866887420415878,0.6252862811088562,18.942800521850586,0.03181981295347214,0.8434811234474182,0.07653661072254181,0.04816244915127754
1180,occlusion,low,0.02417333424091339,0.925541341304779,27.877819061279297,0.012687895447015762,0.048422135412693024,0.011489924043416977,0.9273999333381653
1181,salt_pepper,high,0.09277693927288055,0.6564359068870544,18.704187393188477,0.030125722289085388,0.8947937488555908,0.05310151353478432,0.02197900041937828
1182,salt_pepper,medium,0.11292322725057602,0.729904294013977,16.51017951965332,0.04198962822556496,0.8549743294715881,0.07197854667901993,0.03105752170085907
1183,salt_pepper,medium,0.05676562711596489,0.7299154996871948,22.44450569152832,0.04277018457651138,0.852401614189148,0.07191712409257889,0.03291108459234238
1184,clean,none,0.006193357519805431,0.9956989288330078,40.77442932128906,0.8635802865028381,0.04954879730939865,0.019765503704547882,0.06710544228553772
1185,occlusion,medium,0.06344586610794067,0.632189929485321,20.627979278564453,0.015451214276254177,0.04487259313464165,0.0038050562143325806,0.9358711242675781
1186,clean,none,0.005506550427526236,0.9965114593505859,42.62224578857422,0.8850365281105042,0.030764847993850708,0.026283329352736473,0.05791536346077919
1187,blur,high,0.04198083281517029,0.7175390720367432,25.007160186767578,0.13254565000534058,0.014903003349900246,0.8211342096328735,0.03141713887453079
1188,salt_pepper,medium,0.06583230197429657,0.7443218231201172,20.914724349975586,0.034454043954610825,0.8748202919960022,0.06387072056531906,0.02685496024787426
1189,clean,none,0.008790519088506699,0.9960831999778748,38.02014923095703,0.8725836277008057,0.029252415522933006,0.04496462643146515,0.05319933593273163
1190,clean,none,0.009694280102849007,0.9955123662948608,37.62312316894531,0.8747627139091492,0.027774140238761902,0.04299682378768921,0.05446629971265793
1191,occlusion,high,0.11620877683162689,0.4981098771095276,15.796897888183594,0.0001528295106254518,0.005757029168307781,0.00010996733180945739,0.9939801692962646
1192,occlusion,medium,0.05915262550115585,0.6326112747192383,21.43337059020996,0.04223556071519852,0.053577713668346405,0.006433957722038031,0.8977528214454651
1193,blur,high,0.10432698577642441,0.6428269743919373,16.748153686523438,0.11461981385946274,0.011375305242836475,0.8496001958847046,0.02440464124083519
1194,salt_pepper,high,0.04478613659739494,0.7445558309555054,23.835250854492188,0.037775009870529175,0.8731091022491455,0.06261496245861053,0.026500893756747246
1195,clean,none,0.013529776595532894,0.9851149916648865,34.88103103637695,0.7459753155708313,0.03444243222475052,0.15193206071853638,0.06765013188123703
1196,clean,none,0.007758693303912878,0.9956907033920288,39.723785400390625,0.8414393663406372,0.024276452139019966,0.0822407454252243,0.05204343795776367
1197,occlusion,low,0.049265436828136444,0.7537918090820312,22.872665405273438,0.013111284002661705,0.03397662937641144,0.00572976702824235,0.947182297706604
1198,occlusion,high,0.06227099895477295,0.6945311427116394,19.93675422668457,0.0002038545353570953,0.00545458821579814,0.00018069316865876317,0.9941608309745789
1199,salt_pepper,low,0.06480105966329575,0.7852303981781006,21.3913631439209,0.05006647855043411,0.8179998397827148,0.08875724673271179,0.04317639768123627
1200,occlusion,high,0.07406162470579147,0.6233586072921753,19.293567657470703,0.0006090629030950367,0.011284415610134602,0.0003436275292187929,0.9877628684043884
1201,clean,none,0.009632650762796402,0.9953688979148865,38.46310806274414,0.8697174787521362,0.02167482301592827,0.0640244260430336,0.04458329454064369
1202,clean,none,0.0045051295310258865,0.9987000226974487,43.47442626953125,0.9181333780288696,0.024507036432623863,0.01106688380241394,0.046292658895254135
1203,clean,none,0.006024125963449478,0.997583270072937,41.6413459777832,0.8993786573410034,0.03189319744706154,0.01765296794474125,0.051075197756290436
1204,blur,low,0.04495975002646446,0.8347635269165039,23.793880462646484,0.1286904215812683,0.01124804001301527,0.8379417657852173,0.02211979404091835
1205,occlusion,low,0.0267428420484066,0.8963984847068787,28.230066299438477,0.22612564265727997,0.07725483179092407,0.06705747544765472,0.6295620203018188
1206,blur,medium,0.06321998685598373,0.7199653387069702,21.807126998901367,0.10993801802396774,0.011133122257888317,0.8548288941383362,0.02409997023642063
1207,occlusion,high,0.0884244292974472,0.667510449886322,17.336421966552734,0.00010570250015007332,0.004728686064481735,0.00019542660447768867,0.9949701428413391
1208,salt_pepper,low,0.08274634182453156,0.8322837352752686,19.19750213623047,0.0359664186835289,0.8558012843132019,0.07394056022167206,0.034291744232177734
1209,clean,none,0.00945882499217987,0.9891979694366455,37.798362731933594,0.7841454744338989,0.06371632218360901,0.044128019362688065,0.1080101728439331
1210,salt_pepper,high,0.05224495381116867,0.8091968297958374,22.5745792388916,0.02930845133960247,0.897079348564148,0.05287516489624977,0.020737038925290108
1211,blur,medium,0.0769205316901207,0.698625922203064,19.58194923400879,0.12299664318561554,0.012060408480465412,0.8399004340171814,0.025042543187737465
1212,clean,none,0.04054906219244003,0.9678665995597839,25.90697479248047,0.49979427456855774,0.025113599374890327,0.4262693524360657,0.04882281646132469
1213,salt_pepper,low,0.08631383627653122,0.6942512392997742,18.74170684814453,0.2218535840511322,0.5715408325195312,0.09942411631345749,0.10718145966529846
1214,occlusion,high,0.0813288539648056,0.4947814345359802,19.53977394104004,0.0003786364395637065,0.008327594958245754,0.0006643388187512755,0.9906293749809265
1215,salt_pepper,high,0.06158283352851868,0.66105055809021,22.03622055053711,0.04004320502281189,0.8671014308929443,0.06356421113014221,0.029291190207004547
1216,occlusion,medium,0.08592703193426132,0.5141847133636475,18.871034622192383,0.00024589139502495527,0.010032033547759056,0.000306139379972592,0.9894160032272339
1217,blur,low,0.06675948202610016,0.7741753458976746,20.498769760131836,0.20109990239143372,0.017100417986512184,0.7507308125495911,0.03106890805065632
1218,blur,medium,0.09064334630966187,0.6954519152641296,17.473453521728516,0.10963514447212219,0.01412389799952507,0.8457090258598328,0.030531903728842735
1219,salt_pepper,low,0.058168575167655945,0.8149936199188232,21.380796432495117,0.038104914128780365,0.854316234588623,0.0719391256570816,0.03563978523015976
1220,clean,none,0.008502318523824215,0.9964302778244019,39.02227783203125,0.8899586796760559,0.03347574174404144,0.020413838326931,0.05615171790122986
1221,blur,high,0.0937860906124115,0.6267704963684082,17.52935791015625,0.11249241232872009,0.011709986254572868,0.8505563139915466,0.02524135261774063
1222,clean,none,0.007913055829703808,0.9946524500846863,39.453514099121094,0.8624787330627441,0.02948400005698204,0.042568374425172806,0.0654689222574234
1223,blur,low,0.07290785014629364,0.7326089143753052,20.684829711914062,0.1832476556301117,0.012692280113697052,0.7812908887863159,0.02276909537613392
1224,salt_pepper,medium,0.06964636594057083,0.6823291182518005,20.69852066040039,0.05443918704986572,0.823143720626831,0.08090557157993317,0.04151154309511185
1225,clean,none,0.006967340596020222,0.99628084897995,40.830360412597656,0.8915429711341858,0.0367911271750927,0.01801155135035515,0.053654350340366364
1226,blur,medium,0.043130289763212204,0.8457942008972168,25.604530334472656,0.11331818997859955,0.010298285633325577,0.8542249798774719,0.02215857245028019
1227,salt_pepper,low,0.08127641677856445,0.8204249143600464,18.321866989135742,0.037567801773548126,0.8531019687652588,0.07095059752464294,0.038379643112421036
1228,salt_pepper,medium,0.07574332505464554,0.789148211479187,20.595619201660156,0.057493939995765686,0.8136819005012512,0.08589982986450195,0.042924314737319946
1229,salt_pepper,low,0.04584014415740967,0.8399278521537781,23.730228424072266,0.03344240039587021,0.8648131489753723,0.07022590935230255,0.031518589705228806
1230,salt_pepper,high,0.07767048478126526,0.7370152473449707,17.790325164794922,0.025476375594735146,0.9132363200187683,0.04425418749451637,0.017033129930496216
1231,salt_pepper,low,0.060939304530620575,0.8171221613883972,21.1837215423584,0.02736014686524868,0.8717783689498901,0.06869389116764069,0.032167576253414154
1232,blur,medium,0.05852123349905014,0.8138222098350525,22.241308212280273,0.11466776579618454,0.011755291372537613,0.8487614989280701,0.024815412238240242
1233,clean,none,0.011420871131122112,0.9912683963775635,36.38461685180664,0.8260772824287415,0.028510862961411476,0.08537282049655914,0.06003899127244949
1234,clean,none,0.015099000185728073,0.9828189611434937,34.318111419677734,0.7453339695930481,0.03365263342857361,0.1491253674030304,0.0718880221247673
1235,blur,medium,0.06132933497428894,0.693299412727356,21.423458099365234,0.10527388006448746,0.012834006920456886,0.8531259894371033,0.02876611426472664
1236,blur,high,0.08869409561157227,0.51833176612854,18.89159393310547,0.10842521488666534,0.01165690179914236,0.8537721633911133,0.02614573948085308
1237,clean,none,0.018702050670981407,0.9937618970870972,32.51841735839844,0.7478156089782715,0.027906760573387146,0.16013862192630768,0.06413903087377548
1238,salt_pepper,medium,0.041048675775527954,0.8063308596611023,24.85252571105957,0.032409004867076874,0.8836355209350586,0.05930282548069954,0.024652628228068352
1239,salt_pepper,medium,0.04140978306531906,0.8330780863761902,24.302474975585938,0.026340831071138382,0.9013554453849792,0.051553256809711456,0.020750360563397408
1240,clean,none,0.007642287295311689,0.9957050085067749,39.943119049072266,0.8513578772544861,0.02562880516052246,0.07512203603982925,0.04789133742451668
1241,salt_pepper,medium,0.04553493112325668,0.8100385665893555,24.20911979675293,0.04123677313327789,0.8605777621269226,0.06714203953742981,0.031043482944369316
1242,clean,none,0.011903516948223114,0.9934148788452148,35.64500045776367,0.8757712244987488,0.024710638448596,0.052851513028144836,0.0466667003929615
1243,occlusion,medium,0.04622387886047363,0.7066807746887207,24.0327091217041,0.009183219633996487,0.028966445475816727,0.007285275496542454,0.9545650482177734
1244,blur,low,0.08525729179382324,0.8431868553161621,18.894018173217773,0.15013659000396729,0.012254711240530014,0.8145170211791992,0.023091675713658333
1245,blur,low,0.047315895557403564,0.8139685392379761,24.793678283691406,0.1429305225610733,0.014842103235423565,0.8132174015045166,0.029009951278567314
1246,blur,low,0.09017395228147507,0.821872889995575,18.088380813598633,0.15326666831970215,0.0129004567861557,0.808599054813385,0.025233743712306023
1247,occlusion,medium,0.04832550883293152,0.7457653880119324,22.475109100341797,0.003490604693070054,0.025134356692433357,0.005771080031991005,0.9656039476394653
1248,blur,medium,0.060843244194984436,0.7998831272125244,22.17025375366211,0.11744440346956253,0.01144460216164589,0.8465497493743896,0.02456122636795044
1249,occlusion,medium,0.0917264074087143,0.5285563468933105,18.310625076293945,0.055817458778619766,0.08313483744859695,0.014258469454944134,0.8467891812324524
1250,salt_pepper,high,0.04601362347602844,0.8012087345123291,23.681772232055664,0.029633404687047005,0.8972692489624023,0.05227828770875931,0.020818989723920822
1251,occlusion,low,0.06520906090736389,0.6944501399993896,20.107229232788086,0.18357563018798828,0.10489746183156967,0.02909173257648945,0.6824352145195007
1252,clean,none,0.026745997369289398,0.9849361777305603,29.34225082397461,0.709180474281311,0.026706090196967125,0.21079884469509125,0.05331455543637276
1253,salt_pepper,medium,0.05568942427635193,0.7808374762535095,22.825403213500977,0.03893798962235451,0.8655882477760315,0.06648208945989609,0.028991710394620895
1254,salt_pepper,medium,0.06492219120264053,0.6894820928573608,21.394874572753906,0.04257415607571602,0.8552724719047546,0.07076183706521988,0.03139159455895424
1255,salt_pepper,high,0.03139227256178856,0.8452817797660828,26.63451385498047,0.024103805422782898,0.9119409918785095,0.04630783200263977,0.017647331580519676
1256,salt_pepper,medium,0.08438132703304291,0.6858001947402954,19.15704917907715,0.045235008001327515,0.8445068597793579,0.07551699876785278,0.034741129726171494
1257,blur,high,0.08273227512836456,0.568890392780304,19.657529830932617,0.11079668253660202,0.014210373163223267,0.8436724543571472,0.0313204750418663
1258,salt_pepper,high,0.08190407603979111,0.7705832719802856,19.132061004638672,0.04199935123324394,0.8608335852622986,0.0673341378569603,0.02983284182846546
1259,clean,none,0.008000236004590988,0.9964062571525574,39.35283279418945,0.8871238231658936,0.03332609310746193,0.026507629081606865,0.05304247885942459
1260,occlusion,low,0.06775427609682083,0.7128554582595825,20.283939361572266,0.06028461456298828,0.07315588742494583,0.01254174206405878,0.8540177345275879
1261,clean,none,0.007098363246768713,0.9968163371086121,40.516990661621094,0.8861299157142639,0.03180347755551338,0.026890551671385765,0.05517607554793358
1262,occlusion,low,0.052110474556684494,0.7312041521072388,22.270469665527344,0.022463520988821983,0.04462239146232605,0.015395806171000004,0.9175182580947876
1263,occlusion,medium,0.030611535534262657,0.8474891185760498,25.639118194580078,0.0025654155761003494,0.025629758834838867,0.004228832200169563,0.9675759673118591
1264,salt_pepper,high,0.05657036229968071,0.7934794425964355,22.497825622558594,0.03476719558238983,0.8812500834465027,0.05865282192826271,0.025329947471618652
1265,blur,low,0.051335230469703674,0.8048931956291199,23.53620719909668,0.19768381118774414,0.019719937816262245,0.7454149127006531,0.03718133270740509
1266,blur,high,0.04472576826810837,0.8543213605880737,23.96654510498047,0.1181887686252594,0.010799202136695385,0.8482059836387634,0.02280605584383011
1267,occlusion,high,0.07404737919569016,0.6459814310073853,19.362476348876953,5.316611805028515e-06,0.0018118394073098898,2.3595261154696345e-05,0.9981592297554016
1268,clean,none,0.010774063877761364,0.9889191389083862,37.09337615966797,0.764012336730957,0.04049869254231453,0.11533547192811966,0.08015351742506027
1269,salt_pepper,medium,0.1060880571603775,0.732656717300415,17.155921936035156,0.03779474273324013,0.8668911457061768,0.06374560296535492,0.0315684974193573
1270,blur,low,0.04696386307477951,0.8769620656967163,23.92595672607422,0.14184407889842987,0.013428154401481152,0.8189079165458679,0.025819851085543633
1271,occlusion,high,0.07341466844081879,0.44511017203330994,19.869335174560547,0.0009083469631150365,0.016287216916680336,0.0007216072408482432,0.9820828437805176
1272,clean,none,0.020859993994235992,0.9847039580345154,31.58088493347168,0.7715370655059814,0.027363760396838188,0.13935765624046326,0.06174149364233017
1273,blur,low,0.03918982297182083,0.7873668074607849,26.177265167236328,0.14233726263046265,0.014569399878382683,0.814984142780304,0.028109228238463402
1274,occlusion,medium,0.04122985526919365,0.7633113265037537,24.596744537353516,0.010139715857803822,0.04443516582250595,0.0052099693566560745,0.9402151703834534
1275,occlusion,low,0.05213013291358948,0.7286993861198425,22.653657913208008,0.09283266961574554,0.0838213786482811,0.021284906193614006,0.802061140537262
1276,occlusion,low,0.02063303254544735,0.8959023952484131,28.791799545288086,0.5786671042442322,0.06435372680425644,0.0667959675192833,0.29018327593803406
1277,salt_pepper,medium,0.05804117023944855,0.7515057325363159,22.346805572509766,0.036816008388996124,0.867332935333252,0.06680388748645782,0.029047220945358276
1278,salt_pepper,high,0.08972840756177902,0.6606172919273376,18.48153305053711,0.06092367693781853,0.811647891998291,0.08274397253990173,0.0446845144033432
1279,clean,none,0.015298806130886078,0.9910387992858887,34.20353698730469,0.8320203423500061,0.030106469988822937,0.0753553956747055,0.06251785904169083
1280,clean,none,0.006401813589036465,0.9959297180175781,41.277809143066406,0.8595127463340759,0.026854099705815315,0.0644744262099266,0.04915869981050491
1281,occlusion,high,0.06465519964694977,0.6157472133636475,20.14115333557129,0.002350408351048827,0.020185133442282677,0.0016207791632041335,0.9758436679840088
1282,occlusion,low,0.0969652533531189,0.6965441703796387,17.05031967163086,0.29810309410095215,0.11310424655675888,0.04735862836241722,0.5414340496063232
1283,blur,medium,0.05445243418216705,0.8674197196960449,23.313264846801758,0.11404343694448471,0.010752703063189983,0.8522564172744751,0.022947462275624275
1284,salt_pepper,low,0.06876888871192932,0.6607917547225952,20.817909240722656,0.03787276893854141,0.8493427038192749,0.07446764409542084,0.038316912949085236
1285,blur,medium,0.046847760677337646,0.813682496547699,23.468120574951172,0.11683445423841476,0.010954986326396465,0.8492527008056641,0.02295791730284691
1286,salt_pepper,high,0.06888715922832489,0.7079071998596191,20.88555145263672,0.03544044867157936,0.8788596987724304,0.05977901816368103,0.025920787826180458
1287,blur,high,0.04534238576889038,0.802365243434906,24.710962295532227,0.133401021361351,0.01493366714566946,0.8209155797958374,0.03074968047440052
1288,blur,high,0.051572419703006744,0.7196750640869141,23.196603775024414,0.11816827207803726,0.011411390267312527,0.8461188673973083,0.024301419034600258
1289,salt_pepper,medium,0.04187197983264923,0.8565325736999512,25.518756866455078,0.03136711195111275,0.8852454423904419,0.059059660881757736,0.024327794089913368
1290,blur,high,0.048361700028181076,0.7423685789108276,22.773834228515625,0.11224139481782913,0.012580005452036858,0.845126748085022,0.03005184419453144
1291,salt_pepper,medium,0.04904559999704361,0.7855538129806519,22.593170166015625,0.032383088022470474,0.8830351829528809,0.06042994558811188,0.02415185235440731
1292,blur,low,0.07427125424146652,0.77764892578125,20.023515701293945,0.24685366451740265,0.01939002051949501,0.7000302672386169,0.03372608497738838
1293,blur,low,0.03872132673859596,0.8168181777000427,25.901092529296875,0.17245632410049438,0.017626959830522537,0.7772830128669739,0.03263373300433159
1294,clean,none,0.009156906977295876,0.9930657148361206,38.87907409667969,0.8456694483757019,0.028145141899585724,0.07026238739490509,0.05592295899987221
1295,occlusion,low,0.0666092187166214,0.6174863576889038,21.029403686523438,0.008813612163066864,0.039931755512952805,0.004737600218504667,0.9465171098709106
1296,clean,none,0.008712067268788815,0.9943422079086304,38.44086456298828,0.8570117354393005,0.04776536673307419,0.027522718533873558,0.06770017743110657
1297,blur,low,0.04661807045340538,0.8574478030204773,24.495105743408203,0.19592642784118652,0.016523024067282677,0.75571608543396,0.03183446824550629
1298,salt_pepper,medium,0.06691400706768036,0.7257155179977417,21.73831558227539,0.04638905078172684,0.8447421193122864,0.07393938302993774,0.034929439425468445
1299,clean,none,0.008812601678073406,0.993663489818573,38.87997817993164,0.7944573163986206,0.03172629699110985,0.10004012286663055,0.07377632707357407
1300,blur,medium,0.05221938341856003,0.8063290119171143,23.393239974975586,0.1159544512629509,0.012906490825116634,0.8437884449958801,0.027350589632987976
1301,occlusion,high,0.07098470628261566,0.6716925501823425,19.30427360534668,0.00010075416503241286,0.00533456401899457,0.00027937086997553706,0.9942852854728699
1302,salt_pepper,medium,0.041484758257865906,0.8404502868652344,25.07837677001953,0.03230605646967888,0.8818213939666748,0.06045769527554512,0.025414856150746346
1303,occlusion,medium,0.06245347857475281,0.6902095675468445,19.92757797241211,0.0003151048731524497,0.010802613571286201,0.0006250878213904798,0.988257110118866
1304,blur,low,0.05584073066711426,0.8519164323806763,22.744110107421875,0.17907389998435974,0.014379486441612244,0.7787430286407471,0.027803681790828705
1305,salt_pepper,low,0.05163801461458206,0.7756814360618591,22.891645431518555,0.04956280067563057,0.8286113739013672,0.0777755156159401,0.04405028745532036
1306,clean,none,0.006047744303941727,0.9966985583305359,40.99626541137695,0.8630408644676208,0.0267115980386734,0.05550863966345787,0.05473889783024788
1307,blur,medium,0.040991734713315964,0.8758437037467957,24.924694061279297,0.1222158744931221,0.012027663178741932,0.8407331109046936,0.02502332627773285
1308,clean,none,0.005623560398817062,0.99779212474823,41.86302185058594,0.8750754594802856,0.026138296350836754,0.04971173033118248,0.04907457157969475
1309,clean,none,0.009150649420917034,0.9957727789878845,38.357730865478516,0.8855133652687073,0.03264172375202179,0.023060815408825874,0.0587841272354126
1310,clean,none,0.013631319627165794,0.9887169599533081,34.41944122314453,0.7823005318641663,0.02969837374985218,0.12367511540651321,0.0643259733915329
1311,blur,high,0.05587240308523178,0.6571601629257202,22.41927146911621,0.12364374846220016,0.015172763727605343,0.8295804262161255,0.03160303831100464
1312,occlusion,high,0.08656904101371765,0.5255274772644043,18.072750091552734,0.00021455118258018047,0.006069102790206671,0.00019158744544256479,0.9935247898101807
1313,blur,medium,0.05453671142458916,0.6392463445663452,23.05937957763672,0.11705567687749863,0.014933066442608833,0.8362053632736206,0.03180587291717529
1314,clean,none,0.005119672045111656,0.9965841174125671,43.59077453613281,0.8946288228034973,0.02646705135703087,0.025974521413445473,0.0529295839369297
1315,clean,none,0.005972899030894041,0.9977013468742371,41.63103103637695,0.8840278387069702,0.023783324286341667,0.045248668640851974,0.0469401553273201
1316,salt_pepper,low,0.057898856699466705,0.7682997584342957,22.168575286865234,0.04789181798696518,0.8267644047737122,0.08341905474662781,0.04192470386624336
1317,occlusion,high,0.08479873836040497,0.5527753829956055,16.866580963134766,0.00015704304678365588,0.0068181040696799755,0.0003946548094972968,0.9926302433013916
1318,blur,high,0.04108908399939537,0.7677421569824219,24.730531692504883,0.11861280351877213,0.016015078872442245,0.8277393579483032,0.03763275220990181
1319,clean,none,0.0033860914409160614,0.9982317686080933,46.32206726074219,0.8859981894493103,0.026493294164538383,0.03249640017747879,0.055012114346027374
1320,salt_pepper,medium,0.0582658052444458,0.6760506629943848,22.41571044921875,0.024517135694622993,0.9081230759620667,0.04823470860719681,0.019125061109662056
1321,salt_pepper,low,0.04760546609759331,0.8495194315910339,23.313785552978516,0.03363427147269249,0.8570511937141418,0.07411959022283554,0.03519486263394356
1322,salt_pepper,low,0.06682029366493225,0.8100396990776062,21.03195571899414,0.03919326886534691,0.8529813289642334,0.07218316197395325,0.03564220666885376
1323,clean,none,0.007789596449583769,0.9930064678192139,39.80619812011719,0.8754748106002808,0.03134729340672493,0.03563336282968521,0.05754454806447029
1324,blur,high,0.08813594281673431,0.5691613554954529,19.215272903442383,0.1083875373005867,0.012699921615421772,0.8511748909950256,0.027737604454159737
1325,blur,medium,0.04626261815428734,0.7907845377922058,24.496671676635742,0.12175467610359192,0.013781053945422173,0.8354536294937134,0.029010675847530365
1326,clean,none,0.00576516380533576,0.9982703924179077,41.975982666015625,0.8885300755500793,0.022132717072963715,0.049002040177583694,0.04033517837524414
1327,blur,high,0.09861859679222107,0.5250729322433472,17.96321678161621,0.1382865160703659,0.020912818610668182,0.7953208684921265,0.04547984525561333
1328,occlusion,low,0.045018523931503296,0.8083376884460449,21.029422760009766,0.008826520293951035,0.03230457752943039,0.012946377508342266,0.9459224939346313
1329,blur,high,0.05940543860197067,0.6299395561218262,21.722148895263672,0.11662214249372482,0.015355565585196018,0.8350146412849426,0.0330076590180397
1330,salt_pepper,high,0.054577648639678955,0.7211073637008667,22.932340621948242,0.04175341874361038,0.8631290793418884,0.0648389384150505,0.030278660356998444
1331,salt_pepper,medium,0.058660998940467834,0.7837861776351929,22.357080459594727,0.039639320224523544,0.8595173954963684,0.06987449526786804,0.03096878156065941
1332,blur,low,0.07064013928174973,0.8402983546257019,21.319360733032227,0.1485675871372223,0.013068286702036858,0.8129333257675171,0.02543075568974018
1333,blur,low,0.05351383611559868,0.7968447208404541,22.86005210876465,0.15398944914340973,0.014581158757209778,0.8042699694633484,0.027159467339515686
1334,salt_pepper,medium,0.06769277155399323,0.6874012351036072,21.247961044311523,0.044114015996456146,0.8472294211387634,0.07469626516103745,0.033960383385419846
1335,clean,none,0.01442888006567955,0.9917701482772827,34.67535400390625,0.8241452574729919,0.0326688177883625,0.0745193362236023,0.06866655498743057
1336,occlusion,low,0.04918362945318222,0.7416273355484009,22.470844268798828,0.06258131563663483,0.06659289449453354,0.01730683073401451,0.8535189628601074
1337,occlusion,medium,0.057394564151763916,0.6613250970840454,21.057950973510742,0.0016341262962669134,0.014459088444709778,0.0011916866060346365,0.9827150702476501
1338,occlusion,medium,0.05549424886703491,0.6607168912887573,21.589662551879883,0.006129747722297907,0.026392750442028046,0.003155729966238141,0.9643217325210571
1339,blur,high,0.09432133287191391,0.5061489939689636,18.159997940063477,0.1122598797082901,0.014772060327231884,0.8405584096908569,0.0324096716940403
1340,occlusion,high,0.08209287375211716,0.5363937616348267,18.29587745666504,4.014056685264222e-05,0.004727025516331196,0.0001245332241524011,0.9951083064079285
1341,clean,none,0.020358849316835403,0.9844917058944702,31.943815231323242,0.800070583820343,0.03404464200139046,0.09947606176137924,0.06640876084566116
1342,blur,medium,0.08828511089086533,0.5690360069274902,18.875091552734375,0.1079978421330452,0.01036413200199604,0.8589615225791931,0.022676507011055946
1343,occlusion,high,0.1029101014137268,0.5640766620635986,15.121530532836914,5.7621178711997345e-05,0.0035102670080959797,9.401507122674957e-05,0.9963381290435791
1344,blur,medium,0.03508289158344269,0.8573732376098633,24.871337890625,0.10466334223747253,0.015908312052488327,0.8284276723861694,0.051000602543354034
1345,occlusion,low,0.03865642845630646,0.7983112335205078,25.042036056518555,0.07968658208847046,0.08005324751138687,0.03944443538784981,0.8008157014846802
1346,occlusion,low,0.05716734379529953,0.7500489950180054,22.31939697265625,0.25617730617523193,0.08374664932489395,0.07843924313783646,0.5816367864608765
1347,blur,high,0.06751138716936111,0.6714445948600769,20.760889053344727,0.11391893774271011,0.011810701340436935,0.8490613102912903,0.025209054350852966
1348,salt_pepper,high,0.04375835880637169,0.793343722820282,24.902437210083008,0.035203397274017334,0.8821167945861816,0.05795435979962349,0.02472543716430664
1349,salt_pepper,low,0.1177198514342308,0.7110303640365601,16.821252822875977,0.07692766189575195,0.7666793465614319,0.10336257517337799,0.053030457347631454
1350,blur,medium,0.04990648478269577,0.8374471664428711,22.36162567138672,0.11337544023990631,0.013994360342621803,0.8430408239364624,0.029589369893074036
1351,salt_pepper,high,0.038854118436574936,0.8717929720878601,24.73471450805664,0.019225183874368668,0.9276314377784729,0.0387369766831398,0.01440641563385725
1352,clean,none,0.02659870684146881,0.9734920859336853,29.566957473754883,0.7082020044326782,0.039978403598070145,0.1770436316728592,0.07477592676877975
1353,blur,medium,0.07062111794948578,0.6362845301628113,21.128829956054688,0.1229276955127716,0.01647750847041607,0.8251024484634399,0.03549230843782425
1354,blur,high,0.04701419919729233,0.6293147802352905,23.912660598754883,0.12630416452884674,0.01346876472234726,0.8322136402130127,0.02801341749727726
1355,clean,none,0.017768550664186478,0.9726535677909851,33.13816452026367,0.6927401423454285,0.0348564051091671,0.19671399891376495,0.075689397752285
1356,salt_pepper,low,0.0375475212931633,0.8648608922958374,25.314788818359375,0.04425786808133125,0.8413918018341064,0.0777646079659462,0.03658574819564819
1357,occlusion,low,0.07127825915813446,0.6337301135063171,20.512392044067383,0.0693768709897995,0.07103274017572403,0.03882007300853729,0.820770263671875
1358,salt_pepper,low,0.03516080230474472,0.8568527102470398,26.448333740234375,0.043960701674222946,0.8338432312011719,0.08332744985818863,0.038868632167577744
1359,clean,none,0.01102469116449356,0.9917147159576416,36.558284759521484,0.7673324346542358,0.03036823682487011,0.1388784497976303,0.06342082470655441
1360,clean,none,0.01606796123087406,0.9853223562240601,33.49869155883789,0.7480495572090149,0.031175969168543816,0.15516498684883118,0.06560956686735153
1361,blur,low,0.08492694795131683,0.6478493213653564,19.575206756591797,0.1561126708984375,0.01466646883636713,0.800998866558075,0.0282219797372818
1362,salt_pepper,high,0.0806979164481163,0.640129029750824,19.97500991821289,0.04494606330990791,0.8497611880302429,0.07205154001712799,0.033241190016269684
1363,salt_pepper,high,0.057558298110961914,0.7681702971458435,21.945606231689453,0.0344439297914505,0.8800973892211914,0.059831663966178894,0.0256268922239542
1364,blur,medium,0.06847627460956573,0.7467328906059265,20.994646072387695,0.1017361581325531,0.011294055730104446,0.8625273704528809,0.024442391470074654
1365,salt_pepper,medium,0.07196460664272308,0.6641668081283569,20.896240234375,0.04966658353805542,0.8397566676139832,0.07426107674837112,0.03631564602255821
1366,blur,high,0.03895026072859764,0.7150249481201172,24.651748657226562,0.12072986364364624,0.014292760752141476,0.8351815938949585,0.02979584038257599
1367,salt_pepper,medium,0.04677543044090271,0.7064309120178223,24.129695892333984,0.034619178622961044,0.877980649471283,0.06113528832793236,0.026264920830726624
1368,clean,none,0.003947812598198652,0.9984025955200195,45.605079650878906,0.9099173545837402,0.019932793453335762,0.024590300396084785,0.045559559017419815
1369,occlusion,high,0.09135272353887558,0.43604010343551636,18.194164276123047,0.00024243304505944252,0.008663487620651722,0.0003452757082413882,0.9907488226890564
1370,occlusion,medium,0.052820175886154175,0.729546070098877,21.102313995361328,0.0015992847038432956,0.012747947126626968,0.0017595966346561909,0.9838931560516357
1371,clean,none,0.029125172644853592,0.9691490530967712,27.41875457763672,0.5578112602233887,0.03454124927520752,0.33999884128570557,0.06764867901802063
1372,occlusion,high,0.07287494838237762,0.5702115893363953,19.223264694213867,2.4190890144382138e-06,0.0014755033189430833,1.5598487152601592e-05,0.998506486415863
1373,blur,high,0.05445980280637741,0.7711781859397888,22.575889587402344,0.11091139167547226,0.01301576942205429,0.8448270559310913,0.031245823949575424
1374,blur,low,0.0721006840467453,0.7314121723175049,20.177927017211914,0.1948399692773819,0.01634267531335354,0.7584215998649597,0.03039568103849888
1375,salt_pepper,medium,0.05446067452430725,0.8170058131217957,22.818626403808594,0.0345112681388855,0.871382474899292,0.066094771027565,0.02801152504980564
1376,occlusion,high,0.09354697912931442,0.6038591265678406,14.740742683410645,0.00023891057935543358,0.006528257858008146,0.0005490592448040843,0.9926837086677551
1377,blur,low,0.038426801562309265,0.9327758550643921,23.674318313598633,0.1792794018983841,0.01790415309369564,0.7686583995819092,0.03415801748633385
1378,blur,high,0.054031964391469955,0.6942402720451355,22.525611877441406,0.11490807682275772,0.010812187567353249,0.8514482975006104,0.022831521928310394
1379,blur,high,0.054181866347789764,0.7542010545730591,22.952903747558594,0.11359777301549911,0.010914959013462067,0.8515069484710693,0.02398032136261463
1380,occlusion,medium,0.0815136581659317,0.7107560038566589,19.15338897705078,0.00046214836766012013,0.009282410144805908,0.0008194131078198552,0.9894360303878784
1381,blur,high,0.07469552755355835,0.7358848452568054,19.764263153076172,0.11178978532552719,0.011331741698086262,0.852436900138855,0.024441633373498917
1382,clean,none,0.007673006504774094,0.996839165687561,39.4906005859375,0.8829298615455627,0.027236590161919594,0.04115600883960724,0.04867752268910408
1383,occlusion,high,0.0753398910164833,0.5604910850524902,18.513591766357422,9.097933070734143e-05,0.00384771591052413,0.00012897209671791643,0.9959322810173035
1384,occlusion,low,0.04495714604854584,0.7593457102775574,23.495214462280273,0.16406498849391937,0.08108419179916382,0.019389206543564796,0.7354615926742554
1385,occlusion,low,0.0559830479323864,0.8334359526634216,21.511411666870117,0.04731152951717377,0.055894218385219574,0.009747501462697983,0.8870466947555542
1386,occlusion,high,0.09305759519338608,0.6098937392234802,17.3702449798584,0.00015280017396435142,0.007090826518833637,0.00012932831305079162,0.9926270842552185
1387,salt_pepper,medium,0.06137955188751221,0.7961087226867676,21.130149841308594,0.024078331887722015,0.9062635898590088,0.0499701127409935,0.019688023254275322
1388,occlusion,low,0.053728651255369186,0.843743085861206,18.74437713623047,0.5383861064910889,0.10363888740539551,0.0420520193874836,0.31592294573783875
1389,blur,high,0.06510639935731888,0.7360521554946899,21.093814849853516,0.11406794935464859,0.010700196027755737,0.852525532245636,0.02270638570189476
1390,clean,none,0.0052243974059820175,0.9985918402671814,42.67147445678711,0.9167047142982483,0.023654833436012268,0.01685136742889881,0.042789049446582794
1391,occlusion,high,0.12508875131607056,0.5135869979858398,14.105184555053711,0.00012211244029458612,0.005614009220153093,0.0002148669445887208,0.9940489530563354
1392,clean,none,0.008189891465008259,0.9972153902053833,39.940494537353516,0.8840724229812622,0.02311600372195244,0.045304108411073685,0.04750752076506615
1393,clean,none,0.011564379557967186,0.996401309967041,36.719974517822266,0.8721519112586975,0.03048526495695114,0.04452791064977646,0.052834946662187576
1394,occlusion,medium,0.11090221256017685,0.5332972407341003,16.339895248413086,0.0034473149571567774,0.0264600683003664,0.0018796209478750825,0.9682129621505737
1395,clean,none,0.007503088563680649,0.9962546229362488,40.097557067871094,0.8844258189201355,0.02732718177139759,0.03544006124138832,0.05280699208378792
1396,salt_pepper,medium,0.06380550563335419,0.7493812441825867,21.660507202148438,0.049599841237068176,0.8428229689598083,0.07199355959892273,0.03558361157774925
1397,clean,none,0.006941265892237425,0.9968417882919312,40.72320556640625,0.8970471620559692,0.025946184992790222,0.029283523559570312,0.04772314056754112
1398,clean,none,0.009768008254468441,0.9955333471298218,37.83271408081055,0.8820609450340271,0.03581343963742256,0.024251777678728104,0.05787385255098343
1399,salt_pepper,low,0.06438877433538437,0.7841168642044067,21.415586471557617,0.07412327080965042,0.7889907360076904,0.08620324730873108,0.050682634115219116
1400,occlusion,low,0.07168632745742798,0.6713303327560425,20.297630310058594,0.014480503275990486,0.03867125138640404,0.010676861740648746,0.936171293258667
1401,salt_pepper,medium,0.04921942949295044,0.7954672574996948,22.70379638671875,0.028120413422584534,0.8946416974067688,0.05607911944389343,0.02115878090262413
1402,salt_pepper,high,0.04631851240992546,0.7258543968200684,24.231245040893555,0.02943716011941433,0.8965947031974792,0.05255378782749176,0.021414346992969513
1403,salt_pepper,medium,0.05566856265068054,0.6847733855247498,23.154151916503906,0.061448320746421814,0.8081454038619995,0.08737807720899582,0.043028224259614944
1404,salt_pepper,medium,0.0390922948718071,0.8144018054008484,25.092199325561523,0.020685609430074692,0.9166424870491028,0.04585237428545952,0.01681954227387905
1405,clean,none,0.009466229937970638,0.993607223033905,37.73530960083008,0.8134527802467346,0.027837270870804787,0.10538824647665024,0.053321707993745804
1406,salt_pepper,high,0.06089267134666443,0.6765745878219604,21.978456497192383,0.04304157570004463,0.8575287461280823,0.06745770573616028,0.031971950083971024
1407,blur,low,0.038055263459682465,0.845494270324707,25.04828453063965,0.2447780966758728,0.0174130629748106,0.7061448693275452,0.031663890928030014
1408,blur,medium,0.058973655104637146,0.8209154009819031,22.114036560058594,0.11544275283813477,0.010795806534588337,0.8516420722007751,0.02211933210492134
1409,salt_pepper,low,0.046439774334430695,0.7871930003166199,23.503923416137695,0.03687252104282379,0.8564625382423401,0.07174094766378403,0.034923993051052094
1410,blur,medium,0.06511993706226349,0.7671781778335571,21.11745834350586,0.12100823223590851,0.010399322025477886,0.8469809889793396,0.02161150798201561
1411,occlusion,low,0.04704717919230461,0.8033019304275513,21.656858444213867,0.35881131887435913,0.08426599204540253,0.07214103639125824,0.4847816824913025
1412,clean,none,0.007507671602070332,0.9967830181121826,39.75715255737305,0.8776861429214478,0.024631865322589874,0.0495963878929615,0.048085615038871765
1413,blur,high,0.05484013259410858,0.6568682193756104,22.694751739501953,0.11577536910772324,0.014504740945994854,0.8363826870918274,0.033337224274873734
1414,clean,none,0.01683930680155754,0.9866950511932373,33.718650817871094,0.7992618680000305,0.026874514296650887,0.11809144169092178,0.05577225238084793
1415,occlusion,medium,0.0679764449596405,0.6482853889465332,21.20852279663086,0.011032440699636936,0.0312093123793602,0.007856319658458233,0.9499019384384155
1416,salt_pepper,high,0.05481511354446411,0.6518713235855103,22.94394302368164,0.03540238365530968,0.8898184895515442,0.05082275718450546,0.023956432938575745
1417,blur,high,0.05948653817176819,0.795918345451355,21.28631591796875,0.12098777294158936,0.013593076728284359,0.8370899558067322,0.028329191729426384
1418,occlusion,medium,0.0483158603310585,0.7602252960205078,22.013473510742188,0.0013989722356200218,0.01466317381709814,0.0010480891214683652,0.982889711856842
1419,occlusion,low,0.04530344530940056,0.8001370429992676,22.53394317626953,0.05030037462711334,0.07808438688516617,0.026231180876493454,0.8453840613365173
1420,salt_pepper,high,0.05860483646392822,0.7348210215568542,22.016571044921875,0.027538754045963287,0.9042805433273315,0.048912689089775085,0.019268030300736427
1421,blur,low,0.03731165826320648,0.7576165199279785,25.18068504333496,0.24633656442165375,0.019929083064198494,0.698684573173523,0.03504975885152817
1422,occlusion,medium,0.09922146797180176,0.538536012172699,16.948341369628906,0.003265203209593892,0.03728766739368439,0.0026564730796962976,0.9567906260490417
1423,clean,none,0.007939661853015423,0.9955670237541199,39.4808349609375,0.8804224729537964,0.026328561827540398,0.03828850015997887,0.05496055632829666
1424,salt_pepper,high,0.12188541144132614,0.700440526008606,17.10287857055664,0.05443952605128288,0.826972246170044,0.07876098155975342,0.03982727602124214
1425,salt_pepper,high,0.05396892875432968,0.7517287135124207,22.66872787475586,0.0446561835706234,0.852255642414093,0.06944827735424042,0.033639904111623764
1426,occlusion,high,0.09310894459486008,0.49055585265159607,18.16210174560547,0.0008331781718879938,0.012999670580029488,0.0009086477803066373,0.9852584600448608
1427,clean,none,0.006130571477115154,0.9959392547607422,41.84065246582031,0.8814176917076111,0.02600809745490551,0.04357083886861801,0.049003418534994125
1428,occlusion,medium,0.060954462736845016,0.5911110639572144,20.34564781188965,0.0005674073472619057,0.013976896181702614,0.0006907764472998679,0.984764814376831
1429,salt_pepper,high,0.06027083098888397,0.6923668384552002,22.054058074951172,0.03184092417359352,0.8901228904724121,0.05504978820681572,0.022986341267824173
1430,occlusion,medium,0.07326483726501465,0.5792553424835205,19.871227264404297,0.0031894019339233637,0.0200189296156168,0.0034702064003795385,0.9733214378356934
1431,blur,low,0.0690319836139679,0.7118897438049316,21.65543556213379,0.2261677086353302,0.015122193843126297,0.7298496961593628,0.028860369697213173
1432,clean,none,0.01035509817302227,0.993382453918457,37.46232223510742,0.8571200370788574,0.028719397261738777,0.06204763054847717,0.05211292579770088
1433,clean,none,0.008974196389317513,0.9955657720565796,38.5932502746582,0.8656747341156006,0.02956773340702057,0.05042741820216179,0.05433019995689392
1434,blur,medium,0.06412044167518616,0.6331442594528198,21.80217742919922,0.1183667853474617,0.010639447718858719,0.8488264679908752,0.022167334333062172
1435,clean,none,0.009194742888212204,0.9952418208122253,38.79233169555664,0.8676762580871582,0.026375731453299522,0.05688340961933136,0.04906468093395233
1436,salt_pepper,low,0.12373220920562744,0.6906485557556152,16.72243309020996,0.10851806402206421,0.7222890853881836,0.10389005392789841,0.0653027594089508
1437,salt_pepper,high,0.09866907447576523,0.6882326006889343,17.738115310668945,0.030430655926465988,0.8943809270858765,0.05352668836712837,0.021661704406142235
1438,salt_pepper,medium,0.06350680440664291,0.7478045225143433,22.370277404785156,0.05721164494752884,0.8130013346672058,0.086983822286129,0.042803093791007996
1439,occlusion,high,0.08506699651479721,0.556481122970581,19.791135787963867,3.921323150279932e-05,0.004697817377746105,0.00019135797629132867,0.9950716495513916
1440,blur,high,0.04895036667585373,0.7889035940170288,23.02227783203125,0.11504385620355606,0.01070158276706934,0.8519178628921509,0.02233665995299816
1441,clean,none,0.013727156445384026,0.9931269884109497,35.421390533447266,0.852798581123352,0.029352780431509018,0.06208837777376175,0.05576029419898987
1442,occlusion,low,0.0660828948020935,0.7454952001571655,19.341962814331055,0.13144010305404663,0.09758277982473373,0.03998323902487755,0.7309938669204712
1443,salt_pepper,low,0.05480960011482239,0.7780777215957642,22.788314819335938,0.037733227014541626,0.8469544649124146,0.07687567174434662,0.0384366475045681
1444,salt_pepper,low,0.053327735513448715,0.8750941157341003,20.35683822631836,0.02599462680518627,0.8846968412399292,0.060501039028167725,0.028807474300265312
1445,salt_pepper,medium,0.08410423249006271,0.69838947057724,19.644973754882812,0.05193941667675972,0.8297420144081116,0.08017987012863159,0.03813868388533592
1446,blur,low,0.058466147631406784,0.7496678233146667,22.357675552368164,0.19834791123867035,0.01490348856896162,0.7596782445907593,0.027070388197898865
1447,salt_pepper,medium,0.07373414188623428,0.7655251026153564,20.05312156677246,0.03036867268383503,0.8866893649101257,0.05801325663924217,0.024928614497184753
1448,blur,low,0.07293514907360077,0.7514224052429199,20.160686492919922,0.24830858409404755,0.020859941840171814,0.6947209239006042,0.03611049801111221
1449,salt_pepper,high,0.04140820354223251,0.819584846496582,24.506093978881836,0.030024884268641472,0.8922351002693176,0.05492089316248894,0.02281912788748741
1450,salt_pepper,low,0.09088091552257538,0.8312788009643555,18.31122589111328,0.04423071816563606,0.832177996635437,0.08415202051401138,0.03943930193781853
1451,clean,none,0.03279061242938042,0.922937273979187,27.50084686279297,0.7027449011802673,0.02700309455394745,0.21309585869312286,0.05715615674853325
1452,blur,medium,0.11366405338048935,0.45002126693725586,16.82579231262207,0.11091424524784088,0.011323569342494011,0.8542617559432983,0.023500410839915276
1453,occlusion,medium,0.11757944524288177,0.4479140639305115,16.276552200317383,0.002373669994994998,0.02228381671011448,0.0025647911243140697,0.972777783870697
1454,occlusion,medium,0.0888642966747284,0.5837600231170654,18.117521286010742,0.02801455929875374,0.05931004136800766,0.02654295228421688,0.8861324191093445
1455,occlusion,high,0.08473946899175644,0.5455511808395386,17.575523376464844,2.5082264983211644e-05,0.004210891667753458,7.500845822505653e-05,0.9956890940666199
1456,occlusion,low,0.03459564596414566,0.8234291076660156,25.876052856445312,0.10196340084075928,0.06639166176319122,0.02319827489554882,0.8084466457366943
1457,blur,high,0.09198889136314392,0.6156359910964966,18.653179168701172,0.11473233252763748,0.01071431115269661,0.8512990474700928,0.023254280909895897
1458,blur,high,0.06732278317213058,0.6514119505882263,21.928937911987305,0.10676965862512589,0.011098860763013363,0.8571211695671082,0.025010325014591217
1459,clean,none,0.011141665279865265,0.995299756526947,35.787052154541016,0.8572800755500793,0.033628784120082855,0.04595508053898811,0.06313610821962357
1460,clean,none,0.01110815815627575,0.9930533170700073,34.86006164550781,0.7760991454124451,0.03483249247074127,0.0965522825717926,0.09251604974269867
1461,salt_pepper,high,0.057870447635650635,0.7718526721000671,21.94545555114746,0.03054196573793888,0.8923283815383911,0.05431808903813362,0.022811517119407654
1462,salt_pepper,high,0.04758575186133385,0.7600237727165222,22.42437744140625,0.0373833104968071,0.8746930360794067,0.0614100880920887,0.026513507589697838
1463,salt_pepper,high,0.053335752338171005,0.7905003428459167,21.77943229675293,0.03081085905432701,0.8962291479110718,0.05164472013711929,0.021315312013030052
1464,occlusion,low,0.06703218817710876,0.6867437362670898,20.47365951538086,0.11384455114603043,0.07059036195278168,0.017965110018849373,0.7975999712944031
1465,blur,high,0.08736266940832138,0.585261344909668,19.37195587158203,0.11025509238243103,0.01072711031883955,0.8553527593612671,0.023665038868784904
1466,occlusion,medium,0.07634104788303375,0.620644748210907,18.873674392700195,0.09489356726408005,0.0969756692647934,0.013091649860143661,0.7950391173362732
1467,blur,low,0.05723367631435394,0.8419005870819092,22.0400447845459,0.16685186326503754,0.01297506969422102,0.7952879071235657,0.024885132908821106
1468,blur,high,0.06714329868555069,0.5628473162651062,21.085437774658203,0.11729683727025986,0.011925053782761097,0.8455153703689575,0.02526274509727955
1469,clean,none,0.009948041290044785,0.994827926158905,37.687843322753906,0.8427127003669739,0.02567189931869507,0.07585835456848145,0.05575711652636528
1470,blur,low,0.06774792820215225,0.8455243110656738,20.651187896728516,0.1733185052871704,0.016142116859555244,0.7782508134841919,0.03228858858346939
1471,salt_pepper,medium,0.06606867909431458,0.7300595045089722,21.248018264770508,0.040145449340343475,0.8610578179359436,0.06817781925201416,0.03061886690557003
1472,blur,low,0.05823155865073204,0.7604464292526245,22.33434295654297,0.21614289283752441,0.015757480636239052,0.7386273741722107,0.02947220765054226
1473,blur,high,0.048175495117902756,0.7223610877990723,23.364940643310547,0.11589740216732025,0.013266622088849545,0.8426061868667603,0.028229787945747375
1474,clean,none,0.008951617404818535,0.9962964057922363,38.94667053222656,0.8713027238845825,0.025223810225725174,0.05115673318505287,0.05231668800115585
1475,clean,none,0.005681650247424841,0.9984878897666931,42.3643798828125,0.896643340587616,0.024107422679662704,0.038580626249313354,0.04066850244998932
1476,salt_pepper,low,0.056751351803541183,0.7197359800338745,22.073270797729492,0.046496402472257614,0.8304020166397095,0.08292979747056961,0.040171798318624496
1477,salt_pepper,high,0.06606344878673553,0.7445547580718994,20.39017677307129,0.037871018052101135,0.8716715574264526,0.0634792372584343,0.026978183537721634
1478,clean,none,0.003082050010561943,0.998879075050354,47.194053649902344,0.8887948989868164,0.02302131988108158,0.04277285933494568,0.045410968363285065
1479,blur,low,0.057275861501693726,0.8328871130943298,22.428356170654297,0.17968247830867767,0.012226000428199768,0.7856489419937134,0.022442631423473358
1480,clean,none,0.006183657795190811,0.9976922273635864,41.675689697265625,0.8994778990745544,0.025799119845032692,0.029427407309412956,0.045295581221580505
1481,clean,none,0.008162828162312508,0.9954943656921387,39.69699478149414,0.8810498714447021,0.02816176414489746,0.03673001378774643,0.05405830219388008
1482,salt_pepper,low,0.044360481202602386,0.7860609889030457,24.78707504272461,0.0450998991727829,0.833897590637207,0.0823807567358017,0.03862170875072479
1483,clean,none,0.008014488033950329,0.9908143281936646,39.509986877441406,0.7565996646881104,0.032642100006341934,0.14625707268714905,0.06450120359659195
1484,occlusion,low,0.056639522314071655,0.7549923658370972,21.07345962524414,0.001541745732538402,0.015989355742931366,0.0020264280028641224,0.980442464351654
1485,clean,none,0.004473470151424408,0.99778151512146,44.830772399902344,0.8852231502532959,0.021547429263591766,0.04333356395363808,0.04989594221115112
1486,occlusion,high,0.06829281896352768,0.67727130651474,19.983068466186523,5.029059320804663e-05,0.003618107410147786,0.00011812693992396817,0.9962134957313538
1487,blur,medium,0.0564788281917572,0.7176849842071533,22.625837326049805,0.10943321138620377,0.012112757191061974,0.8523461818695068,0.02610784024000168
1488,salt_pepper,low,0.03561646491289139,0.8214814066886902,26.533193588256836,0.04056490212678909,0.851807177066803,0.0712532252073288,0.03637479245662689
1489,blur,low,0.03547566756606102,0.7708388566970825,26.66268539428711,0.18192577362060547,0.014406642876565456,0.7765076160430908,0.027159953489899635
1490,blur,low,0.028093760833144188,0.9494199156761169,28.814943313598633,0.1320153921842575,0.01249266229569912,0.8306152820587158,0.024876626208424568
1491,blur,high,0.023330938071012497,0.8458988070487976,29.048484802246094,0.13021299242973328,0.016452951356768608,0.8176231384277344,0.03571092709898949
1492,salt_pepper,low,0.04527002573013306,0.7952057719230652,23.853839874267578,0.049098286777734756,0.8283876776695251,0.08097546547651291,0.041538652032613754
1493,occlusion,low,0.029373956844210625,0.8460259437561035,26.342201232910156,0.002973800292238593,0.014857989735901356,0.005822199396789074,0.9763460159301758
1494,salt_pepper,medium,0.03970270976424217,0.708897590637207,25.362667083740234,0.03459012508392334,0.8731867074966431,0.06392508745193481,0.02829802967607975
1495,salt_pepper,low,0.03239569067955017,0.7680110335350037,27.361984252929688,0.04680564999580383,0.8313633799552917,0.07946451753377914,0.04236646369099617
1496,blur,low,0.04537792131304741,0.8566757440567017,23.6106014251709,0.17506755888462067,0.018314702436327934,0.771706223487854,0.03491147980093956
1497,clean,none,0.0035749836824834347,0.9976333379745483,45.38051986694336,0.8924640417098999,0.029802793636918068,0.02904507704079151,0.048688001930713654
1498,salt_pepper,high,0.06045037508010864,0.7297333478927612,22.497596740722656,0.04206739738583565,0.860264003276825,0.06704051792621613,0.03062809817492962
1499,clean,none,0.0069520846009254456,0.9918317794799805,40.29159164428711,0.7574414610862732,0.03605195879936218,0.1296081691980362,0.07689841091632843
1500,blur,high,0.038613736629486084,0.8196214437484741,25.0382022857666,0.11603034287691116,0.011732279323041439,0.8477775454521179,0.02445974200963974
1501,occlusion,high,0.06075312942266464,0.6826165914535522,21.09147071838379,8.389451977564022e-06,0.0020294995047152042,5.297904135659337e-05,0.9979091286659241
1502,clean,none,0.009120455011725426,0.9952268600463867,38.24869918823242,0.816821813583374,0.03529265895485878,0.07744576036930084,0.07043972611427307
1503,blur,high,0.04491643235087395,0.8083689212799072,23.64511489868164,0.13021793961524963,0.01644088141620159,0.8172284960746765,0.036112699657678604
1504,blur,high,0.04707391560077667,0.7854961156845093,23.688720703125,0.12434468418359756,0.012445722706615925,0.8373181223869324,0.025891415774822235
1505,blur,low,0.03538252413272858,0.8870559930801392,26.32391357421875,0.1271662414073944,0.014305179007351398,0.8287932276725769,0.02973533608019352
1506,salt_pepper,high,0.03522906452417374,0.8212414979934692,26.81373405456543,0.03218869864940643,0.8864964842796326,0.057127054780721664,0.024187762290239334
1507,occlusion,low,0.050818607211112976,0.7780251502990723,20.18970489501953,0.008641216903924942,0.03468893840909004,0.014097222127020359,0.9425726532936096
1508,occlusion,low,0.0472889170050621,0.7882380485534668,22.42152976989746,0.040548332035541534,0.06120418757200241,0.019420448690652847,0.8788270354270935
1509,blur,low,0.02843995951116085,0.808005690574646,27.816890716552734,0.2012832760810852,0.01862485706806183,0.7462185621261597,0.0338732935488224
1510,salt_pepper,low,0.033372581005096436,0.8499487638473511,26.497913360595703,0.028350593522191048,0.8757772445678711,0.06613253057003021,0.029739558696746826
1511,occlusion,low,0.06375544518232346,0.7828526496887207,19.138986587524414,0.16583438217639923,0.1033751592040062,0.029260898008942604,0.7015295624732971
1512,salt_pepper,medium,0.07275640219449997,0.8108563423156738,21.057207107543945,0.04497506842017174,0.8486414551734924,0.07353954017162323,0.032843928784132004
1513,blur,low,0.046209998428821564,0.8038183450698853,24.595823287963867,0.14556433260440826,0.012597561813890934,0.8177128434181213,0.024125197902321815
1514,occlusion,high,0.0522184744477272,0.724251389503479,21.415250778198242,3.530672074703034e-06,0.001127916038967669,2.7996306016575545e-05,0.9988405108451843
1515,clean,none,0.008774514310061932,0.9913625717163086,38.723236083984375,0.766089141368866,0.030594928190112114,0.14225651323795319,0.0610593818128109
1516,clean,none,0.007959013804793358,0.9875383377075195,38.93899917602539,0.8122159838676453,0.034760646522045135,0.07653503865003586,0.07648834586143494
1517,blur,medium,0.04446864128112793,0.7947649955749512,24.4288272857666,0.12835630774497986,0.014584350399672985,0.8270264863967896,0.030032888054847717
1518,occlusion,high,0.05261772871017456,0.6923869848251343,21.31678581237793,4.681611699197674e-06,0.0013864989159628749,3.3002910640789196e-05,0.9985758066177368
1519,clean,none,0.011037698946893215,0.9931842088699341,35.53736114501953,0.8418602347373962,0.03844986483454704,0.045617494732141495,0.07407238334417343
1520,clean,none,0.023823436349630356,0.9780475497245789,30.340883255004883,0.7498208284378052,0.030021922662854195,0.15940019488334656,0.06075703725218773
1521,clean,none,0.008031530305743217,0.9882687330245972,38.67107391357422,0.7258018851280212,0.03517284616827965,0.16603687405586243,0.0729883536696434
1522,salt_pepper,low,0.04083017632365227,0.9150297045707703,25.56131362915039,0.037783268839120865,0.8482835292816162,0.07899409532546997,0.034939058125019073
1523,blur,low,0.03738175332546234,0.931185245513916,25.664142608642578,0.14829279482364655,0.011774652637541294,0.8167961835861206,0.023136410862207413
1524,occlusion,high,0.0725841373205185,0.6460005044937134,19.55127716064453,1.6663398128002882e-06,0.0009627756080590189,8.808525308268145e-06,0.9990267753601074
1525,occlusion,high,0.073393315076828,0.6582739353179932,18.831645965576172,0.001241274643689394,0.01664062961935997,0.0024991347454488277,0.9796189069747925
1526,salt_pepper,low,0.07047706842422485,0.7933354377746582,19.21472930908203,0.04508310556411743,0.8430609107017517,0.07322002947330475,0.03863590583205223
1527,blur,low,0.037213072180747986,0.8953698873519897,25.718528747558594,0.14880084991455078,0.013020017184317112,0.8130033016204834,0.0251759123057127
1528,occlusion,high,0.052892476320266724,0.6810512542724609,21.000831604003906,0.0006547689554281533,0.010210634209215641,0.0008676608558744192,0.9882668852806091
1529,clean,none,0.0085520651191473,0.9831770658493042,38.041622161865234,0.7145216464996338,0.03146159648895264,0.18472157418727875,0.06929521262645721
1530,salt_pepper,low,0.03966100513935089,0.8482438325881958,25.33603286743164,0.032344017177820206,0.86065673828125,0.07239902764558792,0.03460020199418068
1531,occlusion,low,0.049731820821762085,0.7484483122825623,22.967233657836914,0.025773992761969566,0.04453188553452492,0.005276223178952932,0.9244179129600525
1532,salt_pepper,medium,0.05947286635637283,0.8725666999816895,22.59821128845215,0.029549462720751762,0.8924099206924438,0.05574768781661987,0.02229287102818489
1533,salt_pepper,low,0.037987470626831055,0.8839359283447266,25.691471099853516,0.05105043202638626,0.8202536702156067,0.08682066202163696,0.04187522456049919
1534,blur,medium,0.0646267831325531,0.8142346143722534,19.781326293945312,0.12023930996656418,0.0137533750385046,0.8375775218009949,0.028429755941033363
1535,salt_pepper,high,0.026137864217162132,0.8997055292129517,29.00055694580078,0.03256667032837868,0.8886746764183044,0.05545376241207123,0.023304885253310204
1536,occlusion,high,0.08153220266103745,0.6194751858711243,17.176006317138672,7.680285489186645e-05,0.003706862684339285,0.00012623595830518752,0.9960901141166687
1537,clean,none,0.007629530504345894,0.9955145716667175,40.539764404296875,0.8675332069396973,0.025732414796948433,0.05395166203379631,0.05278277024626732
1538,salt_pepper,low,0.049848586320877075,0.7217723727226257,23.74091339111328,0.0387125089764595,0.8481676578521729,0.0762147605419159,0.03690507262945175
1539,salt_pepper,high,0.0375775583088398,0.8144373297691345,26.28054428100586,0.029045792296528816,0.8975950479507446,0.052143391221761703,0.021215757355093956
1540,clean,none,0.008280756883323193,0.9942010641098022,38.650535583496094,0.8110160231590271,0.035590071231126785,0.08101702481508255,0.07237689942121506
1541,salt_pepper,medium,0.029558133333921432,0.8866782188415527,27.479305267333984,0.03071781061589718,0.8878327012062073,0.05827050656080246,0.023179050534963608
1542,blur,high,0.022187229245901108,0.8940948247909546,29.916105270385742,0.12152577936649323,0.015202009119093418,0.8313764333724976,0.031895775347948074
1543,clean,none,0.01739717274904251,0.9695870280265808,32.682106018066406,0.3679128587245941,0.02857053466141224,0.5469111800193787,0.05660541355609894
1544,clean,none,0.007223349064588547,0.9924033880233765,39.96992492675781,0.7157437205314636,0.04525844380259514,0.1185789629817009,0.12041880190372467
1545,salt_pepper,medium,0.03173978254199028,0.8915139436721802,27.22450065612793,0.029596878215670586,0.8839348554611206,0.06114035099744797,0.025327909737825394
1546,salt_pepper,low,0.033330343663692474,0.879457950592041,27.656902313232422,0.03204077482223511,0.8645961880683899,0.0720549002289772,0.03130807355046272
1547,occlusion,high,0.05569303780794144,0.6634949445724487,20.630619049072266,0.0002210989041486755,0.006551213096827269,0.0004984579863958061,0.9927292466163635
1548,clean,none,0.006318253930658102,0.9957873225212097,41.05537796020508,0.8227702975273132,0.02651171199977398,0.092955082654953,0.05776285380125046
1549,salt_pepper,low,0.04036509245634079,0.740936279296875,25.446531295776367,0.04550592601299286,0.8353710174560547,0.08023900538682938,0.038884054869413376
1550,salt_pepper,low,0.040223412215709686,0.7420162558555603,25.514041900634766,0.04039536044001579,0.8438754677772522,0.07807649672031403,0.03765276074409485
1551,clean,none,0.009710250422358513,0.9921627044677734,37.833152770996094,0.798356294631958,0.03261620178818703,0.10239899903535843,0.06662856042385101
1552,salt_pepper,medium,0.06509848684072495,0.7873637080192566,21.117813110351562,0.042620543390512466,0.8520931005477905,0.07263823598623276,0.03264813870191574
1553,salt_pepper,low,0.05079517886042595,0.7844676375389099,23.594470977783203,0.055180829018354416,0.8165096640586853,0.08165785670280457,0.046651650220155716
1554,clean,none,0.004725764971226454,0.9968663454055786,43.962982177734375,0.8786047697067261,0.03330491483211517,0.03007224202156067,0.05801808461546898
1555,occlusion,medium,0.04158803075551987,0.7518171072006226,23.535097122192383,0.0004048346308991313,0.009268251247704029,0.000552225683350116,0.9897747039794922
1556,blur,low,0.036463480442762375,0.7856888771057129,26.266246795654297,0.21198496222496033,0.020881598815321922,0.7288521528244019,0.03828130289912224
1557,occlusion,high,0.06892102211713791,0.731656014919281,19.546558380126953,2.5348388135171263e-06,0.0014101623091846704,2.134146234311629e-05,0.9985659718513489
1558,occlusion,medium,0.04306640475988388,0.8042570948600769,22.959941864013672,0.00030009986949153244,0.010233419016003609,0.0005289316177368164,0.9889376163482666
1559,occlusion,low,0.06066057085990906,0.7741334438323975,20.18737030029297,0.045229680836200714,0.05994844436645508,0.01601281948387623,0.8788089752197266
1560,clean,none,0.004083581734448671,0.9981555938720703,45.07490158081055,0.872493326663971,0.021959343925118446,0.056090082973241806,0.049457255750894547
1561,blur,high,0.034866418689489365,0.881933867931366,27.237682342529297,0.13047367334365845,0.01405617780983448,0.8268759250640869,0.02859427034854889
1562,blur,high,0.07555127143859863,0.5757080316543579,20.275850296020508,0.11753321439027786,0.014286486431956291,0.8373484015464783,0.03083193674683571
1563,salt_pepper,low,0.067917101085186,0.8055769801139832,20.21965980529785,0.049619968980550766,0.8304651975631714,0.07691261917352676,0.043002184480428696
1564,salt_pepper,low,0.05758409947156906,0.8805830478668213,21.80541229248047,0.02953071892261505,0.8685413002967834,0.07060272991657257,0.0313253216445446
1565,clean,none,0.005620255134999752,0.9963907599449158,42.40407943725586,0.8675789833068848,0.033034104853868484,0.0363718643784523,0.06301511079072952
1566,clean,none,0.005166882649064064,0.9980761408805847,43.81059265136719,0.8783183693885803,0.024712814018130302,0.04704281687736511,0.049925919622182846
1567,occlusion,medium,0.05227484554052353,0.7453567981719971,22.744903564453125,0.019063156098127365,0.0388970822095871,0.01171126402914524,0.9303284883499146
1568,salt_pepper,medium,0.04339876025915146,0.879784107208252,23.729516983032227,0.01981438882648945,0.918353259563446,0.04523680359125137,0.016595475375652313
1569,blur,low,0.05439041182398796,0.7312341928482056,23.084468841552734,0.13388760387897491,0.012983432970941067,0.8274681568145752,0.02566078118979931
1570,occlusion,high,0.0829973965883255,0.4947284460067749,17.39727783203125,0.00019448848615866154,0.008244842290878296,0.0002850584569387138,0.9912756681442261
1571,occlusion,high,0.06569816172122955,0.6235315799713135,19.591249465942383,0.009437036700546741,0.02557363547384739,0.0065034315921366215,0.9584859013557434
1572,occlusion,high,0.05045571178197861,0.6504908800125122,23.008567810058594,9.621435310691595e-06,0.0014757546596229076,2.6606026949593797e-05,0.9984880685806274
1573,salt_pepper,medium,0.05099400505423546,0.8829278349876404,22.22381591796875,0.027706503868103027,0.8935806155204773,0.056625090539455414,0.02208777703344822
1574,blur,medium,0.0708489790558815,0.7895604968070984,20.941143035888672,0.11435636878013611,0.013172435574233532,0.844419002532959,0.028052235022187233
1575,salt_pepper,low,0.03718169778585434,0.804559588432312,25.93166732788086,0.03909052535891533,0.8401187062263489,0.08319303393363953,0.037597719579935074
1576,salt_pepper,medium,0.04172592610120773,0.8506389856338501,25.583372116088867,0.032892413437366486,0.8838165998458862,0.05931660532951355,0.023974351584911346
1577,blur,high,0.061566419899463654,0.6406334638595581,22.304851531982422,0.11137524992227554,0.012960435822606087,0.8473342061042786,0.02833007462322712
1578,blur,low,0.04387696832418442,0.8286308646202087,24.658313751220703,0.1984570175409317,0.017772281542420387,0.7501890659332275,0.033581651747226715
1579,clean,none,0.007718145381659269,0.9969713091850281,39.62997055053711,0.8957420587539673,0.03548840060830116,0.01668468862771988,0.052084825932979584
1580,occlusion,high,0.07177244871854782,0.5553767681121826,19.056114196777344,2.1629643015330657e-05,0.0023659744765609503,6.25514003331773e-05,0.997549831867218
1581,salt_pepper,high,0.044617876410484314,0.7212883234024048,24.381113052368164,0.03159782662987709,0.8873377442359924,0.0574750080704689,0.02358941361308098
1582,occlusion,high,0.041850440204143524,0.7134415507316589,22.533435821533203,2.96505982078088e-06,0.0010900801280513406,2.077895260299556e-05,0.9988862872123718
1583,clean,none,0.003469304647296667,0.9989919066429138,46.61041259765625,0.9075837731361389,0.02077813632786274,0.036022841930389404,0.035615187138319016
1584,blur,high,0.03257976472377777,0.7226898074150085,27.054527282714844,0.12434142827987671,0.011469433084130287,0.8405922651290894,0.023596927523612976
1585,clean,none,0.004481486044824123,0.9973742961883545,43.743709564208984,0.8638001680374146,0.026426510885357857,0.05580928921699524,0.053964026272296906
1586,blur,medium,0.03978217393159866,0.7440618872642517,25.68170166015625,0.11348845064640045,0.011087904684245586,0.8518767952919006,0.023546932265162468
1587,salt_pepper,high,0.05984620377421379,0.6990268230438232,22.179401397705078,0.027686279267072678,0.9054792523384094,0.0477701760828495,0.019064318388700485
1588,blur,medium,0.03599701449275017,0.8353369235992432,26.512928009033203,0.11370305716991425,0.011859904043376446,0.8493255972862244,0.02511138655245304
1589,blur,high,0.07383059710264206,0.5953719019889832,20.583362579345703,0.11349502205848694,0.013348395936191082,0.8439455628395081,0.02921105921268463
1590,occlusion,high,0.08253292739391327,0.5494388341903687,18.076892852783203,0.0003851653018500656,0.007479011081159115,0.0002882645931094885,0.9918475151062012
1591,blur,high,0.04301958531141281,0.8088068962097168,24.631099700927734,0.11632294207811356,0.01064599584788084,0.8505486249923706,0.022482462227344513
1592,blur,low,0.04958684369921684,0.8085309863090515,24.031787872314453,0.18672941625118256,0.01355848927050829,0.7742557525634766,0.025456314906477928
1593,clean,none,0.008264182135462761,0.9947788715362549,39.41921615600586,0.8404987454414368,0.028524065390229225,0.0744021087884903,0.05657511577010155
1594,clean,none,0.005849407520145178,0.9975051283836365,41.81110763549805,0.8984841108322144,0.03158484771847725,0.016581211239099503,0.05334983021020889
1595,occlusion,low,0.061444561928510666,0.770560622215271,20.649860382080078,0.18818984925746918,0.09681341052055359,0.01800583302974701,0.696990966796875
1596,salt_pepper,medium,0.04049646481871605,0.7508255839347839,25.487506866455078,0.04431264102458954,0.8483481407165527,0.07333506643772125,0.03400420397520065
1597,occlusion,high,0.0953289195895195,0.5292502641677856,15.287891387939453,6.427610787795857e-05,0.00645862240344286,0.00014940123946871608,0.9933277368545532
1598,blur,medium,0.03074720874428749,0.8029810190200806,27.99027442932129,0.1203494593501091,0.011173839680850506,0.8450301885604858,0.023446492850780487
1599,salt_pepper,medium,0.04262721538543701,0.8200958967208862,25.155752182006836,0.03494475036859512,0.876248836517334,0.06236620992422104,0.026440180838108063
1600,clean,none,0.00976605899631977,0.9872955679893494,37.883460998535156,0.7474445700645447,0.030179062858223915,0.16596759855747223,0.05640869587659836
1601,blur,low,0.038709282875061035,0.8300981521606445,25.570222854614258,0.15856318175792694,0.01496873702853918,0.798760712146759,0.02770736999809742
1602,salt_pepper,medium,0.060871899127960205,0.7601842880249023,22.378177642822266,0.03174106404185295,0.8847915530204773,0.05958876758813858,0.02387862093746662
1603,clean,none,0.0057345544919371605,0.9957020282745361,41.846675872802734,0.8510338068008423,0.031420279294252396,0.056957557797431946,0.060588426887989044
1604,occlusion,low,0.041049689054489136,0.6946943998336792,25.166858673095703,0.09456218779087067,0.0824005976319313,0.023336172103881836,0.7997010350227356
1605,occlusion,high,0.1072063073515892,0.5721837878227234,16.164846420288086,7.648491191503126e-06,0.001966743264347315,3.783767169807106e-05,0.9979877471923828
1606,occlusion,low,0.05322760343551636,0.8153024911880493,21.192916870117188,0.091749407351017,0.07857774198055267,0.035016871988773346,0.794655978679657
1607,salt_pepper,low,0.04905712604522705,0.7942020297050476,23.878496170043945,0.04950139671564102,0.8303903937339783,0.07931018620729446,0.04079799726605415
1608,occlusion,high,0.08668338507413864,0.4491579532623291,17.685302734375,0.00014454024494625628,0.006882785353809595,0.00022773662931285799,0.9927449226379395
1609,clean,none,0.006573008373379707,0.9957200884819031,41.31809616088867,0.8651882410049438,0.03150077909231186,0.04495310038328171,0.0583578497171402
1610,salt_pepper,high,0.04286644607782364,0.8084139823913574,24.981204986572266,0.0336710661649704,0.8847923278808594,0.05704318732023239,0.024493396282196045
1611,occlusion,medium,0.05771690607070923,0.717328667640686,20.64447021484375,4.17315932281781e-05,0.004839747212827206,0.00010971180017804727,0.9950088262557983
1612,blur,medium,0.044709187000989914,0.7500283718109131,24.68339729309082,0.11574643850326538,0.011427437886595726,0.8486706614494324,0.02415548451244831
1613,salt_pepper,low,0.04888113588094711,0.7237764596939087,23.957605361938477,0.07575434446334839,0.7755781412124634,0.0922204777598381,0.05644705891609192
1614,blur,low,0.03693033382296562,0.8364121913909912,26.388742446899414,0.1526796817779541,0.013430499471724033,0.8079337477684021,0.02595607005059719
1615,salt_pepper,low,0.04689642786979675,0.7996203303337097,23.976333618164062,0.06697090715169907,0.7846383452415466,0.09539048373699188,0.05300020053982735
1616,blur,high,0.06712656468153,0.687968373298645,21.31927490234375,0.11330468207597733,0.010073193348944187,0.8551046848297119,0.021517429500818253
1617,occlusion,low,0.0451987162232399,0.7392491102218628,23.009672164916992,0.008437780663371086,0.028463246300816536,0.007159471046179533,0.9559394717216492
1618,blur,high,0.0817221999168396,0.7027879953384399,19.58773422241211,0.12260740250349045,0.013891715556383133,0.8322206139564514,0.031280260533094406
1619,blur,medium,0.05932227894663811,0.7905073165893555,21.893861770629883,0.11902984976768494,0.014719056896865368,0.8355945348739624,0.03065660037100315
1620,blur,high,0.034511715173721313,0.7678415179252625,26.05492401123047,0.13022731244564056,0.017105329781770706,0.8159757256507874,0.03669163957238197
1621,salt_pepper,medium,0.0613308846950531,0.8009130358695984,22.470439910888672,0.026055727154016495,0.9015733599662781,0.051803894340991974,0.020566968247294426
1622,clean,none,0.0110001340508461,0.9943650960922241,36.713191986083984,0.8177224397659302,0.03137805685400963,0.08734454214572906,0.0635550245642662
1623,blur,low,0.030529066920280457,0.8726724982261658,28.632448196411133,0.15654130280017853,0.011658353731036186,0.8094847798347473,0.02231549471616745
1624,clean,none,0.010925020091235638,0.9917200803756714,37.44097900390625,0.7932500839233398,0.03145270794630051,0.11158230900764465,0.0637148916721344
1625,salt_pepper,high,0.03186987340450287,0.8404039144515991,24.679027557373047,0.027572916820645332,0.9053438305854797,0.04755384474992752,0.01952943578362465
1626,occlusion,high,0.0678045004606247,0.5404711365699768,19.970985412597656,0.00010006199590861797,0.004188662860542536,0.00023865663388278335,0.9954726099967957
1627,clean,none,0.008282649330794811,0.9940186738967896,38.94147491455078,0.714126706123352,0.031263016164302826,0.18326468765735626,0.07134561985731125
1628,clean,none,0.005600492469966412,0.9952055215835571,42.810272216796875,0.7683851718902588,0.03392518684267998,0.12228334695100784,0.07540620118379593
1629,occlusion,medium,0.040448278188705444,0.7747706770896912,24.25704574584961,4.069818896823563e-05,0.0055339038372039795,0.00016479309124406427,0.9942605495452881
1630,clean,none,0.005749360658228397,0.9975693225860596,41.60247802734375,0.8750631213188171,0.024973271414637566,0.04962201043963432,0.05034155398607254
1631,salt_pepper,low,0.04593251273036003,0.812508761882782,22.96026611328125,0.036534883081912994,0.8517860770225525,0.0750603973865509,0.03661865368485451
1632,occlusion,medium,0.04082285985350609,0.7492651343345642,25.048110961914062,0.07163892686367035,0.05662572756409645,0.022276101633906364,0.8494592308998108
1633,salt_pepper,high,0.061547279357910156,0.6856184005737305,21.77384376525879,0.035715993493795395,0.8788606524467468,0.0591215081512928,0.026301927864551544
1634,blur,medium,0.08328890055418015,0.6212095618247986,19.192344665527344,0.1088075265288353,0.01095817144960165,0.8566965460777283,0.023537809029221535
1635,occlusion,low,0.06129210442304611,0.7388644218444824,20.571533203125,0.08219174295663834,0.08874725550413132,0.01972063258290291,0.8093403577804565
1636,blur,medium,0.03105298802256584,0.8945556879043579,27.777223587036133,0.12676867842674255,0.013823498971760273,0.8307054042816162,0.02870241366326809
1637,blur,high,0.03823482245206833,0.7484692931175232,25.970685958862305,0.11834363639354706,0.010908285155892372,0.8477010726928711,0.02304702438414097
1638,clean,none,0.008301031775772572,0.994555652141571,38.7618408203125,0.805766761302948,0.02827305719256401,0.09764055907726288,0.06831967085599899
1639,clean,none,0.007756419014185667,0.9958481788635254,38.808876037597656,0.8662529587745667,0.03387174382805824,0.02837110310792923,0.07150422036647797
1640,clean,none,0.009828398935496807,0.9956035614013672,37.8956184387207,0.8783857822418213,0.02877308987081051,0.03475438430905342,0.05808674544095993
1641,salt_pepper,high,0.04196281358599663,0.8308532238006592,24.733264923095703,0.03250693529844284,0.8879404664039612,0.05658208951354027,0.02297048643231392
1642,salt_pepper,low,0.060591187328100204,0.805137574672699,21.14748191833496,0.06950830668210983,0.7912347316741943,0.08615809679031372,0.05309891328215599
1643,blur,medium,0.037548623979091644,0.8307280540466309,25.887157440185547,0.12472552806138992,0.013764908537268639,0.8334611654281616,0.028048375621438026
1644,salt_pepper,medium,0.030800363048911095,0.8622723817825317,27.10013198852539,0.0338689424097538,0.8807270526885986,0.06114073470234871,0.024263236671686172
1645,occlusion,medium,0.0356818288564682,0.7363663911819458,25.17413902282715,0.0063281855545938015,0.024407919496297836,0.0026094219647347927,0.9666545391082764
1646,clean,none,0.006059363484382629,0.9927682876586914,41.198020935058594,0.8324899077415466,0.03244480490684509,0.0404445044696331,0.09462074935436249
1647,salt_pepper,low,0.06519043445587158,0.7520002722740173,20.544479370117188,0.05439067259430885,0.8154684901237488,0.08470902591943741,0.04543178528547287
1648,salt_pepper,low,0.03779350593686104,0.7999846339225769,26.139413833618164,0.06210010126233101,0.8007516860961914,0.08958878368139267,0.047559455037117004
1649,clean,none,0.0033020135015249252,0.9981904029846191,47.066673278808594,0.9053211212158203,0.027180762961506844,0.022008443251252174,0.045489683747291565
1650,occlusion,medium,0.039139293134212494,0.7765046954154968,23.30388832092285,0.009556734934449196,0.0350288562476635,0.005115675739943981,0.9502987265586853
1651,occlusion,high,0.040412962436676025,0.7547163367271423,24.017467498779297,1.5637095202691853e-05,0.002200371352955699,7.2180075221695e-05,0.9977118968963623
1652,occlusion,high,0.10377632081508636,0.4568413496017456,16.291305541992188,0.0005969670019112527,0.009085778146982193,0.0002911672054324299,0.9900261163711548
1653,occlusion,low,0.05442892760038376,0.7726906538009644,22.032207489013672,0.026682067662477493,0.052190907299518585,0.018422594293951988,0.9027044773101807
1654,occlusion,high,0.07120105624198914,0.4356420934200287,20.544652938842773,0.0001491726579843089,0.006622544024139643,0.00017200842557940632,0.9930563569068909
1655,clean,none,0.00940661784261465,0.9932727217674255,37.01401138305664,0.7809016108512878,0.032833270728588104,0.11990974098443985,0.06635533273220062
1656,occlusion,high,0.1101410984992981,0.46921247243881226,16.841386795043945,3.446718619670719e-05,0.0032337126322090626,0.00012847066682297736,0.9966033697128296
1657,salt_pepper,medium,0.03561476618051529,0.8026484251022339,26.32752227783203,0.027669936418533325,0.8947974443435669,0.05525864288210869,0.022274021059274673
1658,clean,none,0.005280237179249525,0.9988412857055664,42.81310272216797,0.9204378128051758,0.020351063460111618,0.022781239822506905,0.03642980009317398
1659,clean,none,0.0047447942197322845,0.9975820779800415,43.94902038574219,0.8846469521522522,0.026477381587028503,0.04105246067047119,0.04782325401902199
1660,occlusion,low,0.0553489550948143,0.7770737409591675,20.988513946533203,0.11340267211198807,0.08726651221513748,0.030570074915885925,0.7687607407569885
1661,occlusion,medium,0.05152484029531479,0.7848237752914429,21.805458068847656,0.00027745001716539264,0.007200607564300299,0.0005385992117226124,0.9919833540916443
1662,blur,medium,0.03883521631360054,0.9202691912651062,25.781631469726562,0.11890886723995209,0.010644262656569481,0.8480400443077087,0.02240680903196335
1663,blur,medium,0.07185742259025574,0.7682983875274658,18.610002517700195,0.11864983290433884,0.010271928273141384,0.8498232364654541,0.021254923194646835
1664,salt_pepper,low,0.04033627733588219,0.8708192706108093,23.549196243286133,0.03389950841665268,0.8598610758781433,0.0721549242734909,0.03408440202474594
1665,blur,high,0.11915814131498337,0.5792881846427917,16.10566520690918,0.1105709820985794,0.014081605710089207,0.8454810976982117,0.02986626885831356
1666,salt_pepper,high,0.031703248620033264,0.8549648523330688,26.978147506713867,0.02603304758667946,0.9069676399230957,0.04843491315841675,0.018564417958259583
1667,occlusion,medium,0.06459379941225052,0.6825326681137085,19.571300506591797,0.0011613137321546674,0.021556291729211807,0.0013057810720056295,0.9759766459465027
1668,clean,none,0.01010391116142273,0.9923409819602966,37.629913330078125,0.8416939973831177,0.033705879002809525,0.05847674608230591,0.06612337380647659
1669,salt_pepper,high,0.05937974900007248,0.7314931750297546,22.181625366210938,0.035227373242378235,0.8812157511711121,0.05851166695356369,0.025045247748494148
1670,clean,none,0.004668728914111853,0.9968874454498291,44.072410583496094,0.8795651197433472,0.023937247693538666,0.04415829852223396,0.052339211106300354
1671,occlusion,high,0.09561886638402939,0.46842098236083984,17.170137405395508,0.00013605630374513566,0.0059901331551373005,0.0002181149466196075,0.9936556816101074
1672,occlusion,medium,0.04728096351027489,0.8148682117462158,22.93905258178711,0.00015582353807985783,0.00781386997550726,0.0003227963170502335,0.9917073845863342
1673,blur,low,0.03913777321577072,0.8096442222595215,25.074146270751953,0.21831460297107697,0.0138082355260849,0.7424728870391846,0.025404280051589012
1674,salt_pepper,medium,0.05900635942816734,0.7129406929016113,22.69049644470215,0.034982748329639435,0.8732832074165344,0.06523513793945312,0.026498885825276375
1675,occlusion,low,0.08001626282930374,0.6043528914451599,18.56167221069336,0.0337122343480587,0.0562090240418911,0.033146932721138,0.8769317269325256
1676,occlusion,low,0.07489527761936188,0.7248072028160095,19.695484161376953,0.02796846441924572,0.059209201484918594,0.009388013742864132,0.9034343361854553
1677,blur,low,0.04447510838508606,0.725515604019165,24.839460372924805,0.22261686623096466,0.01936955749988556,0.7230672240257263,0.03494640439748764
1678,occlusion,medium,0.06031745299696922,0.7748085260391235,22.236921310424805,0.001001457218080759,0.013253280892968178,0.0012296104105189443,0.9845156669616699
1679,clean,none,0.006208937615156174,0.9954022169113159,41.575504302978516,0.8358142375946045,0.028036173433065414,0.07768908888101578,0.05846043676137924
1680,salt_pepper,high,0.04397262632846832,0.817234456539154,24.385602951049805,0.032218098640441895,0.8893131613731384,0.05530688166618347,0.023161912336945534
1681,blur,low,0.03833466023206711,0.843914270401001,25.901580810546875,0.16624829173088074,0.015074113383889198,0.7905241250991821,0.028153447434306145
1682,occlusion,medium,0.05026666447520256,0.8112160563468933,19.97012710571289,0.014188459143042564,0.03402761369943619,0.008625013753771782,0.9431588649749756
1683,clean,none,0.009534348733723164,0.9931920766830444,38.17169952392578,0.7776023149490356,0.03256839141249657,0.12433459609746933,0.06549468636512756
1684,occlusion,high,0.04251014441251755,0.7612203359603882,23.390615463256836,3.674105028039776e-05,0.002779495669528842,0.0001483917294535786,0.9970353841781616
1685,blur,medium,0.06669312715530396,0.8077933192253113,20.860807418823242,0.11774975806474686,0.011465930379927158,0.8466622829437256,0.024121951311826706
1686,salt_pepper,low,0.038643695414066315,0.8746943473815918,25.760501861572266,0.03834931179881096,0.8436734676361084,0.07830860465765,0.03966861218214035
1687,clean,none,0.0037920481991022825,0.9984263777732849,45.73862075805664,0.8875696659088135,0.028763122856616974,0.03380775451660156,0.04985950142145157
1688,salt_pepper,low,0.05306444317102432,0.8194100260734558,22.410295486450195,0.04324105754494667,0.8442177772521973,0.07578826695680618,0.03675293177366257
1689,salt_pepper,high,0.038582395762205124,0.8500447273254395,25.7916259765625,0.02237224206328392,0.9206677675247192,0.04171309247612953,0.015246845781803131
1690,occlusion,low,0.017324574291706085,0.917399525642395,28.48314666748047,0.6226209402084351,0.05923325940966606,0.06922722607851028,0.2489185631275177
1691,salt_pepper,high,0.04106802120804787,0.8347874879837036,23.73648452758789,0.019948245957493782,0.9257543087005615,0.03971857950091362,0.014578779228031635
1692,clean,none,0.005522784776985645,0.99668288230896,42.42906188964844,0.8312521576881409,0.03030555695295334,0.0753849521279335,0.06305725872516632
1693,salt_pepper,high,0.040678657591342926,0.818675696849823,25.065462112426758,0.024914901703596115,0.9099193811416626,0.04732583090662956,0.017839880660176277
1694,salt_pepper,high,0.040003299713134766,0.78831946849823,25.628849029541016,0.01904083602130413,0.9310534596443176,0.03653314337134361,0.013372556306421757
1695,salt_pepper,medium,0.03226029500365257,0.9165855646133423,26.911584854125977,0.021761784330010414,0.9168880581855774,0.044635970145463943,0.016714196652173996
1696,salt_pepper,low,0.044587086886167526,0.8744337558746338,24.710233688354492,0.039746902883052826,0.8492407202720642,0.07720404863357544,0.033808331936597824
1697,clean,none,0.006355751305818558,0.9939912557601929,41.411949157714844,0.833356499671936,0.02877478301525116,0.07820309698581696,0.05966562777757645
1698,occlusion,medium,0.05250674486160278,0.7333303689956665,21.689117431640625,0.0020871988963335752,0.019522495567798615,0.0015945341438055038,0.9767957925796509
1699,clean,none,0.0037540297489613295,0.9976121187210083,45.113468170166016,0.8705044984817505,0.027610497549176216,0.04537829011678696,0.056506719440221786
1700,salt_pepper,low,0.036871057003736496,0.9067714214324951,26.111900329589844,0.03516053035855293,0.8569767475128174,0.07306641340255737,0.034796297550201416
1701,blur,high,0.12240831553936005,0.7529088258743286,15.674300193786621,0.10335999727249146,0.010550551116466522,0.8626524806022644,0.023436905816197395
1702,blur,high,0.03177244961261749,0.8857538104057312,27.564294815063477,0.10989879071712494,0.012029006145894527,0.8509010672569275,0.027171185240149498
1703,blur,high,0.04140619933605194,0.6385485529899597,25.371646881103516,0.11799171566963196,0.01665252260863781,0.8291033506393433,0.036252427846193314
1704,clean,none,0.007823048159480095,0.9950785040855408,39.228660583496094,0.8058422207832336,0.031558405607938766,0.09605834633111954,0.06654106825590134
1705,blur,high,0.04776737838983536,0.7870606184005737,23.314943313598633,0.11538051813840866,0.013232192024588585,0.8439275622367859,0.027459697797894478
1706,blur,medium,0.04472620040178299,0.8600859045982361,24.362258911132812,0.11891141533851624,0.013508862815797329,0.8381910920143127,0.0293886661529541
1707,occlusion,high,0.0657024011015892,0.6552271842956543,18.04598617553711,0.0005100129637867212,0.010232782922685146,0.0012314245104789734,0.9880258440971375
1708,salt_pepper,medium,0.047592081129550934,0.7506040334701538,23.493783950805664,0.037152037024497986,0.8676312565803528,0.06603757292032242,0.029179103672504425
1709,occlusion,medium,0.0480509027838707,0.7740621566772461,21.519926071166992,0.0036942875012755394,0.017040599137544632,0.006874933373183012,0.9723901748657227
1710,occlusion,medium,0.06281258165836334,0.6510076522827148,18.028911590576172,0.010142446495592594,0.03396408259868622,0.006992487236857414,0.9489009380340576
1711,occlusion,low,0.031580500304698944,0.855151355266571,26.67403793334961,0.005265781190246344,0.022807283326983452,0.010322492569684982,0.9616044163703918
1712,occlusion,low,0.03863946720957756,0.7746903896331787,24.49725341796875,0.030086852610111237,0.04701494798064232,0.017880834639072418,0.9050173163414001
1713,blur,medium,0.03357745707035065,0.9118648767471313,26.788423538208008,0.11785107851028442,0.013214673846960068,0.8415858745574951,0.02734837308526039
1714,salt_pepper,low,0.04325538128614426,0.882378101348877,25.03052520751953,0.043873131275177,0.8384283185005188,0.07977813482284546,0.03792031481862068
1715,clean,none,0.00588688999414444,0.9969117045402527,39.98046875,0.8317985534667969,0.028562061488628387,0.07482153177261353,0.06481783092021942
1716,occlusion,low,0.02905980311334133,0.8266420364379883,27.312732696533203,0.19275379180908203,0.08521870523691177,0.06918486952781677,0.6528425812721252
1717,clean,none,0.010981373488903046,0.99150550365448,36.39482879638672,0.8063729405403137,0.05331853777170181,0.06966216117143631,0.07064632326364517
1718,salt_pepper,low,0.047932595014572144,0.8934523463249207,24.0822811126709,0.04404066503047943,0.8352294564247131,0.08160774409770966,0.03912210091948509
1719,occlusion,high,0.13542991876602173,0.3885970115661621,14.982429504394531,4.455587986740284e-05,0.003062838688492775,0.00017448706785216928,0.9967179894447327
1720,blur,low,0.05248597264289856,0.7888064384460449,24.09545135498047,0.15980744361877441,0.013153977692127228,0.8019262552261353,0.02511240914463997
1721,salt_pepper,medium,0.066682368516922,0.6535982489585876,21.431520462036133,0.04832733795046806,0.8377039432525635,0.07712935656309128,0.03683927655220032
1722,occlusion,medium,0.05411664769053459,0.745658814907074,18.96856117248535,0.0005770360003225505,0.010010314173996449,0.0007792687974870205,0.9886334538459778
1723,blur,low,0.03245943784713745,0.8914860486984253,27.450693130493164,0.14326538145542145,0.011626861058175564,0.8226038217544556,0.02250392735004425
1724,salt_pepper,medium,0.04483792930841446,0.767652153968811,24.55559539794922,0.039036981761455536,0.864598274230957,0.06635834276676178,0.030006418004631996
1725,occlusion,medium,0.07500173151493073,0.6539438962936401,18.087289810180664,0.020282207056879997,0.04890713840723038,0.006103424821048975,0.9247071743011475
1726,blur,medium,0.08216141164302826,0.6296752691268921,19.519794464111328,0.1150573194026947,0.014496665447950363,0.8391643166542053,0.03128168359398842
1727,blur,high,0.06646482646465302,0.6405515670776367,21.583070755004883,0.10565865784883499,0.010705040767788887,0.859535813331604,0.02410046197474003
1728,occlusion,medium,0.07091635465621948,0.6934657096862793,19.321176528930664,0.0004004881775472313,0.01009934302419424,0.0006904804613441229,0.9888097643852234
1729,clean,none,0.011903857812285423,0.9923533201217651,36.006465911865234,0.7861983180046082,0.03643939271569252,0.1003294363617897,0.07703281193971634
1730,occlusion,high,0.07082748413085938,0.7162013053894043,17.811185836791992,2.838070759025868e-05,0.0025992589071393013,7.532473682658747e-05,0.9972971081733704
1731,salt_pepper,low,0.05910510569810867,0.8254880905151367,21.504711151123047,0.046110499650239944,0.8338090777397156,0.07874813675880432,0.04133224114775658
1732,blur,high,0.04896140843629837,0.8312281966209412,21.51028823852539,0.11382372677326202,0.01154416985809803,0.8497991561889648,0.02483300492167473
1733,occlusion,low,0.04230750724673271,0.8482067584991455,23.950393676757812,0.052718766033649445,0.05417482182383537,0.015339909121394157,0.877766489982605
1734,blur,low,0.04178883880376816,0.8531417846679688,24.533262252807617,0.15727750957012177,0.015149050392210484,0.7991402745246887,0.02843320555984974
1735,blur,high,0.0666380524635315,0.7641211748123169,20.76930046081543,0.11952436715364456,0.01402184646576643,0.8366712927818298,0.02978241629898548
1736,occlusion,high,0.05137467384338379,0.7405016422271729,20.989599227905273,0.00017255693092010915,0.004880015272647142,0.0004197348025627434,0.9945276379585266
1737,clean,none,0.00581042654812336,0.9960121512413025,42.33403015136719,0.7928214073181152,0.030688904225826263,0.11385683715343475,0.06263285130262375
1738,clean,none,0.006102228537201881,0.9965066909790039,41.64455032348633,0.8762648701667786,0.02775801718235016,0.04458336904644966,0.05139373987913132
1739,blur,low,0.03557990491390228,0.8532814383506775,26.783048629760742,0.16987402737140656,0.01651429757475853,0.7826858162879944,0.03092595934867859
1740,clean,none,0.0033522900193929672,0.9980491399765015,46.66439437866211,0.8711258172988892,0.027808871120214462,0.042831629514694214,0.05823367089033127
1741,occlusion,low,0.02832101844251156,0.8549861311912537,25.04235076904297,0.18964709341526031,0.07598576694726944,0.03331891819834709,0.7010482549667358
1742,blur,medium,0.04072535037994385,0.8501368761062622,24.950977325439453,0.1113729476928711,0.011588110588490963,0.8525291681289673,0.02450982667505741
1743,clean,none,0.011928638443350792,0.9902014136314392,36.202205657958984,0.6687253713607788,0.03612548112869263,0.21040122210979462,0.08474790304899216
1744,blur,high,0.04244871065020561,0.8116774559020996,24.29072380065918,0.12408343702554703,0.013214757665991783,0.8352749943733215,0.027426881715655327
1745,clean,none,0.010324833914637566,0.9781988859176636,36.153263092041016,0.8604056239128113,0.02785802073776722,0.06134578585624695,0.050390515476465225
1746,blur,high,0.05446397513151169,0.731775164604187,22.015941619873047,0.11142165958881378,0.011757812462747097,0.852043092250824,0.02477746643126011
1747,clean,none,0.01583932153880596,0.9861534833908081,33.69113540649414,0.5810662508010864,0.030838187783956528,0.3208243250846863,0.06727119535207748
1748,clean,none,0.005686547607183456,0.9948198795318604,42.00061798095703,0.7367157936096191,0.03327866643667221,0.1557171642780304,0.07428836822509766
1749,blur,high,0.03496541082859039,0.8160911798477173,25.60540199279785,0.12112875282764435,0.016373582184314728,0.8235483765602112,0.03894932568073273
1750,blur,medium,0.056288428604602814,0.8082431554794312,21.55239486694336,0.12106965482234955,0.015660004690289497,0.8302072882652283,0.03306300565600395
1751,occlusion,medium,0.04883528873324394,0.8080620765686035,20.734874725341797,2.496094020898454e-05,0.0022810816299170256,0.0001423761568730697,0.9975516200065613
1752,occlusion,medium,0.0718541368842125,0.6106342077255249,19.99396514892578,0.0441301092505455,0.06462297588586807,0.010472233407199383,0.8807746767997742
1753,blur,high,0.06852737814188004,0.7432140707969666,20.51860809326172,0.11273689568042755,0.011251683346927166,0.8517237901687622,0.024287626147270203
1754,occlusion,high,0.04680303484201431,0.7512229681015015,21.622541427612305,7.030707638477907e-05,0.004484173841774464,0.00020042246615048498,0.9952450394630432
1755,clean,none,0.019395064562559128,0.9896179437637329,29.82250213623047,0.7186465263366699,0.04340178519487381,0.13895414769649506,0.098997563123703
1756,clean,none,0.029856830835342407,0.9635961055755615,27.68960952758789,0.6467607617378235,0.03260206803679466,0.2484334260225296,0.07220371812582016
1757,clean,none,0.007009613327682018,0.9927761554718018,40.0107421875,0.7805835008621216,0.03299049660563469,0.11409515142440796,0.07233084738254547
1758,occlusion,high,0.08403259515762329,0.617280125617981,17.61315155029297,7.934687346278224e-06,0.0017914745258167386,3.0009234251338057e-05,0.9981704950332642
1759,salt_pepper,low,0.05598943680524826,0.8686152696609497,22.29734230041504,0.03836159408092499,0.8411083221435547,0.08230803906917572,0.038222022354602814
1760,blur,medium,0.04429244250059128,0.8438712954521179,23.42035675048828,0.12512116134166718,0.01599460281431675,0.8257842063903809,0.03310006111860275
1761,salt_pepper,low,0.04732349514961243,0.786056399345398,23.589258193969727,0.03633194789290428,0.852046549320221,0.07452473044395447,0.03709680587053299
1762,salt_pepper,medium,0.08073162287473679,0.8791510462760925,19.588041305541992,0.030749723315238953,0.8889859318733215,0.05730745941400528,0.02295694872736931
1763,salt_pepper,medium,0.033031679689884186,0.8439156413078308,26.73576545715332,0.022314907982945442,0.9117785692214966,0.04787714406847954,0.018029337748885155
1764,salt_pepper,medium,0.0346393845975399,0.8384151458740234,26.357189178466797,0.024798167869448662,0.9043514132499695,0.05105537921190262,0.019795119762420654
1765,blur,low,0.05547146126627922,0.6849590539932251,23.189821243286133,0.1900237649679184,0.018580270931124687,0.7565847039222717,0.034811291843652725
1766,clean,none,0.004981064237654209,0.9984186887741089,43.406761169433594,0.8561711311340332,0.02306884154677391,0.06964205950498581,0.051118019968271255
1767,occlusion,low,0.04280624911189079,0.8196582794189453,23.262168884277344,0.0831809863448143,0.059166070073843,0.036951642483472824,0.8207013010978699
1768,clean,none,0.00671743880957365,0.9967106580734253,40.70085144042969,0.8893508315086365,0.034103989601135254,0.02198459766805172,0.054560501128435135
1769,occlusion,high,0.06862227618694305,0.589663028717041,19.55989646911621,8.71171650942415e-05,0.004532976076006889,0.0002181303862016648,0.9951618313789368
1770,occlusion,medium,0.060768526047468185,0.6657843589782715,20.96096420288086,0.0021733783651143312,0.018526224419474602,0.0019304505549371243,0.9773699641227722
1771,blur,high,0.030124887824058533,0.8670996427536011,27.22161293029785,0.12427333742380142,0.01654035784304142,0.8238090872764587,0.03537725657224655
1772,clean,none,0.01704402267932892,0.9810782670974731,32.93502426147461,0.6564712524414062,0.03394751995801926,0.22884801030158997,0.0807332694530487
1773,clean,none,0.01863875612616539,0.9844251871109009,32.754493713378906,0.7236517667770386,0.03522305563092232,0.15536324679851532,0.08576193451881409
1774,occlusion,high,0.04772884398698807,0.7203556299209595,21.9187068939209,0.00026010331930592656,0.009266074746847153,0.0006044781184755266,0.9898692965507507
1775,clean,none,0.006242549978196621,0.9971106052398682,41.61016845703125,0.8887714743614197,0.02414148673415184,0.03909154236316681,0.04799551144242287
1776,blur,low,0.037771597504615784,0.8725935816764832,25.260751724243164,0.1828005164861679,0.018545476719737053,0.7630568146705627,0.03559715300798416
1777,occlusion,high,0.08298444002866745,0.4797612130641937,18.17987060546875,5.914977737120353e-05,0.0042975046671926975,0.00017284245404880494,0.9954705238342285
1778,blur,high,0.06565049290657043,0.7529496550559998,19.96411895751953,0.11957090348005295,0.010706272907555103,0.8468777537345886,0.022845085710287094
1779,blur,low,0.04432898759841919,0.8469087481498718,24.322505950927734,0.13083310425281525,0.015629393979907036,0.8204593658447266,0.03307810425758362
1780,clean,none,0.006940843071788549,0.9959046244621277,40.579795837402344,0.8494296669960022,0.029565205797553062,0.06528802961111069,0.05571712926030159
1781,occlusion,medium,0.037606965750455856,0.8124369978904724,24.855783462524414,0.0027352336328476667,0.020826930180191994,0.002752517117187381,0.9736852645874023
1782,blur,medium,0.05547940731048584,0.7459020614624023,22.598764419555664,0.1182776466012001,0.010631452314555645,0.8485462665557861,0.022544626146554947
1783,salt_pepper,high,0.06371154636144638,0.7360901832580566,21.780677795410156,0.03512359783053398,0.8803098201751709,0.05928225815296173,0.02528429962694645
1784,occlusion,high,0.06886117160320282,0.6490033268928528,19.816877365112305,3.45784610544797e-05,0.004385865293443203,0.00011133126099593937,0.9954681396484375
1785,salt_pepper,low,0.04181681573390961,0.8395136594772339,24.86402702331543,0.04206855595111847,0.8336644172668457,0.08576945215463638,0.03849760442972183
1786,salt_pepper,medium,0.048700734972953796,0.8895625472068787,24.416563034057617,0.024986274540424347,0.9065635800361633,0.0486326701939106,0.01981748268008232
1787,blur,low,0.04459601640701294,0.8024476766586304,24.70395278930664,0.16127675771713257,0.01352474745362997,0.7994931936264038,0.025705305859446526
1788,blur,low,0.04080544784665108,0.8667044639587402,24.745723724365234,0.2235904484987259,0.018170705065131187,0.7221733927726746,0.03606545925140381
1789,salt_pepper,medium,0.06479859352111816,0.7398152351379395,21.114299774169922,0.03889483958482742,0.8631690144538879,0.06714284420013428,0.030793320387601852
1790,occlusion,high,0.060388222336769104,0.7348553538322449,20.87335205078125,0.001838464173488319,0.019965076819062233,0.0023479012306779623,0.9758485555648804
1791,blur,medium,0.06172306463122368,0.6469223499298096,21.508255004882812,0.11393557488918304,0.010349009186029434,0.8537000417709351,0.022015340626239777
1792,clean,none,0.014061990194022655,0.9863109588623047,35.2028923034668,0.6770524978637695,0.033204615116119385,0.21871241927146912,0.07103045284748077
1793,clean,none,0.007349714636802673,0.9957531690597534,39.84542465209961,0.7919281125068665,0.027274081483483315,0.12408183515071869,0.056715983897447586
1794,clean,none,0.006558695342391729,0.996926486492157,40.85908508300781,0.8945044279098511,0.025934556499123573,0.030188269913196564,0.04937272146344185
1795,clean,none,0.009238317608833313,0.9927464723587036,37.9280891418457,0.792934000492096,0.030478347092866898,0.11591331660747528,0.06067441776394844
1796,occlusion,high,0.08916347473859787,0.5559195876121521,18.024553298950195,0.001009900588542223,0.01778833195567131,0.0009436919935978949,0.980258047580719
1797,salt_pepper,high,0.05029983073472977,0.7937471270561218,23.80438804626465,0.039422061294317245,0.869487464427948,0.06275496631860733,0.02833552472293377
1798,clean,none,0.02493978664278984,0.97093665599823,30.34599494934082,0.7116738557815552,0.03000321052968502,0.19767983257770538,0.060643088072538376
1799,salt_pepper,high,0.06440069526433945,0.6791058778762817,21.916309356689453,0.044331442564725876,0.8555559515953064,0.06837710738182068,0.03173547983169556
1800,occlusion,medium,0.083762526512146,0.5379900932312012,19.066482543945312,0.001582339871674776,0.022344259545207024,0.0020143042784184217,0.9740591645240784
1801,clean,none,0.009879766032099724,0.9916082620620728,37.8140983581543,0.7858902812004089,0.03618723899126053,0.10096917301416397,0.07695326954126358
1802,occlusion,medium,0.05977300927042961,0.6924170255661011,21.506267547607422,0.0014177360571920872,0.014858605340123177,0.0021794128697365522,0.9815442562103271
1803,salt_pepper,high,0.029645685106515884,0.8554595708847046,28.16228675842285,0.021319124847650528,0.9193944931030273,0.0433812290430069,0.015905054286122322
1804,blur,high,0.041852548718452454,0.7824536561965942,25.14373779296875,0.12272228300571442,0.01453099213540554,0.8319228291511536,0.030823901295661926
1805,occlusion,medium,0.05571749806404114,0.609216570854187,21.900728225708008,0.001825248822569847,0.02085445262491703,0.0024379172828048468,0.9748824238777161
1806,blur,low,0.055966462939977646,0.7283284068107605,22.151058197021484,0.2541709542274475,0.021245714277029037,0.6814155578613281,0.04316772148013115
1807,clean,none,0.016830360516905785,0.9832956194877625,33.216033935546875,0.5875702500343323,0.031173525378108025,0.31217649579048157,0.0690796971321106
1808,occlusion,low,0.06505675613880157,0.6809859275817871,21.31284523010254,0.07783393561840057,0.06457270681858063,0.039508603513240814,0.818084716796875
1809,salt_pepper,high,0.04950840398669243,0.7524467706680298,23.66398811340332,0.0443781316280365,0.8530378341674805,0.06849025934934616,0.03409372642636299
1810,clean,none,0.015464631840586662,0.977177619934082,34.197105407714844,0.6143765449523926,0.029371334239840508,0.2930484712123871,0.06320367753505707
1811,blur,high,0.052253689616918564,0.7146812677383423,23.26467514038086,0.11604680120944977,0.010664940811693668,0.8504876494407654,0.022800588980317116
1812,blur,high,0.03867125138640404,0.8451393842697144,25.840282440185547,0.12210644781589508,0.010756917297840118,0.8445242643356323,0.022612357512116432
1813,blur,high,0.06508495658636093,0.594460666179657,21.45888328552246,0.10913094878196716,0.012365554459393024,0.8513875007629395,0.02711593359708786
1814,clean,none,0.0050550829619169235,0.9976491928100586,44.020172119140625,0.8617735505104065,0.02276432141661644,0.0680311843752861,0.047430939972400665
1815,salt_pepper,low,0.03656769543886185,0.8755486011505127,26.34713363647461,0.03684127330780029,0.8539289832115173,0.07442563772201538,0.034804098308086395
1816,blur,high,0.04295936971902847,0.8281152248382568,25.09225845336914,0.12678928673267365,0.013901124708354473,0.8306351900100708,0.028674408793449402
1817,clean,none,0.03737037628889084,0.9462728500366211,26.19915199279785,0.5887807011604309,0.03286126255989075,0.3148230314254761,0.06353495270013809
1818,blur,low,0.07911638915538788,0.5990287661552429,20.217817306518555,0.11565760523080826,0.011166329495608807,0.8510833978652954,0.022092744708061218
1819,salt_pepper,high,0.08794086426496506,0.6407538652420044,18.824121475219727,0.03864431008696556,0.8694000244140625,0.06445945054292679,0.027496229857206345
1820,clean,none,0.014873025938868523,0.988807201385498,34.501346588134766,0.8294457793235779,0.030846934765577316,0.07288003712892532,0.06682722270488739
1821,clean,none,0.018061533570289612,0.981521725654602,32.225624084472656,0.7471745610237122,0.03422719985246658,0.15038466453552246,0.06821360439062119
1822,occlusion,high,0.08668094873428345,0.6793209910392761,16.432235717773438,0.006305570248514414,0.025757990777492523,0.007255168631672859,0.9606813192367554
1823,occlusion,medium,0.06182011961936951,0.6713428497314453,21.31313133239746,0.0015106634236872196,0.019425932317972183,0.0026583452709019184,0.976405143737793
1824,clean,none,0.010537567548453808,0.982341468334198,37.456329345703125,0.6811263561248779,0.03449588641524315,0.21375523507595062,0.07062249630689621
1825,salt_pepper,low,0.03927534818649292,0.7464556694030762,25.432710647583008,0.039458807557821274,0.8456190824508667,0.07607114315032959,0.03885096684098244
1826,clean,none,0.005411436315625906,0.9960966110229492,42.78302764892578,0.8171383142471313,0.029477132484316826,0.09083922207355499,0.0625452995300293
1827,occlusion,medium,0.0478881299495697,0.7214041948318481,23.195154190063477,0.004459952469915152,0.02583334967494011,0.001812336384318769,0.9678943753242493
1828,salt_pepper,high,0.056277260184288025,0.7217523455619812,22.739744186401367,0.039117369800806046,0.868161678314209,0.06444960832595825,0.028271382674574852
1829,occlusion,medium,0.054137229919433594,0.6835741996765137,21.82193374633789,0.00513411546126008,0.024834809824824333,0.0053676399402320385,0.9646634459495544
1830,clean,none,0.004266104195266962,0.9976119995117188,44.89409637451172,0.8680318593978882,0.02611253410577774,0.05553720146417618,0.05031835660338402
1831,blur,high,0.06509728729724884,0.5922849178314209,21.778182983398438,0.11002279818058014,0.012656458653509617,0.8490915894508362,0.02822915092110634
1832,occlusion,medium,0.052029334008693695,0.6521638631820679,23.216407775878906,0.011643735691905022,0.036889612674713135,0.009729753248393536,0.9417368769645691
1833,clean,none,0.009487556293606758,0.9917333126068115,38.472137451171875,0.755946695804596,0.029684383422136307,0.16104039549827576,0.053328536450862885
1834,salt_pepper,low,0.04010653868317604,0.7932332754135132,25.49018669128418,0.03202759474515915,0.8662896752357483,0.07021213322877884,0.03147052600979805
1835,salt_pepper,low,0.03541914373636246,0.8700832724571228,26.332355499267578,0.037984449416399,0.8548286557197571,0.07219856232404709,0.0349883958697319
1836,occlusion,high,0.07957607507705688,0.59993577003479,18.561153411865234,0.0002386747655691579,0.008961626328527927,0.0007808146765455604,0.9900189638137817
1837,salt_pepper,medium,0.04245912283658981,0.9140855073928833,25.738178253173828,0.024315444752573967,0.9074726104736328,0.04891529679298401,0.019296711310744286
1838,occlusion,medium,0.08150614798069,0.5347198247909546,18.846927642822266,0.003609629347920418,0.021755332127213478,0.0022918221075087786,0.9723432064056396
1839,salt_pepper,low,0.032274506986141205,0.8556365370750427,27.38138198852539,0.04432990029454231,0.83702152967453,0.0821203961968422,0.03652814403176308
1840,blur,high,0.037552058696746826,0.7738128900527954,25.42384147644043,0.10768348723649979,0.01566045917570591,0.8382436633110046,0.03841230645775795
1841,blur,medium,0.04005394130945206,0.8344761729240417,25.35642433166504,0.12460518628358841,0.012564267963171005,0.8370652794837952,0.025765180587768555
1842,clean,none,0.008732449263334274,0.9927295446395874,39.1158332824707,0.715077817440033,0.029833989217877388,0.185933455824852,0.06915479153394699
1843,occlusion,high,0.09131648391485214,0.4509715437889099,18.296390533447266,4.254412851878442e-05,0.003653482301160693,0.00012916735431645066,0.9961748123168945
1844,occlusion,medium,0.06456784904003143,0.6676576137542725,20.291549682617188,0.0007519762148149312,0.014563599601387978,0.0010041090426966548,0.983680248260498
1845,clean,none,0.008832398802042007,0.9920275211334229,38.46434020996094,0.800408661365509,0.031265370547771454,0.10040421783924103,0.06792176514863968
1846,salt_pepper,medium,0.043229203671216965,0.8143855929374695,24.77432632446289,0.03960367664694786,0.8612804412841797,0.06839805096387863,0.030717777088284492
1847,salt_pepper,high,0.040739379823207855,0.8576895594596863,25.416868209838867,0.03425290063023567,0.8833237886428833,0.05895067751407623,0.023472575470805168
1848,salt_pepper,low,0.03722849115729332,0.8711826205253601,26.043399810791016,0.04746203497052193,0.8288375735282898,0.08177611231803894,0.04192430526018143
1849,clean,none,0.01250026561319828,0.9936838150024414,35.222747802734375,0.8564029932022095,0.03818202018737793,0.03927159681916237,0.06614328920841217
1850,blur,high,0.07131662219762802,0.7195510268211365,20.112436294555664,0.11659807711839676,0.011896612122654915,0.84595787525177,0.02554737776517868
1851,blur,low,0.03974924609065056,0.882231593132019,25.326921463012695,0.14557233452796936,0.01150114182382822,0.820277750492096,0.022648818790912628
1852,occlusion,medium,0.050393905490636826,0.7105757594108582,22.16798973083496,0.0020819592755287886,0.01572750136256218,0.001235613483004272,0.9809549450874329
1853,blur,low,0.042458903044462204,0.7871527671813965,25.070560455322266,0.17314602434635162,0.01574498601257801,0.7809123992919922,0.0301965419203043
1854,salt_pepper,low,0.04841490834951401,0.8537834882736206,23.90363311767578,0.03712957352399826,0.8457906246185303,0.07628555595874786,0.040794290602207184
1855,blur,high,0.040338095277547836,0.8337821960449219,25.192848205566406,0.12115933001041412,0.012171159498393536,0.8417059183120728,0.02496354840695858
1856,occlusion,medium,0.04963696002960205,0.801226794719696,22.113502502441406,0.028529595583677292,0.053272832185029984,0.025253040716052055,0.8929445743560791
1857,clean,none,0.0051181623712182045,0.9969047904014587,42.87671661376953,0.8602496981620789,0.027379458770155907,0.056050460785627365,0.0563204362988472
1858,occlusion,low,0.03640597313642502,0.8069016337394714,25.212177276611328,0.021061044186353683,0.040875352919101715,0.008811303414404392,0.9292522072792053
1859,occlusion,high,0.120425745844841,0.4777338206768036,15.852752685546875,0.0017713570268824697,0.0152864009141922,0.00278367567807436,0.9801586270332336
1860,salt_pepper,medium,0.03291931748390198,0.8907912969589233,27.072307586669922,0.02385411038994789,0.9064955115318298,0.05076761171221733,0.01888274773955345
1861,salt_pepper,high,0.034767862409353256,0.82914799451828,26.49993133544922,0.03864176198840141,0.8696954846382141,0.06246897578239441,0.029193732887506485
1862,clean,none,0.004811964929103851,0.9964864253997803,44.10205078125,0.8472871780395508,0.026000890880823135,0.07061471045017242,0.05609731376171112
1863,clean,none,0.010417125187814236,0.9925702810287476,36.48841094970703,0.8033443689346313,0.026750821620225906,0.10949303954839706,0.060411758720874786
1864,clean,none,0.009238295257091522,0.995801568031311,38.048248291015625,0.8551055788993835,0.02800879441201687,0.06150662899017334,0.055378980934619904
1865,clean,none,0.012791055254638195,0.9859441518783569,35.531455993652344,0.6400555968284607,0.030215229839086533,0.26287612318992615,0.0668530985713005
1866,occlusion,low,0.03228343650698662,0.8504270315170288,25.63297462463379,0.32641035318374634,0.08739446103572845,0.048663895577192307,0.5375312566757202
1867,salt_pepper,low,0.06467647850513458,0.7976953387260437,21.35711669921875,0.0983179360628128,0.7564318776130676,0.0830952599644661,0.062154922634363174
1868,blur,medium,0.03346651792526245,0.897585391998291,26.96170425415039,0.11758890002965927,0.010996510274708271,0.8479045629501343,0.023510050028562546
1869,blur,medium,0.049624066799879074,0.8345975875854492,23.18777847290039,0.12139467149972916,0.015239853411912918,0.8317105770111084,0.03165489062666893
1870,clean,none,0.0066855186596512794,0.9965025782585144,40.80366134643555,0.872344434261322,0.030786532908678055,0.03893670439720154,0.05793231353163719
1871,occlusion,medium,0.046354856342077255,0.7734349966049194,23.184619903564453,0.03757912293076515,0.05733815208077431,0.013801543042063713,0.891281247138977
1872,blur,medium,0.03669660910964012,0.9180498123168945,25.516794204711914,0.12002605944871902,0.010439049452543259,0.8480313420295715,0.02150355651974678
1873,clean,none,0.004996214061975479,0.9967402219772339,42.95015335083008,0.8180700540542603,0.02699672244489193,0.09866158664226532,0.05627170205116272
1874,occlusion,high,0.057845041155815125,0.6159356832504272,21.087833404541016,9.510727068118285e-06,0.0023989910259842873,4.785503915627487e-05,0.9975436329841614
1875,blur,low,0.03876173496246338,0.7219256162643433,26.07778549194336,0.26371729373931885,0.021972335875034332,0.6735112071037292,0.04079914838075638
1876,salt_pepper,high,0.061654232442379,0.8533774614334106,21.502077102661133,0.028084104880690575,0.9020166993141174,0.049991101026535034,0.01990807056427002
1877,occlusion,medium,0.053720779716968536,0.7356470823287964,21.2781982421875,0.013116802088916302,0.0404728464782238,0.006283437833189964,0.9401269555091858
1878,clean,none,0.007627899758517742,0.9964067339897156,39.453521728515625,0.8409139513969421,0.03160020336508751,0.06713689118623734,0.060348909348249435
1879,occlusion,high,0.05164064094424248,0.6864724159240723,21.742876052856445,2.9463022656273097e-05,0.004486490972340107,0.00017235746781807393,0.9953116774559021
1880,clean,none,0.008840437978506088,0.9940201044082642,38.12077331542969,0.8330651521682739,0.03362991660833359,0.07262710481882095,0.06067781522870064
1881,clean,none,0.01993994414806366,0.9527027606964111,31.569061279296875,0.5067501664161682,0.02684081718325615,0.4154033064842224,0.051005732268095016
1882,occlusion,high,0.05829666554927826,0.6001585721969604,21.15595054626465,4.4614698708755895e-05,0.0035199634730815887,0.00018080175505019724,0.996254563331604
1883,clean,none,0.008925659582018852,0.9894995093345642,38.121849060058594,0.7084086537361145,0.03587156906723976,0.16115769743919373,0.09456214308738708
1884,blur,medium,0.0353957824409008,0.8299096822738647,26.41653823852539,0.10454347729682922,0.010741987265646458,0.8596012592315674,0.02511332556605339
1885,clean,none,0.01210869662463665,0.9814710021018982,36.00238037109375,0.7080771327018738,0.0258322786539793,0.21282410621643066,0.05326644703745842
1886,clean,none,0.005603217985481024,0.9958045482635498,42.64556121826172,0.8658866882324219,0.025233415886759758,0.05803689360618591,0.050842929631471634
1887,occlusion,low,0.09871639311313629,0.5722520351409912,17.798568725585938,0.007087878882884979,0.031120771542191505,0.00823618657886982,0.953555166721344
1888,blur,medium,0.05534911900758743,0.7279118299484253,22.858545303344727,0.10989431291818619,0.011377944611012936,0.8539210557937622,0.02480657957494259
1889,salt_pepper,low,0.04339463263750076,0.8505105972290039,24.535511016845703,0.041491180658340454,0.8420634865760803,0.08018266409635544,0.036262575536966324
1890,clean,none,0.016728632152080536,0.9480832815170288,32.647464752197266,0.8713788390159607,0.02974552847445011,0.039462026208639145,0.05941363424062729
1891,blur,high,0.05844063684344292,0.7364500761032104,22.422286987304688,0.11382407695055008,0.011025235056877136,0.8512985110282898,0.023852169513702393
1892,blur,low,0.03918984532356262,0.72862708568573,25.87679100036621,0.21917836368083954,0.015595734119415283,0.7352771162986755,0.029948748648166656
1893,clean,none,0.033564623445272446,0.9691957235336304,27.6690673828125,0.725486695766449,0.029931699857115746,0.1856626719236374,0.05891894921660423
1894,occlusion,high,0.08281038701534271,0.4936085641384125,17.50963020324707,7.677594112465158e-06,0.0022656540386378765,4.311607699492015e-05,0.9976835250854492
1895,blur,low,0.050984419882297516,0.8055900931358337,23.402854919433594,0.21271032094955444,0.0146099254488945,0.7455081343650818,0.02717154286801815
1896,occlusion,high,0.05678246542811394,0.7331631183624268,21.192256927490234,0.0014957953244447708,0.01824045367538929,0.001512218383140862,0.9787514805793762
1897,salt_pepper,high,0.05969230830669403,0.7959510684013367,22.471845626831055,0.04504936560988426,0.8510555624961853,0.07210791110992432,0.03178720921278
1898,occlusion,low,0.05222928524017334,0.7965688109397888,22.057708740234375,0.08432285487651825,0.05749887973070145,0.037985675036907196,0.8201925754547119
1899,clean,none,0.006635007914155722,0.995469331741333,41.10931396484375,0.846289336681366,0.026538141071796417,0.0725770890712738,0.05459538474678993
1900,occlusion,medium,0.06568169593811035,0.7652029991149902,21.144744873046875,0.0006969835958443582,0.01357895229011774,0.0014796487521380186,0.9842444062232971
1901,clean,none,0.007017859257757664,0.9963085651397705,40.71181869506836,0.7793697118759155,0.02574954740703106,0.13380038738250732,0.06108035892248154
1902,salt_pepper,low,0.06352930516004562,0.8004393577575684,21.41022491455078,0.04685808718204498,0.8379383683204651,0.07283367216587067,0.042369890958070755
1903,blur,high,0.04625938832759857,0.8792695999145508,23.295982360839844,0.12309838831424713,0.010843366384506226,0.8433675765991211,0.022690623998641968
1904,occlusion,medium,0.070572130382061,0.5802244544029236,20.43927001953125,0.004654244985431433,0.029648547992110252,0.00762858334928751,0.9580686688423157
1905,salt_pepper,medium,0.0504889115691185,0.8089035749435425,23.325414657592773,0.03938205912709236,0.8584401607513428,0.0703158751130104,0.03186190500855446
1906,salt_pepper,medium,0.0634310245513916,0.7682126760482788,21.371156692504883,0.04630539193749428,0.8491160273551941,0.06992900371551514,0.034649595618247986
1907,salt_pepper,high,0.061687909066677094,0.7771506309509277,20.422908782958984,0.04347764328122139,0.856304407119751,0.06858953088521957,0.03162844106554985
1908,salt_pepper,medium,0.07748126983642578,0.8335391283035278,19.72119903564453,0.02719210647046566,0.8994691967964172,0.051955532282590866,0.02138316072523594
1909,clean,none,0.005036800168454647,0.9976449012756348,43.37044143676758,0.8789488673210144,0.02853492461144924,0.043501291424036026,0.04901498183608055
1910,occlusion,low,0.04284632205963135,0.7447509765625,24.429271697998047,0.07079321146011353,0.06386792659759521,0.032000746577978134,0.8333380818367004
1911,blur,medium,0.056313663721084595,0.7809350490570068,22.054367065429688,0.10851320624351501,0.012779667973518372,0.8514637351036072,0.027243459597229958
1912,salt_pepper,high,0.07253824174404144,0.6404451727867126,20.636016845703125,0.04189648851752281,0.8674535155296326,0.06271716207265854,0.027932796627283096
1913,clean,none,0.006847649812698364,0.9949511289596558,40.444828033447266,0.8161576390266418,0.041726332157850266,0.04228025674819946,0.09983576089143753
1914,salt_pepper,medium,0.043718867003917694,0.9145135879516602,23.853023529052734,0.019718019291758537,0.9196801781654358,0.04433826357126236,0.016263552010059357
1915,occlusion,medium,0.0526166670024395,0.7406035661697388,22.316570281982422,0.0004325012268964201,0.009914866648614407,0.0008377708727493882,0.9888148903846741
1916,blur,medium,0.04518058896064758,0.8104261159896851,24.524267196655273,0.12215747684240341,0.013933696784079075,0.8352097868919373,0.028699029237031937
1917,occlusion,low,0.07295840233564377,0.6491603851318359,20.01866340637207,0.013118885457515717,0.04188642278313637,0.006640346255153418,0.9383543133735657
1918,clean,none,0.01014668308198452,0.9925142526626587,37.5577507019043,0.8029969334602356,0.029270702973008156,0.10513929277658463,0.06259304285049438
1919,salt_pepper,high,0.07910200953483582,0.7345849275588989,19.644601821899414,0.046557992696762085,0.8510416746139526,0.06902866065502167,0.033371638506650925
1920,salt_pepper,medium,0.04600570723414421,0.8126434087753296,23.855878829956055,0.031084083020687103,0.8864695429801941,0.058513350784778595,0.02393300086259842
1921,clean,none,0.015451384708285332,0.9855596423149109,34.23307418823242,0.7783514261245728,0.030344368889927864,0.12823136150836945,0.06307285279035568
1922,salt_pepper,high,0.08274226635694504,0.6436853408813477,19.623449325561523,0.04764338210225105,0.8440816402435303,0.07345262914896011,0.03482235223054886
1923,salt_pepper,medium,0.058196306228637695,0.7348449230194092,21.890674591064453,0.0397833026945591,0.8619158267974854,0.06743575632572174,0.030865097418427467
1924,occlusion,medium,0.05868692323565483,0.7033039927482605,21.925880432128906,0.00010751223453553393,0.006298671942204237,0.0002594960678834468,0.9933342933654785
1925,blur,medium,0.054260533303022385,0.7317687273025513,22.794288635253906,0.11188464611768723,0.012190072797238827,0.8495965600013733,0.026328738778829575
1926,occlusion,low,0.03369908779859543,0.8539460897445679,25.659412384033203,0.0015798044623807073,0.01572326011955738,0.006888910662382841,0.9758080244064331
1927,blur,medium,0.035183727741241455,0.8122016191482544,26.48614501953125,0.11526709794998169,0.010720591992139816,0.8513830304145813,0.022629335522651672
1928,clean,none,0.006963343825191259,0.9949790835380554,40.32887268066406,0.8054719567298889,0.02652765065431595,0.11100832372903824,0.056992050260305405
1929,occlusion,low,0.056874483823776245,0.7212642431259155,21.849124908447266,0.06685424596071243,0.0617872029542923,0.03140433877706528,0.8399541974067688
1930,clean,none,0.008712354116141796,0.994592547416687,38.80978012084961,0.8437912464141846,0.03160690888762474,0.060881711542606354,0.06372015923261642
1931,clean,none,0.007949745282530785,0.9950284361839294,39.94950866699219,0.8669595718383789,0.03222772479057312,0.04292157292366028,0.0578911118209362
1932,clean,none,0.020642761141061783,0.9756326079368591,31.925640106201172,0.6948481202125549,0.03285853564739227,0.20587284862995148,0.06642048805952072
1933,salt_pepper,medium,0.048645876348018646,0.7624475955963135,24.106887817382812,0.042304590344429016,0.8569691777229309,0.06912897527217865,0.03159724175930023
1934,clean,none,0.009859197773039341,0.9951075315475464,37.953651428222656,0.8570752739906311,0.026196179911494255,0.05749087780714035,0.05923766270279884
1935,blur,low,0.054595451802015305,0.7799177169799805,21.87730598449707,0.25022390484809875,0.017137089744210243,0.7015276551246643,0.031111357733607292
1936,occlusion,high,0.0586683452129364,0.6803706884384155,19.72104835510254,8.988625381789461e-07,0.000826799834612757,6.83207463225699e-06,0.9991655349731445
1937,clean,none,0.005602993071079254,0.9970746040344238,42.53534698486328,0.8841524124145508,0.026773439720273018,0.04070136696100235,0.04837283119559288
1938,blur,medium,0.06619248539209366,0.6658284664154053,21.598384857177734,0.10897952318191528,0.012043111026287079,0.8528348207473755,0.02614256553351879
1939,salt_pepper,medium,0.06142067909240723,0.7177998423576355,21.974987030029297,0.04091842472553253,0.857936680316925,0.0696733146905899,0.03147159889340401
1940,clean,none,0.010517848655581474,0.9904469847679138,37.082183837890625,0.7633686065673828,0.029819797724485397,0.1450713872909546,0.0617402009665966
1941,clean,none,0.009522899985313416,0.9920161962509155,37.69501876831055,0.766542911529541,0.030322102829813957,0.1446080058813095,0.05852694809436798
1942,occlusion,medium,0.0416477732360363,0.7805862426757812,23.89208984375,0.0008308885153383017,0.011226359754800797,0.0013458775356411934,0.9865968823432922
1943,blur,low,0.06165453791618347,0.8126362562179565,21.713958740234375,0.15295633673667908,0.011310419999063015,0.8141832947731018,0.021549897268414497
1944,clean,none,0.015342794358730316,0.9903050661087036,33.685543060302734,0.821666955947876,0.04134533181786537,0.058754630386829376,0.07823307812213898
1945,clean,none,0.007837744429707527,0.9948890209197998,39.35844421386719,0.8285523653030396,0.031050140038132668,0.08145235478878021,0.05894521251320839
1946,salt_pepper,low,0.07094260305166245,0.6987634897232056,20.74266242980957,0.04779493436217308,0.8378909230232239,0.07459767162799835,0.03971647471189499
1947,salt_pepper,medium,0.06916692107915878,0.7977503538131714,20.230331420898438,0.041663289070129395,0.8535873293876648,0.07420888543128967,0.030540509149432182
1948,clean,none,0.027962541207671165,0.9675400257110596,29.484758377075195,0.6850619316101074,0.025456245988607407,0.23421503603458405,0.05526674911379814
1949,blur,medium,0.0674859881401062,0.8440961837768555,21.52564239501953,0.11847633868455887,0.010628847405314445,0.8483977913856506,0.02249704860150814
1950,blur,high,0.04140940681099892,0.8159425258636475,24.862234115600586,0.12264365702867508,0.010950176045298576,0.8435752987861633,0.022830873727798462
1951,salt_pepper,medium,0.09026031196117401,0.6657873392105103,19.15427589416504,0.04721839353442192,0.8419247269630432,0.07565906643867493,0.03519777953624725
1952,clean,none,0.010344407521188259,0.9942525625228882,37.061119079589844,0.8349528312683105,0.029183967038989067,0.07376176118850708,0.062101446092128754
1953,salt_pepper,low,0.05643513798713684,0.8588497042655945,22.232988357543945,0.060020145028829575,0.7954390645027161,0.09393004328012466,0.05061069875955582
1954,blur,medium,0.04486348479986191,0.8598152995109558,24.412593841552734,0.11459559947252274,0.01195183303207159,0.8484249114990234,0.025027580559253693
1955,blur,medium,0.06089572235941887,0.8186004161834717,21.50078773498535,0.11689560860395432,0.01121037732809782,0.848146378993988,0.023747628554701805
1956,blur,high,0.05624311417341232,0.7360276579856873,22.72677230834961,0.12243089824914932,0.011432751081883907,0.8419421315193176,0.024194261059165
1957,occlusion,high,0.06356307864189148,0.6138006448745728,20.26504135131836,1.573077133798506e-05,0.0030216912273317575,6.288601434789598e-05,0.9968996047973633
1958,salt_pepper,low,0.049766503274440765,0.7813627123832703,23.53524398803711,0.06155873090028763,0.7972425818443298,0.09285325556993484,0.048345427960157394
1959,occlusion,low,0.03668597713112831,0.7261594533920288,25.3254337310791,0.0037870744708925486,0.031369004398584366,0.003645815886557102,0.9611980319023132
1960,occlusion,medium,0.06154858320951462,0.6503314971923828,21.025999069213867,0.002681303769350052,0.020253067836165428,0.002218971261754632,0.9748466610908508
1961,occlusion,medium,0.06919874995946884,0.6759860515594482,19.781089782714844,0.0017522323178127408,0.017194140702486038,0.0030757386703044176,0.9779778718948364
1962,blur,low,0.06558461487293243,0.7323033213615417,21.366098403930664,0.18239089846611023,0.013288509100675583,0.7798669338226318,0.024453623220324516
1963,occlusion,medium,0.05299743637442589,0.7380351424217224,21.66257667541504,0.005045931786298752,0.028747940436005592,0.005502757616341114,0.960703432559967
1964,clean,none,0.020060474053025246,0.9858976602554321,31.401165008544922,0.7036299705505371,0.03358567878603935,0.19583351910114288,0.06695085763931274
1965,clean,none,0.007961325347423553,0.9968869686126709,39.47889709472656,0.8939128518104553,0.02945072203874588,0.026854494586586952,0.0497819259762764
1966,blur,medium,0.07855117321014404,0.8377022743225098,20.185697555541992,0.12123540043830872,0.010730517096817493,0.8458194136619568,0.02221459522843361
1967,salt_pepper,high,0.0632728561758995,0.7317179441452026,21.38187026977539,0.03432067856192589,0.8836181163787842,0.057462178170681,0.024599092081189156
1968,salt_pepper,medium,0.04309137910604477,0.7981897592544556,24.621980667114258,0.02974962815642357,0.8863419890403748,0.058157674968242645,0.025750812143087387
1969,salt_pepper,medium,0.05015651509165764,0.804480254650116,23.274234771728516,0.033013809472322464,0.8791185617446899,0.06242956221103668,0.025438088923692703
1970,clean,none,0.006801273208111525,0.9949566125869751,40.311988830566406,0.8362568020820618,0.03678324818611145,0.06381893903017044,0.06314102560281754
1971,blur,medium,0.055855415761470795,0.8519093990325928,21.626991271972656,0.11430656909942627,0.010557170957326889,0.8526456356048584,0.022490626201033592
1972,blur,high,0.045929864048957825,0.7779919505119324,24.55144691467285,0.12159367650747299,0.010816945694386959,0.8448914885520935,0.022697890177369118
1973,salt_pepper,high,0.09217732399702072,0.6852855682373047,18.933971405029297,0.04645243659615517,0.8468040823936462,0.0711648091673851,0.035578653216362
1974,salt_pepper,low,0.04808914661407471,0.7784322500228882,23.843801498413086,0.06588316708803177,0.7869632244110107,0.09492787718772888,0.05222564563155174
1975,occlusion,low,0.04399257153272629,0.8442113399505615,21.042631149291992,0.4195784330368042,0.08684658259153366,0.07442484050989151,0.41915011405944824
1976,occlusion,low,0.06676054000854492,0.6217058897018433,20.435035705566406,0.03841492906212807,0.07301609218120575,0.007929036393761635,0.8806399703025818
1977,clean,none,0.014311234466731548,0.9893476366996765,33.80900955200195,0.721005380153656,0.03192206472158432,0.18415774405002594,0.06291482597589493
1978,salt_pepper,high,0.05953496694564819,0.7631794810295105,21.262466430664062,0.030103277415037155,0.894119143486023,0.05425998568534851,0.021517595276236534
1979,blur,low,0.052249014377593994,0.8247455358505249,22.868186950683594,0.201828733086586,0.01658930629491806,0.7509279847145081,0.03065408393740654
1980,blur,high,0.04923322796821594,0.5842770934104919,24.106670379638672,0.11839242279529572,0.011523975059390068,0.8456555008888245,0.024428045377135277
1981,occlusion,low,0.04710634797811508,0.7991458177566528,22.441862106323242,0.13598419725894928,0.07121147215366364,0.08602730929851532,0.706777036190033
1982,salt_pepper,low,0.0501784048974514,0.8110396265983582,24.102680206298828,0.02525957114994526,0.8706432580947876,0.07052130252122879,0.03357584401965141
1983,occlusion,medium,0.045461952686309814,0.713824987411499,22.67502784729004,0.0008925791480578482,0.00938250683248043,0.0007697427063249052,0.9889551997184753
1984,blur,medium,0.032274797558784485,0.8757578730583191,28.077083587646484,0.1308596283197403,0.016501013189554214,0.8184126615524292,0.03422664850950241
1985,clean,none,0.015713391825556755,0.9870651960372925,32.677490234375,0.5829942226409912,0.043979939073324203,0.2676258385181427,0.10540000349283218
1986,clean,none,0.023046892136335373,0.991487443447113,30.931808471679688,0.8270240426063538,0.02323117107152939,0.10282810032367706,0.046916697174310684
1987,salt_pepper,high,0.07592642307281494,0.777840256690979,20.55141258239746,0.033603910356760025,0.8838028907775879,0.058128077536821365,0.024465138092637062
1988,occlusion,high,0.06492487341165543,0.6231805086135864,18.942049026489258,0.0007967968704178929,0.008570908568799496,0.0006310645840130746,0.9900012016296387
1989,clean,none,0.006481248885393143,0.9939700961112976,41.12362289428711,0.82564777135849,0.029169073328375816,0.08290043473243713,0.06228266656398773
1990,clean,none,0.00690124835819006,0.9952954649925232,40.35011672973633,0.8096474409103394,0.031365249305963516,0.0933331698179245,0.06565412878990173
1991,salt_pepper,medium,0.04953281208872795,0.8381316065788269,21.992080688476562,0.027949104085564613,0.8921629786491394,0.05766109377145767,0.022226868197321892
1992,occlusion,high,0.08686169981956482,0.4953796863555908,17.767724990844727,9.252720337826759e-05,0.004580920562148094,0.00011682476906571537,0.9952096343040466
1993,blur,medium,0.0353243313729763,0.8687146902084351,26.402875900268555,0.11874797940254211,0.011515527032315731,0.845263659954071,0.02447274699807167
1994,clean,none,0.00868410523980856,0.991191029548645,37.523338317871094,0.792780876159668,0.03742107376456261,0.08963888883590698,0.08015914261341095
1995,occlusion,low,0.031999871134757996,0.8701159954071045,24.87015151977539,0.4817346930503845,0.09592363238334656,0.04502427950501442,0.3773173987865448
1996,salt_pepper,medium,0.044589683413505554,0.8272699117660522,24.44919204711914,0.03431318327784538,0.8724333643913269,0.06569183617830276,0.027561616152524948
1997,occlusion,low,0.03862430900335312,0.8342088460922241,25.009666442871094,0.05663799121975899,0.06288377940654755,0.030896583572030067,0.8495815992355347
1998,clean,none,0.007366298697888851,0.9956828355789185,40.055137634277344,0.7641181349754333,0.02466270513832569,0.15731281042099,0.05390630289912224
1999,clean,none,0.005642218049615622,0.997525155544281,42.517921447753906,0.8449776768684387,0.02564871497452259,0.07418172061443329,0.055191878229379654
2000,occlusion,medium,0.053024884313344955,0.767403244972229,20.444154739379883,0.00011153473315062001,0.008357611484825611,0.00028813991229981184,0.9912427663803101
2001,occlusion,medium,0.13352862000465393,0.6013355255126953,14.993324279785156,0.0003321256663184613,0.006951015442609787,0.0007116518681868911,0.9920052886009216
2002,occlusion,low,0.04803154990077019,0.8796483874320984,18.47100830078125,0.6336347460746765,0.06863165646791458,0.06626106798648834,0.23147249221801758
2003,occlusion,low,0.04832763597369194,0.7171589732170105,21.557472229003906,0.07445595413446426,0.062413785606622696,0.00775127625092864,0.855379045009613
2004,occlusion,medium,0.04050518572330475,0.8480426669120789,22.33452796936035,0.00011698235175572336,0.00790452491492033,0.00046308053424581885,0.9915153980255127
2005,blur,medium,0.028359010815620422,0.8585935831069946,27.886152267456055,0.13325360417366028,0.0157877616584301,0.8134516477584839,0.03750703111290932
2006,clean,none,0.004515103530138731,0.9931010007858276,44.021610260009766,0.8514965176582336,0.030604340136051178,0.056796781718730927,0.06110232695937157
2007,salt_pepper,low,0.03563634678721428,0.8222943544387817,26.503616333007812,0.032091379165649414,0.8629706501960754,0.07024095952510834,0.034696999937295914
2008,clean,none,0.008530931547284126,0.9962348937988281,38.95950698852539,0.8696975111961365,0.02276797778904438,0.05456485599279404,0.05296960845589638
2009,salt_pepper,low,0.05290421098470688,0.8599098920822144,22.396066665649414,0.04039474576711655,0.8473334312438965,0.07679926604032516,0.03547251969575882
2010,blur,high,0.035574257373809814,0.8084856867790222,25.957855224609375,0.11879732459783554,0.011473020538687706,0.8458271026611328,0.0239025317132473
2011,clean,none,0.011239013634622097,0.9894055128097534,36.85615158081055,0.7955672144889832,0.03575419262051582,0.09948036819696426,0.06919826567173004
2012,occlusion,high,0.09043746441602707,0.5465153455734253,17.414533615112305,0.00011817022459581494,0.005887242499738932,0.00043949554674327374,0.9935551285743713
2013,occlusion,low,0.0418146513402462,0.8093547224998474,23.89362144470215,0.025302523747086525,0.05042789876461029,0.008428134955465794,0.9158415198326111
2014,clean,none,0.004912408534437418,0.9989508390426636,43.830528259277344,0.9357181787490845,0.023218253627419472,0.009670455008745193,0.03139299526810646
2015,blur,high,0.027267053723335266,0.8870701193809509,27.844112396240234,0.12328673154115677,0.016913913190364838,0.8220857977867126,0.037713587284088135
2016,blur,low,0.032797083258628845,0.8669046759605408,27.22342300415039,0.23191669583320618,0.023482611402869225,0.7003209590911865,0.04427982494235039
2017,blur,medium,0.06070404872298241,0.6392256617546082,21.65728759765625,0.12594236433506012,0.01130637340247631,0.8393189907073975,0.023432256653904915
2018,clean,none,0.009543451480567455,0.9918491244316101,37.27408218383789,0.8120812773704529,0.035797733813524246,0.07843012362718582,0.07369086891412735
2019,salt_pepper,high,0.09636090695858002,0.7562152743339539,18.273832321166992,0.03049112856388092,0.8899735808372498,0.05622588470578194,0.023309452459216118
2020,blur,high,0.08825010061264038,0.6389391422271729,18.492162704467773,0.12306810915470123,0.013468701392412186,0.8353429436683655,0.028120296075940132
2021,blur,medium,0.10643915832042694,0.6827419996261597,16.542654037475586,0.11419179290533066,0.01111505925655365,0.8508787751197815,0.02381434477865696
2022,occlusion,high,0.060637395828962326,0.6634320616722107,19.780500411987305,0.00017337087774649262,0.007592085283249617,0.00016932679864112288,0.9920652508735657
2023,salt_pepper,low,0.04230619594454765,0.8216683864593506,23.369064331054688,0.04194160923361778,0.8469202518463135,0.07481925189495087,0.036318887025117874
2024,salt_pepper,low,0.05598568916320801,0.764044463634491,23.066415786743164,0.028694309294223785,0.8670403957366943,0.06941527873277664,0.03485002741217613
2025,blur,medium,0.10459840297698975,0.8015128970146179,15.30291748046875,0.1104721650481224,0.010954506695270538,0.8555793166160583,0.022993968799710274
2026,salt_pepper,low,0.050914615392684937,0.7830108404159546,23.03797149658203,0.038715578615665436,0.8518388271331787,0.07342612743377686,0.03601950407028198
2027,occlusion,high,0.04523950815200806,0.6738218069076538,22.859371185302734,0.010632763616740704,0.03111654706299305,0.00671335868537426,0.9515372514724731
2028,salt_pepper,medium,0.043425917625427246,0.7737501859664917,23.351932525634766,0.030055394396185875,0.8900112509727478,0.05655194818973541,0.023381344974040985
2029,clean,none,0.012235756032168865,0.9813902378082275,35.6699333190918,0.7426477670669556,0.051141880452632904,0.09196390211582184,0.11424647271633148
2030,occlusion,low,0.02563014253973961,0.8936201333999634,28.13216781616211,0.002245323732495308,0.013414214365184307,0.004339898936450481,0.9800005555152893
2031,salt_pepper,high,0.04283303767442703,0.8558322787284851,23.21072006225586,0.018931586295366287,0.9295974969863892,0.03778243809938431,0.013688471168279648
2032,blur,low,0.03550001233816147,0.843643307685852,26.567901611328125,0.17464952170848846,0.019518686458468437,0.7620919942855835,0.04373985156416893
2033,blur,medium,0.05082755535840988,0.880206823348999,22.622602462768555,0.10914446413516998,0.009935124777257442,0.8594502806663513,0.021470187231898308
2034,occlusion,low,0.027002230286598206,0.8898115158081055,26.64031219482422,0.023319639265537262,0.05092984810471535,0.014085390605032444,0.9116650819778442
2035,clean,none,0.008925793692469597,0.9915568828582764,36.42524337768555,0.8118976950645447,0.05714908987283707,0.02125135064125061,0.10970192402601242
2036,salt_pepper,high,0.041100092232227325,0.8537618517875671,24.11648941040039,0.04167339578270912,0.8589525818824768,0.06904168426990509,0.03033234179019928
2037,occlusion,medium,0.04756782576441765,0.7386464476585388,22.649660110473633,0.002911110408604145,0.018358005210757256,0.0030333034228533506,0.9756976366043091
2038,clean,none,0.003678739769384265,0.9972907304763794,45.499385833740234,0.8829725384712219,0.03076893649995327,0.016004027798771858,0.07025449723005295
2039,salt_pepper,high,0.05391773581504822,0.7557250261306763,21.975099563598633,0.04256299510598183,0.8593948483467102,0.06776376068592072,0.030278492718935013
2040,occlusion,high,0.09353490173816681,0.47298699617385864,16.577457427978516,0.003707444528117776,0.016259444877505302,0.0013987967977300286,0.9786343574523926
2041,clean,none,0.004817727953195572,0.9979044795036316,43.499969482421875,0.887625515460968,0.028594376519322395,0.03289390355348587,0.050886210054159164
2042,salt_pepper,low,0.04758504033088684,0.803243100643158,23.64014434814453,0.041445113718509674,0.8355033993721008,0.0804835706949234,0.04256787896156311
2043,clean,none,0.008677976205945015,0.9942636489868164,37.738914489746094,0.7561052441596985,0.038891520351171494,0.11859024316072464,0.08641307055950165
2044,occlusion,medium,0.04104563593864441,0.7869033217430115,21.9520206451416,0.10423774272203445,0.06459111720323563,0.0656757801771164,0.7654953598976135
2045,occlusion,high,0.05484151840209961,0.6741048693656921,21.130367279052734,0.0014885623240843415,0.013436367735266685,0.0011639957083389163,0.9839111566543579
2046,blur,low,0.048892103135585785,0.848566472530365,23.478313446044922,0.28200918436050415,0.017231551930308342,0.6678720116615295,0.032887231558561325
2047,clean,none,0.0062820762395858765,0.9973840117454529,41.02738952636719,0.8842375874519348,0.034831371158361435,0.0270199216902256,0.05391117185354233
2048,clean,none,0.008336233906447887,0.9982190132141113,40.146278381347656,0.8969703912734985,0.020281247794628143,0.03828993812203407,0.044458337128162384
2049,blur,high,0.06583589315414429,0.7883168458938599,19.44738006591797,0.11804096400737762,0.010597276501357555,0.8490402698516846,0.022321484982967377
2050,clean,none,0.004138637334108353,0.9983725547790527,45.28823471069336,0.8974767327308655,0.02450510300695896,0.033681947737932205,0.04433625563979149
2051,salt_pepper,medium,0.11909110844135284,0.7797983884811401,16.960275650024414,0.04867113009095192,0.8386359810829163,0.0767543837428093,0.035938527435064316
2052,blur,medium,0.08986248075962067,0.7165126800537109,18.509033203125,0.12777581810951233,0.01804058998823166,0.81607586145401,0.03810777887701988
2053,clean,none,0.004618562757968903,0.9982866048812866,43.947593688964844,0.8971468210220337,0.024988988414406776,0.03251472860574722,0.04534948617219925
2054,salt_pepper,medium,0.03915233165025711,0.8171178698539734,25.332754135131836,0.039381131529808044,0.8637983202934265,0.06834524869918823,0.028475221246480942
2055,occlusion,low,0.03022019937634468,0.8761934638023376,25.591461181640625,0.41445672512054443,0.09285631775856018,0.026004048064351082,0.46668288111686707
2056,blur,medium,0.06428031623363495,0.7299405932426453,21.155475616455078,0.12263571470975876,0.01129606831818819,0.8425745368003845,0.023493671789765358
2057,blur,high,0.056617289781570435,0.7877171039581299,22.536334991455078,0.11872939020395279,0.014661824330687523,0.8337365984916687,0.03287225589156151
2058,clean,none,0.008630620315670967,0.9941017627716064,38.902767181396484,0.8061867952346802,0.02532372623682022,0.1142626404762268,0.05422686040401459
2059,occlusion,low,0.04504706710577011,0.8025912642478943,22.63970947265625,0.004286576062440872,0.023965930566191673,0.005429163575172424,0.9663183689117432
2060,clean,none,0.00842760968953371,0.9960617423057556,39.701541900634766,0.8413202166557312,0.03239144757390022,0.03507189825177193,0.09121636301279068
2061,blur,high,0.10636948049068451,0.5626659989356995,17.40659523010254,0.12900681793689728,0.016933459788560867,0.8187057375907898,0.035354066640138626
2062,salt_pepper,low,0.04561861976981163,0.8322689533233643,24.09860610961914,0.03573669120669365,0.853898823261261,0.07501544058322906,0.035349007695913315
2063,occlusion,low,0.038471825420856476,0.754980742931366,24.762428283691406,0.00978371687233448,0.04061254486441612,0.007777762599289417,0.9418259263038635
2064,salt_pepper,high,0.05847402662038803,0.7667672634124756,22.202451705932617,0.027681734412908554,0.9027079939842224,0.05027482658624649,0.019335484132170677
2065,salt_pepper,low,0.07500337064266205,0.8209336996078491,20.683691024780273,0.06991937756538391,0.7783718109130859,0.10011142492294312,0.051597367972135544
2066,clean,none,0.013903835788369179,0.9899031519889832,34.19239807128906,0.8144343495368958,0.0322427898645401,0.08437377959489822,0.06894906610250473
2067,salt_pepper,high,0.0557156503200531,0.7693301439285278,22.499399185180664,0.03270517289638519,0.8882840275764465,0.05605948716402054,0.022951263934373856
2068,salt_pepper,low,0.060499608516693115,0.717046856880188,21.949575424194336,0.05258645489811897,0.820513129234314,0.08385691791772842,0.04304350167512894
2069,blur,high,0.1111065000295639,0.6969777941703796,15.662176132202148,0.12188483029603958,0.01559058204293251,0.8293902277946472,0.0331343375146389
2070,clean,none,0.03303790092468262,0.7903961539268494,27.612937927246094,0.6686074733734131,0.04891972243785858,0.16759541630744934,0.11487738788127899
2071,salt_pepper,low,0.07557176798582077,0.7452775239944458,20.11713409423828,0.05280206352472305,0.8186573386192322,0.08279654383659363,0.04574409872293472
2072,occlusion,medium,0.03969979286193848,0.8094285726547241,24.945096969604492,0.0006316456128843129,0.008070450276136398,0.001497930265031755,0.9898000359535217
2073,blur,low,0.04514988511800766,0.7328529357910156,24.601200103759766,0.20927850902080536,0.02149031311273575,0.7304250597953796,0.03880609571933746
2074,clean,none,0.00852295570075512,0.9911419153213501,38.7985725402832,0.8378515839576721,0.025008922442793846,0.07971420884132385,0.05742531269788742
2075,blur,low,0.06887010484933853,0.8699452877044678,21.01763916015625,0.23959001898765564,0.022346902638673782,0.6933934092521667,0.04466964304447174
2076,blur,medium,0.04320421442389488,0.8479795455932617,24.806560516357422,0.11946948617696762,0.01393925305455923,0.8369348645210266,0.029656432569026947
2077,clean,none,0.01402666699141264,0.9922093152999878,34.342376708984375,0.7685044407844543,0.05981440842151642,0.057702261954545975,0.11397883296012878
2078,blur,medium,0.07977916300296783,0.8213836550712585,19.585277557373047,0.11675243824720383,0.01330669317394495,0.8411871194839478,0.02875368669629097
2079,salt_pepper,medium,0.09309093654155731,0.804122805595398,18.04245376586914,0.033817026764154434,0.8766514658927917,0.06361351162195206,0.025917986407876015
2080,salt_pepper,low,0.07561760395765305,0.7182077169418335,20.24880599975586,0.030836202204227448,0.8648775219917297,0.06876520067453384,0.03552108258008957
2081,occlusion,high,0.09527379274368286,0.6175955533981323,16.935888290405273,1.2132908295825473e-06,0.0014194464311003685,9.792959644983057e-06,0.9985696077346802
2082,occlusion,medium,0.04972999542951584,0.7814534902572632,21.550079345703125,8.492129563819617e-05,0.007011624984443188,0.0004912993172183633,0.9924121499061584
2083,salt_pepper,low,0.03981293737888336,0.8911702036857605,25.326196670532227,0.02866205945611,0.8721815347671509,0.06914518773555756,0.030011219903826714
2084,clean,none,0.0046140714548528194,0.9982452392578125,44.12671661376953,0.8805000185966492,0.023602094501256943,0.049135688692331314,0.04676230996847153
2085,occlusion,high,0.12549620866775513,0.47826576232910156,15.059026718139648,0.002619482111185789,0.01766221597790718,0.0015084121841937304,0.9782097935676575
2086,clean,none,0.01281408965587616,0.9896626472473145,33.904319763183594,0.7556043863296509,0.029347456991672516,0.15173767507076263,0.06331053376197815
2087,occlusion,medium,0.05461060255765915,0.7197462320327759,21.203554153442383,0.0008974514785222709,0.011377207934856415,0.0006227376288734376,0.9871025681495667
2088,salt_pepper,low,0.029046988114714622,0.886866569519043,27.996620178222656,0.03423413634300232,0.8519811630249023,0.0785423144698143,0.03524242714047432
2089,clean,none,0.00439754594117403,0.9985802173614502,43.50455856323242,0.8866304755210876,0.023262251168489456,0.04447556287050247,0.045631732791662216
2090,occlusion,high,0.0740165039896965,0.6500892043113708,17.488218307495117,8.91491163201863e-06,0.0022913245484232903,3.50115769833792e-05,0.9976648092269897
2091,clean,none,0.008883675560355186,0.9963311553001404,38.605873107910156,0.8754662275314331,0.024685105308890343,0.0459953248500824,0.053853388875722885
2092,blur,low,0.039385631680488586,0.8749728202819824,23.400577545166016,0.13504023849964142,0.01588175632059574,0.813189685344696,0.035888370126485825
2093,occlusion,medium,0.08320209383964539,0.6667351722717285,18.14194107055664,0.0008162109297700226,0.014277756214141846,0.0014080388937145472,0.9834980368614197
2094,blur,medium,0.10483773797750473,0.7319270968437195,17.804044723510742,0.11676130443811417,0.011354321613907814,0.846859872341156,0.02502446435391903
2095,clean,none,0.009524660184979439,0.9955862760543823,37.91181182861328,0.8468842506408691,0.026426495984196663,0.0766092985868454,0.05007997527718544
2096,occlusion,high,0.057884275913238525,0.6501096487045288,21.18147087097168,9.693361062090844e-05,0.0038312075193971395,0.00021427376486826688,0.9958576560020447
2097,occlusion,medium,0.05593244358897209,0.7225989103317261,21.739004135131836,0.002708535175770521,0.01770169846713543,0.001583384582772851,0.9780063629150391
2098,clean,none,0.005357335787266493,0.9972772598266602,42.068199157714844,0.8639125227928162,0.02856680564582348,0.054708331823349,0.052812304347753525
2099,salt_pepper,low,0.100584015250206,0.7329205870628357,17.89700698852539,0.05053378641605377,0.8189296722412109,0.08771127462387085,0.042825184762477875
2100,clean,none,0.0053192987106740475,0.9978929758071899,42.6409912109375,0.8931211233139038,0.03427537903189659,0.02314719371497631,0.049456365406513214
2101,blur,medium,0.11485159397125244,0.6686775088310242,17.09807014465332,0.10660206526517868,0.010294477455317974,0.8605165481567383,0.022586943581700325
2102,salt_pepper,medium,0.10135745257139206,0.7496609091758728,17.956439971923828,0.043352510780096054,0.8495572209358215,0.0740014985203743,0.03308882191777229
2103,blur,high,0.05227451026439667,0.7730071544647217,22.856609344482422,0.11517518013715744,0.011217069812119007,0.8498315215110779,0.023776143789291382
2104,clean,none,0.004227720201015472,0.9979698061943054,44.845703125,0.8748324513435364,0.026987871155142784,0.03136837109923363,0.06681133806705475
2105,occlusion,high,0.06810002028942108,0.6891627311706543,18.578323364257812,2.2746812646801118e-06,0.0013422468909993768,1.3779997971141711e-05,0.9986416697502136
2106,clean,none,0.015620174817740917,0.9925538301467896,33.93712615966797,0.8145266771316528,0.03151516243815422,0.08976637572050095,0.06419181823730469
2107,blur,high,0.1138077825307846,0.5627974271774292,16.538183212280273,0.11277511715888977,0.013281922787427902,0.8418921828269958,0.032050762325525284
2108,clean,none,0.006203607656061649,0.9921812415122986,40.20106887817383,0.8825749158859253,0.024066263809800148,0.04443669319152832,0.04892222210764885
2109,blur,low,0.04593094438314438,0.836859405040741,23.35593032836914,0.19165433943271637,0.012936923652887344,0.7716369032859802,0.02377181686460972
2110,salt_pepper,high,0.04036372900009155,0.7886183261871338,24.50086784362793,0.02632267214357853,0.9067609906196594,0.0479433536529541,0.018973056226968765
2111,clean,none,0.005325246136635542,0.9974583387374878,42.1015739440918,0.8836876153945923,0.02877678908407688,0.03688865900039673,0.05064688250422478
2112,salt_pepper,medium,0.06875869631767273,0.8074268102645874,20.217878341674805,0.039844341576099396,0.8642913699150085,0.06564383208751678,0.03022044710814953
2113,clean,none,0.019921457394957542,0.9872094988822937,31.95075035095215,0.828099250793457,0.031233446672558784,0.08079409599304199,0.05987314507365227
2114,clean,none,0.01765298843383789,0.9889558553695679,32.44877243041992,0.7606738209724426,0.024622978642582893,0.16248229146003723,0.052220940589904785
2115,clean,none,0.004554350860416889,0.9979221820831299,43.53480911254883,0.8463327288627625,0.03539973869919777,0.03578000143170357,0.0824875682592392
2116,clean,none,0.00342912832275033,0.9987651705741882,45.394798278808594,0.8793969750404358,0.025551171973347664,0.04588015750050545,0.04917167127132416
2117,salt_pepper,low,0.06361621618270874,0.8103310465812683,20.520729064941406,0.04513680562376976,0.8308266401290894,0.0845060646533966,0.039530497044324875
2118,salt_pepper,low,0.02270980179309845,0.8466678857803345,30.139863967895508,0.05465710163116455,0.8056114315986633,0.09580603986978531,0.04392540827393532
2119,salt_pepper,medium,0.061370328068733215,0.6023518443107605,22.02857208251953,0.049340661615133286,0.8376924991607666,0.07589051872491837,0.03707634285092354
2120,occlusion,low,0.05814429372549057,0.7466497421264648,20.84292221069336,0.018363991752266884,0.05262327939271927,0.004092848394066095,0.9249199032783508
2121,occlusion,high,0.0765429139137268,0.39602768421173096,19.288362503051758,1.3200993635109626e-05,0.0032646828331053257,3.7747777241747826e-05,0.9966843724250793
2122,blur,low,0.0926625058054924,0.7405208945274353,18.109460830688477,0.14534161984920502,0.020472237840294838,0.7925759553909302,0.04161020740866661
2123,blur,high,0.07044187933206558,0.6774412989616394,20.35866928100586,0.1164688766002655,0.013372899033129215,0.8399730324745178,0.030185142531991005
2124,clean,none,0.006144218146800995,0.9975330829620361,41.416542053222656,0.8775247931480408,0.03436124324798584,0.02563791535794735,0.06247599795460701
2125,blur,medium,0.034904446452856064,0.8404492139816284,26.471174240112305,0.11984286457300186,0.010457871481776237,0.8481008410453796,0.02159835398197174
2126,blur,low,0.033240899443626404,0.9205995798110962,27.06622886657715,0.17804130911827087,0.01381093729287386,0.7816952466964722,0.026452507823705673
2127,blur,high,0.056146230548620224,0.7658516764640808,22.240694046020508,0.11597923189401627,0.010696454904973507,0.8507167100906372,0.02260753884911537
2128,clean,none,0.018693264573812485,0.9838531017303467,32.783203125,0.7742139101028442,0.03219202160835266,0.11981512606143951,0.07377888262271881
2129,occlusion,low,0.057358965277671814,0.7131670713424683,19.951021194458008,0.09408628195524216,0.08495477586984634,0.017470577731728554,0.8034883737564087
2130,blur,low,0.04886174201965332,0.7821752429008484,23.475744247436523,0.34064197540283203,0.021559998393058777,0.5965144634246826,0.04128357023000717
2131,salt_pepper,medium,0.09512323141098022,0.5958305597305298,18.139928817749023,0.06277050822973251,0.8046967387199402,0.08604997396469116,0.04648275300860405
2132,blur,low,0.04317858815193176,0.8627300262451172,23.86366844177246,0.15804854035377502,0.014783581718802452,0.797920286655426,0.029247641563415527
2133,blur,medium,0.08163323253393173,0.8614341616630554,19.76799774169922,0.11433698236942291,0.011111482046544552,0.8509019017219543,0.023649603128433228
2134,salt_pepper,low,0.041281890124082565,0.8886639475822449,25.34659194946289,0.0485006719827652,0.8246017694473267,0.08592096716165543,0.04097649082541466
2135,blur,medium,0.09424841403961182,0.7979685664176941,18.957426071166992,0.11916592717170715,0.010971062816679478,0.8460371494293213,0.023825915530323982
2136,blur,medium,0.037645112723112106,0.8768326044082642,25.63612174987793,0.12209668755531311,0.012325240299105644,0.8400100469589233,0.02556806616485119
2137,salt_pepper,low,0.06905370950698853,0.8012634515762329,20.426952362060547,0.05167507752776146,0.8201693296432495,0.08514601737260818,0.04300960898399353
2138,blur,high,0.04120916873216629,0.7609338760375977,23.854162216186523,0.1171364113688469,0.01086287572979927,0.8490739464759827,0.02292679436504841
2139,occlusion,medium,0.11519934982061386,0.5913047194480896,16.076221466064453,0.0007290352368727326,0.01088511198759079,0.000677333737257868,0.987708568572998
2140,occlusion,medium,0.07322073727846146,0.6395792961120605,18.297651290893555,0.0015139855677261949,0.018893297761678696,0.0008821369847282767,0.9787105917930603
2141,blur,high,0.07154779136180878,0.8121606707572937,20.528886795043945,0.11489439010620117,0.010968750342726707,0.8508011102676392,0.023335805162787437
2142,clean,none,0.00651923893019557,0.9963483810424805,40.980037689208984,0.8385252356529236,0.025804057717323303,0.08390911668539047,0.051761627197265625
2143,blur,high,0.03617677092552185,0.8136889338493347,25.498254776000977,0.11586498469114304,0.01090914011001587,0.8505333662033081,0.022692516446113586
2144,blur,high,0.06692887842655182,0.6802306175231934,20.646167755126953,0.11821296066045761,0.013812148943543434,0.838893711566925,0.029081204906105995
2145,occlusion,low,0.01826905831694603,0.8944289684295654,26.229841232299805,0.7738627791404724,0.04773979261517525,0.02758711762726307,0.1508103609085083
2146,salt_pepper,high,0.03576165437698364,0.8836531639099121,24.673851013183594,0.021150460466742516,0.921744704246521,0.04171844571828842,0.015386361628770828
2147,salt_pepper,medium,0.03846661001443863,0.7661592364311218,26.1556453704834,0.04181262478232384,0.858440637588501,0.07049435377120972,0.029252419248223305
2148,salt_pepper,low,0.03383880853652954,0.8646758794784546,26.377552032470703,0.03953311964869499,0.8484182953834534,0.07685559242963791,0.03519298508763313
2149,blur,medium,0.035535722970962524,0.7814780473709106,25.92078971862793,0.12048284709453583,0.012882332317531109,0.8400051593780518,0.026629658415913582
2150,blur,high,0.04960642382502556,0.6880013942718506,23.239927291870117,0.11799156665802002,0.014062459580600262,0.8376259803771973,0.03032001107931137
2151,clean,none,0.008073609322309494,0.9847326278686523,39.36056900024414,0.8669431805610657,0.034435879439115524,0.029831333085894585,0.06878963857889175
2152,clean,none,0.009589502587914467,0.986971378326416,37.66741943359375,0.899057924747467,0.029330724850296974,0.022067394107580185,0.04954392462968826
2153,occlusion,high,0.07524486631155014,0.6896206140518188,18.109901428222656,0.00034798862179741263,0.00848638266324997,0.000768521218560636,0.9903970956802368
2154,blur,medium,0.11785036325454712,0.6900022029876709,15.645334243774414,0.12383196502923965,0.013457086868584156,0.8348925709724426,0.027818478643894196
2155,occlusion,medium,0.0976530909538269,0.5668834447860718,16.823402404785156,0.07586012780666351,0.06821031868457794,0.009173662401735783,0.8467559814453125
2156,occlusion,high,0.0975351557135582,0.5645253658294678,17.65294647216797,3.2463649404235184e-05,0.0031011970713734627,3.461787127889693e-05,0.9968317151069641
2157,occlusion,medium,0.09241615235805511,0.5588497519493103,17.627655029296875,0.004115058574825525,0.01978970877826214,0.0007916162139736116,0.9753036499023438
2158,occlusion,medium,0.036360617727041245,0.8277038931846619,24.525564193725586,0.0010872884886339307,0.01652218960225582,0.002634574193507433,0.9797559976577759
2159,occlusion,high,0.09675319492816925,0.5434055328369141,16.664230346679688,0.00016240059630945325,0.008184839971363544,0.00021103867038618773,0.9914416670799255
2160,salt_pepper,high,0.04873171076178551,0.7806601524353027,23.87769889831543,0.04428565502166748,0.8555570244789124,0.06973505765199661,0.030422339215874672
2161,clean,none,0.008597832173109055,0.9967758059501648,38.429893493652344,0.8794605731964111,0.03367859870195389,0.034885525703430176,0.05197523161768913
2162,clean,none,0.008654261007905006,0.9935948252677917,39.38936996459961,0.8589780926704407,0.031215684488415718,0.048159584403038025,0.061646632850170135
2163,blur,high,0.02425958961248398,0.8004206418991089,28.55415153503418,0.11525783687829971,0.010691935196518898,0.8515095710754395,0.022540735080838203
2164,blur,low,0.07755579054355621,0.7581204175949097,19.39754867553711,0.15079182386398315,0.013128449209034443,0.8110418319702148,0.025037968531250954
2165,clean,none,0.01000965666025877,0.9942168593406677,36.80717849731445,0.8277761936187744,0.03506320342421532,0.06490737944841385,0.07225323468446732
2166,blur,low,0.08611781895160675,0.7923556566238403,19.5579833984375,0.13640457391738892,0.012962874956429005,0.8224831223487854,0.028149433434009552
2167,clean,none,0.023698389530181885,0.8880161643028259,29.280298233032227,0.8424155116081238,0.027986343950033188,0.07825641334056854,0.051341693848371506
2168,occlusion,medium,0.07219542562961578,0.7038671374320984,18.462047576904297,0.00037597876507788897,0.009073286317288876,0.0004818484594579786,0.9900688529014587
2169,clean,none,0.023051124066114426,0.9818590879440308,28.887195587158203,0.7316586375236511,0.03261786699295044,0.16601307690143585,0.06971044838428497
2170,clean,none,0.012937894091010094,0.9904236793518066,33.96885681152344,0.7355605363845825,0.027522100135684013,0.1763826310634613,0.060534730553627014
2171,salt_pepper,medium,0.07944577932357788,0.7807157039642334,19.384859085083008,0.03895922750234604,0.8567126393318176,0.07158304750919342,0.03274509310722351
2172,occlusion,high,0.08016620576381683,0.6203999519348145,18.79936981201172,0.00012835575034841895,0.005498488899320364,0.00021739261865150183,0.994155764579773
2173,blur,medium,0.0939231812953949,0.7964928150177002,18.602842330932617,0.10935834050178528,0.013490942306816578,0.8479328155517578,0.02921786718070507
2174,occlusion,medium,0.0659354105591774,0.5458155870437622,21.159988403320312,0.006276438012719154,0.04198728874325752,0.0035856664180755615,0.948150634765625
2175,blur,medium,0.059967875480651855,0.7961374521255493,21.584537506103516,0.12042897194623947,0.011768723838031292,0.8432083129882812,0.024594038724899292
2176,occlusion,medium,0.03648247569799423,0.7807280421257019,24.7713680267334,0.00013030081754550338,0.006782460957765579,0.0003198323247488588,0.9927674531936646
2177,blur,low,0.059448253363370895,0.8235184550285339,22.041959762573242,0.17210514843463898,0.015364738181233406,0.7833976745605469,0.02913239784538746
2178,occlusion,medium,0.08417113125324249,0.45519155263900757,19.161823272705078,0.014486690051853657,0.05677790939807892,0.004728266038000584,0.9240071177482605
2179,blur,low,0.057862937450408936,0.866421103477478,21.287017822265625,0.15232819318771362,0.01214508805423975,0.8114377856254578,0.024088913574814796
2180,occlusion,low,0.06772007048130035,0.7936749458312988,19.605621337890625,0.002392277354374528,0.01838640496134758,0.004997239448130131,0.9742240905761719
2181,occlusion,low,0.04104602336883545,0.8279664516448975,24.061220169067383,0.40188199281692505,0.088798888027668,0.06318478286266327,0.4461342990398407
2182,occlusion,low,0.03173224255442619,0.896253764629364,26.687458038330078,0.3014964759349823,0.07679610699415207,0.08456714451313019,0.5371402502059937
2183,occlusion,high,0.05832039564847946,0.656612753868103,20.437023162841797,0.004067593719810247,0.018716303631663322,0.003584741847589612,0.9736313223838806
2184,clean,none,0.0060852281749248505,0.9948722720146179,39.896175384521484,0.8507658839225769,0.02911313623189926,0.06401616334915161,0.05610470101237297
2185,occlusion,low,0.054194964468479156,0.8038894534111023,20.223548889160156,0.18861211836338043,0.07968204468488693,0.02358013577759266,0.708125650882721
2186,clean,none,0.009794107638299465,0.9941599369049072,37.545501708984375,0.7856001853942871,0.030241981148719788,0.1185600757598877,0.06559779495000839
2187,clean,none,0.007857637479901314,0.9967082738876343,39.16931915283203,0.8656091690063477,0.027999667450785637,0.05141249671578407,0.054978661239147186
2188,clean,none,0.011116093955934048,0.9921720027923584,37.0869140625,0.8273465633392334,0.028605980798602104,0.08147898316383362,0.06256851553916931
2189,blur,low,0.03766477480530739,0.7634627819061279,26.320371627807617,0.1420881152153015,0.0118716387078166,0.8229010701179504,0.02313927933573723
2190,blur,medium,0.024821534752845764,0.8809733390808105,28.482913970947266,0.08790731430053711,0.012405388057231903,0.8671245574951172,0.03256269171833992
2191,salt_pepper,medium,0.021708941087126732,0.8852226734161377,30.25769805908203,0.01859178952872753,0.927004873752594,0.03985316678881645,0.014550240710377693
2192,clean,none,0.009094823151826859,0.9970936179161072,38.21992492675781,0.8824701905250549,0.027886714786291122,0.040314193814992905,0.04932887852191925
2193,blur,high,0.0522315613925457,0.6051791906356812,22.911130905151367,0.1161268949508667,0.010774137452244759,0.850266695022583,0.022832239046692848
2194,clean,none,0.011052357032895088,0.98417067527771,36.97874069213867,0.7650479078292847,0.031054845079779625,0.13596592843532562,0.06793136894702911
2195,salt_pepper,low,0.050391923636198044,0.6960379481315613,23.65103530883789,0.06460173428058624,0.7874445915222168,0.09296776354312897,0.05498584732413292
2196,clean,none,0.006226985715329647,0.9972597360610962,41.805747985839844,0.9016993045806885,0.029091397300362587,0.023737261071801186,0.04547205939888954
2197,salt_pepper,medium,0.06609788537025452,0.7280313372612,21.471328735351562,0.030904803425073624,0.8908723592758179,0.05468194559216499,0.023540828377008438
2198,blur,medium,0.051445163786411285,0.8401110172271729,23.569034576416016,0.11989811062812805,0.01305049005895853,0.8392555713653564,0.0277958195656538
2199,occlusion,high,0.07490052282810211,0.6025758981704712,18.764020919799805,6.847953045507893e-06,0.0017909661401063204,2.895401485147886e-05,0.9981732368469238
2200,blur,high,0.059780798852443695,0.7069880962371826,21.063358306884766,0.11632494628429413,0.012399504892528057,0.844865083694458,0.026410479098558426
2201,occlusion,low,0.05217752978205681,0.7594677805900574,21.626293182373047,0.3372587263584137,0.09698697924613953,0.03615863621234894,0.5295956134796143
2202,clean,none,0.008316264487802982,0.9962806701660156,37.95845413208008,0.8298014402389526,0.0323341079056263,0.0721602514386177,0.06570419669151306
2203,blur,low,0.053747087717056274,0.8473162651062012,22.149972915649414,0.17191393673419952,0.01632930524647236,0.7801833748817444,0.031573329120874405
2204,clean,none,0.030205920338630676,0.9553651809692383,28.14855194091797,0.6528146266937256,0.13000987470149994,0.06297676265239716,0.15419864654541016
2205,blur,low,0.05519761145114899,0.7832944393157959,21.895048141479492,0.18920759856700897,0.015584173612296581,0.764075517654419,0.031132683157920837
2206,clean,none,0.005186581984162331,0.9979643821716309,43.08098602294922,0.903741180896759,0.026606328785419464,0.024442246183753014,0.045210205018520355
2207,salt_pepper,low,0.04457198828458786,0.8197848200798035,24.18170166015625,0.028961975127458572,0.8587555885314941,0.07661059498786926,0.03567180410027504
2208,salt_pepper,high,0.03986939787864685,0.8316198587417603,23.850936889648438,0.026103833690285683,0.910551130771637,0.04520057886838913,0.018144473433494568
2209,salt_pepper,medium,0.05423535034060478,0.8037198781967163,21.557958602905273,0.019840432330965996,0.9190747141838074,0.04482781141996384,0.016257107257843018
2210,blur,high,0.09520222246646881,0.6603584885597229,17.921764373779297,0.10572376847267151,0.010313182137906551,0.8603125810623169,0.02365042082965374
2211,clean,none,0.0076105669140815735,0.9963687658309937,39.73221969604492,0.8845008611679077,0.030076224356889725,0.03378802165389061,0.051634810864925385
2212,clean,none,0.016076678410172462,0.9833439588546753,33.056312561035156,0.6560378074645996,0.024947257712483406,0.26645681262016296,0.052558157593011856
2213,clean,none,0.010621841065585613,0.9926536083221436,36.357173919677734,0.7969523668289185,0.027823617681860924,0.11833696812391281,0.05688712000846863
2214,clean,none,0.007308331783860922,0.9951738715171814,39.99087905883789,0.8251416683197021,0.026251420378684998,0.09480874240398407,0.053798168897628784
2215,occlusion,high,0.10554593801498413,0.5330431461334229,15.77302360534668,9.342688281321898e-05,0.004747244995087385,0.00014963725698180497,0.9950097799301147
2216,salt_pepper,medium,0.08380943536758423,0.7313219904899597,19.785873413085938,0.0353238508105278,0.8703364133834839,0.06559544056653976,0.028744271025061607
2217,salt_pepper,high,0.062324583530426025,0.7005437612533569,21.441200256347656,0.03514460101723671,0.883377194404602,0.057430461049079895,0.02404770813882351
2218,clean,none,0.003988475538790226,0.9982792139053345,45.51332473754883,0.9003069996833801,0.024579908698797226,0.03341449797153473,0.04169861972332001
2219,occlusion,low,0.055864088237285614,0.7486435770988464,21.650554656982422,0.14587968587875366,0.07145655900239944,0.031025316566228867,0.7516384124755859
2220,salt_pepper,high,0.06256034225225449,0.6948630213737488,22.107757568359375,0.02858300320804119,0.8996426463127136,0.0510932020843029,0.020681137219071388
2221,salt_pepper,medium,0.08941920846700668,0.6545037031173706,18.979482650756836,0.05502881109714508,0.8262648582458496,0.0786605253815651,0.04004571959376335
2222,occlusion,high,0.09999608993530273,0.5229194164276123,17.703052520751953,0.0004521406954154372,0.009307464584708214,0.0013867599191144109,0.9888535737991333
2223,blur,medium,0.10778063535690308,0.541877806186676,17.26401710510254,0.10880936682224274,0.009839345701038837,0.8599399328231812,0.021411394700407982
2224,salt_pepper,low,0.0425538644194603,0.7584028244018555,25.49059295654297,0.03791521489620209,0.8497721552848816,0.07426890730857849,0.03804381191730499
2225,blur,low,0.06758642196655273,0.7539429068565369,18.494224548339844,0.26253461837768555,0.03565066307783127,0.625481903553009,0.07633278518915176
2226,clean,none,0.010665994137525558,0.9922277331352234,36.78815841674805,0.8211013078689575,0.02402227558195591,0.10418220609426498,0.050694167613983154
2227,salt_pepper,medium,0.0724804699420929,0.6443264484405518,20.82229995727539,0.04348714277148247,0.851743757724762,0.07053457200527191,0.03423452004790306
2228,salt_pepper,low,0.03143150731921196,0.8622164726257324,27.749462127685547,0.041195064783096313,0.8437268137931824,0.07776682823896408,0.03731126710772514
2229,clean,none,0.0066952831111848354,0.995669960975647,40.73137283325195,0.8636244535446167,0.023848434910178185,0.061883483082056046,0.0506436750292778
2230,clean,none,0.01032464299350977,0.9922849535942078,36.617794036865234,0.8268685340881348,0.027886029332876205,0.08768032491207123,0.057565052062273026
2231,clean,none,0.008679509162902832,0.9935959577560425,38.69574737548828,0.8083149790763855,0.03019905462861061,0.09434141963720322,0.06714459508657455
2232,clean,none,0.013913574628531933,0.9876038432121277,34.47325134277344,0.7635221481323242,0.03304426372051239,0.1354718953371048,0.06796173751354218
2233,salt_pepper,high,0.09046011418104172,0.6733183860778809,19.29497718811035,0.04295600578188896,0.8563791513442993,0.06878901273012161,0.031875841319561005
2234,salt_pepper,high,0.04593336209654808,0.8234807848930359,24.429122924804688,0.026275712996721268,0.9070160984992981,0.04758729040622711,0.01912093535065651
2235,salt_pepper,high,0.07840289175510406,0.6137218475341797,19.837989807128906,0.04112778976559639,0.864481508731842,0.0660625547170639,0.028328148648142815
2236,salt_pepper,high,0.07479667663574219,0.626806378364563,19.379953384399414,0.03607283532619476,0.8800719380378723,0.059368256479501724,0.024487001821398735
2237,clean,none,0.00713218841701746,0.9950771331787109,38.78879928588867,0.8025182485580444,0.02744816243648529,0.11449015885591507,0.05554342642426491
2238,blur,medium,0.05152294039726257,0.7821311354637146,22.3646240234375,0.09251347929239273,0.012876376509666443,0.8597511053085327,0.034859027713537216
2239,clean,none,0.012888900935649872,0.9875194430351257,35.40541076660156,0.782616376876831,0.03316742926836014,0.11817368865013123,0.06604251265525818
2240,blur,low,0.05319267511367798,0.8032273054122925,23.01630401611328,0.19838686287403107,0.0159721951931715,0.7562929391860962,0.029347987845540047
2241,salt_pepper,low,0.06813475489616394,0.7179886698722839,20.971128463745117,0.03815443813800812,0.859946608543396,0.06931255757808685,0.032586462795734406
2242,occlusion,medium,0.0817515105009079,0.5637272596359253,18.342004776000977,0.006709478795528412,0.030299659818410873,0.003394224215298891,0.959596574306488
2243,salt_pepper,low,0.0469135120511055,0.7019258737564087,24.506793975830078,0.05076974257826805,0.8298305869102478,0.07789955288171768,0.04150007665157318
2244,clean,none,0.015091780573129654,0.9871526956558228,34.23893356323242,0.6848404407501221,0.02642824314534664,0.2341688871383667,0.05456237494945526
2245,occlusion,medium,0.09464292228221893,0.5293197631835938,17.103731155395508,0.006181423086673021,0.035746414214372635,0.002654764801263809,0.9554174542427063
2246,occlusion,high,0.07276085019111633,0.5254912972450256,20.19654083251953,3.319209281471558e-05,0.004151206463575363,5.877463991055265e-05,0.9957568049430847
2247,clean,none,0.01275499165058136,0.9918999671936035,35.52941131591797,0.8199788928031921,0.02654379978775978,0.09559758007526398,0.0578797310590744
2248,salt_pepper,low,0.060574840754270554,0.7795600295066833,21.994455337524414,0.03882160410284996,0.8472713232040405,0.07509797066450119,0.038809169083833694
2249,occlusion,medium,0.05489534139633179,0.770051896572113,21.76845359802246,0.011590576730668545,0.04744723066687584,0.007590347435325384,0.933371901512146
2250,salt_pepper,low,0.06161605939269066,0.7294636964797974,22.125761032104492,0.05865522846579552,0.803523600101471,0.08578561991453171,0.05203554034233093
2251,blur,high,0.05484914034605026,0.8549282550811768,22.169490814208984,0.10824789851903915,0.010390285402536392,0.8574819564819336,0.023879846557974815
2252,blur,high,0.0648852288722992,0.6888240575790405,20.727981567382812,0.12232203036546707,0.010851622559130192,0.8439847230911255,0.022841623052954674
2253,salt_pepper,low,0.05628018081188202,0.7148813605308533,22.5400447845459,0.05679121986031532,0.811974048614502,0.0853106752038002,0.04592399671673775
2254,blur,medium,0.059924982488155365,0.6984070539474487,22.123014450073242,0.11542253196239471,0.010831453837454319,0.8511404395103455,0.022605549544095993
2255,blur,medium,0.04388721287250519,0.7391340136528015,24.846162796020508,0.1163923442363739,0.011536999605596066,0.8477088212966919,0.024361779913306236
2256,clean,none,0.010989575646817684,0.9936866760253906,36.07667922973633,0.8421202301979065,0.02558770775794983,0.08104652166366577,0.051245562732219696
2257,salt_pepper,low,0.06115816533565521,0.7651225924491882,21.605632781982422,0.04348336532711983,0.8294680714607239,0.08403891324996948,0.043009668588638306
2258,clean,none,0.011531038209795952,0.9924847483634949,35.897247314453125,0.8362717628479004,0.025554504245519638,0.08642736822366714,0.05174640566110611
2259,clean,none,0.0066160839051008224,0.9955482482910156,41.364280700683594,0.8645679354667664,0.02627836912870407,0.06199920177459717,0.04715444892644882
2260,occlusion,medium,0.045162133872509,0.7615503072738647,24.032651901245117,0.17809298634529114,0.06579131633043289,0.03798827901482582,0.718127429485321
2261,salt_pepper,low,0.055667802691459656,0.7403326034545898,22.298126220703125,0.05373142659664154,0.8086179494857788,0.08359798043966293,0.05405271053314209
2262,clean,none,0.015566753223538399,0.9929726123809814,33.11994934082031,0.8419081568717957,0.045054491609334946,0.045631084591150284,0.0674063116312027
2263,blur,high,0.11370595544576645,0.5739938020706177,16.549144744873047,0.1146126240491867,0.01394724939018488,0.8417190313339233,0.029721161350607872
2264,clean,none,0.011183816008269787,0.9935412406921387,36.6249885559082,0.8425890207290649,0.023394517600536346,0.08722347021102905,0.04679306969046593
2265,salt_pepper,medium,0.10007967799901962,0.6081638932228088,17.26656723022461,0.05202217027544975,0.8308036923408508,0.07741430401802063,0.03975992277264595
2266,clean,none,0.010167290456593037,0.9946557283401489,37.45097351074219,0.8471825122833252,0.02965126745402813,0.06255799531936646,0.06060819700360298
2267,clean,none,0.008272131904959679,0.9962139129638672,39.04904556274414,0.8691917061805725,0.02911272458732128,0.04612341150641441,0.05557222664356232
2268,occlusion,medium,0.07694157212972641,0.6631743311882019,19.817974090576172,0.00031406505149789155,0.007947957143187523,0.0005094761145301163,0.9912285804748535
2269,blur,high,0.06918098032474518,0.7344191074371338,20.56686019897461,0.10632622241973877,0.010372486896812916,0.8602301478385925,0.023071199655532837
2270,clean,none,0.008841171860694885,0.9945888519287109,39.255859375,0.8610544800758362,0.026165980845689774,0.05982142686843872,0.05295812338590622
2271,blur,high,0.047765105962753296,0.7584943771362305,22.60643768310547,0.13824079930782318,0.01868884265422821,0.8040300011634827,0.03904043510556221
2272,blur,medium,0.0964512974023819,0.5983517169952393,18.695751190185547,0.10462654381990433,0.009985553100705147,0.8631966710090637,0.022191250696778297
2273,clean,none,0.00859810784459114,0.9951397776603699,37.124717712402344,0.8021618723869324,0.022357137873768806,0.12449853122234344,0.050982460379600525
2274,clean,none,0.012898841872811317,0.9935418963432312,34.215179443359375,0.8441303968429565,0.0354582704603672,0.0542932003736496,0.06611815840005875
2275,clean,none,0.003889372106641531,0.9978246092796326,45.75138473510742,0.9119361639022827,0.02794824354350567,0.0182507187128067,0.04186495393514633
2276,blur,low,0.03835821896791458,0.8692682981491089,25.55829620361328,0.12250055372714996,0.011593584902584553,0.8413504362106323,0.024555383250117302
2277,blur,low,0.051167868077754974,0.8020943999290466,23.27874183654785,0.24123148620128632,0.017014475539326668,0.7120168209075928,0.029737256467342377
2278,occlusion,medium,0.058030106127262115,0.6965710520744324,21.435787200927734,0.001967528834939003,0.01919632777571678,0.0025187525898218155,0.976317286491394
2279,occlusion,low,0.09811639785766602,0.6758105158805847,17.013263702392578,0.14867539703845978,0.07903876155614853,0.03798061981797218,0.7343051433563232
2280,clean,none,0.005630399100482464,0.9968405961990356,42.63240432739258,0.8702309727668762,0.025232193991541862,0.05353332310914993,0.05100347474217415
2281,blur,high,0.05586269125342369,0.7479066848754883,22.839447021484375,0.12142463773488998,0.012947081588208675,0.838441014289856,0.027187347412109375
2282,clean,none,0.033351682126522064,0.9865241050720215,27.83674430847168,0.6456002593040466,0.03223174065351486,0.2515287399291992,0.0706392303109169
2283,blur,high,0.06542396545410156,0.7112988233566284,21.58608627319336,0.12115895003080368,0.012592138722538948,0.839815080165863,0.02643376775085926
2284,occlusion,low,0.06339705735445023,0.8292045593261719,19.71918487548828,0.11953549087047577,0.018095849081873894,0.8090425729751587,0.0533260740339756
2285,salt_pepper,low,0.0962006002664566,0.827659010887146,18.37017822265625,0.04192633926868439,0.8337336778640747,0.08154691755771637,0.04279305413365364
2286,blur,medium,0.0366276279091835,0.8549007177352905,25.18682098388672,0.1188209131360054,0.013521824032068253,0.8399187326431274,0.027738520875573158
2287,clean,none,0.008832745254039764,0.9904696941375732,38.01918411254883,0.7439544796943665,0.034357234835624695,0.15348608791828156,0.06820226460695267
2288,blur,low,0.035516511648893356,0.8843829035758972,26.0387020111084,0.1833842545747757,0.01432378962635994,0.7748523354530334,0.02743961475789547
2289,salt_pepper,medium,0.16059884428977966,0.6140886545181274,10.934887886047363,0.03055756725370884,0.8871022462844849,0.057797472923994064,0.024542732164263725
2290,blur,medium,0.02964002452790737,0.9263879656791687,28.344955444335938,0.1247076615691185,0.010672375559806824,0.8428562879562378,0.021763715893030167
2291,blur,high,0.04830446466803551,0.8521958589553833,23.43491554260254,0.12161364406347275,0.012662084773182869,0.8389768600463867,0.026747487485408783
2292,salt_pepper,low,0.031983524560928345,0.9116640090942383,27.437843322753906,0.03536553308367729,0.8575416803359985,0.07293345034122467,0.034159351140260696
2293,clean,none,0.015117822214961052,0.9910072684288025,34.71550750732422,0.7699754238128662,0.025177884846925735,0.15168990194797516,0.05315675586462021
2294,clean,none,0.01288182195276022,0.9767874479293823,35.08677673339844,0.5293398499488831,0.04025934636592865,0.35079634189605713,0.07960446923971176
2295,salt_pepper,medium,0.04646893963217735,0.7841328382492065,23.248889923095703,0.020187124609947205,0.9207044243812561,0.043295081704854965,0.015813369303941727
2296,salt_pepper,medium,0.03775554522871971,0.8774773478507996,25.443212509155273,0.02092452347278595,0.9144442677497864,0.04728320986032486,0.017348049208521843
2297,clean,none,0.00996779277920723,0.9958446025848389,37.498451232910156,0.8266477584838867,0.03245975449681282,0.07830018550157547,0.0625922828912735
2298,blur,high,0.03763958811759949,0.8693937659263611,25.581846237182617,0.12552691996097565,0.011471403762698174,0.8388833403587341,0.024118324741721153
2299,clean,none,0.017105262726545334,0.9890376329421997,33.37116622924805,0.7689710259437561,0.025889147073030472,0.15147538483142853,0.05366445332765579
2300,blur,low,0.11709033697843552,0.8304993510246277,16.913164138793945,0.16149762272834778,0.013747651129961014,0.7974222898483276,0.027332529425621033
2301,salt_pepper,low,0.05781856179237366,0.8384441137313843,22.37555503845215,0.04005982726812363,0.8410472869873047,0.0815545916557312,0.037338290363550186
2302,blur,high,0.032942935824394226,0.8741803169250488,26.53426742553711,0.12778563797473907,0.012058913707733154,0.8351532220840454,0.025002306327223778
2303,occlusion,medium,0.06370174884796143,0.7311519384384155,21.20823860168457,0.0004367605724837631,0.012529288418591022,0.0005539062549360096,0.9864800572395325
2304,blur,medium,0.06431248784065247,0.7745570540428162,21.432687759399414,0.12278608232736588,0.014140769839286804,0.831948459148407,0.031124642118811607
2305,salt_pepper,medium,0.0515667125582695,0.8491141200065613,23.31751251220703,0.030204568058252335,0.8882027864456177,0.057894594967365265,0.02369813621044159
2306,occlusion,medium,0.09120958298444748,0.683743953704834,16.04483413696289,0.003949197009205818,0.024223877117037773,0.004161403048783541,0.9676654934883118
2307,occlusion,medium,0.07061928510665894,0.7850518226623535,20.47058868408203,0.00020340742776170373,0.006074095144867897,0.0003229837166145444,0.9933995008468628
2308,blur,medium,0.043526262044906616,0.7404242753982544,25.126190185546875,0.12384815514087677,0.016554750502109528,0.8242126703262329,0.035384438931941986
2309,blur,medium,0.04403401538729668,0.8600502014160156,24.348003387451172,0.12491154670715332,0.014063717797398567,0.8313911557197571,0.029633566737174988
2310,blur,low,0.11510851234197617,0.8070372343063354,16.778770446777344,0.14550045132637024,0.013575311750173569,0.8131849765777588,0.027739258483052254
2311,salt_pepper,high,0.03868769854307175,0.8598554134368896,25.89604949951172,0.02380390651524067,0.9142452478408813,0.04492897540330887,0.01702185906469822
2312,blur,medium,0.06412574648857117,0.8821715116500854,21.219295501708984,0.11115433275699615,0.010240891017019749,0.8565953969955444,0.02200942672789097
2313,occlusion,medium,0.04314042255282402,0.747972846031189,23.830123901367188,0.00043453616672195494,0.012854307889938354,0.0006957125151529908,0.9860154390335083
2314,salt_pepper,medium,0.03162655979394913,0.8937942385673523,27.268789291381836,0.026692619547247887,0.8974652886390686,0.05433949455618858,0.021502654999494553
2315,salt_pepper,low,0.04235782474279404,0.8296905755996704,24.743328094482422,0.044541310518980026,0.8315787315368652,0.08370566368103027,0.04017426446080208
2316,blur,high,0.0339045487344265,0.828579306602478,26.741283416748047,0.13259217143058777,0.015627054497599602,0.8193932175636292,0.03238746151328087
2317,occlusion,high,0.04516071826219559,0.6948429346084595,23.39893341064453,0.10627061128616333,0.06082257628440857,0.04232266545295715,0.7905840873718262
2318,occlusion,medium,0.04605914652347565,0.6711987257003784,23.71299934387207,0.01146173756569624,0.03710649162530899,0.004052841570228338,0.9473788738250732
2319,occlusion,medium,0.06747951358556747,0.7235192060470581,20.938308715820312,0.0017442553071305156,0.014248985797166824,0.0016809810185804963,0.9823257327079773
2320,occlusion,low,0.04765716940164566,0.8478267192840576,21.118560791015625,0.13727925717830658,0.0973273292183876,0.09571687877178192,0.6696765422821045
2321,clean,none,0.038425758481025696,0.9096856117248535,24.589237213134766,0.5476741194725037,0.03827168047428131,0.3277027904987335,0.08635136485099792
2322,occlusion,low,0.04618480056524277,0.7482497096061707,23.54325294494629,0.01655616983771324,0.04127510264515877,0.011104236356914043,0.9310644865036011
2323,blur,medium,0.040333595126867294,0.8260989189147949,24.97400665283203,0.11980602890253067,0.011197826825082302,0.845438539981842,0.023557592183351517
2324,blur,low,0.057091549038887024,0.9225170612335205,22.774946212768555,0.142619326710701,0.014720698818564415,0.8132348656654358,0.029425155371427536
2325,blur,high,0.07839776575565338,0.7233033180236816,20.03173828125,0.11344415694475174,0.014039438217878342,0.8420976400375366,0.030418701469898224
2326,clean,none,0.027151746675372124,0.9760598540306091,28.829662322998047,0.7370282411575317,0.03291482478380203,0.162007138133049,0.06804971396923065
2327,occlusion,low,0.03355368599295616,0.8024922609329224,27.007951736450195,0.057608067989349365,0.05575292930006981,0.026411866769194603,0.8602272272109985
2328,blur,medium,0.039932962507009506,0.8213351964950562,25.8055419921875,0.1284419298171997,0.01197531633079052,0.8350998163223267,0.024482907727360725
2329,clean,none,0.055278025567531586,0.8796162605285645,19.749269485473633,0.326734721660614,0.17201775312423706,0.0756019875407219,0.4256455600261688
2330,occlusion,low,0.04439958930015564,0.8198404312133789,23.518808364868164,0.06202908977866173,0.07030195742845535,0.013806307688355446,0.8538626432418823
2331,clean,none,0.009655024856328964,0.9928683638572693,39.03614807128906,0.7507617473602295,0.032012131065130234,0.15049858391284943,0.06672758609056473
2332,salt_pepper,medium,0.04731013998389244,0.7912522554397583,22.356149673461914,0.02946464531123638,0.8904712796211243,0.056715648621320724,0.02334841899573803
2333,salt_pepper,low,0.06043208763003349,0.8405070304870605,22.08655548095703,0.03700050339102745,0.8448686599731445,0.0794234350323677,0.038707345724105835
2334,blur,low,0.041204437613487244,0.8796349763870239,24.93189811706543,0.1713174730539322,0.01602334901690483,0.7808016538619995,0.03185751661658287
2335,clean,none,0.00458004605025053,0.9977511763572693,44.06620788574219,0.874792218208313,0.028035609051585197,0.04329533874988556,0.053876910358667374
2336,occlusion,high,0.06892209500074387,0.5967313051223755,20.35390853881836,0.00013235834194347262,0.008982849307358265,0.00039988799835555255,0.9904849529266357
2337,clean,none,0.0025063585489988327,0.9988677501678467,49.5280647277832,0.9088762402534485,0.020071029663085938,0.027564970776438713,0.04348769038915634
2338,salt_pepper,low,0.0572773739695549,0.8618385195732117,22.12697982788086,0.04282207041978836,0.8375615477561951,0.08190982043743134,0.037706561386585236
2339,blur,high,0.03913626819849014,0.8339002132415771,23.77593231201172,0.12172757834196091,0.010998875834047794,0.8445645570755005,0.022708943113684654
2340,occlusion,low,0.025054708123207092,0.8602104187011719,27.737533569335938,0.006387669127434492,0.02283633127808571,0.005917544011026621,0.9648584723472595
2341,clean,none,0.0093300212174654,0.9909788966178894,37.839393615722656,0.6703341007232666,0.03434241935610771,0.21196359395980835,0.08335992693901062
2342,blur,medium,0.031369563192129135,0.9021875262260437,27.64495849609375,0.12243915349245071,0.011842211708426476,0.841209352016449,0.024509303271770477
2343,occlusion,high,0.07852836698293686,0.6127582788467407,19.208538055419922,1.7587206457392313e-05,0.0026441689115017653,7.668058970011771e-05,0.9972615242004395
2344,salt_pepper,low,0.054653700441122055,0.8010041117668152,22.6889591217041,0.044298551976680756,0.8413305878639221,0.07727713882923126,0.037093713879585266
2345,blur,low,0.04553757235407829,0.819141149520874,24.328500747680664,0.16514526307582855,0.01432395726442337,0.7927796244621277,0.027751224115490913
2346,salt_pepper,medium,0.0831475555896759,0.8223341703414917,19.17171287536621,0.03932701051235199,0.8604682087898254,0.06963854283094406,0.030566293746232986
2347,salt_pepper,low,0.08944803476333618,0.7401983737945557,18.808467864990234,0.0627405196428299,0.8146573305130005,0.07500293850898743,0.0475991927087307
2348,occlusion,low,0.04407787322998047,0.8125607371330261,23.816511154174805,0.03402353450655937,0.04493097960948944,0.01579534262418747,0.9052502512931824
2349,occlusion,medium,0.09031986445188522,0.5742167234420776,18.208364486694336,0.0004967883578501642,0.012332993559539318,0.0006614410085603595,0.9865086674690247
2350,blur,medium,0.06342560052871704,0.8182395696640015,21.758316040039062,0.11565814167261124,0.014043938368558884,0.8403400778770447,0.02995781973004341
2351,occlusion,medium,0.04115135222673416,0.7481264472007751,23.362638473510742,0.001327794510871172,0.013972420245409012,0.0016509107081219554,0.9830489158630371
2352,occlusion,low,0.07790705561637878,0.7145076990127563,19.72978401184082,0.03051460161805153,0.048207830637693405,0.01959914155304432,0.9016783833503723
2353,salt_pepper,low,0.05102714151144028,0.7565293312072754,23.269643783569336,0.05060499534010887,0.825161874294281,0.08163097500801086,0.042602185159921646
2354,clean,none,0.00543915806338191,0.9919565916061401,40.65195083618164,0.7955816388130188,0.033392634242773056,0.027762077748775482,0.14326366782188416
2355,salt_pepper,medium,0.046002909541130066,0.7885128855705261,23.97579574584961,0.038773491978645325,0.8630636930465698,0.06904242187738419,0.02912047505378723
2356,clean,none,0.005379320587962866,0.9962651133537292,41.831668853759766,0.8472153544425964,0.032462142407894135,0.05510235205292702,0.06522012501955032
2357,blur,high,0.048047684133052826,0.805241048336029,23.33643341064453,0.12258515506982803,0.011987859383225441,0.8407260179519653,0.024700921028852463
2358,occlusion,high,0.0635688304901123,0.7227561473846436,19.027528762817383,3.7026686186436564e-05,0.003421436995267868,0.00015886005712673068,0.9963827133178711
2359,occlusion,low,0.040049634873867035,0.8574895262718201,20.098783493041992,0.2753356397151947,0.0716603472828865,0.0759737640619278,0.5770302414894104
2360,clean,none,0.006643413566052914,0.9976582527160645,41.06734848022461,0.8844194412231445,0.025140604004263878,0.04156515747308731,0.04887481778860092
2361,blur,medium,0.024088433012366295,0.9059876203536987,29.037574768066406,0.1349748820066452,0.01701762154698372,0.8096535205841064,0.038354020565748215
2362,clean,none,0.017249200493097305,0.9779428839683533,33.105796813964844,0.6535102725028992,0.025166666135191917,0.268394410610199,0.052928727120161057
2363,salt_pepper,high,0.05095284804701805,0.8533715009689331,23.57694435119629,0.03199172019958496,0.8880028128623962,0.057134803384542465,0.022870637476444244
2364,blur,low,0.03678677976131439,0.8502839803695679,25.706329345703125,0.1525769978761673,0.012194758281111717,0.8113821148872375,0.023846184834837914
2365,salt_pepper,medium,0.06775879114866257,0.8209507465362549,21.737653732299805,0.03821813687682152,0.8650856018066406,0.06854254007339478,0.028153706341981888
2366,salt_pepper,medium,0.04930732771754265,0.8790614604949951,24.23164176940918,0.021334294229745865,0.9133382439613342,0.0475919134914875,0.017735574394464493
2367,occlusion,high,0.0362391471862793,0.7759153246879578,25.590314865112305,4.575201091938652e-05,0.005022736731916666,0.000251726305577904,0.9946797490119934
2368,clean,none,0.012490002438426018,0.9915785789489746,35.33952331542969,0.7418962717056274,0.02868766523897648,0.169107586145401,0.060308489948511124
2369,salt_pepper,low,0.046672847121953964,0.8424848914146423,24.38878059387207,0.04352688789367676,0.8336011171340942,0.08217129856348038,0.04070065915584564
2370,salt_pepper,high,0.04017965868115425,0.8218013644218445,25.182275772094727,0.03086051158607006,0.8936281204223633,0.05328020825982094,0.022231193259358406
2371,clean,none,0.018814969807863235,0.9722272753715515,32.26349639892578,0.48863258957862854,0.0267606433480978,0.4282284080982208,0.05637836456298828
2372,salt_pepper,low,0.07780256122350693,0.8051134347915649,19.21136474609375,0.051595550030469894,0.8172231912612915,0.08848985284566879,0.042691439390182495
2373,clean,none,0.009817264042794704,0.9893872141838074,37.43148422241211,0.7028470039367676,0.041436467319726944,0.17191660404205322,0.08379998803138733
2374,salt_pepper,high,0.05463933199644089,0.8535230159759521,22.17247772216797,0.03698957338929176,0.8748347759246826,0.061136942356824875,0.027038630098104477
2375,blur,high,0.036890894174575806,0.8601387739181519,25.989038467407227,0.12272845953702927,0.013911863788962364,0.8345761895179749,0.028783541172742844
2376,clean,none,0.009835634380578995,0.9951901435852051,34.88603973388672,0.8325791358947754,0.04288851469755173,0.04809388890862465,0.07643847167491913
2377,occlusion,high,0.09172611683607101,0.6991943717002869,15.915489196777344,9.494051482761279e-06,0.0037617250345647335,5.709653123631142e-05,0.9961716532707214
2378,salt_pepper,medium,0.03909573704004288,0.8700283765792847,25.51032257080078,0.02813078835606575,0.8914141058921814,0.05701038986444473,0.023444680497050285
2379,salt_pepper,high,0.08074288070201874,0.8270739912986755,18.387435913085938,0.02853083424270153,0.8967025876045227,0.05487954244017601,0.019887011498212814
2380,clean,none,0.0033924903254956007,0.9988049268722534,46.69499206542969,0.89837646484375,0.02263501100242138,0.0331868901848793,0.04580170661211014
2381,occlusion,low,0.040237151086330414,0.8001683950424194,24.51959228515625,0.03824684023857117,0.052342191338539124,0.04019840434193611,0.8692125082015991
2382,occlusion,medium,0.05159033462405205,0.7748661041259766,23.212520599365234,0.00011008392175426707,0.004215527791529894,0.00028644880512729287,0.9953879714012146
2383,clean,none,0.008868485689163208,0.9879133105278015,36.13829803466797,0.678080141544342,0.030867917463183403,0.22134211659431458,0.06970978528261185
2384,salt_pepper,medium,0.07410213351249695,0.7760210037231445,20.143430709838867,0.0354776531457901,0.8749191164970398,0.06285586953163147,0.026747366413474083
2385,occlusion,low,0.041242778301239014,0.8213217258453369,21.797523498535156,0.003518645418807864,0.020844634622335434,0.00460723927244544,0.9710294604301453
2386,blur,medium,0.038692668080329895,0.7829138040542603,25.773916244506836,0.1181207150220871,0.011937175877392292,0.8450719118118286,0.024870125576853752
2387,occlusion,high,0.05126259848475456,0.797356128692627,21.58939552307129,2.498290268704295e-05,0.002462994307279587,8.207624341594055e-05,0.9974300265312195
2388,salt_pepper,low,0.06269679963588715,0.8615474700927734,21.16661834716797,0.0419304333627224,0.8438031077384949,0.07837488502264023,0.035891566425561905
2389,salt_pepper,low,0.04701494425535202,0.8638226985931396,24.245595932006836,0.048376817256212234,0.8302670121192932,0.08050570636987686,0.040850427001714706
2390,occlusion,high,0.08234468102455139,0.6399177312850952,17.155319213867188,6.189225132402498e-06,0.00229329289868474,3.247567292419262e-05,0.9976679682731628
2391,salt_pepper,medium,0.03125820308923721,0.8716788291931152,27.286983489990234,0.03347467631101608,0.878648579120636,0.06188159063458443,0.025995127856731415
2392,occlusion,medium,0.06256326287984848,0.5221350193023682,21.52097511291504,0.004392827861011028,0.03476575016975403,0.0025274085346609354,0.958314061164856
2393,clean,none,0.005865725688636303,0.9967660903930664,41.88075256347656,0.8775420784950256,0.027631212025880814,0.04115069657564163,0.053676020354032516
2394,blur,medium,0.0938347801566124,0.7617530226707458,17.87727165222168,0.11465337127447128,0.01207299530506134,0.8474997282028198,0.02577390894293785
2395,occlusion,medium,0.02529493346810341,0.8967496156692505,28.994464874267578,0.0009011892834678292,0.014390482567250729,0.0034198143985122442,0.9812885522842407
2396,clean,none,0.007477132603526115,0.9900463819503784,39.634521484375,0.7093941569328308,0.03949921205639839,0.17023959755897522,0.08086705207824707
2397,clean,none,0.010170387104153633,0.993008553981781,37.158851623535156,0.8416222333908081,0.03126281499862671,0.06529959291219711,0.06181539222598076
2398,salt_pepper,medium,0.03765906020998955,0.9006543159484863,26.113780975341797,0.03370921313762665,0.8796663880348206,0.06103234365582466,0.025592012330889702
2399,salt_pepper,low,0.07792830467224121,0.7346950769424438,19.3941650390625,0.07479329407215118,0.775625467300415,0.09781932830810547,0.051761917769908905
2400,salt_pepper,high,0.05723581835627556,0.7350612878799438,21.15619468688965,0.03243042901158333,0.8872738480567932,0.05703530088067055,0.023260483518242836
2401,blur,low,0.0616590678691864,0.8314241766929626,21.50322914123535,0.19903293251991272,0.020604170858860016,0.7404729723930359,0.03988990932703018
2402,clean,none,0.009482843801379204,0.9963198900222778,37.46871566772461,0.8513640761375427,0.030850393697619438,0.057508911937475204,0.060276564210653305
2403,blur,low,0.039892517030239105,0.8896446228027344,25.224760055541992,0.14305561780929565,0.01674862764775753,0.8072736859321594,0.03292202949523926
2404,blur,high,0.12376278638839722,0.5434538125991821,16.09758186340332,0.10482151061296463,0.011092236265540123,0.8595826625823975,0.024503547698259354
2405,blur,high,0.042205046862363815,0.724176824092865,24.673412322998047,0.12033256143331528,0.011641115881502628,0.843787670135498,0.024238664656877518
2406,occlusion,low,0.034687697887420654,0.8550769686698914,25.674543380737305,0.05781588703393936,0.05340296030044556,0.038626864552497864,0.8501542210578918
2407,clean,none,0.03227011859416962,0.9730758666992188,27.75768280029297,0.6731930375099182,0.03907577320933342,0.20737427473068237,0.08035692572593689
2408,clean,none,0.007676012814044952,0.995638370513916,39.0098876953125,0.8669334053993225,0.031821027398109436,0.04615648090839386,0.055089086294174194
2409,clean,none,0.009022107347846031,0.9939329028129578,38.445213317871094,0.7714868783950806,0.033738140016794205,0.1267370879650116,0.0680379718542099
2410,blur,medium,0.0447777584195137,0.8264450430870056,24.295459747314453,0.11618249118328094,0.011887342669069767,0.8469880819320679,0.024942057207226753
2411,salt_pepper,low,0.04803089797496796,0.8122878074645996,23.11591911315918,0.054546989500522614,0.8140708208084106,0.0852246806025505,0.04615747556090355
2412,clean,none,0.012120366096496582,0.9898238182067871,36.07060623168945,0.6406364440917969,0.029033459722995758,0.2724960744380951,0.05783402919769287
2413,salt_pepper,high,0.04764392599463463,0.8776309490203857,23.664960861206055,0.03207709267735481,0.8887084722518921,0.05545409023761749,0.02376035414636135
2414,clean,none,0.006685039959847927,0.996469259262085,41.33197021484375,0.7799620628356934,0.028604499995708466,0.1288243979215622,0.06260904669761658
2415,blur,high,0.05264365300536156,0.8706134557723999,22.60207748413086,0.11414913833141327,0.011321202851831913,0.8505786061286926,0.023951012641191483
2416,salt_pepper,low,0.03721611946821213,0.8356504440307617,25.73317527770996,0.041879743337631226,0.841036319732666,0.07914213091135025,0.03794185817241669
2417,salt_pepper,high,0.06327107548713684,0.63833087682724,21.868106842041016,0.03935381770133972,0.8684325814247131,0.06417801976203918,0.02803552895784378
2418,occlusion,low,0.030238524079322815,0.8628907203674316,25.954484939575195,0.0007598766242153943,0.010638335719704628,0.002121938392519951,0.9864798188209534
2419,blur,high,0.0527016818523407,0.7896844744682312,23.434450149536133,0.11816897243261337,0.012752312235534191,0.8423094749450684,0.026769213378429413
2420,occlusion,high,0.06941305845975876,0.6848801374435425,18.866947174072266,0.00023481105745304376,0.007173626683652401,0.0004453738802112639,0.9921461939811707
2421,occlusion,medium,0.03452116250991821,0.7875803709030151,24.33026885986328,3.06914807879366e-05,0.002757763722911477,0.0001352915569441393,0.9970762729644775
2422,occlusion,high,0.033365409821271896,0.7293704748153687,24.891448974609375,0.00013065763050690293,0.010872706770896912,0.0003490808594506234,0.9886475205421448
2423,occlusion,high,0.054081447422504425,0.7313239574432373,21.85354995727539,0.00018209655536338687,0.006545274518430233,0.0005077957757748663,0.9927648901939392
2424,occlusion,medium,0.057038575410842896,0.7138575315475464,21.848663330078125,0.0014440903905779123,0.013357309624552727,0.0033294521272182465,0.9818691611289978
2425,clean,none,0.010559278540313244,0.9918288588523865,36.741512298583984,0.7961893677711487,0.03250429406762123,0.10394740849733353,0.06735894083976746
2426,clean,none,0.020034175366163254,0.9761793613433838,32.03950119018555,0.43432843685150146,0.034492626786231995,0.46491363644599915,0.06626531481742859
2427,clean,none,0.007562672253698111,0.996012806892395,39.83638381958008,0.8318586349487305,0.029206790030002594,0.07867386192083359,0.06026071682572365
2428,clean,none,0.01847526803612709,0.9816511869430542,32.73817825317383,0.6424229145050049,0.026126857846975327,0.2760758101940155,0.055374473333358765
2429,occlusion,medium,0.035900674760341644,0.8031291365623474,23.237674713134766,0.00014489983732346445,0.005717166233807802,0.00026617301045916975,0.9938716888427734
2430,salt_pepper,high,0.04048770293593407,0.8692444562911987,25.331867218017578,0.03263583406805992,0.8889192342758179,0.05622357502579689,0.022221343591809273
2431,occlusion,medium,0.06657153367996216,0.7157524824142456,20.12346649169922,3.8206348108360544e-05,0.005455587524920702,0.00013664511789102107,0.9943695664405823
2432,blur,high,0.03703070431947708,0.8146006464958191,26.054912567138672,0.12191350013017654,0.010764888487756252,0.8450421094894409,0.02227954752743244
2433,clean,none,0.024356544017791748,0.9714826941490173,29.83004379272461,0.561318576335907,0.027089646086096764,0.35859009623527527,0.05300171300768852
2434,occlusion,medium,0.0424170158803463,0.828605055809021,23.41975212097168,0.00012152666749898344,0.004661702085286379,0.0004366288485471159,0.9947801828384399
2435,occlusion,high,0.050513237714767456,0.7600044012069702,21.38335418701172,9.212014333570551e-07,0.0007447105017490685,1.3546589798352215e-05,0.9992408752441406
2436,occlusion,low,0.04492887109518051,0.8059248924255371,23.296262741088867,0.030336065217852592,0.0490005761384964,0.015417976304888725,0.9052453637123108
2437,occlusion,medium,0.09971007704734802,0.6701504588127136,16.491186141967773,0.0013717031106352806,0.01436321809887886,0.0032128416933119297,0.9810522794723511
2438,occlusion,high,0.08752007782459259,0.6194004416465759,16.41145896911621,0.002469906583428383,0.014333204366266727,0.0018830266781151295,0.981313943862915
2439,occlusion,high,0.04636472091078758,0.7224714756011963,23.18899154663086,7.010664262452337e-07,0.0009533493430353701,8.166651241481304e-06,0.9990378618240356
2440,blur,medium,0.040208980441093445,0.8881045579910278,25.89596176147461,0.11483734846115112,0.010963045060634613,0.850864052772522,0.023335589095950127
2441,occlusion,medium,0.06401191651821136,0.6525779962539673,20.266700744628906,0.002760642906650901,0.022776370868086815,0.0013774633407592773,0.9730854630470276
2442,blur,medium,0.04444658011198044,0.7761666178703308,24.318920135498047,0.12024527043104172,0.012586253695189953,0.8407785296440125,0.026389971375465393
2443,clean,none,0.015276119112968445,0.9893440008163452,34.22949981689453,0.7474310994148254,0.024106724187731743,0.17879609763622284,0.04966609179973602
2444,occlusion,medium,0.06248759478330612,0.7018707990646362,19.63652229309082,0.0013543906388804317,0.016137033700942993,0.0014192255912348628,0.9810894131660461
2445,occlusion,high,0.039992839097976685,0.7738072872161865,23.72195816040039,6.859623681521043e-06,0.001598200760781765,4.6010118239792064e-05,0.9983489513397217
2446,blur,high,0.03661034628748894,0.8522974848747253,26.80945587158203,0.12355488538742065,0.011662461794912815,0.8406856060028076,0.024097073823213577
2447,occlusion,low,0.02947865054011345,0.8651809096336365,26.684371948242188,0.0958770290017128,0.07962896674871445,0.07033269107341766,0.7541612386703491
2448,blur,medium,0.031243175268173218,0.889960765838623,26.951406478881836,0.11827311664819717,0.01222067791968584,0.8444322943687439,0.025073863565921783
2449,salt_pepper,high,0.07004977762699127,0.6632383465766907,20.60102081298828,0.04397944360971451,0.8551579713821411,0.06996709853410721,0.03089553862810135
2450,salt_pepper,medium,0.05726996064186096,0.8209885358810425,22.040822982788086,0.028487905859947205,0.8955004811286926,0.05453372374176979,0.021477842703461647
2451,occlusion,low,0.07729749381542206,0.6671541929244995,19.565471649169922,0.03798671066761017,0.05241828411817551,0.028475021943449974,0.8811199069023132
2452,clean,none,0.012576589360833168,0.9880702495574951,35.62268829345703,0.668243944644928,0.027760351076722145,0.24188464879989624,0.0621110275387764
2453,clean,none,0.007901621982455254,0.9941855669021606,38.6396369934082,0.8072256445884705,0.0320344939827919,0.09850150346755981,0.06223832443356514
2454,blur,low,0.03412695229053497,0.788885235786438,27.049062728881836,0.19498583674430847,0.019086821004748344,0.7509219646453857,0.035005390644073486
2455,blur,medium,0.051122527569532394,0.7010482549667358,23.481035232543945,0.11901867389678955,0.013751127757132053,0.8384611010551453,0.028769126161932945
2456,salt_pepper,low,0.04754183813929558,0.8991739153862,23.448467254638672,0.033794913440942764,0.8665218949317932,0.06835087388753891,0.031332243233919144
2457,clean,none,0.011702347546815872,0.9886424541473389,34.987701416015625,0.7101820707321167,0.03712038695812225,0.168386310338974,0.08431131392717361
2458,clean,none,0.006491923239082098,0.9948042631149292,41.4765739440918,0.8227034211158752,0.026812540367245674,0.1008816808462143,0.049602460116147995
2459,occlusion,high,0.07006261497735977,0.5678253769874573,19.84218978881836,1.0238080903945956e-05,0.0025216126814484596,5.1481358241289854e-05,0.997416615486145
2460,occlusion,high,0.0723467767238617,0.7076268196105957,18.79794692993164,1.2555789908219595e-05,0.0020935821812599897,4.7515026381006464e-05,0.9978463649749756
2461,blur,low,0.08306334167718887,0.7953418493270874,19.19999885559082,0.1522246152162552,0.017674533650279045,0.7947800755500793,0.03532084450125694
2462,salt_pepper,high,0.03690797835588455,0.7627431750297546,26.279285430908203,0.026724355295300484,0.9052681922912598,0.0492171086370945,0.018790293484926224
2463,blur,low,0.04469779133796692,0.8750565052032471,24.6628475189209,0.19388625025749207,0.017795199528336525,0.7496559023857117,0.038662683218717575
2464,blur,low,0.04292827844619751,0.9093820452690125,24.403512954711914,0.14879825711250305,0.01215373631566763,0.81502765417099,0.024020342156291008
2465,blur,low,0.04520280286669731,0.8641266822814941,24.130699157714844,0.1439271867275238,0.01176411285996437,0.8215534090995789,0.022755321115255356
2466,clean,none,0.013817772269248962,0.9771437644958496,33.489688873291016,0.6591537594795227,0.03560743108391762,0.22089241445064545,0.08434641361236572
2467,clean,none,0.0071074580773711205,0.9958934783935547,40.108890533447266,0.8153576850891113,0.027038440108299255,0.10028719156980515,0.05731669440865517
2468,salt_pepper,medium,0.059308119118213654,0.8331491351127625,22.012226104736328,0.04234250634908676,0.8526867032051086,0.0729026198387146,0.03206814453005791
2469,clean,none,0.01821679249405861,0.9729182124137878,31.02236557006836,0.6270349025726318,0.027864640578627586,0.289385586977005,0.055714864283800125
2470,occlusion,low,0.042870622128248215,0.8146468997001648,22.865638732910156,0.12177801132202148,0.07850849628448486,0.05071914568543434,0.7489943504333496
2471,salt_pepper,low,0.052080702036619186,0.7609198093414307,22.816972732543945,0.033192504197359085,0.8599478602409363,0.07204190641641617,0.03481782600283623
2472,occlusion,medium,0.10243954509496689,0.584928572177887,17.195497512817383,0.00435310835018754,0.019447699189186096,0.003286842256784439,0.9729123711585999
2473,salt_pepper,low,0.06186923012137413,0.8244590759277344,21.72705078125,0.03769758716225624,0.8580633401870728,0.07071039080619812,0.03352874517440796
2474,clean,none,0.01193180214613676,0.9890422821044922,36.3370475769043,0.61296546459198,0.02737710438668728,0.30284997820854187,0.05680746212601662
2475,blur,medium,0.04669684171676636,0.8802083730697632,23.7413330078125,0.11994796246290207,0.011062162928283215,0.8458108901977539,0.023179035633802414
2476,clean,none,0.012040233239531517,0.9923911094665527,36.0298957824707,0.7829803824424744,0.02617725171148777,0.13082407414913177,0.06001836061477661
2477,salt_pepper,medium,0.08571074903011322,0.7143356800079346,19.241979598999023,0.05583617091178894,0.8161199688911438,0.08446166664361954,0.043582215905189514
2478,salt_pepper,low,0.050197623670101166,0.795207679271698,23.66750717163086,0.03733695670962334,0.8595561385154724,0.06957745552062988,0.03352942317724228
2479,occlusion,high,0.07959772646427155,0.5333343744277954,19.432235717773438,0.0008881423273123801,0.0118076391518116,0.0020844959653913975,0.9852197170257568
2480,salt_pepper,medium,0.03713281452655792,0.8397461175918579,26.04790687561035,0.027207041159272194,0.896801233291626,0.05432901903986931,0.021662630140781403
2481,blur,medium,0.02899014763534069,0.8628212809562683,27.882776260375977,0.09769842028617859,0.01284736953675747,0.8583638668060303,0.031090369448065758
2482,blur,low,0.05687712877988815,0.8496872186660767,21.48394775390625,0.12830850481987,0.013602366670966148,0.8315959572792053,0.02649315632879734
2483,occlusion,medium,0.09625113010406494,0.5333584547042847,17.53410530090332,0.002619510516524315,0.04085066542029381,0.002499566413462162,0.9540302753448486
2484,occlusion,low,0.04503384232521057,0.8156455755233765,23.01618766784668,0.17082451283931732,0.1032109260559082,0.041664689779281616,0.684299886226654
2485,salt_pepper,low,0.05498725175857544,0.7224008440971375,22.636098861694336,0.0633733943104744,0.790712296962738,0.09383521229028702,0.05207904800772667
2486,blur,high,0.03748151287436485,0.7234784364700317,26.36063575744629,0.12378209084272385,0.011403171345591545,0.8411636352539062,0.0236511193215847
2487,blur,low,0.02640044316649437,0.8696103096008301,28.594722747802734,0.17045071721076965,0.017503658309578896,0.7790945172309875,0.032951127737760544
2488,clean,none,0.006612918805330992,0.9971587061882019,41.53461837768555,0.8603580594062805,0.023816118016839027,0.06514989584684372,0.050676021724939346
2489,occlusion,high,0.08660851418972015,0.6289042830467224,17.693174362182617,0.00017086087609641254,0.00860674399882555,0.00048440112732350826,0.9907379746437073
2490,clean,none,0.005537834018468857,0.9948265552520752,41.650394439697266,0.7803551554679871,0.030093232169747353,0.12559176981449127,0.06395981460809708
2491,occlusion,low,0.03469415009021759,0.8806626796722412,24.715103149414062,0.11536188423633575,0.08674264699220657,0.0901840552687645,0.7077114582061768
2492,salt_pepper,high,0.0767197534441948,0.6329283714294434,20.3070068359375,0.02609092742204666,0.9075575470924377,0.047558676451444626,0.018792835995554924
2493,salt_pepper,medium,0.03458913415670395,0.8096129298210144,26.409025192260742,0.0311372559517622,0.8829434514045715,0.06092648208141327,0.02499283291399479
2494,salt_pepper,medium,0.05259652063250542,0.7022438049316406,22.891326904296875,0.0408487468957901,0.8532148003578186,0.07294432818889618,0.03299209848046303
2495,clean,none,0.007300465367734432,0.9969099760055542,39.32004165649414,0.8454216122627258,0.025096876546740532,0.07709229737520218,0.05238921940326691
2496,occlusion,low,0.07483024895191193,0.8146173357963562,17.115270614624023,0.37189993262290955,0.12556785345077515,0.03763144463300705,0.46490076184272766
2497,blur,high,0.07651257514953613,0.8400918245315552,20.087034225463867,0.11303869634866714,0.011642621830105782,0.8507387042045593,0.024579893797636032
2498,occlusion,low,0.0412013977766037,0.8548476696014404,24.05620765686035,0.09692773222923279,0.06365755945444107,0.01665394753217697,0.8227607607841492
2499,salt_pepper,low,0.03864619880914688,0.9217491149902344,26.0325927734375,0.02851896733045578,0.8680742979049683,0.07085712999105453,0.03254955634474754
2500,occlusion,low,0.05601146072149277,0.7590984106063843,21.7165470123291,0.06883659213781357,0.07597369700670242,0.02457195147871971,0.8306177258491516
2501,clean,none,0.010468952357769012,0.995091438293457,37.46273422241211,0.7953147888183594,0.027464576065540314,0.11547131091356277,0.06174936145544052
2502,salt_pepper,medium,0.046779192984104156,0.8357968330383301,23.931238174438477,0.03304873779416084,0.8810388445854187,0.06046411767601967,0.025448260828852654
2503,clean,none,0.0072648427449166775,0.9973470568656921,40.4449462890625,0.8382777571678162,0.02673790603876114,0.0722946971654892,0.06268960237503052
2504,clean,none,0.006355909630656242,0.9969930648803711,41.41387176513672,0.879016637802124,0.03281960263848305,0.031765177845954895,0.05639853700995445
2505,occlusion,low,0.06000354140996933,0.7199146151542664,21.80606460571289,0.056278083473443985,0.05258801206946373,0.025826577097177505,0.8653072714805603
2506,salt_pepper,low,0.08463644236326218,0.7563440203666687,19.03753089904785,0.04328284040093422,0.8437842130661011,0.07702353596687317,0.03590945154428482
2507,blur,high,0.09019787609577179,0.7263185381889343,18.70962905883789,0.11249583214521408,0.011248838156461716,0.8520782589912415,0.024177132174372673
2508,clean,none,0.005840369500219822,0.9966346025466919,42.32683181762695,0.8876529335975647,0.029644720256328583,0.03180086612701416,0.05090152844786644
2509,blur,medium,0.07865853607654572,0.7084037661552429,19.727943420410156,0.10676863044500351,0.009837839752435684,0.8624136447906494,0.020979948341846466
2510,clean,none,0.005530891939997673,0.997429370880127,42.784767150878906,0.899784505367279,0.027588756754994392,0.024023616686463356,0.0486031211912632
2511,occlusion,medium,0.07056160271167755,0.5264276266098022,20.505191802978516,0.0007438160828314722,0.014901497401297092,0.0009275348274968565,0.9834271669387817
2512,occlusion,medium,0.05015966296195984,0.7540285587310791,21.69853973388672,0.00419513089582324,0.02555611915886402,0.00562072591856122,0.9646280407905579
2513,blur,medium,0.049313317984342575,0.7558819651603699,23.570451736450195,0.11958375573158264,0.010553986765444279,0.8478611707687378,0.022001095116138458
2514,occlusion,high,0.06270703673362732,0.7192521095275879,20.006580352783203,8.59825831867056e-06,0.0019107006955891848,3.091884354944341e-05,0.9980498552322388
2515,blur,low,0.04234476014971733,0.8542784452438354,24.078638076782227,0.13751468062400818,0.012227892875671387,0.8266944885253906,0.023562852293252945
2516,clean,none,0.006248726509511471,0.9962290525436401,41.49798583984375,0.8846445083618164,0.03546099364757538,0.023952541872859,0.055941998958587646
2517,salt_pepper,medium,0.0623081736266613,0.7297382354736328,21.347774505615234,0.031228158622980118,0.8836278319358826,0.059511441737413406,0.025632524862885475
2518,blur,medium,0.0616709366440773,0.8298302888870239,22.26055908203125,0.10960917919874191,0.010903427377343178,0.8558011054992676,0.023686237633228302
2519,salt_pepper,low,0.05480986088514328,0.7266092300415039,22.657163619995117,0.027844280004501343,0.8597792983055115,0.06940111517906189,0.0429752953350544
2520,clean,none,0.005406394135206938,0.996446967124939,42.93211364746094,0.8856209516525269,0.025159914046525955,0.03809617459774017,0.0511230006814003
2521,occlusion,high,0.07091628760099411,0.6548975110054016,18.480838775634766,0.004110636189579964,0.02492019347846508,0.005215873010456562,0.9657532572746277
2522,salt_pepper,low,0.030180534347891808,0.8965535163879395,27.158771514892578,0.03253787010908127,0.8650223016738892,0.07056120783090591,0.03187866136431694
2523,occlusion,low,0.03206755965948105,0.8253628611564636,25.27952003479004,0.17520995438098907,0.07848410308361053,0.03623206913471222,0.7100738286972046
2524,occlusion,low,0.033994026482105255,0.8136547803878784,25.6496639251709,0.011537590995430946,0.028639785945415497,0.00560808228328824,0.9542144536972046
2525,clean,none,0.005623129662126303,0.9964789748191833,42.30601501464844,0.8372965455055237,0.028000708669424057,0.07828447967767715,0.056418269872665405
2526,salt_pepper,medium,0.04924602806568146,0.8703416585922241,22.6102352142334,0.027132783085107803,0.8998889327049255,0.05275505408644676,0.02022332139313221
2527,salt_pepper,medium,0.043763529509305954,0.8568987250328064,20.41010284423828,0.03343520686030388,0.8766852021217346,0.06494075804948807,0.024938734248280525
2528,salt_pepper,high,0.03334849327802658,0.8541039228439331,26.89021110534668,0.0293652955442667,0.8945276141166687,0.0542457140982151,0.021861320361495018
2529,salt_pepper,high,0.05793086439371109,0.7366914749145508,22.012653350830078,0.026331642642617226,0.9067227244377136,0.04814239963889122,0.018803177401423454
2530,clean,none,0.005981515161693096,0.9927326440811157,41.64055633544922,0.8516368269920349,0.03189752250909805,0.04232122004032135,0.07414444535970688
2531,occlusion,high,0.0655871331691742,0.613629937171936,19.48172378540039,0.029990339651703835,0.03628125041723251,0.009681183844804764,0.9240472316741943
2532,blur,high,0.04313437268137932,0.7497488856315613,24.48936653137207,0.1176995038986206,0.010523602366447449,0.849577009677887,0.02219984494149685
2533,occlusion,low,0.07255347073078156,0.6980113983154297,19.866239547729492,0.060675058513879776,0.06318622827529907,0.012861480005085468,0.8632771968841553
2534,clean,none,0.011182479560375214,0.9898662567138672,36.7808723449707,0.7903344035148621,0.031191537156701088,0.11720141768455505,0.06127255782485008
2535,blur,low,0.040224313735961914,0.8933894038200378,25.06850814819336,0.16379627585411072,0.01390165276825428,0.7932303547859192,0.0290717463940382
2536,salt_pepper,low,0.04584311693906784,0.8508521318435669,22.118375778198242,0.03394624590873718,0.8658955097198486,0.07016931474208832,0.029988856986165047
2537,clean,none,0.007999206893146038,0.9937494993209839,39.80213928222656,0.7841026186943054,0.02336019277572632,0.1405995637178421,0.051937688142061234
2538,salt_pepper,low,0.0625034049153328,0.7411909103393555,21.651451110839844,0.07158176600933075,0.7907730937004089,0.08456278592348099,0.053082425147295
2539,salt_pepper,medium,0.029713360592722893,0.8860322833061218,27.641441345214844,0.02963247522711754,0.8914455771446228,0.05580625310540199,0.023115674033761024
2540,clean,none,0.008489440195262432,0.9941021800041199,38.839622497558594,0.775867760181427,0.030398981645703316,0.12350397557020187,0.07022932171821594
2541,blur,medium,0.03840765357017517,0.8359742164611816,25.345613479614258,0.11564937978982925,0.011714776046574116,0.8481370210647583,0.024498794227838516
2542,blur,high,0.04628365486860275,0.739498496055603,24.01030731201172,0.11970222741365433,0.01399104855954647,0.8369273543357849,0.029379334300756454
2543,blur,high,0.08552064001560211,0.7874945402145386,18.181886672973633,0.12266963720321655,0.014928297139704227,0.8309792280197144,0.03142290934920311
2544,salt_pepper,medium,0.05850876495242119,0.7373623847961426,21.72882080078125,0.036181893199682236,0.8720975518226624,0.06399485468864441,0.02772565186023712
2545,clean,none,0.007571028545498848,0.9971615076065063,39.64678192138672,0.8776190876960754,0.02314637415111065,0.04868025332689285,0.05055428668856621
2546,clean,none,0.011479713022708893,0.9796552658081055,36.1300048828125,0.787677526473999,0.06063101440668106,0.035526372492313385,0.11616504192352295
2547,clean,none,0.009861484169960022,0.9935083389282227,37.03071594238281,0.7507797479629517,0.027725158259272575,0.15428484976291656,0.06721018254756927
2548,blur,medium,0.06385423243045807,0.8965553641319275,20.800521850585938,0.12036440521478653,0.011363831348717213,0.8445027470588684,0.023768996819853783
2549,blur,medium,0.03947409987449646,0.8096921443939209,24.65384292602539,0.13031046092510223,0.016460547223687172,0.8184185028076172,0.03481050208210945
2550,blur,medium,0.03731020539999008,0.8643198013305664,24.163610458374023,0.12029505521059036,0.014390666037797928,0.8352784514427185,0.030035754665732384
2551,salt_pepper,low,0.06061165779829025,0.7837840914726257,21.5755558013916,0.04471207782626152,0.8357810974121094,0.08053310960531235,0.03897370025515556
2552,occlusion,medium,0.04169207811355591,0.8155071139335632,22.996849060058594,0.00012825346493627876,0.005996938329190016,0.00030291438451968133,0.9935719966888428
2553,salt_pepper,medium,0.07671913504600525,0.7294821739196777,19.117616653442383,0.04328848049044609,0.8516986966133118,0.0710553303360939,0.03395739942789078
2554,occlusion,low,0.05121040344238281,0.7616945505142212,22.002857208251953,0.04234613850712776,0.05476171895861626,0.013784544542431831,0.8891076445579529
2555,blur,medium,0.04083338379859924,0.8433786630630493,24.940082550048828,0.12748095393180847,0.010890859179198742,0.8395282030105591,0.022099951282143593
2556,occlusion,high,0.09555520862340927,0.5609569549560547,17.603172302246094,8.144716412061825e-05,0.004245609976351261,0.00020217569544911385,0.9954707622528076
2557,clean,none,0.012446058914065361,0.992099940776825,35.38676834106445,0.7812109589576721,0.026284320279955864,0.13630267977714539,0.056202054023742676
2558,clean,none,0.008408142253756523,0.9964127540588379,37.04765701293945,0.8185354471206665,0.034064196050167084,0.07849782705307007,0.0689026340842247
2559,salt_pepper,medium,0.03499641269445419,0.8156485557556152,26.87318992614746,0.028382135555148125,0.892299473285675,0.05632350966334343,0.02299496717751026
2560,clean,none,0.005503600463271141,0.9981213808059692,42.688629150390625,0.9064393639564514,0.02663191594183445,0.021434802561998367,0.04549388587474823
2561,occlusion,low,0.040428753942251205,0.8562299609184265,23.015926361083984,0.008504154160618782,0.03624168410897255,0.009824765846133232,0.9454294443130493
2562,occlusion,high,0.08971041440963745,0.6696796417236328,15.390400886535645,1.3766042457064032e-06,0.000685215403791517,1.0486339306226e-05,0.999302864074707
2563,salt_pepper,low,0.05678413063287735,0.7266731262207031,22.576887130737305,0.04644779488444328,0.829908549785614,0.07836509495973587,0.045278508216142654
2564,occlusion,low,0.05405474826693535,0.8617991209030151,19.400455474853516,0.017296893522143364,0.046864546835422516,0.017774924635887146,0.9180636405944824
2565,salt_pepper,high,0.04998592659831047,0.851850152015686,22.990966796875,0.030233724042773247,0.8955445885658264,0.052951183170080185,0.021270494908094406
2566,clean,none,0.010587631724774837,0.9917301535606384,32.03232955932617,0.6889047026634216,0.04070992395281792,0.1911357045173645,0.07924972474575043
2567,blur,medium,0.04644839093089104,0.891414999961853,24.258729934692383,0.1190272718667984,0.013462021946907043,0.8395857214927673,0.027925044298171997
2568,occlusion,low,0.05474097654223442,0.8658030033111572,19.302064895629883,0.0398198738694191,0.05852697417140007,0.012003547511994839,0.8896495699882507
2569,blur,low,0.04406583309173584,0.8832484483718872,24.832881927490234,0.1725626438856125,0.012827842496335506,0.7900401949882507,0.024569319561123848
2570,blur,medium,0.06540167331695557,0.6872738599777222,20.403549194335938,0.12007760256528854,0.015414856374263763,0.8306446671485901,0.033862918615341187
2571,blur,low,0.03385268151760101,0.8637121915817261,26.22780990600586,0.17211505770683289,0.014140513725578785,0.7870029211044312,0.026741553097963333
2572,salt_pepper,medium,0.09264346212148666,0.7109033465385437,18.881105422973633,0.03942352160811424,0.8599178791046143,0.07021040469408035,0.03044816292822361
2573,clean,none,0.005842046346515417,0.9972866773605347,42.17543029785156,0.8885999321937561,0.026992490515112877,0.0326039157807827,0.05180368945002556
2574,blur,low,0.036397214978933334,0.9087886810302734,26.99235725402832,0.14929655194282532,0.015528163872659206,0.8056891560554504,0.029486145824193954
2575,clean,none,0.010134018026292324,0.9930866956710815,37.18846130371094,0.7364027500152588,0.027580715715885162,0.17062817513942719,0.06538838893175125
2576,blur,low,0.043385207653045654,0.9067316055297852,24.743812561035156,0.1629139482975006,0.012448649853467941,0.8010585904121399,0.02357877790927887
2577,salt_pepper,medium,0.08230467885732651,0.8090081214904785,19.45224380493164,0.023563511669635773,0.9102672338485718,0.04788327217102051,0.018286002799868584
2578,clean,none,0.0068761371076107025,0.9947819113731384,39.78643798828125,0.8640809059143066,0.02758578024804592,0.04907956346869469,0.05925370007753372
2579,occlusion,medium,0.04768620431423187,0.7960132360458374,22.206037521362305,0.0003197813348378986,0.009464829228818417,0.0004685275780502707,0.9897469282150269
2580,blur,low,0.06365450471639633,0.8275115489959717,20.822153091430664,0.1843816339969635,0.01293309684842825,0.7787614464759827,0.023923879489302635
2581,salt_pepper,high,0.15464721620082855,0.6476024985313416,13.710868835449219,0.03475715219974518,0.8843511343002319,0.05717207491397858,0.023719657212495804
2582,salt_pepper,high,0.03670692443847656,0.8595055937767029,26.20051383972168,0.036507125943899155,0.8756932616233826,0.06131324544548988,0.026486335322260857
2583,salt_pepper,high,0.04131847620010376,0.8776401281356812,25.84162712097168,0.03784036263823509,0.8706454634666443,0.06366433203220367,0.027849813923239708
2584,clean,none,0.006595645099878311,0.9958774447441101,41.537837982177734,0.8759480714797974,0.03529318422079086,0.035563886165618896,0.05319486930966377
2585,salt_pepper,low,0.03717853128910065,0.8570379018783569,25.904029846191406,0.045023225247859955,0.8362942337989807,0.08039985597133636,0.03828269615769386
2586,salt_pepper,high,0.051623642444610596,0.8562663793563843,23.859769821166992,0.019393151625990868,0.9282122850418091,0.03818909078836441,0.014205412939190865
2587,blur,medium,0.02273247204720974,0.9100317358970642,30.329702377319336,0.10998055338859558,0.011017665266990662,0.8555498123168945,0.0234519150108099
2588,clean,none,0.012365341186523438,0.9943482279777527,35.637046813964844,0.7618838548660278,0.03337971493601799,0.13352645933628082,0.07120995223522186
2589,clean,none,0.010505623184144497,0.9880799055099487,37.56280517578125,0.6789557337760925,0.03470642864704132,0.21732249855995178,0.06901534646749496
2590,occlusion,low,0.04077984392642975,0.9001278281211853,24.666885375976562,0.025647573173046112,0.03926221281290054,0.01748999021947384,0.9176002740859985
2591,blur,medium,0.0348791666328907,0.8685728311538696,26.491403579711914,0.12029169499874115,0.011907682754099369,0.8429868221282959,0.024813877418637276
2592,salt_pepper,low,0.04876711219549179,0.8469511270523071,23.950254440307617,0.06001991406083107,0.800381064414978,0.09135104715824127,0.04824801906943321
2593,occlusion,low,0.04047313332557678,0.754020631313324,25.099266052246094,0.04968276992440224,0.0584874302148819,0.011135073378682137,0.8806947469711304
2594,blur,medium,0.028193514794111252,0.8789870738983154,28.13793182373047,0.12377362698316574,0.01177221816033125,0.8397765755653381,0.024677615612745285
2595,clean,none,0.005404436029493809,0.9969004988670349,42.74620819091797,0.8376517295837402,0.0291809793561697,0.073304682970047,0.0598626434803009
2596,clean,none,0.010338893160223961,0.9929367899894714,37.60017776489258,0.7170494198799133,0.04113814979791641,0.14917774498462677,0.0926346629858017
2597,occlusion,low,0.0245229359716177,0.8969199657440186,28.72488021850586,0.006580582354217768,0.025839515030384064,0.017037004232406616,0.9505428075790405
2598,blur,low,0.030123796314001083,0.9136841297149658,27.774045944213867,0.13281212747097015,0.012884151190519333,0.8287628889083862,0.02554076910018921
2599,salt_pepper,low,0.03716648370027542,0.8440468311309814,26.294933319091797,0.04849132522940636,0.8258901238441467,0.08448760211467743,0.04113094508647919
2600,salt_pepper,high,0.10601949691772461,0.8117901086807251,17.431989669799805,0.03556744381785393,0.8763465881347656,0.06257817149162292,0.025507785379886627
2601,blur,low,0.05963492393493652,0.9052075743675232,21.35744857788086,0.14277967810630798,0.0127112353220582,0.8196775317192078,0.024831542745232582
2602,salt_pepper,low,0.0590355321764946,0.7863181829452515,22.074268341064453,0.055322736501693726,0.8154336214065552,0.08704660832881927,0.042197033762931824
2603,clean,none,0.00842785183340311,0.995437502861023,38.41443634033203,0.8259274363517761,0.030201315879821777,0.07917854189872742,0.06469273567199707
2604,clean,none,0.004867097362875938,0.9977235198020935,43.536582946777344,0.8576549291610718,0.030195588245987892,0.04453122988343239,0.06761821359395981
2605,salt_pepper,high,0.023136597126722336,0.90156090259552,29.93037223815918,0.03110414184629917,0.8914163708686829,0.055198460817337036,0.022281048819422722
2606,occlusion,low,0.04331069439649582,0.867731511592865,23.746469497680664,0.07441158592700958,0.0679483711719513,0.046484336256980896,0.8111556172370911
2607,salt_pepper,medium,0.06789188086986542,0.8275806903839111,20.21844482421875,0.035291802138090134,0.8714856505393982,0.064466193318367,0.028756296262145042
2608,clean,none,0.02365121990442276,0.9422968626022339,28.240386962890625,0.6935384273529053,0.03899286314845085,0.18267104029655457,0.08479762077331543
2609,salt_pepper,high,0.03897802531719208,0.8652259707450867,25.26017951965332,0.038828279823064804,0.8700079321861267,0.06474243849515915,0.02642127312719822
2610,salt_pepper,medium,0.07726218551397324,0.8352700471878052,19.03726577758789,0.03272150829434395,0.8830475211143494,0.0596650168299675,0.02456592209637165
2611,clean,none,0.006836279295384884,0.9960265159606934,41.083221435546875,0.7819610834121704,0.02701447159051895,0.12599189579486847,0.06503244489431381
2612,occlusion,high,0.10790634155273438,0.7148191928863525,17.712764739990234,3.222366558475187e-06,0.0010706317843869328,2.153198693122249e-05,0.9989045858383179
2613,clean,none,0.007435603998601437,0.9936672449111938,39.580440521240234,0.8009141087532043,0.03246205672621727,0.09979545325040817,0.06682839244604111
2614,blur,high,0.03884146735072136,0.9045015573501587,26.03480339050293,0.12911522388458252,0.013955185189843178,0.828508198261261,0.02842138335108757
2615,occlusion,medium,0.06581808626651764,0.6408190727233887,20.854894638061523,0.0004926304682157934,0.011334553360939026,0.000785529671702534,0.9873872399330139
2616,blur,medium,0.03179989010095596,0.9165395498275757,27.6395320892334,0.12230292707681656,0.012493379414081573,0.839047908782959,0.026155786588788033
2617,occlusion,high,0.05536975711584091,0.7761795520782471,20.13979148864746,5.278009496123559e-08,0.00028150217258371413,9.455255280954589e-07,0.9997175335884094
2618,clean,none,0.007438783533871174,0.996163010597229,39.95847702026367,0.8482893705368042,0.030604694038629532,0.06093141436576843,0.060174476355314255
2619,blur,high,0.05180983245372772,0.8665642738342285,22.985065460205078,0.12976892292499542,0.015103833749890327,0.8241885304450989,0.030938729643821716
2620,salt_pepper,high,0.12352482974529266,0.7952874898910522,16.00885772705078,0.03768143802881241,0.8726928234100342,0.06318468600511551,0.0264410562813282
2621,clean,none,0.03826777637004852,0.9794474840164185,25.971675872802734,0.6282732486724854,0.04546322673559189,0.21509651839733124,0.11116690933704376
2622,salt_pepper,low,0.06045091897249222,0.8815097808837891,22.88311195373535,0.036940667778253555,0.851735532283783,0.07602335512638092,0.03530044108629227
2623,salt_pepper,high,0.03026270493865013,0.8513609766960144,27.891523361206055,0.019508296623826027,0.9270276427268982,0.039022788405418396,0.014441316947340965
2624,occlusion,low,0.031351976096630096,0.8230172395706177,26.546188354492188,0.07927829772233963,0.06290999799966812,0.02237546630203724,0.8354361653327942
2625,blur,high,0.0510697178542614,0.7141640186309814,23.50263786315918,0.1285678595304489,0.015118748880922794,0.8254911303520203,0.030822323635220528
2626,occlusion,medium,0.034916382282972336,0.8408938646316528,25.886856079101562,0.0011798712657764554,0.017693014815449715,0.0014749375404790044,0.9796521067619324
2627,blur,medium,0.03639238327741623,0.848321795463562,25.143177032470703,0.1205444261431694,0.013989602215588093,0.8350395560264587,0.030426425859332085
2628,occlusion,low,0.0288621187210083,0.8494678735733032,26.08001708984375,0.17092202603816986,0.08034481853246689,0.03963116183876991,0.7091020941734314
2629,blur,low,0.08563026785850525,0.8464604616165161,18.5902099609375,0.14087766408920288,0.01349586620926857,0.8186848163604736,0.02694164775311947
2630,blur,high,0.032181158661842346,0.8845588564872742,26.61452865600586,0.1207532063126564,0.010599067434668541,0.8466818332672119,0.02196580171585083
2631,blur,low,0.029022498056292534,0.9650577306747437,29.059059143066406,0.1398089975118637,0.011265146546065807,0.8266829252243042,0.022242911159992218
2632,occlusion,low,0.027041565626859665,0.8899869322776794,27.267642974853516,0.18636810779571533,0.07845547795295715,0.024617308750748634,0.710559070110321
2633,blur,high,0.06362411379814148,0.8078286647796631,21.912109375,0.11740034073591232,0.013089089654386044,0.8417141437530518,0.027796398848295212
2634,blur,high,0.03366855904459953,0.8571531176567078,26.839176177978516,0.11829689145088196,0.010597470216453075,0.8488946557044983,0.022210992872714996
2635,blur,high,0.03672162443399429,0.8120698928833008,25.517499923706055,0.1243605837225914,0.01130298338830471,0.8408023715019226,0.02353404276072979
2636,blur,low,0.03811057657003403,0.8876728415489197,26.07354164123535,0.15824607014656067,0.012975486926734447,0.8030740022659302,0.02570446766912937
2637,blur,medium,0.06529965996742249,0.8657721877098083,20.667633056640625,0.1295938938856125,0.01680011861026287,0.817801296710968,0.03580472245812416
2638,blur,medium,0.06509795784950256,0.8531152606010437,21.296428680419922,0.11516127735376358,0.011207417584955692,0.8496599793434143,0.02397126704454422
2639,blur,low,0.020294349640607834,0.9104401469230652,31.032581329345703,0.1498934030532837,0.01639118604362011,0.7987508773803711,0.034964513033628464
2640,blur,low,0.06026822328567505,0.877129077911377,21.597021102905273,0.14942632615566254,0.017264820635318756,0.7997971177101135,0.03351173177361488
2641,clean,none,0.004295649006962776,0.9984862804412842,43.67290115356445,0.8931121826171875,0.030966414138674736,0.024384768679738045,0.05153665691614151
2642,salt_pepper,medium,0.05017448589205742,0.8178833723068237,21.663721084594727,0.032673001289367676,0.8789178133010864,0.06277678161859512,0.02563243918120861
2643,blur,high,0.03396123647689819,0.8488892316818237,26.05432891845703,0.11424795538187027,0.012220856733620167,0.8475480079650879,0.025983192026615143
2644,clean,none,0.005901680793613195,0.9956479072570801,40.843997955322266,0.8846989274024963,0.030274925753474236,0.03481999784708023,0.05020621046423912
2645,clean,none,0.004856388550251722,0.9963335990905762,43.99738693237305,0.8208138346672058,0.0243285670876503,0.09925352036952972,0.05560409277677536
2646,clean,none,0.004818808287382126,0.9978179335594177,43.320804595947266,0.8374823331832886,0.029520999640226364,0.0762377381324768,0.056758981198072433
2647,salt_pepper,medium,0.029602330178022385,0.8825804591178894,28.325355529785156,0.034871865063905716,0.8748403787612915,0.0636509358882904,0.026636751368641853
2648,blur,medium,0.09525366872549057,0.7992245554924011,17.69452667236328,0.1307702362537384,0.016379335895180702,0.8196110129356384,0.03323943540453911
2649,occlusion,high,0.05323120951652527,0.7747788429260254,21.68062400817871,1.6522432133569964e-06,0.0008930911426432431,1.1037293916160706e-05,0.9990941286087036
2650,clean,none,0.011357906274497509,0.988318681716919,36.60177993774414,0.7045157551765442,0.03422857075929642,0.19243071973323822,0.06882494688034058
2651,salt_pepper,high,0.02889847755432129,0.8655338287353516,28.311899185180664,0.03218509256839752,0.8889077305793762,0.05586066469550133,0.02304660715162754
2652,blur,high,0.027152787894010544,0.7937752604484558,27.119956970214844,0.09912066161632538,0.016052141785621643,0.8343241810798645,0.05050307512283325
2653,occlusion,medium,0.0382845513522625,0.7643370628356934,23.50356674194336,0.009387554600834846,0.025470159947872162,0.004684652201831341,0.9604576230049133
2654,clean,none,0.0048632449470460415,0.9954953193664551,43.47255325317383,0.8254308700561523,0.028997477144002914,0.0839567482471466,0.061614908277988434
2655,blur,medium,0.04810883849859238,0.9000028371810913,24.793285369873047,0.11994991451501846,0.010881422087550163,0.8462079763412476,0.02296075038611889
2656,salt_pepper,medium,0.05252225324511528,0.7585760354995728,22.71973419189453,0.023777591064572334,0.9081641435623169,0.04922665283083916,0.018831614404916763
2657,salt_pepper,medium,0.048121631145477295,0.8240687847137451,22.72415542602539,0.025985389947891235,0.8967099785804749,0.05552814528346062,0.021776404231786728
2658,clean,none,0.004807511810213327,0.9973993301391602,44.17469787597656,0.8503613471984863,0.027638044208288193,0.06213550642132759,0.05986504629254341
2659,blur,low,0.04130806028842926,0.8747483491897583,25.376903533935547,0.17921990156173706,0.019862130284309387,0.7602013945579529,0.04071654751896858
2660,occlusion,high,0.08553197234869003,0.7006121873855591,18.38758087158203,0.00043829393689520657,0.008602325804531574,0.00046655521146021783,0.9904928803443909
2661,blur,high,0.03778141364455223,0.8188446760177612,25.252487182617188,0.11828170716762543,0.013098461553454399,0.8414381146430969,0.027181757614016533
2662,blur,high,0.06956955045461655,0.8472678661346436,21.26591682434082,0.11621508002281189,0.010935762897133827,0.8493623733520508,0.023486774414777756
2663,salt_pepper,medium,0.04524003714323044,0.7411777973175049,23.647682189941406,0.023926330730319023,0.9066241383552551,0.05001988261938095,0.01942962408065796
2664,salt_pepper,medium,0.05095735937356949,0.7780196666717529,21.71156120300293,0.024914683774113655,0.9008921980857849,0.053286198526620865,0.020906955003738403
2665,clean,none,0.004687703214585781,0.9970085024833679,44.21291732788086,0.8250492215156555,0.03339368849992752,0.0716300755739212,0.06992699205875397
2666,blur,high,0.033476028591394424,0.9309858679771423,27.846263885498047,0.12385763972997665,0.011393280699849129,0.841317355632782,0.023431677371263504
2667,occlusion,low,0.03303943946957588,0.8554844856262207,24.96372413635254,0.005850242916494608,0.023072320967912674,0.015385802835226059,0.9556916356086731
2668,salt_pepper,high,0.029708143323659897,0.8887721300125122,27.987634658813477,0.03957931697368622,0.8657842874526978,0.06517744064331055,0.029458975419402122
2669,occlusion,medium,0.05071673542261124,0.7817244529724121,21.325252532958984,0.019023098051548004,0.0367310494184494,0.022715261206030846,0.9215306639671326
2670,salt_pepper,high,0.025758713483810425,0.908971905708313,29.1810302734375,0.043510619550943375,0.858771562576294,0.0672721415758133,0.030445711687207222
2671,salt_pepper,high,0.04444430395960808,0.7878890037536621,24.2752685546875,0.0312258992344141,0.8915754556655884,0.05483666807413101,0.022361980751156807
2672,occlusion,high,0.05934220552444458,0.6884721517562866,19.87994956970215,0.001149842282757163,0.011884179897606373,0.0008695198921486735,0.9860965609550476
2673,blur,high,0.060362495481967926,0.7661091685295105,21.65731430053711,0.1186043843626976,0.012884868308901787,0.8411266207695007,0.02738415263593197
2674,salt_pepper,low,0.029753442853689194,0.9227988123893738,28.37945556640625,0.04430696368217468,0.8407056331634521,0.07796914130449295,0.037018220871686935
2675,blur,medium,0.08091467618942261,0.7836307883262634,19.771808624267578,0.12761443853378296,0.014322970993816853,0.8287978768348694,0.029264705255627632
2676,clean,none,0.00751023693010211,0.9910232424736023,39.262027740478516,0.7184527516365051,0.03245721757411957,0.18246537446975708,0.06662469357252121
2677,occlusion,low,0.04750378429889679,0.8608822822570801,20.654237747192383,0.4172794818878174,0.09105954319238663,0.07034692168235779,0.4213140606880188
2678,clean,none,0.006124231498688459,0.9957139492034912,41.07684326171875,0.8309019207954407,0.03233765810728073,0.0766729936003685,0.060087382793426514
2679,clean,none,0.0043431734666228294,0.9982514381408691,44.009517669677734,0.8766541481018066,0.026704631745815277,0.04036422818899155,0.05627698078751564
2680,clean,none,0.010591736063361168,0.9911526441574097,36.152950286865234,0.7285518646240234,0.03095291741192341,0.16775724291801453,0.07273799180984497
2681,clean,none,0.0029804608784615993,0.9990675449371338,47.54241943359375,0.9004547595977783,0.027123291045427322,0.025323420763015747,0.04709849879145622
2682,salt_pepper,medium,0.04468410462141037,0.8914258480072021,24.72272491455078,0.03552456572651863,0.8733687996864319,0.06396213918924332,0.027144569903612137
2683,occlusion,medium,0.04222525656223297,0.7642636299133301,24.080808639526367,0.004751630127429962,0.022914249449968338,0.006068600807338953,0.9662654995918274
2684,occlusion,high,0.05105941742658615,0.7108470797538757,20.940914154052734,0.0005388128338381648,0.006911648903042078,0.0003620403294917196,0.9921875
2685,occlusion,low,0.035618554800748825,0.8145699501037598,23.505035400390625,0.28319159150123596,0.09578403830528259,0.03021700121462345,0.5908074378967285
2686,clean,none,0.029938792809844017,0.9633111953735352,28.694669723510742,0.6496389508247375,0.027764013037085533,0.26664021611213684,0.05595684051513672
2687,occlusion,high,0.0623786561191082,0.6637408137321472,19.685976028442383,3.00947203868418e-06,0.0010313986567780375,1.1060068572987802e-05,0.9989545345306396
2688,occlusion,high,0.05394498631358147,0.7715795040130615,21.06885528564453,0.007330751977860928,0.030052145943045616,0.006780228577554226,0.9558368921279907
2689,occlusion,high,0.07246994972229004,0.6778237223625183,18.574615478515625,4.477045149542391e-05,0.005558785982429981,0.00013853039126843214,0.9942578077316284
2690,blur,medium,0.06221809983253479,0.8386601209640503,21.793806076049805,0.1124851256608963,0.012134527787566185,0.8496623039245605,0.025718078017234802
2691,salt_pepper,medium,0.04333014041185379,0.7446221113204956,24.936893463134766,0.04445813223719597,0.8469077944755554,0.07486403733491898,0.03377002477645874
2692,blur,medium,0.039499200880527496,0.8988534212112427,25.44107437133789,0.12420565634965897,0.010965457186102867,0.8422571420669556,0.022571813315153122
2693,occlusion,medium,0.04111971706151962,0.793419361114502,22.521230697631836,0.0005332156433723867,0.011156735010445118,0.0006828568293713033,0.9876272082328796
2694,salt_pepper,high,0.06335853040218353,0.7645925283432007,20.916095733642578,0.026984525844454765,0.9027693867683411,0.049972210079431534,0.020273877307772636
2695,blur,medium,0.037887029349803925,0.8420937061309814,26.235889434814453,0.12703630328178406,0.011864413507282734,0.8365792632102966,0.024519985541701317
2696,occlusion,medium,0.04858402535319328,0.7550687789916992,22.102256774902344,0.001772017334587872,0.01913790963590145,0.0032895130570977926,0.9758005738258362
2697,clean,none,0.006109049078077078,0.9969322681427002,41.516971588134766,0.8491845726966858,0.024554448202252388,0.06922545284032822,0.057035498321056366
2698,occlusion,high,0.04897710680961609,0.6778361797332764,23.126602172851562,0.00020501749531831592,0.004708397202193737,0.0002296290622325614,0.9948569536209106
2699,blur,high,0.06717368960380554,0.7334356307983398,21.35773468017578,0.12754783034324646,0.015894422307610512,0.8235077261924744,0.03304993733763695
2700,blur,medium,0.032157640904188156,0.8881019353866577,26.92173957824707,0.11757459491491318,0.01194817665964365,0.8449947834014893,0.025482458993792534
2701,salt_pepper,medium,0.03769170120358467,0.8681973218917847,26.495960235595703,0.03045501932501793,0.8898534178733826,0.05672650411725044,0.022965125739574432
2702,blur,medium,0.04938710853457451,0.8779925107955933,23.13321304321289,0.12077761441469193,0.01241504680365324,0.8411431312561035,0.025664202868938446
2703,occlusion,high,0.06446293741464615,0.6623170375823975,19.75514030456543,1.832773705245927e-05,0.002287269104272127,3.7652545870514587e-05,0.9976567029953003
2704,blur,low,0.03508026897907257,0.8837889432907104,27.55825424194336,0.13632619380950928,0.011430883780121803,0.8296017050743103,0.02264123409986496
2705,salt_pepper,medium,0.04415982589125633,0.7711249589920044,24.767942428588867,0.04100343957543373,0.8564912676811218,0.07170891761779785,0.030796406790614128
2706,blur,low,0.03997486084699631,0.8817744255065918,24.695518493652344,0.15801846981048584,0.013114362955093384,0.8029986619949341,0.02586858533322811
2707,salt_pepper,medium,0.04151197895407677,0.88106369972229,25.542470932006836,0.030013317242264748,0.8901345133781433,0.05708686634898186,0.02276534028351307
2708,clean,none,0.004123755265027285,0.999058723449707,44.68621826171875,0.9086793661117554,0.02172577753663063,0.02547805942595005,0.04411684721708298
2709,salt_pepper,low,0.03899921476840973,0.8820114135742188,25.26495933532715,0.04423237219452858,0.8369801044464111,0.07990746945142746,0.038880057632923126
2710,clean,none,0.00486772833392024,0.9960257411003113,43.35462951660156,0.8336665630340576,0.0271406639367342,0.0835362896323204,0.05565647780895233
2711,clean,none,0.006613588891923428,0.9934666156768799,41.11568069458008,0.8339009881019592,0.02771180309355259,0.07721056789159775,0.06117662787437439
2712,clean,none,0.00443994952365756,0.9968874454498291,44.4373893737793,0.858439564704895,0.029227253049612045,0.05722265690565109,0.05511043965816498
2713,clean,none,0.016857322305440903,0.9912500381469727,32.97441864013672,0.8578444719314575,0.028311312198638916,0.06150747463107109,0.05233678221702576
2714,blur,high,0.07186396420001984,0.7416664958000183,19.337617874145508,0.11355653405189514,0.012373407371342182,0.8478031754493713,0.026266833767294884
2715,salt_pepper,low,0.06809075176715851,0.713692307472229,21.114055633544922,0.06313008069992065,0.7942999601364136,0.0918252170085907,0.050744734704494476
2716,salt_pepper,low,0.03749130666255951,0.8704046010971069,26.17152976989746,0.04473666474223137,0.8373626470565796,0.07888955622911453,0.03901107236742973
2717,salt_pepper,medium,0.05615077540278435,0.8243707418441772,21.64154052734375,0.03216312825679779,0.8808273077011108,0.06168711557984352,0.02532244101166725
2718,occlusion,high,0.08547449111938477,0.5500500202178955,18.807361602783203,0.00011378581984899938,0.005114537663757801,0.00024855503579601645,0.9945231676101685
2719,clean,none,0.003568612737581134,0.9985052943229675,45.56499481201172,0.8674511909484863,0.023886745795607567,0.05137621983885765,0.057285845279693604
2720,blur,high,0.140330970287323,0.6820232272148132,14.487293243408203,0.12040063738822937,0.013828936032950878,0.8364505767822266,0.02931978926062584
2721,clean,none,0.005021989811211824,0.9967304468154907,41.66572570800781,0.8729162216186523,0.02882172167301178,0.04618184641003609,0.05208025872707367
2722,occlusion,low,0.02528250776231289,0.8498647212982178,27.22533416748047,0.04246843606233597,0.04716159403324127,0.031217144802212715,0.8791528344154358
2723,blur,low,0.040838465094566345,0.8553867340087891,25.03412437438965,0.1687966138124466,0.012727162800729275,0.7941277623176575,0.02434845268726349
2724,salt_pepper,medium,0.03803202137351036,0.7952688932418823,26.175947189331055,0.036068394780159,0.8703503608703613,0.06565599143505096,0.027925198897719383
2725,salt_pepper,high,0.03312183916568756,0.8458703756332397,26.485149383544922,0.022457508370280266,0.9184713959693909,0.04272765666246414,0.016343405470252037
2726,salt_pepper,high,0.03980588912963867,0.8465259075164795,24.467933654785156,0.02219291217625141,0.9176575541496277,0.043941430747509,0.01620805449783802
2727,clean,none,0.009127429686486721,0.9957524538040161,37.73988342285156,0.8611966371536255,0.05380946770310402,0.029705991968512535,0.05528798699378967
2728,blur,medium,0.030092090368270874,0.8586761355400085,27.659427642822266,0.11712417751550674,0.011338815093040466,0.8473102450370789,0.0242267157882452
2729,clean,none,0.004772257059812546,0.9975044131278992,43.75243377685547,0.8531203866004944,0.025441017001867294,0.06694834679365158,0.05449027568101883
2730,occlusion,high,0.06861245632171631,0.7180907130241394,20.52173614501953,2.4112458049785346e-05,0.002085603540763259,6.974650750635192e-05,0.9978204965591431
2731,salt_pepper,low,0.035898447036743164,0.8490322828292847,26.02090835571289,0.04232548177242279,0.8349828124046326,0.08108270913362503,0.04160909727215767
2732,clean,none,0.00743006682023406,0.9955293536186218,39.04792785644531,0.7732396125793457,0.030211862176656723,0.13183417916297913,0.06471440196037292
2733,blur,medium,0.032388120889663696,0.9383381605148315,27.09857177734375,0.12342726439237595,0.010608473792672157,0.8440718650817871,0.0218923669308424
2734,clean,none,0.00823314767330885,0.996555507183075,39.207725524902344,0.7928094863891602,0.031150661408901215,0.09831902384757996,0.07772085815668106
2735,occlusion,low,0.05054710432887077,0.8756223917007446,18.096416473388672,0.6894389390945435,0.07287748157978058,0.05055627226829529,0.18712736666202545
2736,occlusion,high,0.07771336287260056,0.5910719633102417,19.716156005859375,3.396821557544172e-05,0.0023767072707414627,5.8548033848637715e-05,0.9975307583808899
2737,clean,none,0.003542163409292698,0.9986746311187744,46.92595672607422,0.9043658375740051,0.02558901347219944,0.0219541247934103,0.048091061413288116
2738,occlusion,medium,0.05301588028669357,0.7490717172622681,21.407169342041016,1.407428953825729e-05,0.002409224631264806,6.955012941034511e-05,0.9975071549415588
2739,salt_pepper,low,0.03447240591049194,0.8984689712524414,27.230558395385742,0.048410918563604355,0.8270573019981384,0.08332705497741699,0.041204728186130524
2740,salt_pepper,low,0.08886641263961792,0.6805719137191772,19.224626541137695,0.17102214694023132,0.660576581954956,0.08509091287851334,0.08331030607223511
2741,blur,medium,0.11610125005245209,0.6875652074813843,16.866374969482422,0.10916867852210999,0.010317574255168438,0.8583571910858154,0.02215651050209999
2742,clean,none,0.010210741311311722,0.9938396215438843,36.634788513183594,0.7933818697929382,0.029066942632198334,0.1125950887799263,0.06495609879493713
2743,blur,high,0.10381226986646652,0.6093670725822449,15.816287994384766,0.11858967691659927,0.011938030831515789,0.8445092439651489,0.02496311441063881
2744,clean,none,0.0029655401594936848,0.9949690699577332,47.26932144165039,0.9112981557846069,0.023815184831619263,0.019233083352446556,0.04565355181694031
2745,occlusion,medium,0.05733242630958557,0.767471969127655,18.827665328979492,0.10319387912750244,0.08705362677574158,0.010029437020421028,0.7997231483459473
2746,salt_pepper,low,0.04251036047935486,0.8711923360824585,24.69259262084961,0.03927396610379219,0.8470214009284973,0.07646293938159943,0.03724171221256256
2747,occlusion,low,0.07586406171321869,0.8907893896102905,14.61430549621582,0.3945313096046448,0.09660810977220535,0.06728363037109375,0.44157692790031433
2748,clean,none,0.0085636917501688,0.9932364225387573,39.063228607177734,0.7608287334442139,0.03516434505581856,0.13846242427825928,0.06554445624351501
2749,occlusion,low,0.03576280549168587,0.892541766166687,25.53680419921875,0.019569462165236473,0.036236073821783066,0.015464801341295242,0.9287295937538147
2750,clean,none,0.004017082042992115,0.9987130165100098,44.218997955322266,0.8551952242851257,0.024807143956422806,0.06886705011129379,0.05113060399889946
2751,salt_pepper,high,0.04480400308966637,0.7900015711784363,24.605823516845703,0.04485278204083443,0.8522082567214966,0.07077758014202118,0.03216145187616348
2752,occlusion,medium,0.0509868822991848,0.7182646989822388,22.983753204345703,0.0005786992842331529,0.011228803545236588,0.0006845771567896008,0.9875078797340393
2753,blur,medium,0.055936604738235474,0.8057546615600586,22.357223510742188,0.11984051764011383,0.015391917899250984,0.8301448822021484,0.03462265059351921
2754,blur,low,0.056025248020887375,0.8718217611312866,23.231983184814453,0.18309065699577332,0.020675789564847946,0.7530093789100647,0.043224237859249115
2755,blur,medium,0.03362071514129639,0.9277315139770508,26.7409725189209,0.12080854922533035,0.010480360127985477,0.846966028213501,0.02174515463411808
2756,clean,none,0.012607505545020103,0.9963252544403076,34.139949798583984,0.8746299147605896,0.024206193163990974,0.055671047419309616,0.04549283906817436
2757,occlusion,low,0.03433184698224068,0.872567355632782,25.251235961914062,0.014525156468153,0.03250737488269806,0.008172348141670227,0.9447950720787048
2758,blur,low,0.04601592570543289,0.9087915420532227,24.829710006713867,0.14371691644191742,0.01252310536801815,0.8195448517799377,0.02421514317393303
2759,clean,none,0.003733869642019272,0.9992421865463257,44.646278381347656,0.9210882782936096,0.021427365019917488,0.01815088279545307,0.03933347016572952
2760,clean,none,0.037919919937849045,0.9815402030944824,24.834318161010742,0.7515445351600647,0.026935914531350136,0.16530455648899078,0.05621504411101341
2761,occlusion,high,0.06771121919155121,0.733116865158081,17.603242874145508,0.13303540647029877,0.06789468228816986,0.026136158034205437,0.7729337811470032
2762,occlusion,medium,0.0559583455324173,0.7169422507286072,21.51688003540039,0.0005679312162101269,0.013451550155878067,0.0008445159764960408,0.985136091709137
2763,blur,low,0.044878698885440826,0.8804593086242676,24.461061477661133,0.15994229912757874,0.012945686466991901,0.8023803234100342,0.024731675162911415
2764,blur,low,0.05554133281111717,0.8698462247848511,22.424880981445312,0.16670222580432892,0.014590867795050144,0.7901408076286316,0.028566040098667145
2765,clean,none,0.005718088708817959,0.9979337453842163,42.07592010498047,0.866278886795044,0.02470313385128975,0.05165718123316765,0.057360779494047165
2766,salt_pepper,high,0.05099214240908623,0.7976385951042175,23.662227630615234,0.03969992697238922,0.8689577579498291,0.0636686161160469,0.027673713862895966
2767,clean,none,0.0068224347196519375,0.9967511892318726,41.326602935791016,0.8730167150497437,0.023370902985334396,0.0565938726067543,0.04701848328113556
2768,occlusion,high,0.08831775188446045,0.48515161871910095,18.58527946472168,5.870138465979835e-06,0.001950531266629696,3.471624222584069e-05,0.9980089068412781
2769,salt_pepper,low,0.051711827516555786,0.8179415464401245,23.62657356262207,0.02878693863749504,0.8682597875595093,0.0699985921382904,0.03295467048883438
2770,clean,none,0.007856316864490509,0.9968900680541992,38.947608947753906,0.8837775588035583,0.03307636082172394,0.025118790566921234,0.0580272413790226
2771,blur,medium,0.05527890846133232,0.7839227914810181,21.97705078125,0.11943774670362473,0.011492762714624405,0.8452076315879822,0.023861795663833618
2772,blur,low,0.05202830955386162,0.8881794810295105,22.978851318359375,0.14948564767837524,0.012791037559509277,0.8121945858001709,0.02552873268723488
2773,clean,none,0.005516424775123596,0.9981732368469238,42.49344253540039,0.867204487323761,0.02413279376924038,0.054403144866228104,0.05425962805747986
2774,clean,none,0.008277717977762222,0.9942488074302673,38.9376106262207,0.7663437128067017,0.03419206291437149,0.12596985697746277,0.07349445670843124
2775,salt_pepper,high,0.05442264676094055,0.7911676168441772,23.043058395385742,0.03227181360125542,0.8882014751434326,0.05633389204740524,0.023192845284938812
2776,occlusion,low,0.08499675989151001,0.739507794380188,18.471328735351562,0.18980738520622253,0.09849881380796432,0.026409154757857323,0.6852846145629883
2777,clean,none,0.010038613341748714,0.9691715240478516,36.90673065185547,0.5962188839912415,0.04296303540468216,0.24753528833389282,0.11328277736902237
2778,clean,none,0.009469125419855118,0.9966568946838379,36.5407600402832,0.8642939329147339,0.040699176490306854,0.03279542177915573,0.06221142038702965
2779,salt_pepper,low,0.045840516686439514,0.8613103628158569,20.79970359802246,0.03906228393316269,0.8392132520675659,0.08661556243896484,0.035108890384435654
2780,occlusion,low,0.026595085859298706,0.8937842845916748,27.665061950683594,0.06960068643093109,0.061999108642339706,0.02503642812371254,0.8433637619018555
2781,blur,medium,0.03874693810939789,0.8425080180168152,25.44855308532715,0.11382969468832016,0.012880250811576843,0.8462201356887817,0.027069874107837677
2782,clean,none,0.007399850990623236,0.9951897859573364,39.985382080078125,0.8578578233718872,0.03093956969678402,0.049071237444877625,0.062131382524967194
2783,occlusion,low,0.08243057131767273,0.6558798551559448,18.026145935058594,0.012632551603019238,0.03994608297944069,0.008051600307226181,0.939369797706604
2784,occlusion,high,0.09040398895740509,0.4546459913253784,17.398435592651367,0.0004039817722514272,0.015602550469338894,0.000418163399444893,0.9835753440856934
2785,clean,none,0.008533202111721039,0.9943987727165222,39.26414108276367,0.8307673931121826,0.030316658318042755,0.0783361941576004,0.06057969480752945
2786,clean,none,0.006093782372772694,0.9951817989349365,41.001747131347656,0.8319175243377686,0.03325057402253151,0.06727518141269684,0.06755663454532623
2787,salt_pepper,high,0.061923351138830185,0.768376350402832,21.795188903808594,0.03259855881333351,0.8880652785301208,0.056136805564165115,0.023199256509542465
2788,salt_pepper,low,0.060202911496162415,0.7977973818778992,21.569271087646484,0.06216466799378395,0.8011583089828491,0.08867567032575607,0.048001401126384735
2789,salt_pepper,low,0.04643622040748596,0.7967604994773865,23.094493865966797,0.056342754513025284,0.810928463935852,0.08509434014558792,0.04763440787792206
2790,occlusion,low,0.03648367524147034,0.8272652626037598,25.55533218383789,0.032451897859573364,0.04704815521836281,0.02775215357542038,0.8927477598190308
2791,salt_pepper,low,0.04679349064826965,0.8176149129867554,23.561172485351562,0.0320507250726223,0.862166702747345,0.0718139186501503,0.03396858274936676
2792,salt_pepper,low,0.06703360378742218,0.8102031946182251,20.954084396362305,0.0508156381547451,0.8173435926437378,0.08822982758283615,0.043610867112874985
2793,blur,low,0.04564183950424194,0.8037536144256592,23.904178619384766,0.31075066328048706,0.018218280747532845,0.6367291212081909,0.03430189937353134
2794,salt_pepper,high,0.047727685421705246,0.8132771849632263,22.537792205810547,0.02775442972779274,0.9025773406028748,0.04963339865207672,0.020034849643707275
2795,blur,high,0.0774848610162735,0.6425178050994873,19.637685775756836,0.10915041714906693,0.01097434014081955,0.8561623692512512,0.02371283993124962
2796,occlusion,medium,0.06320534646511078,0.6551378965377808,20.80322265625,0.0006952213007025421,0.015733249485492706,0.0005913306958973408,0.9829802513122559
2797,blur,medium,0.05978092551231384,0.8047153949737549,21.408674240112305,0.10705249011516571,0.010284347459673882,0.8605425357818604,0.02212061733007431
2798,clean,none,0.004561085253953934,0.9974073171615601,43.441524505615234,0.8861570358276367,0.025338800624012947,0.03962526470422745,0.048878833651542664
2799,clean,none,0.010174206458032131,0.989923894405365,37.68425369262695,0.7874058485031128,0.03012712113559246,0.11471564322710037,0.06775141507387161
2800,occlusion,high,0.06703221797943115,0.6542737483978271,17.236732482910156,1.3950999573353329e-06,0.0013308468041941524,1.222326227434678e-05,0.9986555576324463
2801,occlusion,high,0.08441488444805145,0.6304030418395996,16.565340042114258,1.6136275007738732e-05,0.0023830546997487545,4.464010999072343e-05,0.997556209564209
2802,salt_pepper,low,0.06823126971721649,0.7146105766296387,21.053329467773438,0.049847353249788284,0.817003607749939,0.08658601343631744,0.04656299203634262
2803,clean,none,0.01014228630810976,0.9938158392906189,36.13235855102539,0.8444195985794067,0.030998142436146736,0.06437405198812485,0.060208167880773544
2804,clean,none,0.038121987134218216,0.9429618716239929,26.27840805053711,0.5963221788406372,0.03432159870862961,0.3018147349357605,0.06754151731729507
2805,occlusion,low,0.04906434938311577,0.7015275955200195,21.639068603515625,0.007940505631268024,0.02972155250608921,0.011451592668890953,0.9508863091468811
2806,occlusion,low,0.03397345915436745,0.8409256339073181,25.332286834716797,0.056429244577884674,0.06041279807686806,0.01840965636074543,0.8647482395172119
2807,occlusion,medium,0.02462686225771904,0.9136711359024048,28.47757339477539,8.867523138178512e-05,0.005486540030688047,0.0003018472052644938,0.9941229224205017
2808,clean,none,0.007221721112728119,0.9971332550048828,40.18143081665039,0.8952885270118713,0.02877306565642357,0.02406952530145645,0.051868852227926254
2809,clean,none,0.01497334148734808,0.9856991767883301,33.795650482177734,0.5773351192474365,0.027449889108538628,0.33565789461135864,0.05955710634589195
2810,clean,none,0.007889363914728165,0.9963433146476746,39.6702995300293,0.8690198063850403,0.026944825425744057,0.05002843961119652,0.05400693044066429
2811,salt_pepper,high,0.055270206183195114,0.7122452259063721,22.9227352142334,0.04392053931951523,0.8538125157356262,0.06948374211788177,0.03278321772813797
2812,occlusion,high,0.06652797758579254,0.5333085060119629,20.554311752319336,1.2557345144159626e-05,0.001924887765198946,3.4548200346762314e-05,0.9980279803276062
2813,clean,none,0.0138288214802742,0.9894933104515076,34.80937957763672,0.8039340376853943,0.033236920833587646,0.09387049078941345,0.06895853579044342
2814,blur,low,0.06991052627563477,0.7777085304260254,19.75811195373535,0.15387669205665588,0.015638258308172226,0.8012891411781311,0.029195962473750114
2815,occlusion,high,0.1206238716840744,0.6237728595733643,14.834733009338379,1.2146571862103883e-05,0.0018682656809687614,3.876940536429174e-05,0.998080849647522
2816,blur,high,0.04920141026377678,0.8677693605422974,23.502723693847656,0.11490794271230698,0.010708783753216267,0.8514301180839539,0.02295319363474846
2817,clean,none,0.008617032319307327,0.9924001693725586,38.606632232666016,0.7531856894493103,0.03133011981844902,0.14899243414402008,0.0664917528629303
2818,clean,none,0.018380481749773026,0.9798867106437683,31.769187927246094,0.7053586840629578,0.03684883937239647,0.18583258986473083,0.07195987552404404
2819,salt_pepper,high,0.042470239102840424,0.7602123022079468,24.748933792114258,0.031803254038095474,0.8911694884300232,0.05465562641620636,0.022371677681803703
2820,salt_pepper,high,0.06346878409385681,0.6446354389190674,21.381614685058594,0.037385135889053345,0.8733268976211548,0.06303633749485016,0.026251668110489845
2821,salt_pepper,low,0.04795161634683609,0.8180468082427979,23.46102523803711,0.027246003970503807,0.8737661838531494,0.06604751199483871,0.032940324395895004
2822,clean,none,0.00883357971906662,0.9966078996658325,38.84724044799805,0.8811739087104797,0.02633127011358738,0.04255425184965134,0.04994058609008789
2823,clean,none,0.013732576742768288,0.9898655414581299,35.017303466796875,0.7626185417175293,0.032630663365125656,0.12255669385194778,0.08219408988952637
2824,occlusion,medium,0.07908613234758377,0.6963161826133728,17.476146697998047,0.00845690630376339,0.03263350948691368,0.017442336305975914,0.94146728515625
2825,blur,high,0.06629911810159683,0.8175984621047974,20.80878448486328,0.11728619784116745,0.011076705530285835,0.8482120037078857,0.023425042629241943
2826,occlusion,low,0.04572243243455887,0.8769477605819702,20.83913803100586,0.40803688764572144,0.09169722348451614,0.07772082835435867,0.42254507541656494
2827,occlusion,high,0.06166815757751465,0.6805528998374939,19.409740447998047,0.00014391106378752738,0.005810494534671307,0.00043161874054931104,0.9936140179634094
2828,blur,low,0.07530383765697479,0.7861795425415039,20.061243057250977,0.17056944966316223,0.013204105198383331,0.7917735576629639,0.024452898651361465
2829,salt_pepper,high,0.05179436504840851,0.8442790508270264,22.57819938659668,0.02709759958088398,0.9045438170433044,0.04925462231040001,0.019104041159152985
2830,clean,none,0.012899304740130901,0.9917317628860474,34.4378662109375,0.7409072518348694,0.031960949301719666,0.15540571510791779,0.07172607630491257
2831,blur,medium,0.058222174644470215,0.7740169763565063,21.315753936767578,0.11529194563627243,0.011801265180110931,0.8483534455299377,0.02455335110425949
2832,salt_pepper,medium,0.06362587958574295,0.8022757768630981,20.89098358154297,0.0341719351708889,0.8743466138839722,0.06398799270391464,0.027493467554450035
2833,clean,none,0.018168283626437187,0.9866074323654175,32.619384765625,0.8122984766960144,0.03343407064676285,0.09539727866649628,0.05887012183666229
2834,clean,none,0.009187066927552223,0.9945436716079712,38.16895294189453,0.7607452869415283,0.03054802678525448,0.13596156239509583,0.07274512201547623
2835,blur,medium,0.039580002427101135,0.76145339012146,24.844017028808594,0.12535591423511505,0.01119312085211277,0.8406461477279663,0.022804824635386467
2836,clean,none,0.008333480916917324,0.9943978786468506,38.98612976074219,0.8227524757385254,0.02785823680460453,0.08864080160856247,0.060748517513275146
2837,clean,none,0.005455330014228821,0.9972156882286072,42.675113677978516,0.8680260181427002,0.028912900015711784,0.04939701035618782,0.053664084523916245
2838,salt_pepper,medium,0.039295800030231476,0.7925738096237183,24.87870216369629,0.038208648562431335,0.8666166067123413,0.06693051755428314,0.02824421599507332
2839,blur,low,0.03894919157028198,0.8733522295951843,25.449020385742188,0.17091144621372223,0.012618632055819035,0.792807936668396,0.0236620232462883
2840,clean,none,0.014093330129981041,0.987841010093689,34.50703430175781,0.7335771322250366,0.035215746611356735,0.15754328668117523,0.07366382330656052
2841,clean,none,0.010538613423705101,0.9944435954093933,36.55964279174805,0.8126772046089172,0.023841891437768936,0.11158183217048645,0.05189906433224678
2842,salt_pepper,medium,0.07289178669452667,0.6486200094223022,20.24812889099121,0.04190904647111893,0.8542274832725525,0.07173388451337814,0.03212958574295044
2843,clean,none,0.01162508875131607,0.9939362406730652,36.07365036010742,0.8226454854011536,0.02970537170767784,0.0901433527469635,0.057505786418914795
2844,blur,high,0.060230694711208344,0.7070481181144714,22.22296714782715,0.12123704701662064,0.011105123907327652,0.8447737097740173,0.022884100675582886
2845,salt_pepper,medium,0.06254755705595016,0.7855819463729858,21.8306884765625,0.030704347416758537,0.8862618803977966,0.05805843323469162,0.024975266307592392
2846,salt_pepper,medium,0.089863620698452,0.7100316882133484,17.923601150512695,0.03191746771335602,0.8827674388885498,0.05885494872927666,0.026460202410817146
2847,salt_pepper,low,0.037822168320417404,0.8606753349304199,26.286128997802734,0.03734107315540314,0.8490331768989563,0.07596283406019211,0.037662919610738754
2848,blur,high,0.06947536766529083,0.7346347570419312,20.392074584960938,0.1201167032122612,0.014518039301037788,0.8342480659484863,0.03111722506582737
2849,occlusion,high,0.10914082825183868,0.5464382171630859,16.524982452392578,1.3000428225495853e-05,0.0028313694056123495,6.573933933395892e-05,0.9970898628234863
2850,salt_pepper,high,0.04631945490837097,0.8389245271682739,24.473817825317383,0.03712178394198418,0.873166024684906,0.062867671251297,0.026844577863812447
2851,salt_pepper,medium,0.061973344534635544,0.8115434646606445,21.59558868408203,0.03373347595334053,0.8753570914268494,0.06445962935686111,0.026449909433722496
2852,occlusion,medium,0.05006595700979233,0.7144402265548706,22.15620994567871,0.0006470833322964609,0.009682378731667995,0.002019015606492758,0.9876515865325928
2853,blur,low,0.08245169371366501,0.7007770538330078,19.900634765625,0.13807789981365204,0.012831848114728928,0.8246518969535828,0.024438345804810524
2854,clean,none,0.010994489304721355,0.9961087107658386,37.27704620361328,0.8947895169258118,0.025405511260032654,0.0337088443338871,0.04609612375497818
2855,occlusion,low,0.06078794226050377,0.8064157962799072,20.749452590942383,0.031114457175135612,0.04578975588083267,0.021683795377612114,0.9014119505882263
2856,clean,none,0.0056009441614151,0.9963701963424683,42.1080322265625,0.8491570949554443,0.027735905721783638,0.06486564129590988,0.05824138969182968
2857,occlusion,low,0.052215736359357834,0.7396576404571533,21.512357711791992,0.004834446590393782,0.023704085499048233,0.003216028679162264,0.9682453870773315
2858,blur,high,0.06014186143875122,0.5507327318191528,22.122371673583984,0.1237073540687561,0.012078267522156239,0.8391831517219543,0.025031257420778275
2859,occlusion,medium,0.05105997249484062,0.6235020160675049,22.84160614013672,0.0001883569493656978,0.008412645198404789,0.00043352993088774383,0.9909654855728149
2860,blur,high,0.05931255966424942,0.7411222457885742,21.610992431640625,0.11982106417417526,0.01414133608341217,0.835979163646698,0.03005841374397278
2861,salt_pepper,low,0.03760476037859917,0.8851343989372253,26.295536041259766,0.034848034381866455,0.8556851744651794,0.07421205937862396,0.03525471314787865
2862,salt_pepper,high,0.0698702484369278,0.7519378066062927,19.952499389648438,0.03621329367160797,0.8780821561813354,0.060553714632987976,0.025150805711746216
2863,clean,none,0.005224748980253935,0.9968438148498535,43.23576354980469,0.8636956810951233,0.029675398021936417,0.04989662393927574,0.05673227086663246
2864,clean,none,0.005908435210585594,0.9981821775436401,41.6142463684082,0.8865521550178528,0.022999608889222145,0.04602542147040367,0.04442281648516655
2865,occlusion,medium,0.05170562118291855,0.6983019709587097,21.55984115600586,0.0018916720291599631,0.018163926899433136,0.002877364167943597,0.9770670533180237
2866,salt_pepper,medium,0.06002558767795563,0.7628786563873291,22.257648468017578,0.02891027182340622,0.8887127637863159,0.05785038322210312,0.02452658675611019
2867,salt_pepper,low,0.04915006458759308,0.7778444290161133,23.662607192993164,0.04827610030770302,0.8257079124450684,0.08206639438867569,0.043949615210294724
2868,blur,high,0.04406517371535301,0.7524735927581787,24.42977523803711,0.11660894751548767,0.011396934278309345,0.8477248549461365,0.02426926977932453
2869,occlusion,low,0.05221184715628624,0.8239884376525879,20.730514526367188,0.37541067600250244,0.07922472804784775,0.06360428780317307,0.4817603528499603
2870,blur,medium,0.03970690071582794,0.9019598960876465,25.199722290039062,0.12203101813793182,0.012053554877638817,0.8417181968688965,0.024197174236178398
2871,clean,none,0.013804657384753227,0.9917459487915039,34.319183349609375,0.8097782731056213,0.03207366168498993,0.09340102225542068,0.06474710255861282
2872,occlusion,medium,0.046748917549848557,0.7625398635864258,21.291292190551758,0.0067244707606732845,0.030355803668498993,0.007070274092257023,0.9558494091033936
2873,blur,high,0.07276734709739685,0.6984707713127136,20.13831329345703,0.11188655346632004,0.011071620509028435,0.8531535267829895,0.023888399824500084
2874,clean,none,0.017044326290488243,0.9874019026756287,33.07038497924805,0.7909932136535645,0.03337123617529869,0.1131809875369072,0.062454625964164734
2875,clean,none,0.015238380059599876,0.9843689799308777,33.283172607421875,0.6442299485206604,0.04037414863705635,0.24175260961055756,0.07364334911108017
2876,clean,none,0.010317835956811905,0.9937466979026794,36.678462982177734,0.7950464487075806,0.03596937656402588,0.09689758718013763,0.07208669185638428
2877,blur,low,0.04494686424732208,0.8782593011856079,24.015892028808594,0.15131030976772308,0.011776620522141457,0.8141459226608276,0.022767163813114166
2878,blur,high,0.03480251133441925,0.8862388134002686,24.772991180419922,0.12314896285533905,0.012067404575645924,0.8403031229972839,0.02448052354156971
2879,salt_pepper,medium,0.07240745425224304,0.7315106391906738,20.196327209472656,0.0339491181075573,0.8758932948112488,0.06312256306409836,0.02703501284122467
2880,occlusion,low,0.05102499574422836,0.8161848783493042,21.510160446166992,0.1205270066857338,0.08900471031665802,0.04279051721096039,0.747677743434906
2881,blur,high,0.06169767677783966,0.6564028263092041,21.89739990234375,0.11308751255273819,0.013317245058715343,0.8441166877746582,0.029478542506694794
2882,clean,none,0.007542266510426998,0.9951027631759644,40.25395202636719,0.8638297915458679,0.03036915510892868,0.04704737663269043,0.05875362828373909
2883,clean,none,0.007263324223458767,0.9938194751739502,39.34375762939453,0.8235483765602112,0.03270565718412399,0.06701402366161346,0.07673189789056778
2884,clean,none,0.009390237741172314,0.9941489696502686,37.25608825683594,0.7770887613296509,0.03188701346516609,0.1247943788766861,0.06622980535030365
2885,clean,none,0.006133582442998886,0.9967393279075623,41.695823669433594,0.8933351039886475,0.031483300030231476,0.026659931987524033,0.04852169752120972
2886,blur,high,0.05606709420681,0.747566819190979,22.43878936767578,0.11983656138181686,0.0159066841006279,0.83021080493927,0.03404594585299492
2887,blur,low,0.04164016991853714,0.8568577766418457,25.214344024658203,0.14069077372550964,0.011817902326583862,0.8237269520759583,0.023764364421367645
2888,blur,low,0.03968933969736099,0.9003633260726929,24.696048736572266,0.17138752341270447,0.017901789397001266,0.7764396071434021,0.034271035343408585
2889,occlusion,low,0.05288134515285492,0.8121248483657837,22.346296310424805,0.008268659003078938,0.025787364691495895,0.015963638201355934,0.9499803781509399
2890,blur,medium,0.029587237164378166,0.9037899374961853,28.238985061645508,0.11977197229862213,0.012536137364804745,0.8412548303604126,0.02643703483045101
2891,blur,medium,0.05381779000163078,0.7222837209701538,23.092060089111328,0.11844167113304138,0.015092410147190094,0.834827721118927,0.031638145446777344
2892,salt_pepper,low,0.033960070461034775,0.9315706491470337,26.739776611328125,0.036691851913928986,0.8553775548934937,0.07329534739255905,0.03463524952530861
2893,clean,none,0.008676989935338497,0.994749903678894,38.56456756591797,0.7563064694404602,0.03522520512342453,0.13562826812267303,0.07284009456634521
2894,salt_pepper,low,0.019302237778902054,0.9331622123718262,31.793806076049805,0.03538152948021889,0.8497493267059326,0.07847833633422852,0.03639078885316849
2895,occlusion,low,0.034128338098526,0.8933372497558594,21.786823272705078,0.051838219165802,0.060308393090963364,0.06265109032392502,0.8252022862434387
2896,salt_pepper,low,0.041526686400175095,0.8686506152153015,24.690420150756836,0.0284004807472229,0.8644645810127258,0.0716969296336174,0.03543795645236969
2897,salt_pepper,medium,0.042941536754369736,0.8678566813468933,24.413307189941406,0.024128086864948273,0.9079309105873108,0.04957394674420357,0.018367089331150055
2898,occlusion,low,0.04452355206012726,0.7753369212150574,23.222429275512695,0.008965825662016869,0.02997874654829502,0.008035714738070965,0.9530196785926819
2899,clean,none,0.027178235352039337,0.9825354814529419,29.046113967895508,0.4983799159526825,0.025328543037176132,0.42420896887779236,0.05208258330821991
2900,clean,none,0.011058870702981949,0.9927493929862976,36.25699234008789,0.7811391949653625,0.03937076777219772,0.09760602563619614,0.08188405632972717
2901,blur,medium,0.03595321998000145,0.8893054723739624,26.017282485961914,0.12282325327396393,0.011619958095252514,0.8416133522987366,0.023943385109305382
2902,blur,high,0.029621735215187073,0.909934937953949,27.2707462310791,0.11955514550209045,0.013159841299057007,0.8403716087341309,0.02691337838768959
2903,occlusion,low,0.035893432796001434,0.8749925494194031,23.48847198486328,0.005146807990968227,0.019807036966085434,0.0037202194798737764,0.9713259339332581
2904,occlusion,high,0.055573999881744385,0.7132961750030518,20.36874008178711,1.4140771781967487e-05,0.003344025695696473,0.00010024732182500884,0.9965415596961975
2905,clean,none,0.009634668938815594,0.9930679798126221,38.02177810668945,0.712879478931427,0.03688030689954758,0.17497983574867249,0.07526041567325592
2906,blur,medium,0.0470169298350811,0.8455723524093628,23.94019889831543,0.12132403999567032,0.010756594128906727,0.8455764651298523,0.022342853248119354
2907,clean,none,0.008439897559583187,0.9919721484184265,38.79130554199219,0.723395824432373,0.0315035805106163,0.18086250126361847,0.06423811614513397
2908,blur,low,0.030261069536209106,0.8773198127746582,27.85527992248535,0.17142245173454285,0.017733845859766006,0.7760184407234192,0.03482532873749733
2909,blur,low,0.030322497710585594,0.9311822652816772,28.396255493164062,0.13270671665668488,0.014041813090443611,0.8252922296524048,0.02795923687517643
2910,clean,none,0.005035088397562504,0.9977563619613647,43.29697036743164,0.8549824953079224,0.028972072526812553,0.05292105674743652,0.06312435865402222
2911,occlusion,medium,0.04073498025536537,0.821709394454956,23.32159423828125,9.86009108601138e-05,0.007005755323916674,0.00034541363129392266,0.9925501346588135
2912,salt_pepper,low,0.036043353378772736,0.903408944606781,26.679443359375,0.03125465288758278,0.8638415336608887,0.0718979761004448,0.03300587832927704
2913,salt_pepper,high,0.040698111057281494,0.8586322069168091,24.176633834838867,0.024120088666677475,0.911168098449707,0.047025613486766815,0.017686232924461365
2914,salt_pepper,high,0.034935615956783295,0.8758470416069031,25.751306533813477,0.023684753105044365,0.9141293168067932,0.04520907253026962,0.01697690226137638
2915,occlusion,high,0.09554731100797653,0.7409769892692566,14.794071197509766,7.963431562529877e-05,0.004879578482359648,0.0002673758426681161,0.9947734475135803
2916,salt_pepper,medium,0.024131257086992264,0.9423004984855652,29.104034423828125,0.03056625835597515,0.8883295655250549,0.05722331628203392,0.023880818858742714
2917,occlusion,high,0.08815358579158783,0.5874715447425842,16.8095703125,0.001662406255491078,0.015976984053850174,0.001862108358182013,0.9804984927177429
2918,salt_pepper,medium,0.047738682478666306,0.8875186443328857,23.5678768157959,0.021227993071079254,0.9152682423591614,0.04598049446940422,0.01752324402332306
2919,blur,high,0.04131201654672623,0.7151426076889038,24.666831970214844,0.12719771265983582,0.014691527001559734,0.8258647322654724,0.03224600851535797
2920,blur,low,0.05313635617494583,0.7071249485015869,23.08309555053711,0.28650882840156555,0.022368650883436203,0.6516317129135132,0.03949074447154999
2921,clean,none,0.004638617858290672,0.9977089166641235,44.244544982910156,0.8734104633331299,0.03317410126328468,0.038938239216804504,0.05447709560394287
2922,blur,low,0.027786612510681152,0.9349613189697266,28.946701049804688,0.13584423065185547,0.014519419521093369,0.8213074207305908,0.0283289086073637
2923,salt_pepper,low,0.0274188369512558,0.9208690524101257,28.48096466064453,0.039038605988025665,0.8447335362434387,0.07891278713941574,0.03731503710150719
2924,clean,none,0.006025135517120361,0.9951910376548767,41.971763610839844,0.8163710832595825,0.03591313585639,0.07967093586921692,0.06804493069648743
2925,clean,none,0.007975890301167965,0.9927568435668945,39.373191833496094,0.7362427115440369,0.03772437572479248,0.1505882889032364,0.07544468343257904
2926,clean,none,0.005635931622236967,0.9972791075706482,42.65699768066406,0.8779077529907227,0.033824771642684937,0.026193877682089806,0.062073592096567154
2927,blur,low,0.04083077609539032,0.840530276298523,25.478702545166016,0.1630583256483078,0.016779666766524315,0.7873302698135376,0.03283179551362991
2928,salt_pepper,low,0.03070206195116043,0.9147059321403503,27.73249626159668,0.03874236345291138,0.853500485420227,0.07336191833019257,0.034395311027765274
2929,salt_pepper,high,0.07136799395084381,0.7501895427703857,19.372732162475586,0.020974157378077507,0.9234211444854736,0.040560949593782425,0.015043744817376137
2930,blur,low,0.02520407736301422,0.9160345792770386,28.74103355407715,0.1611148864030838,0.015541291795670986,0.79313725233078,0.030206630006432533
2931,salt_pepper,medium,0.04607735201716423,0.8213108777999878,24.56562042236328,0.031267862766981125,0.8824477195739746,0.06124597787857056,0.025038380175828934
2932,blur,medium,0.03781707584857941,0.8796490430831909,25.571704864501953,0.11861199140548706,0.013578950427472591,0.8398315906524658,0.027977464720606804
2933,salt_pepper,low,0.06553958356380463,0.7596599459648132,20.97280502319336,0.06453782320022583,0.7930285930633545,0.09437978267669678,0.04805383086204529
2934,salt_pepper,low,0.05291657894849777,0.7565807104110718,22.69831657409668,0.05821728706359863,0.8065575957298279,0.0859178900718689,0.049307189881801605
2935,salt_pepper,medium,0.056333865970373154,0.7040314674377441,22.643524169921875,0.026241155341267586,0.9031239151954651,0.050988197326660156,0.019646652042865753
2936,occlusion,low,0.03320402652025223,0.797808051109314,24.61738395690918,0.1314794421195984,0.07302102446556091,0.030030015856027603,0.765469491481781
2937,salt_pepper,medium,0.04322753846645355,0.8613848090171814,24.080284118652344,0.0352998785674572,0.8739455342292786,0.0639379695057869,0.026816613972187042
2938,salt_pepper,high,0.03944917768239975,0.8719731569290161,25.146085739135742,0.02721371501684189,0.9044917225837708,0.049743011593818665,0.018551532179117203
2939,occlusion,medium,0.05481553077697754,0.7471626996994019,22.118623733520508,8.318299660459161e-05,0.00400518998503685,0.00017428415594622493,0.9957373142242432
2940,occlusion,high,0.0684673860669136,0.6961190700531006,18.6586971282959,1.9094804883934557e-05,0.0027398024685680866,6.150163244456053e-05,0.9971796274185181
2941,clean,none,0.007844801060855389,0.9955190420150757,39.45014572143555,0.783613383769989,0.03544370457530022,0.10922432690858841,0.07171855866909027
2942,clean,none,0.012762083671987057,0.9911159873008728,35.29941177368164,0.7650049328804016,0.03056875430047512,0.14369721710681915,0.06072903051972389
2943,blur,medium,0.09555286169052124,0.5770244002342224,17.19576072692871,0.11143741756677628,0.01153502706438303,0.8531371355056763,0.023890476673841476
2944,occlusion,high,0.07492776960134506,0.5602496862411499,18.32451820373535,0.0010461346246302128,0.014760737307369709,0.0005371160223148763,0.9836560487747192
2945,salt_pepper,high,0.030398404225707054,0.8321800231933594,28.183197021484375,0.022721154615283012,0.9202752709388733,0.04141979292035103,0.01558378804475069
2946,occlusion,high,0.0653601735830307,0.5595423579216003,20.418712615966797,0.0026219761930406094,0.01601867377758026,0.0013503979425877333,0.9800090789794922
2947,occlusion,medium,0.04564797878265381,0.7747273445129395,21.75896644592285,9.02863175724633e-05,0.004251951817423105,0.0003045855846721679,0.9953532218933105
2948,blur,medium,0.03965694457292557,0.8145935535430908,25.818866729736328,0.12492400407791138,0.014048824086785316,0.8321334719657898,0.02889368124306202
2949,blur,medium,0.07440483570098877,0.7074527740478516,20.423038482666016,0.10681477934122086,0.010660065338015556,0.8597299456596375,0.022795120254158974
2950,occlusion,high,0.08228437602519989,0.7006187438964844,16.215038299560547,6.0052639128116425e-06,0.0017982517601922154,3.202671359758824e-05,0.998163640499115
2951,clean,none,0.006579943001270294,0.9944047927856445,40.88606262207031,0.8347969055175781,0.03292914107441902,0.06514519453048706,0.06712878495454788
2952,occlusion,low,0.027139021083712578,0.8686188459396362,25.64993667602539,0.4827200770378113,0.08655974268913269,0.07150600105524063,0.359214186668396
2953,salt_pepper,high,0.04176979884505272,0.863236129283905,25.153778076171875,0.03040255792438984,0.8950764536857605,0.05315053090453148,0.021370435133576393
2954,salt_pepper,medium,0.027628546580672264,0.8515799045562744,28.135955810546875,0.01951885037124157,0.9216161966323853,0.04271955415606499,0.016145339235663414
2955,blur,low,0.04628610238432884,0.8652304410934448,24.30352020263672,0.13920900225639343,0.015019205398857594,0.8157880902290344,0.029983675107359886
2956,clean,none,0.007226920686662197,0.9946298599243164,40.490169525146484,0.7746099829673767,0.03220818564295769,0.12618368864059448,0.06699816137552261
2957,occlusion,low,0.07868292927742004,0.6363238096237183,19.91241455078125,0.005909592378884554,0.02722412720322609,0.012634637765586376,0.9542316198348999
2958,clean,none,0.02726764790713787,0.9819281101226807,28.137535095214844,0.6998591423034668,0.028535207733511925,0.2095165252685547,0.06208918243646622
2959,salt_pepper,low,0.037537068128585815,0.9244885444641113,26.447834014892578,0.03844044730067253,0.8473783731460571,0.07879140973091125,0.03538968786597252
2960,salt_pepper,high,0.07469694316387177,0.7028287649154663,19.596208572387695,0.03070344775915146,0.8956140875816345,0.052188441157341,0.021494010463356972
2961,blur,low,0.026852265000343323,0.9583600759506226,29.497249603271484,0.14261503517627716,0.011434527114033699,0.8233978748321533,0.02255256287753582
2962,blur,low,0.059837304055690765,0.8609012961387634,22.09388542175293,0.14671331644058228,0.01169649139046669,0.8183366060256958,0.02325354889035225
2963,salt_pepper,medium,0.031700268387794495,0.9042019248008728,27.40321159362793,0.02709401398897171,0.8951113820075989,0.055934030562639236,0.02186056412756443
2964,clean,none,0.00876672938466072,0.9934260249137878,38.6506233215332,0.8170391321182251,0.031378500163555145,0.08348197489976883,0.06810040026903152
2965,occlusion,high,0.08122384548187256,0.6706492900848389,17.238304138183594,3.1140027658693725e-06,0.0013509569689631462,2.1962037862977013e-05,0.9986239671707153
2966,clean,none,0.005566212348639965,0.9964854717254639,41.971763610839844,0.8174601793289185,0.0470249205827713,0.04389267787337303,0.09162220358848572
2967,clean,none,0.005151082761585712,0.9963774681091309,42.791664123535156,0.8702546954154968,0.03247949481010437,0.03760400041937828,0.059661731123924255
2968,salt_pepper,medium,0.03620800003409386,0.899936318397522,25.919931411743164,0.0314486064016819,0.8848742842674255,0.059169620275497437,0.02450752444565296
2969,occlusion,medium,0.03960637375712395,0.8628987669944763,24.188133239746094,5.7619115978013724e-05,0.0062242597341537476,0.00027158239390701056,0.9934465289115906
2970,occlusion,high,0.0581379160284996,0.6772146224975586,19.529888153076172,4.953759707859717e-05,0.003335935063660145,0.00018045188335236162,0.9964340925216675
2971,clean,none,0.021219775080680847,0.967429518699646,31.69754409790039,0.6650761365890503,0.027981502935290337,0.2522560954093933,0.0546862818300724
2972,blur,high,0.054814279079437256,0.6659154295921326,23.280948638916016,0.12527932226657867,0.01081574335694313,0.8417435884475708,0.022161263972520828
2973,salt_pepper,high,0.04165966063737869,0.8379795551300049,23.380828857421875,0.028458774089813232,0.9031345248222351,0.048740483820438385,0.019666237756609917
2974,clean,none,0.009542495012283325,0.9931532740592957,38.120140075683594,0.7915682196617126,0.04137195274233818,0.08471603691577911,0.08234379440546036
2975,clean,none,0.006300068460404873,0.9957550764083862,40.68907928466797,0.8539663553237915,0.03155031055212021,0.055590804666280746,0.05889249965548515
2976,salt_pepper,high,0.035499829798936844,0.8430217504501343,26.610000610351562,0.02078133262693882,0.9245955944061279,0.03987111151218414,0.014752046205103397
2977,occlusion,high,0.06636739522218704,0.722213625907898,18.464529037475586,5.138951564731542e-06,0.0014227799838408828,3.800830018008128e-05,0.998534083366394
2978,salt_pepper,medium,0.046921998262405396,0.6855790615081787,24.232898712158203,0.03840729221701622,0.8641736507415771,0.06766398251056671,0.02975502237677574
2979,clean,none,0.014166801236569881,0.9720187187194824,34.829429626464844,0.40561965107917786,0.032040469348430634,0.501720130443573,0.06061968207359314
2980,blur,low,0.024484388530254364,0.920414388179779,29.07508659362793,0.14413520693778992,0.017323078587651253,0.802875816822052,0.03566587343811989
2981,clean,none,0.008154170587658882,0.9907800555229187,39.691715240478516,0.7726960182189941,0.03225957229733467,0.12212180346250534,0.07292264699935913
2982,blur,high,0.039144307374954224,0.8508321046829224,25.49030303955078,0.11650502681732178,0.012424945831298828,0.8448104858398438,0.026259584352374077
2983,occlusion,medium,0.050930455327034,0.7232866287231445,20.003002166748047,0.0009908727370202541,0.018481317907571793,0.0006346791051328182,0.9798930883407593
2984,occlusion,high,0.0849686861038208,0.4092627763748169,18.96590232849121,0.0009724213159643114,0.014942582696676254,0.0006281646783463657,0.9834567904472351
2985,salt_pepper,low,0.04809285327792168,0.8149030208587646,23.286033630371094,0.08850689977407455,0.7561954855918884,0.09714479744434357,0.05815284326672554
2986,blur,low,0.04200714826583862,0.8281700611114502,24.748146057128906,0.1688833087682724,0.012172906659543514,0.7962167859077454,0.022726979106664658
2987,occlusion,low,0.035508766770362854,0.838691234588623,26.17068099975586,0.013370674103498459,0.026811879128217697,0.011239282786846161,0.9485781788825989
2988,salt_pepper,high,0.06904082000255585,0.8460893630981445,20.755064010620117,0.025784052908420563,0.9063989520072937,0.04912865534424782,0.018688347190618515
2989,occlusion,high,0.06249823421239853,0.6873021125793457,20.227935791015625,0.00017998847761191428,0.006425593513995409,0.00035666892654262483,0.993037760257721
2990,occlusion,high,0.1021907851099968,0.5633414387702942,14.680171012878418,8.881438589014579e-06,0.002444049110636115,2.3603946829098277e-05,0.9975234866142273
2991,blur,low,0.07608506083488464,0.7030455470085144,20.235498428344727,0.10898631811141968,0.010273351334035397,0.8595154881477356,0.02122483402490616
2992,occlusion,high,0.071988545358181,0.546364426612854,20.491121292114258,0.00036274283775128424,0.007559021003544331,0.00028831680538132787,0.9917898178100586
2993,salt_pepper,high,0.028116166591644287,0.9071890711784363,27.673337936401367,0.023356705904006958,0.914754331111908,0.044688787311315536,0.017200283706188202
2994,clean,none,0.007275286130607128,0.9948334097862244,40.46059036254883,0.852119505405426,0.02684863470494747,0.0722426325082779,0.048789139837026596
2995,salt_pepper,low,0.07616375386714935,0.7318525314331055,18.856285095214844,0.04116704687476158,0.8363133668899536,0.07872830331325531,0.043791163712739944
2996,salt_pepper,high,0.05889303982257843,0.7582661509513855,22.90095329284668,0.027632711455225945,0.9012317061424255,0.05102983117103577,0.02010575495660305
2997,blur,low,0.04708269238471985,0.7793602347373962,23.347393035888672,0.17803660035133362,0.013341904617846012,0.7838306427001953,0.024790817871689796
2998,blur,medium,0.05457642301917076,0.8656938076019287,22.784107208251953,0.11558033525943756,0.012745234183967113,0.8433969020843506,0.028277529403567314
2999,salt_pepper,high,0.08048649877309799,0.6640821695327759,19.235870361328125,0.033937253057956696,0.8868426084518433,0.05517807975411415,0.024042118340730667
3000,clean,none,0.022000696510076523,0.9816269874572754,31.058237075805664,0.7574713230133057,0.026238055899739265,0.15550881624221802,0.06078178808093071
3001,clean,none,0.004492304287850857,0.9975792169570923,44.36933517456055,0.8977194428443909,0.028104184195399284,0.02812645025551319,0.04604990407824516
3002,occlusion,high,0.0683649405837059,0.6756573915481567,20.31289291381836,6.872668564028572e-06,0.0019402694888412952,3.783336069318466e-05,0.9980149269104004
3003,clean,none,0.00781017541885376,0.9966506361961365,39.442256927490234,0.8527888059616089,0.02309085987508297,0.07431120425462723,0.04980919882655144
3004,blur,low,0.09048599004745483,0.6884428858757019,18.542816162109375,0.14790716767311096,0.01241763960570097,0.8156301975250244,0.024045055732131004
3005,clean,none,0.003175877034664154,0.9974164366722107,46.25787353515625,0.8689214587211609,0.026199866086244583,0.03901121765375137,0.06586749106645584
3006,occlusion,high,0.059798240661621094,0.6959730982780457,19.95543670654297,0.00015592831186950207,0.006200738251209259,0.0002248549717478454,0.9934185743331909
3007,clean,none,0.01107528805732727,0.9934438467025757,36.356109619140625,0.8050292730331421,0.028266308829188347,0.09595510363578796,0.07074934989213943
3008,salt_pepper,high,0.06462644040584564,0.7755998373031616,21.082494735717773,0.029820553958415985,0.8952584266662598,0.05325980857014656,0.021661270409822464
3009,salt_pepper,medium,0.045252542942762375,0.8446675539016724,24.030662536621094,0.020992981269955635,0.9152631163597107,0.04642611742019653,0.017317842692136765
3010,occlusion,medium,0.08725720643997192,0.5797816514968872,18.245634078979492,0.005146909039467573,0.022572528570890427,0.0020775161683559418,0.9702029824256897
3011,clean,none,0.012729625217616558,0.9911112785339355,35.955909729003906,0.7654306888580322,0.030084392055869102,0.1428159773349762,0.061668943613767624
3012,clean,none,0.021478204056620598,0.9327089190483093,30.653879165649414,0.7311130166053772,0.03600238263607025,0.14602264761924744,0.08686196058988571
3013,occlusion,low,0.03165913373231888,0.8703023791313171,26.134939193725586,0.012633907608687878,0.045629795640707016,0.007344047073274851,0.9343923330307007
3014,salt_pepper,low,0.04523206874728203,0.8389428853988647,24.409543991088867,0.036745186895132065,0.8439598083496094,0.0818612352013588,0.03743371739983559
3015,salt_pepper,low,0.06670751422643661,0.7645206451416016,20.948583602905273,0.08177134394645691,0.7851842641830444,0.07947815954685211,0.05356621742248535
3016,salt_pepper,high,0.06838631629943848,0.7243964672088623,21.212066650390625,0.030900772660970688,0.8922850489616394,0.05420222878456116,0.022611962631344795
3017,salt_pepper,low,0.06375300139188766,0.7753333449363708,21.167865753173828,0.04852153733372688,0.8228468894958496,0.08361122012138367,0.04502035677433014
3018,blur,medium,0.06387320160865784,0.7909406423568726,20.602407455444336,0.11770762503147125,0.010218985378742218,0.8508555889129639,0.02121780999004841
3019,salt_pepper,low,0.060055144131183624,0.7731088399887085,21.823863983154297,0.036938995122909546,0.8499654531478882,0.07542774826288223,0.03766786307096481
3020,salt_pepper,high,0.0471930168569088,0.765173614025116,23.38394546508789,0.02720765955746174,0.905807375907898,0.04783106595277786,0.019153842702507973
3021,clean,none,0.00986794289201498,0.9947627782821655,37.6006965637207,0.8523792028427124,0.026654180139303207,0.07000748813152313,0.050959132611751556
3022,blur,high,0.07168915867805481,0.6102584600448608,20.473745346069336,0.11388199031352997,0.01084098033607006,0.8521673679351807,0.0231096763163805
3023,clean,none,0.007728017866611481,0.9959424734115601,39.872737884521484,0.8771635293960571,0.031025415286421776,0.0414414219558239,0.05036959424614906
3024,occlusion,medium,0.03950045257806778,0.7659903764724731,24.402587890625,0.08819734305143356,0.061043426394462585,0.0535719208419323,0.797187328338623
3025,occlusion,high,0.11883284896612167,0.4206540286540985,16.825439453125,0.00017460908566135913,0.006111212074756622,0.0002304094668943435,0.9934837222099304
3026,occlusion,medium,0.031265728175640106,0.8189606070518494,26.200101852416992,0.0012372788041830063,0.011764924973249435,0.0015576290898025036,0.9854400753974915
3027,occlusion,high,0.07445810735225677,0.5543805360794067,19.505502700805664,0.0017787389224395156,0.017300739884376526,0.0013152468018233776,0.9796051979064941
3028,clean,none,0.006590075325220823,0.9960832595825195,40.749088287353516,0.8623577356338501,0.028876950964331627,0.05261370167136192,0.0561516098678112
3029,clean,none,0.003568330779671669,0.9983552694320679,45.960182189941406,0.8850749135017395,0.026377247646450996,0.03248719498515129,0.056060630828142166
3030,salt_pepper,low,0.100053571164608,0.6918281316757202,17.757999420166016,0.11131113022565842,0.7337245345115662,0.08734727650880814,0.06761708110570908
3031,salt_pepper,medium,0.09740569442510605,0.6604599356651306,18.041391372680664,0.07093387097120285,0.7897933125495911,0.09076602011919022,0.04850683733820915
3032,salt_pepper,low,0.09115685522556305,0.7173475623130798,18.943878173828125,0.0629710704088211,0.8150323629379272,0.07626533508300781,0.045731302350759506
3033,occlusion,low,0.07323585450649261,0.6944016218185425,19.802452087402344,0.011186208575963974,0.03997674211859703,0.02477145753800869,0.9240656495094299
3034,blur,low,0.09133058786392212,0.7248564958572388,18.771400451660156,0.18814103305339813,0.014427128247916698,0.76975017786026,0.027681738138198853
3035,salt_pepper,low,0.053890448063611984,0.7962831258773804,22.69442367553711,0.035280417650938034,0.8597165942192078,0.0689765140414238,0.036026474088430405
3036,clean,none,0.017415616661310196,0.9832207560539246,33.214630126953125,0.7749619483947754,0.02860407717525959,0.13987776637077332,0.05655617639422417
3037,salt_pepper,high,0.048573821783065796,0.8776711821556091,23.59847068786621,0.021641729399561882,0.9186299443244934,0.043542008846998215,0.01618635468184948
3038,salt_pepper,medium,0.10309219360351562,0.6984697580337524,16.797922134399414,0.047470491379499435,0.8463648557662964,0.07112165540456772,0.03504299372434616
3039,salt_pepper,high,0.03629753738641739,0.855262041091919,24.658649444580078,0.0260934978723526,0.908209502696991,0.0477166548371315,0.017980365082621574
3040,occlusion,low,0.04027295112609863,0.7937922477722168,23.42554473876953,0.06737491488456726,0.05671429634094238,0.018788745626807213,0.8571220636367798
3041,blur,low,0.036305010318756104,0.9060179591178894,26.213876724243164,0.16321317851543427,0.01216705422848463,0.8016992211341858,0.02292054332792759
3042,salt_pepper,medium,0.05550288408994675,0.8588608503341675,22.10344123840332,0.033620744943618774,0.8768928050994873,0.0640282928943634,0.02545820362865925
3043,clean,none,0.005619394592940807,0.997685432434082,42.34442901611328,0.89998459815979,0.02555452100932598,0.028026655316352844,0.046434201300144196
3044,clean,none,0.007753749378025532,0.9976856112480164,39.44715881347656,0.8686382174491882,0.03256949409842491,0.041614606976509094,0.05717772990465164
3045,clean,none,0.007794840261340141,0.9973406791687012,39.805728912353516,0.8595353960990906,0.021305901929736137,0.07893574982881546,0.040223006159067154
3046,salt_pepper,low,0.07142184674739838,0.75701904296875,20.163583755493164,0.05695836618542671,0.8094709515571594,0.08406206965446472,0.049508653581142426
3047,clean,none,0.0042238999158144,0.997532844543457,44.049102783203125,0.8532329797744751,0.026898540556430817,0.06566835939884186,0.05420014262199402
3048,blur,medium,0.04367881268262863,0.8783580660820007,24.647594451904297,0.1162315234541893,0.010690003633499146,0.8505887985229492,0.02248966321349144
3049,blur,medium,0.07992246747016907,0.6307705640792847,19.597606658935547,0.11266687512397766,0.009873681701719761,0.8560734391212463,0.021386045962572098
3050,occlusion,medium,0.0735943615436554,0.6517197489738464,19.275304794311523,0.0006466888589784503,0.01588115468621254,0.0009010728681460023,0.9825710654258728
3051,occlusion,high,0.07921034097671509,0.5999905467033386,18.380863189697266,0.001042909687384963,0.014070569537580013,0.0012586336815729737,0.9836279153823853
3052,occlusion,low,0.05573561415076256,0.7544288635253906,20.91527557373047,0.003405774710699916,0.020193850621581078,0.002612440148368478,0.9737879633903503
3053,blur,low,0.03805813193321228,0.8367836475372314,25.178577423095703,0.21145285665988922,0.02159620262682438,0.7259255647659302,0.04102542623877525
3054,clean,none,0.004584958776831627,0.9975485801696777,44.240989685058594,0.8807349801063538,0.024446114897727966,0.048330556601285934,0.046488359570503235
3055,salt_pepper,low,0.05096970126032829,0.8498637080192566,22.983091354370117,0.045979276299476624,0.831863522529602,0.08248307555913925,0.03967420011758804
3056,salt_pepper,high,0.06156066060066223,0.7282955050468445,21.67652130126953,0.028117263689637184,0.9007333517074585,0.05054214969277382,0.020607227459549904
3057,blur,high,0.04030792415142059,0.8246774077415466,25.144577026367188,0.12019429355859756,0.011860020458698273,0.842889130115509,0.0250565055757761
3058,salt_pepper,high,0.11444621533155441,0.6074571013450623,16.623138427734375,0.05355526879429817,0.8382997512817383,0.07050351053476334,0.037641555070877075
3059,occlusion,low,0.03370743244886398,0.8391684293746948,24.697006225585938,0.04850208759307861,0.052444059401750565,0.03131955862045288,0.8677343130111694
3060,clean,none,0.004410316236317158,0.9972854852676392,44.741477966308594,0.8869730830192566,0.02755039744079113,0.03581835702061653,0.049658093601465225
3061,clean,none,0.004404501058161259,0.998675525188446,43.5402717590332,0.9094600081443787,0.019848212599754333,0.025470798835158348,0.04522089660167694
3062,occlusion,low,0.031080663204193115,0.8798629641532898,24.35919189453125,0.4782835841178894,0.0563640259206295,0.019979482516646385,0.44537293910980225
3063,clean,none,0.007890446111559868,0.9957283735275269,39.23381423950195,0.862014889717102,0.028665218502283096,0.05432235077023506,0.05499756336212158
3064,occlusion,medium,0.04521831125020981,0.8050042986869812,23.50244903564453,0.0015200458001345396,0.0130440229550004,0.001604172051884234,0.9838317632675171
3065,clean,none,0.0038609690964221954,0.9989351034164429,44.31453323364258,0.9074881672859192,0.022502632811665535,0.024850478395819664,0.04515872895717621
3066,clean,none,0.007415986619889736,0.9945337176322937,40.09969711303711,0.8188499212265015,0.025959067046642303,0.0979587659239769,0.057232219725847244
3067,blur,high,0.04156435653567314,0.7621229887008667,25.21059226989746,0.12302945554256439,0.010596955195069313,0.8443361520767212,0.02203744277358055
3068,clean,none,0.007326872553676367,0.9962253570556641,39.787506103515625,0.892979085445404,0.0326150581240654,0.015321199782192707,0.05908466503024101
3069,occlusion,high,0.06246449053287506,0.7327742576599121,18.44222068786621,2.6773650461109355e-05,0.0023506926372647285,3.617672700784169e-05,0.9975863695144653
3070,occlusion,high,0.07585492730140686,0.5672478079795837,18.43063735961914,8.781902579357848e-05,0.004565124865621328,0.00013303646119311452,0.9952139854431152
3071,blur,low,0.05384913086891174,0.6839904189109802,23.283493041992188,0.1813022941350937,0.016218699514865875,0.773169219493866,0.02930973656475544
3072,occlusion,medium,0.06141210347414017,0.7320760488510132,20.882461547851562,0.06682280451059341,0.06645771116018295,0.01684500090777874,0.8498744964599609
3073,occlusion,low,0.03548448532819748,0.8575093746185303,25.538223266601562,0.23087136447429657,0.11718471348285675,0.03389526531100273,0.6180486679077148
3074,occlusion,low,0.030790461227297783,0.8257077932357788,27.066038131713867,0.019892463460564613,0.039060719311237335,0.019218532368540764,0.9218282699584961
3075,salt_pepper,medium,0.04876990243792534,0.7559320330619812,24.005001068115234,0.0391271598637104,0.8658353090286255,0.06626494973897934,0.02877260372042656
3076,occlusion,high,0.06554804742336273,0.6039406061172485,19.948543548583984,2.7374624551157467e-05,0.0046280864626169205,0.00010387872316641733,0.9952406883239746
3077,occlusion,low,0.060162078589200974,0.6281377077102661,21.263729095458984,0.1059815064072609,0.09586226940155029,0.01902187243103981,0.7791343927383423
3078,occlusion,low,0.01728035882115364,0.8869184851646423,26.276248931884766,0.7894879579544067,0.049303553998470306,0.03538306802511215,0.12582547962665558
3079,occlusion,medium,0.044587746262550354,0.8139857053756714,22.370969772338867,0.004268965683877468,0.019661888480186462,0.0018298440845683217,0.9742393493652344
3080,occlusion,high,0.09207339584827423,0.48027870059013367,17.312217712402344,8.016255014808849e-05,0.004959817510098219,0.00011124279262730852,0.9948487877845764
3081,blur,medium,0.05782616138458252,0.7466387748718262,22.760639190673828,0.128045916557312,0.016329912468791008,0.8217706084251404,0.03385356068611145
3082,clean,none,0.00595509260892868,0.9962234497070312,42.21921920776367,0.8842820525169373,0.03194635733962059,0.024837201461195946,0.05893442779779434
3083,salt_pepper,low,0.04326744005084038,0.8059700727462769,24.379470825195312,0.03454670310020447,0.8598479628562927,0.07035109400749207,0.03525419905781746
3084,occlusion,low,0.06835359334945679,0.7741304636001587,19.729341506958008,0.02749640867114067,0.05626402050256729,0.008949936367571354,0.9072896838188171
3085,clean,none,0.005873776972293854,0.9971016645431519,41.89337158203125,0.902938961982727,0.031208407133817673,0.01789870671927929,0.04795397073030472
3086,blur,high,0.04586762934923172,0.6432399153709412,24.037269592285156,0.1258217841386795,0.016458746045827866,0.8236233592033386,0.03409606218338013
3087,blur,medium,0.05857422202825546,0.7078589200973511,21.967906951904297,0.11764676868915558,0.011371469125151634,0.8473557829856873,0.02362603321671486
3088,clean,none,0.005402524024248123,0.9961577653884888,42.239322662353516,0.8540226221084595,0.03172411397099495,0.05710778757929802,0.05714552104473114
3089,blur,low,0.04290992021560669,0.9123958349227905,25.20433807373047,0.14561344683170319,0.015704447403550148,0.8080964684486389,0.030585603788495064
3090,blur,high,0.03158493712544441,0.8687765598297119,27.372629165649414,0.1285175234079361,0.015686295926570892,0.8211230635643005,0.03467315807938576
3091,clean,none,0.014904427342116833,0.977120578289032,32.71636199951172,0.7445552945137024,0.03663584217429161,0.131428524851799,0.08738035708665848
3092,blur,medium,0.046963728964328766,0.8437721133232117,23.663097381591797,0.11868149042129517,0.010957512073218822,0.8472514748573303,0.02310957945883274
3093,occlusion,low,0.08013877272605896,0.673795223236084,19.566307067871094,0.026807956397533417,0.043978046625852585,0.010663734748959541,0.9185502529144287
3094,blur,low,0.05980099365115166,0.83370441198349,21.3185977935791,0.21120379865169525,0.019554441794753075,0.7334502339363098,0.03579151630401611
3095,blur,medium,0.054799698293209076,0.794970691204071,21.607635498046875,0.12332671880722046,0.011930729262530804,0.8389010429382324,0.02584143541753292
3096,occlusion,high,0.14383992552757263,0.5793322324752808,12.787778854370117,0.0007921125506982207,0.013726182281970978,0.0025335699319839478,0.9829481244087219
3097,blur,medium,0.043696239590644836,0.8452414870262146,24.844160079956055,0.12223689258098602,0.011550883762538433,0.8421309590339661,0.02408127300441265
3098,clean,none,0.01057576946914196,0.9923872351646423,37.30575180053711,0.8320319652557373,0.02960483357310295,0.07818415760993958,0.06017906591296196
3099,occlusion,medium,0.04484103247523308,0.8077716827392578,21.963916778564453,0.00015397892275359482,0.005553900729864836,0.0004971998278051615,0.9937949180603027
3100,clean,none,0.006622756831347942,0.9745582342147827,40.87273025512695,0.8610334396362305,0.025927776470780373,0.05092918127775192,0.06210954487323761
3101,occlusion,high,0.06888125836849213,0.5001680850982666,19.860591888427734,1.7453830878366716e-05,0.0028192908503115177,5.8852103393292055e-05,0.9971043467521667
3102,clean,none,0.015739429742097855,0.9836361408233643,33.459346771240234,0.6992374658584595,0.028921954333782196,0.20328392088413239,0.06855668127536774
3103,clean,none,0.008277805522084236,0.9949731826782227,38.565277099609375,0.7906234860420227,0.03430560231208801,0.0879431962966919,0.08712764084339142
3104,salt_pepper,low,0.03482945263385773,0.9166560173034668,26.386920928955078,0.027713889256119728,0.8790841102600098,0.06456343829631805,0.028638571500778198
3105,salt_pepper,high,0.0311429463326931,0.9013662338256836,27.223417282104492,0.025058457627892494,0.9090220332145691,0.04738667979836464,0.018532784655690193
3106,occlusion,medium,0.0587887167930603,0.6941947340965271,18.839099884033203,0.0017597435507923365,0.014942665584385395,0.003252370050176978,0.9800452589988708
3107,salt_pepper,high,0.04927035793662071,0.8747918009757996,23.55658531188965,0.0309925340116024,0.8946921825408936,0.05307510122656822,0.021240195259451866
3108,blur,medium,0.05473926663398743,0.6587364673614502,22.619836807250977,0.11846177279949188,0.01639312133193016,0.8276973962783813,0.037447672337293625
3109,salt_pepper,medium,0.07253309339284897,0.8204009532928467,20.895442962646484,0.038197487592697144,0.8607456088066101,0.07181252539157867,0.02924433909356594
3110,blur,medium,0.05359106510877609,0.7737051844596863,20.435457229614258,0.11653464287519455,0.012429440394043922,0.8451572060585022,0.025878647342324257
3111,occlusion,high,0.04187169671058655,0.7317343950271606,22.692758560180664,4.599460226017982e-05,0.003319177543744445,0.00021273549646139145,0.9964221715927124
3112,clean,none,0.010885445401072502,0.9802025556564331,35.21876525878906,0.5919448137283325,0.030201854184269905,0.31627005338668823,0.061583224684000015
3113,clean,none,0.007298284210264683,0.9953334331512451,40.08992004394531,0.791252613067627,0.025234732776880264,0.12800851464271545,0.055504027754068375
3114,clean,none,0.04165850952267647,0.9647676944732666,24.872905731201172,0.6329042315483093,0.030312232673168182,0.27541807293891907,0.06136547401547432
3115,blur,low,0.0762711688876152,0.8169514536857605,19.951032638549805,0.16572414338588715,0.014207333326339722,0.7922200560569763,0.02784849889576435
3116,blur,low,0.05939607322216034,0.8821708559989929,21.59061050415039,0.13847555220127106,0.013882088474929333,0.8205795884132385,0.02706277184188366
3117,blur,high,0.04315738007426262,0.8232685327529907,23.7020263671875,0.12173236161470413,0.014279884286224842,0.8342249393463135,0.02976285107433796
3118,salt_pepper,high,0.06359541416168213,0.6751222610473633,21.596237182617188,0.055285509675741196,0.8249101042747498,0.07996631413698196,0.039838071912527084
3119,salt_pepper,high,0.10876022279262543,0.6349200010299683,17.724519729614258,0.059067245572805405,0.8166107535362244,0.07989922910928726,0.044422753155231476
3120,clean,none,0.005352206528186798,0.9973874092102051,42.49435806274414,0.8431828618049622,0.024471359327435493,0.07823922485113144,0.05410655587911606
3121,blur,high,0.041863005608320236,0.8554534912109375,24.073028564453125,0.12245428562164307,0.011222481727600098,0.8428472876548767,0.023475904017686844
3122,blur,high,0.05879677087068558,0.6647535562515259,21.809446334838867,0.11797203123569489,0.01238612737506628,0.8436719179153442,0.025969885289669037
3123,blur,medium,0.07094430178403854,0.8004251718521118,20.876598358154297,0.12415749579668045,0.013901282101869583,0.8327242732048035,0.029216963797807693
3124,occlusion,high,0.03182408586144447,0.81940096616745,24.75716781616211,7.69039434089791e-06,0.0014089748729020357,4.052597068948671e-05,0.9985427856445312
3125,salt_pepper,high,0.04789616912603378,0.8476953506469727,23.453948974609375,0.02059309370815754,0.9237334132194519,0.04056795313954353,0.015105534344911575
3126,occlusion,low,0.037324246019124985,0.7672554850578308,24.90566062927246,0.3528333008289337,0.0773274227976799,0.10417673736810684,0.46566253900527954
3127,blur,medium,0.05239078402519226,0.6561354398727417,23.60622215270996,0.11441736668348312,0.014586277306079865,0.8397902250289917,0.031206229701638222
3128,clean,none,0.010131371207535267,0.9917029738426208,36.890403747558594,0.7828341722488403,0.029555819928646088,0.12130289524793625,0.0663071721792221
3129,clean,none,0.07100073993206024,0.8499587774276733,21.366586685180664,0.6079673767089844,0.028524627909064293,0.30315423011779785,0.06035380810499191
3130,occlusion,low,0.04215497896075249,0.7474395632743835,24.476043701171875,0.07793741673231125,0.08672785013914108,0.029310470446944237,0.8060241937637329
3131,occlusion,low,0.04883269965648651,0.7231954336166382,22.72386932373047,0.07431095838546753,0.08298809826374054,0.020729156211018562,0.8219717741012573
3132,occlusion,low,0.034758057445287704,0.811302661895752,24.796981811523438,0.004905239213258028,0.02739148586988449,0.0106338607147336,0.9570693969726562
3133,salt_pepper,medium,0.05308249592781067,0.8380482196807861,22.798004150390625,0.03730205446481705,0.8685892224311829,0.06579677760601044,0.028311951085925102
3134,salt_pepper,medium,0.0512223057448864,0.7961880564689636,23.27947235107422,0.04237988591194153,0.8533962965011597,0.0711919292807579,0.03303195908665657
3135,blur,high,0.05398765206336975,0.8387143611907959,23.42259979248047,0.123986154794693,0.010809944942593575,0.8428084254264832,0.022395500913262367
3136,blur,medium,0.08208878338336945,0.7785258293151855,17.813573837280273,0.12407377362251282,0.013587619177997112,0.8339647054672241,0.028373947367072105
3137,clean,none,0.0077446154318749905,0.9951142072677612,38.85005187988281,0.8350220918655396,0.05688370019197464,0.05218169093132019,0.05591247230768204
3138,blur,medium,0.06137288734316826,0.6349359154701233,21.35004234313965,0.12031738460063934,0.010389568284153938,0.8478263020515442,0.0214666947722435
3139,salt_pepper,low,0.05494295805692673,0.8647174835205078,22.2093505859375,0.04878166690468788,0.8275537490844727,0.08122147619724274,0.04244307801127434
3140,occlusion,medium,0.05175627022981644,0.800297200679779,20.44476318359375,1.3668764040630776e-05,0.002911904128268361,5.474873250932433e-05,0.9970195889472961
3141,salt_pepper,medium,0.08246564120054245,0.7149309515953064,19.133235931396484,0.04703191667795181,0.8448418378829956,0.07230348885059357,0.03582268953323364
3142,clean,none,0.009365955367684364,0.9948865175247192,37.718204498291016,0.8032361268997192,0.03374564275145531,0.09518925100564957,0.0678289532661438
3143,salt_pepper,low,0.054701268672943115,0.7089909315109253,22.561786651611328,0.04110944643616676,0.8430715799331665,0.07892987132072449,0.03688904643058777
3144,clean,none,0.00852924957871437,0.9955045580863953,38.993553161621094,0.8343620300292969,0.03010881505906582,0.061802249401807785,0.07372689992189407
3145,blur,low,0.10604572296142578,0.7195782661437988,17.5299072265625,0.2668945789337158,0.019259335473179817,0.677792489528656,0.0360536053776741
3146,blur,low,0.04906462877988815,0.8008335828781128,23.09281349182129,0.2666006088256836,0.021880170330405235,0.6717442274093628,0.039775069802999496
3147,blur,medium,0.047728072851896286,0.8828169107437134,23.733734130859375,0.12142233550548553,0.01535217184573412,0.8312520384788513,0.031973451375961304
3148,salt_pepper,high,0.06423409283161163,0.8573086261749268,21.27846908569336,0.03824085742235184,0.8723517656326294,0.06282487511634827,0.02658257819712162
3149,salt_pepper,high,0.08955898135900497,0.7268022298812866,18.577167510986328,0.02888895757496357,0.9007387757301331,0.04983159527182579,0.020540650933980942
3150,blur,low,0.09826623648405075,0.6445491313934326,18.602888107299805,0.3389376401901245,0.021692847833037376,0.5989604592323303,0.04040904715657234
3151,occlusion,high,0.06995877623558044,0.6870220899581909,18.951509475708008,2.7491429932524625e-07,0.0003848038031719625,2.649874204507796e-06,0.9996122717857361
3152,clean,none,0.009973054751753807,0.9959373474121094,37.88679122924805,0.8258984684944153,0.03446463495492935,0.06867381185293198,0.07096311450004578
3153,clean,none,0.0332622230052948,0.9645048379898071,27.854578018188477,0.5858163237571716,0.030342472717165947,0.32210344076156616,0.061737798154354095
3154,salt_pepper,medium,0.04549584910273552,0.8384522795677185,24.221820831298828,0.02949483133852482,0.8884806036949158,0.05742732807993889,0.024597259238362312
3155,salt_pepper,high,0.08212918788194656,0.7797946929931641,18.22857666015625,0.03069523721933365,0.8909450769424438,0.05559137463569641,0.022768298164010048
3156,salt_pepper,medium,0.04348349571228027,0.8873347043991089,24.2640323638916,0.019940443336963654,0.9135070443153381,0.04863724857568741,0.01791536621749401
3157,clean,none,0.011482931673526764,0.9912468194961548,36.764198303222656,0.6881034970283508,0.036948442459106445,0.17612214386463165,0.09882588684558868
3158,salt_pepper,high,0.05528897047042847,0.7135667204856873,22.509748458862305,0.03137470781803131,0.8889361619949341,0.057003386318683624,0.022685766220092773
3159,blur,high,0.07346205413341522,0.7027454376220703,20.778047561645508,0.11936421692371368,0.015502192080020905,0.8312165141105652,0.03391703963279724
3160,salt_pepper,medium,0.05796611309051514,0.8072879314422607,22.852937698364258,0.03934052959084511,0.8631519675254822,0.06811155378818512,0.02939598634839058
3161,blur,medium,0.04040256142616272,0.889784038066864,25.78770637512207,0.1176069974899292,0.013137816451489925,0.8412253260612488,0.028029920533299446
3162,salt_pepper,high,0.07576235383749008,0.6322468519210815,20.42182159423828,0.032788656651973724,0.8895095586776733,0.05459444597363472,0.0231073759496212
3163,occlusion,medium,0.06249627470970154,0.5717210173606873,20.797012329101562,0.0048462520353496075,0.032093748450279236,0.0035404711961746216,0.9595195055007935
3164,clean,none,0.00697668781504035,0.9982413053512573,40.701412200927734,0.908324658870697,0.02900370955467224,0.02162000723183155,0.04105164483189583
3165,blur,low,0.03947301208972931,0.907102108001709,26.226530075073242,0.13414911925792694,0.011078137904405594,0.8324922919273376,0.02228032797574997
3166,clean,none,0.011422805488109589,0.9911662936210632,36.088478088378906,0.7248340249061584,0.026011889800429344,0.18957285583019257,0.05958118289709091
3167,occlusion,high,0.06134876608848572,0.7048999667167664,19.339874267578125,1.4959388863644563e-05,0.0028155052568763494,9.877011325443164e-05,0.9970706701278687
3168,blur,medium,0.06514059007167816,0.7774871587753296,21.308147430419922,0.11231472343206406,0.012150337919592857,0.8501297831535339,0.025405175983905792
3169,blur,low,0.03577309101819992,0.902921199798584,26.30122184753418,0.162977397441864,0.017115885391831398,0.7870469689369202,0.03285975754261017
3170,occlusion,high,0.06673243641853333,0.5846378207206726,18.610309600830078,0.0015975245041772723,0.010705058462917805,0.0016629353631287813,0.9860345125198364
3171,salt_pepper,high,0.054216280579566956,0.8021401762962341,22.71608543395996,0.02856135182082653,0.8990702629089355,0.051875900477170944,0.02049240656197071
3172,salt_pepper,medium,0.03399675711989403,0.7846324443817139,26.827960968017578,0.03599468618631363,0.8726916313171387,0.06484084576368332,0.026472829282283783
3173,clean,none,0.016096163541078568,0.9895383715629578,33.28025436401367,0.6291224360466003,0.02848447673022747,0.27621471881866455,0.06617837399244308
3174,clean,none,0.03237524628639221,0.8882843852043152,26.934906005859375,0.6318623423576355,0.08889074623584747,0.028164947405457497,0.2510819733142853
3175,salt_pepper,low,0.049103956669569016,0.7912006378173828,23.212472915649414,0.03949743136763573,0.8475227355957031,0.077550508081913,0.03542931750416756
3176,occlusion,medium,0.0326525941491127,0.9011887311935425,24.345108032226562,6.436381227103993e-05,0.004827986005693674,0.0002574616519268602,0.9948500990867615
3177,clean,none,0.019929785281419754,0.9662601947784424,30.9400577545166,0.5646410584449768,0.08643639087677002,0.04963451251387596,0.29928797483444214
3178,occlusion,medium,0.0417419970035553,0.5954581499099731,24.191064834594727,0.0037037774454802275,0.02298262156546116,0.0020122192800045013,0.9713013172149658
3179,salt_pepper,low,0.05645076557993889,0.7649735808372498,21.525514602661133,0.028903327882289886,0.8714916110038757,0.06785516440868378,0.0317499004304409
3180,clean,none,0.004725399427115917,0.9980682134628296,44.594608306884766,0.8772450685501099,0.02243252843618393,0.04907633364200592,0.05124602094292641
3181,clean,none,0.011635592207312584,0.9905605316162109,35.64777374267578,0.7045546770095825,0.04035767912864685,0.16919460892677307,0.08589311689138412
3182,blur,low,0.029784923419356346,0.9184674024581909,28.143510818481445,0.1615181863307953,0.013996799476444721,0.7968602180480957,0.027624832466244698
3183,clean,none,0.010547338053584099,0.9884282946586609,37.356689453125,0.6286644339561462,0.03393833711743355,0.26526111364364624,0.07213609665632248
3184,blur,high,0.03974412754178047,0.8232735395431519,24.467037200927734,0.11725828796625137,0.014442866668105125,0.8383867144584656,0.029912162572145462
3185,clean,none,0.01329200528562069,0.9936250448226929,33.67656326293945,0.864707887172699,0.026719683781266212,0.059089403599500656,0.04948297515511513
3186,clean,none,0.009267566725611687,0.9909147620201111,38.068084716796875,0.7237992882728577,0.030978243798017502,0.17059266567230225,0.07462981343269348
3187,occlusion,low,0.04431269317865372,0.6434369683265686,24.21373176574707,0.025294899940490723,0.03736542910337448,0.009442854672670364,0.9278968572616577
3188,salt_pepper,medium,0.047940343618392944,0.8926950693130493,23.588430404663086,0.03057726100087166,0.8894912600517273,0.05666128918528557,0.023270169273018837
3189,blur,low,0.03765720874071121,0.9061989188194275,25.832021713256836,0.1327863186597824,0.0139559181407094,0.825480043888092,0.02777779847383499
3190,occlusion,high,0.03588287532329559,0.8042117953300476,25.367233276367188,2.361143378948327e-05,0.002737668575718999,0.00010473508882569149,0.9971339702606201
3191,clean,none,0.0072929151356220245,0.9967185854911804,40.34807205200195,0.8435309529304504,0.024543525651097298,0.0840655267238617,0.04786006733775139
3192,occlusion,medium,0.04705872759222984,0.8070703744888306,21.379240036010742,0.0003796735545620322,0.010114828124642372,0.0009945507626980543,0.9885108470916748
3193,clean,none,0.005594635382294655,0.9973882436752319,42.43942642211914,0.8507407903671265,0.024838903918862343,0.074590764939785,0.04982946440577507
3194,occlusion,high,0.042895909398794174,0.7543203830718994,23.373455047607422,0.003180035622790456,0.016057752072811127,0.004860999528318644,0.9759012460708618
3195,blur,medium,0.05050211772322655,0.8164809942245483,22.654117584228516,0.1158599779009819,0.010328157804906368,0.8521043658256531,0.021707408130168915
3196,occlusion,medium,0.05927872657775879,0.6637932658195496,21.370269775390625,0.0009147032396867871,0.011142834089696407,0.0008502525161020458,0.9870922565460205
3197,blur,high,0.05877579003572464,0.807060182094574,21.438302993774414,0.11941847950220108,0.011122423224151134,0.8460888266563416,0.02337026409804821
3198,occlusion,low,0.03741643577814102,0.8612828254699707,23.588703155517578,0.11130772531032562,0.07429006695747375,0.01384066790342331,0.8005614876747131
3199,salt_pepper,high,0.05531562492251396,0.8665735125541687,23.415790557861328,0.028150031343102455,0.9000423550605774,0.051329802721738815,0.02047785557806492
3200,occlusion,high,0.07123005390167236,0.6571809649467468,18.729148864746094,9.697968198452145e-05,0.00458536297082901,0.00023048506409395486,0.9950870871543884
3201,salt_pepper,low,0.02591785416007042,0.8992547392845154,29.079078674316406,0.027600102126598358,0.8764111399650574,0.0668383538722992,0.029150335118174553
3202,salt_pepper,medium,0.03782564401626587,0.8533419370651245,25.427745819091797,0.04609030857682228,0.8461429476737976,0.07307616621255875,0.03469060733914375
3203,clean,none,0.02158409357070923,0.9592592120170593,29.89704132080078,0.21352790296077728,0.015583726577460766,0.7415323257446289,0.02935604192316532
3204,blur,low,0.04461411386728287,0.8821691870689392,24.244470596313477,0.1514226794242859,0.013132416643202305,0.8096448183059692,0.025799985975027084
3205,occlusion,medium,0.037118565291166306,0.8318073153495789,25.22126007080078,2.2021824406692758e-05,0.003137065563350916,0.00015444401651620865,0.9966865181922913
3206,clean,none,0.008882131427526474,0.9934870600700378,38.719947814941406,0.7318252325057983,0.05246719345450401,0.04593755304813385,0.1697700172662735
3207,blur,high,0.05288201570510864,0.7133076190948486,21.02809715270996,0.10620433837175369,0.01624186709523201,0.8385393619537354,0.039014458656311035
3208,salt_pepper,high,0.052788980305194855,0.8552908897399902,22.418498992919922,0.03269904479384422,0.8886002898216248,0.05633247271180153,0.022368112578988075
3209,occlusion,medium,0.062185004353523254,0.7643101215362549,18.42467498779297,0.017160100862383842,0.03826569765806198,0.013908564113080502,0.9306656718254089
3210,occlusion,low,0.030320074409246445,0.8809239268302917,26.351844787597656,0.036209993064403534,0.04890391230583191,0.009244674816727638,0.9056414365768433
3211,occlusion,high,0.06720791757106781,0.7324859499931335,18.1138916015625,0.0009809405310079455,0.02094230428338051,0.0010653219651430845,0.977011501789093
3212,salt_pepper,medium,0.05182443559169769,0.8777281641960144,23.232934951782227,0.03415991738438606,0.8759459853172302,0.06202785298228264,0.027866244316101074
3213,occlusion,medium,0.054243192076683044,0.7210246324539185,21.907377243041992,0.0014303280040621758,0.01574144884943962,0.0010284727904945612,0.9817997217178345
3214,salt_pepper,high,0.04657498002052307,0.8120526075363159,23.268739700317383,0.03218240663409233,0.8880895376205444,0.05659034103155136,0.023137690499424934
3215,occlusion,medium,0.08129487931728363,0.7711130976676941,18.827138900756836,0.007500087842345238,0.029996946454048157,0.006503015290945768,0.9559999704360962
3216,clean,none,0.007930069230496883,0.9987760782241821,39.634521484375,0.898262619972229,0.019840475171804428,0.039632730185985565,0.042264167219400406
3217,salt_pepper,high,0.04470580443739891,0.8230284452438354,24.47130584716797,0.029371866956353188,0.8984054923057556,0.05152240768074989,0.020700208842754364
3218,clean,none,0.008024382404983044,0.9924386739730835,39.72242736816406,0.8276376128196716,0.03276088833808899,0.07681171596050262,0.06278981268405914
3219,occlusion,high,0.07164602726697922,0.6229877471923828,18.600448608398438,0.10737200826406479,0.06002013012766838,0.015252879820764065,0.8173549771308899
3220,blur,low,0.0345756933093071,0.9109165072441101,26.572708129882812,0.13739265501499176,0.011752213351428509,0.8280243873596191,0.022830771282315254
3221,blur,high,0.03718806058168411,0.8856403231620789,25.402067184448242,0.12143345922231674,0.015318109653890133,0.8320154547691345,0.031233014538884163
3222,occlusion,high,0.04648923501372337,0.7446781992912292,22.704172134399414,4.24908193963347e-06,0.0022188881412148476,4.002387140644714e-05,0.9977368116378784
3223,clean,none,0.007116572465747595,0.9955372214317322,40.17119598388672,0.8010621070861816,0.03069714643061161,0.10493548214435577,0.06330528855323792
3224,salt_pepper,high,0.03681022673845291,0.8956210613250732,26.54709815979004,0.033191319555044174,0.8862298727035522,0.056663982570171356,0.023914899677038193
3225,clean,none,0.005204253364354372,0.9958674311637878,41.97438049316406,0.8225493431091309,0.03228936716914177,0.07446147501468658,0.07069984823465347
3226,occlusion,high,0.06491261720657349,0.6326493620872498,18.517452239990234,0.09830967336893082,0.06146010011434555,0.042938023805618286,0.7972922325134277
3227,clean,none,0.010363833978772163,0.9941207766532898,37.39055252075195,0.774596631526947,0.027048934251070023,0.13979706168174744,0.05855735018849373
3228,clean,none,0.006499032489955425,0.9968461394309998,41.32029724121094,0.8578512072563171,0.028953438624739647,0.05750180408358574,0.055693455040454865
3229,occlusion,low,0.03470549359917641,0.8133959770202637,24.205310821533203,0.10710977017879486,0.08111712336540222,0.013497932814061642,0.7982752323150635
3230,salt_pepper,medium,0.02915225736796856,0.8569371104240417,28.298843383789062,0.03303017094731331,0.8800885677337646,0.061103735119104385,0.025777539238333702
3231,salt_pepper,medium,0.03927327319979668,0.9079181551933289,26.367565155029297,0.0209820419549942,0.9165558815002441,0.045599304139614105,0.016862783581018448
3232,occlusion,high,0.06024833768606186,0.7043498754501343,20.954360961914062,4.8695252189645544e-05,0.004476021509617567,7.792960968799889e-05,0.9953973889350891
3233,occlusion,low,0.04328294098377228,0.8928980827331543,18.157726287841797,0.7523316740989685,0.056641835719347,0.04512513428926468,0.14590135216712952
3234,occlusion,low,0.07681982219219208,0.674217939376831,18.92053985595703,0.030267758294939995,0.07983550429344177,0.010588577017188072,0.8793081641197205
3235,occlusion,medium,0.05931762978434563,0.6991405487060547,20.846155166625977,0.004070128779858351,0.026300370693206787,0.00207336968742311,0.9675562381744385
3236,occlusion,medium,0.10829296708106995,0.5008040070533752,17.495086669921875,0.00037538379547186196,0.008836861699819565,0.0005352931329980493,0.9902523756027222
3237,clean,none,0.005207447335124016,0.9979734420776367,42.87864685058594,0.8562442064285278,0.026859987527132034,0.0593007355928421,0.05759512633085251
3238,salt_pepper,high,0.0471835657954216,0.8298907279968262,23.611907958984375,0.02594856731593609,0.9086103439331055,0.04735124111175537,0.018089883029460907
3239,salt_pepper,high,0.037769921123981476,0.9061169028282166,25.79509925842285,0.024982331320643425,0.9090281128883362,0.04817471653223038,0.01781485415995121
3240,salt_pepper,medium,0.06738472729921341,0.777948796749115,21.018083572387695,0.03543694689869881,0.8686169385910034,0.06751815974712372,0.02842792123556137
3241,occlusion,high,0.0807563066482544,0.6588461399078369,16.8287296295166,2.1846486561116762e-05,0.002756304107606411,4.687788532464765e-05,0.9971749782562256
3242,clean,none,0.006083052605390549,0.9949034452438354,41.667564392089844,0.8358917236328125,0.028888553380966187,0.08107378333806992,0.054145947098731995
3243,salt_pepper,high,0.12249543517827988,0.726338803768158,15.81269359588623,0.043264422565698624,0.8556514978408813,0.06932537257671356,0.03175870329141617
3244,blur,low,0.04313087463378906,0.8821285963058472,25.284378051757812,0.14093540608882904,0.016106097027659416,0.81131511926651,0.03164343535900116
3245,clean,none,0.005594659596681595,0.9972994327545166,41.91617965698242,0.8676614165306091,0.026845445856451988,0.05415422096848488,0.05133881792426109
3246,clean,none,0.008473193272948265,0.997167706489563,39.011234283447266,0.8428633213043213,0.02730812504887581,0.07376103848218918,0.05606747418642044
3247,salt_pepper,medium,0.05036644637584686,0.8604668378829956,23.636859893798828,0.03753819689154625,0.8642609119415283,0.06842666864395142,0.029774272814393044
3248,clean,none,0.0036292695440351963,0.9989484548568726,45.80561065673828,0.8920528292655945,0.026166945695877075,0.03654103726148605,0.04523921385407448
3249,occlusion,high,0.08390738815069199,0.642194390296936,16.540386199951172,0.0005077103269286454,0.009103509597480297,0.0006757740629836917,0.9897129535675049
3250,salt_pepper,high,0.04872295260429382,0.8100790977478027,23.823566436767578,0.035363852977752686,0.8816250562667847,0.058196771889925,0.024814199656248093
3251,salt_pepper,high,0.04687371850013733,0.8669881820678711,24.41439437866211,0.030322881415486336,0.893280029296875,0.05501742288470268,0.021379632875323296
3252,salt_pepper,medium,0.03395415470004082,0.9058816432952881,26.652584075927734,0.02895076759159565,0.8922684192657471,0.056360892951488495,0.02241990529000759
3253,occlusion,low,0.08599817752838135,0.5785853862762451,19.419065475463867,0.013464541174471378,0.03704921528697014,0.018881455063819885,0.9306047558784485
3254,clean,none,0.0037834197282791138,0.9984560012817383,45.35381317138672,0.8899441957473755,0.028607510030269623,0.034311991184949875,0.04713626578450203
3255,blur,low,0.04131731390953064,0.8104636073112488,25.16366958618164,0.20450618863105774,0.015741661190986633,0.7489927411079407,0.030759435147047043
3256,salt_pepper,medium,0.06742223352193832,0.7376026511192322,20.45384979248047,0.031131790950894356,0.882171094417572,0.06028274446725845,0.026414450258016586
3257,blur,low,0.027059409767389297,0.9200059175491333,28.697900772094727,0.13869716227054596,0.011513113044202328,0.8267146348953247,0.02307507023215294
3258,clean,none,0.00857861153781414,0.9957916736602783,38.86967086791992,0.8767580389976501,0.03242160752415657,0.035055696964263916,0.05576469004154205
3259,salt_pepper,low,0.055925287306308746,0.8808841705322266,22.759992599487305,0.04768441990017891,0.8310332894325256,0.08366129547357559,0.03762093186378479
3260,occlusion,high,0.062283214181661606,0.7297300100326538,19.82639503479004,5.711217818316072e-05,0.0033168792724609375,0.00016228850290644914,0.9964637160301208
3261,salt_pepper,low,0.06775977462530136,0.8198031783103943,21.058971405029297,0.03245797008275986,0.8702824115753174,0.06638549268245697,0.030874159187078476
3262,blur,low,0.12567541003227234,0.8004338145256042,15.89141845703125,0.13223637640476227,0.011720148846507072,0.8324183821678162,0.023625098168849945
3263,salt_pepper,medium,0.048590950667858124,0.8888649940490723,24.055355072021484,0.0301730465143919,0.8881732225418091,0.05777568742632866,0.023878086358308792
3264,salt_pepper,high,0.06586022675037384,0.8421957492828369,21.56024169921875,0.03344326466321945,0.8838419914245605,0.0586656853556633,0.024049023166298866
3265,clean,none,0.011409524828195572,0.9911708831787109,35.58229446411133,0.7435409426689148,0.03302372992038727,0.15575726330280304,0.06767807900905609
3266,clean,none,0.007832961156964302,0.993327796459198,38.23115921020508,0.8160769939422607,0.029113193973898888,0.09560392796993256,0.05920586362481117
3267,blur,medium,0.039761461317539215,0.8084840178489685,24.795761108398438,0.11383506655693054,0.015427744947373867,0.832623302936554,0.03811398148536682
3268,blur,medium,0.04754876345396042,0.8756822943687439,21.633316040039062,0.11103060096502304,0.010893329046666622,0.8549101948738098,0.02316589653491974
3269,clean,none,0.014897316694259644,0.9951882362365723,34.086734771728516,0.8123106956481934,0.027490820735692978,0.09160573035478592,0.06859282404184341
3270,clean,none,0.007460106164216995,0.9961203336715698,39.784297943115234,0.8267650604248047,0.029879165813326836,0.08525681495666504,0.05809895694255829
3271,occlusion,high,0.07964041829109192,0.6212411522865295,17.17141342163086,7.927647675387561e-05,0.004123949911445379,0.0002570787619333714,0.9955397248268127
3272,blur,high,0.06486661732196808,0.5984345078468323,21.48590850830078,0.1189768984913826,0.014606248587369919,0.835270881652832,0.03114604949951172
3273,blur,low,0.038729436695575714,0.8775869607925415,25.72433090209961,0.15101757645606995,0.01426847092807293,0.807459831237793,0.027254173532128334
3274,occlusion,high,0.09514833986759186,0.7555140256881714,16.433759689331055,8.777140465099365e-06,0.002024316694587469,3.2153337087947875e-05,0.9979348182678223
3275,blur,low,0.03438517451286316,0.7913841009140015,27.372634887695312,0.16746385395526886,0.016264276579022408,0.78406822681427,0.032203637063503265
3276,occlusion,medium,0.059324346482753754,0.7771686911582947,20.470123291015625,4.087491470272653e-05,0.0048955753445625305,0.00014442189421970397,0.9949191212654114
3277,salt_pepper,medium,0.07296771556138992,0.7785102725028992,18.138660430908203,0.030586667358875275,0.8776251673698425,0.06569559872150421,0.02609254978597164
3278,blur,medium,0.030160270631313324,0.9049687385559082,26.8287296295166,0.12924621999263763,0.015361785888671875,0.8198695182800293,0.035522498190402985
3279,blur,medium,0.10274376720190048,0.8353105783462524,17.289737701416016,0.12266050279140472,0.011725788936018944,0.8416669964790344,0.023946747183799744
3280,salt_pepper,medium,0.05775180086493492,0.7915201187133789,21.02090072631836,0.03148026019334793,0.8845359086990356,0.05930911749601364,0.024674637243151665
3281,blur,low,0.06208197772502899,0.8543527126312256,21.920345306396484,0.17717084288597107,0.01493937149643898,0.778351366519928,0.02953842096030712
3282,clean,none,0.010811219923198223,0.9891965389251709,36.050537109375,0.6702104210853577,0.03724408522248268,0.20564879477024078,0.08689677715301514
3283,blur,medium,0.03752389922738075,0.9182426333427429,24.58368492126465,0.11745095998048782,0.010680032894015312,0.8488972187042236,0.022971726953983307
3284,salt_pepper,high,0.038623061031103134,0.842692494392395,26.081207275390625,0.03468707948923111,0.8834519982337952,0.05802827700972557,0.023832645267248154
3285,clean,none,0.012665828689932823,0.977916955947876,34.965492248535156,0.6199319958686829,0.03953253850340843,0.24212010204792023,0.0984153226017952
3286,clean,none,0.007806769572198391,0.9911240935325623,39.40327072143555,0.7243390679359436,0.03433983027935028,0.1704890877008438,0.07083199173212051
3287,occlusion,high,0.09354633092880249,0.5103882551193237,17.887371063232422,2.472787855367642e-06,0.0013784857001155615,1.863400211732369e-05,0.998600423336029
3288,blur,low,0.03888854384422302,0.8385840654373169,25.829870223999023,0.17174862325191498,0.01462139468640089,0.7854068875312805,0.028223136439919472
3289,occlusion,low,0.033882901072502136,0.8700222373008728,25.339088439941406,0.007267276756465435,0.03550642356276512,0.007880148477852345,0.9493460655212402
3290,salt_pepper,medium,0.07514446973800659,0.8075372576713562,18.57997703552246,0.03286713361740112,0.877939760684967,0.06187926232814789,0.02731393277645111
3291,occlusion,medium,0.039551012217998505,0.8151604533195496,24.82762908935547,0.002350312191992998,0.020557384938001633,0.0021779381204396486,0.9749143719673157
3292,occlusion,medium,0.07587791979312897,0.6406042575836182,19.63711166381836,0.0009574310970492661,0.013527295552194118,0.0009108560043387115,0.9846044182777405
3293,clean,none,0.007377877831459045,0.9939734935760498,39.68125915527344,0.8310091495513916,0.0324043408036232,0.07190516591072083,0.06468138843774796
3294,salt_pepper,medium,0.059073783457279205,0.83245849609375,22.27127456665039,0.04038119316101074,0.8569561839103699,0.07240016013383865,0.030262377113103867
3295,clean,none,0.004971941467374563,0.9980127215385437,42.86461639404297,0.862998366355896,0.027973348274827003,0.05604826658964157,0.05298004671931267
3296,salt_pepper,low,0.11083260178565979,0.7891095876693726,17.104158401489258,0.04486069083213806,0.8408970236778259,0.07657920569181442,0.037663087248802185
3297,occlusion,high,0.07803138345479965,0.650558590888977,19.02029800415039,4.997408905182965e-05,0.003792284522205591,0.0001883638760773465,0.9959694147109985
3298,clean,none,0.007715883664786816,0.995409369468689,40.13232421875,0.7747576832771301,0.02744942158460617,0.14003980159759521,0.057753194123506546
3299,salt_pepper,high,0.027915170416235924,0.7730821967124939,26.752918243408203,0.019701650366187096,0.9294200539588928,0.03688177093863487,0.013996533118188381
3300,salt_pepper,medium,0.07269878685474396,0.7540070414543152,20.170761108398438,0.03840453177690506,0.8637403249740601,0.06700032204389572,0.030854903161525726
3301,blur,high,0.04884512349963188,0.789314866065979,23.384244918823242,0.11787129193544388,0.014027848839759827,0.8390543460845947,0.029046490788459778
3302,occlusion,high,0.05322417616844177,0.6117192506790161,22.194034576416016,2.866321665351279e-05,0.0034188551362603903,6.707327702315524e-05,0.9964853525161743
3303,blur,high,0.0514310747385025,0.7611980438232422,23.350440979003906,0.11811885237693787,0.013702080585062504,0.8400140404701233,0.02816498652100563
3304,occlusion,medium,0.04103046655654907,0.746544361114502,23.921321868896484,0.01167559064924717,0.031248511746525764,0.005484134890139103,0.9515917897224426
3305,salt_pepper,high,0.049001939594745636,0.7850276231765747,21.913368225097656,0.0214498583227396,0.9229451417922974,0.04053196310997009,0.015072966925799847
3306,occlusion,high,0.08077418804168701,0.5721423625946045,16.963205337524414,0.0006308145239017904,0.009507967159152031,0.0005713186110369861,0.9892899394035339
3307,salt_pepper,low,0.03941122442483902,0.801762044429779,25.177799224853516,0.027215128764510155,0.8683074712753296,0.06989036500453949,0.03458704054355621
3308,occlusion,medium,0.06159168481826782,0.7647661566734314,20.364177703857422,2.632491487020161e-05,0.005474231205880642,0.00012782358680851758,0.9943716526031494
3309,blur,medium,0.04200000315904617,0.8331146240234375,25.328943252563477,0.11838780343532562,0.0123360063880682,0.8434714078903198,0.02580474689602852
3310,clean,none,0.0037356410175561905,0.9987635612487793,45.35084533691406,0.8840782046318054,0.023615825921297073,0.03797214478254318,0.054333798587322235
3311,salt_pepper,high,0.055899351835250854,0.7302464246749878,21.57663345336914,0.026814419776201248,0.9062714576721191,0.047798462212085724,0.019115697592496872
3312,blur,low,0.05593448877334595,0.8177088499069214,22.44540786743164,0.17820020020008087,0.013590791262686253,0.7827112674713135,0.025497710332274437
3313,clean,none,0.009535104036331177,0.9954403638839722,38.39918899536133,0.8084504008293152,0.029563600197434425,0.10257302969694138,0.05941301956772804
3314,clean,none,0.006296873092651367,0.999003529548645,41.706756591796875,0.8907673954963684,0.022881686687469482,0.04027346521615982,0.046077433973550797
3315,clean,none,0.02995583415031433,0.9757000207901001,27.551166534423828,0.6280165314674377,0.02733953669667244,0.2893725335597992,0.05527143180370331
3316,blur,high,0.101429782807827,0.7955014109611511,16.17548942565918,0.1163368672132492,0.011333683505654335,0.8480175137519836,0.024311963468790054
3317,salt_pepper,low,0.07554113864898682,0.7189093828201294,18.5743465423584,0.03435029834508896,0.8545849919319153,0.07310773432254791,0.037956975400447845
3318,occlusion,medium,0.060745060443878174,0.8066803812980652,21.61920166015625,2.3419577701133676e-05,0.0035478018689900637,0.0001227642351295799,0.9963060617446899
3319,clean,none,0.004690287169069052,0.9988688826560974,43.80735778808594,0.8956354260444641,0.02219230681657791,0.03609349578619003,0.04607878997921944
3320,clean,none,0.01160523109138012,0.9919471740722656,36.15599060058594,0.7733596563339233,0.02993622049689293,0.13649412989616394,0.060209982097148895
3321,salt_pepper,medium,0.035057857632637024,0.8435295820236206,26.080825805664062,0.03391345962882042,0.8795732259750366,0.061071280390024185,0.025442054495215416
3322,blur,medium,0.07195572555065155,0.9131832122802734,20.896474838256836,0.1186145693063736,0.010513314045965672,0.8488245606422424,0.02204757370054722
3323,occlusion,high,0.06738035380840302,0.6743435859680176,19.925138473510742,0.0002684683713596314,0.006328568793833256,0.0004949214053340256,0.9929080009460449
3324,salt_pepper,low,0.033778056502342224,0.9276880025863647,25.90604591369629,0.024187907576560974,0.8887879252433777,0.05971149355173111,0.02731267549097538
3325,salt_pepper,medium,0.07428502291440964,0.8836503028869629,20.24701690673828,0.043114494532346725,0.8565342426300049,0.07025700807571411,0.030094288289546967
3326,salt_pepper,high,0.054526329040527344,0.8400551676750183,23.188867568969727,0.034244418144226074,0.8803808093070984,0.06056663393974304,0.024808207526803017
3327,clean,none,0.004145721904933453,0.9957413673400879,43.3338508605957,0.8457229137420654,0.03563562408089638,0.035499271005392075,0.0831422507762909
3328,blur,low,0.06742766499519348,0.8936725854873657,20.266063690185547,0.2198399156332016,0.025315718725323677,0.7061437964439392,0.04870050400495529
3329,salt_pepper,low,0.05020563304424286,0.8508815765380859,23.519065856933594,0.0468827523291111,0.8310906291007996,0.08353011310100555,0.03849651664495468
3330,blur,high,0.0770503357052803,0.7548962831497192,18.86376190185547,0.11244338005781174,0.011325416155159473,0.8518459796905518,0.024385282769799232
3331,blur,high,0.02922641858458519,0.8670871257781982,27.875316619873047,0.11751893907785416,0.011704502627253532,0.8464115262031555,0.024364959448575974
3332,salt_pepper,medium,0.08240726590156555,0.883856475353241,19.85623550415039,0.033087026327848434,0.878740131855011,0.06207750737667084,0.02609536610543728
3333,salt_pepper,medium,0.043716102838516235,0.8200883269309998,23.34682273864746,0.021290555596351624,0.9167513847351074,0.04494822397828102,0.017009831964969635
3334,clean,none,0.005747197195887566,0.979273796081543,40.85321807861328,0.760359525680542,0.03915208578109741,0.08124834299087524,0.11924000829458237
3335,occlusion,low,0.06365475058555603,0.7825947999954224,19.465333938598633,0.06183731555938721,0.06563348323106766,0.015013464726507664,0.857515811920166
3336,clean,none,0.004305932205170393,0.999142050743103,43.76413345336914,0.9218028783798218,0.02273217774927616,0.01692836731672287,0.03853655979037285
3337,clean,none,0.007858576253056526,0.9981168508529663,38.933349609375,0.8931313753128052,0.02611125446856022,0.03706498444080353,0.04369229078292847
3338,clean,none,0.016359318047761917,0.9905529022216797,33.915382385253906,0.8215864300727844,0.033808622509241104,0.05502866581082344,0.08957622945308685
3339,occlusion,high,0.072402223944664,0.7323863506317139,18.9735164642334,4.7058190943971567e-07,0.0006011440418660641,4.649120910471538e-06,0.9993937015533447
3340,salt_pepper,low,0.034473858773708344,0.9017378091812134,26.1881103515625,0.04337087273597717,0.83823162317276,0.08120035380125046,0.03719714656472206
3341,occlusion,low,0.03564004227519035,0.8530718684196472,25.38517189025879,0.007817397825419903,0.026232481002807617,0.008361276239156723,0.9575889110565186
3342,clean,none,0.014638200402259827,0.9664530158042908,32.381103515625,0.7323117256164551,0.04172099009156227,0.12825068831443787,0.09771659225225449
3343,occlusion,medium,0.058397334069013596,0.7602297067642212,17.030580520629883,0.0002798855712171644,0.007217820268124342,0.0003063713083975017,0.9921958446502686
3344,salt_pepper,medium,0.06766609847545624,0.7104339599609375,18.454143524169922,0.02712983265519142,0.8971439599990845,0.05374065414071083,0.021985583007335663
3345,occlusion,medium,0.05045318603515625,0.7793123126029968,20.60377311706543,5.674413841916248e-05,0.00415743887424469,0.0002759277995210141,0.9955099821090698
3346,clean,none,0.021542830392718315,0.9805513620376587,30.309030532836914,0.6448764204978943,0.043519821017980576,0.20578934252262115,0.10581433027982712
3347,clean,none,0.02715747430920601,0.9901444911956787,29.074298858642578,0.70506751537323,0.031077872961759567,0.18158535659313202,0.08226923644542694
3348,salt_pepper,low,0.08212742954492569,0.6700719594955444,17.411712646484375,0.0340997539460659,0.8599153757095337,0.07021862268447876,0.03576625511050224
3349,salt_pepper,high,0.06966167688369751,0.8376325368881226,20.672222137451172,0.027705172076821327,0.900286853313446,0.0518898107111454,0.020118167623877525
3350,occlusion,medium,0.04085233435034752,0.8066222667694092,24.445518493652344,0.0764007568359375,0.059434160590171814,0.02497890591621399,0.8391862511634827
3351,blur,high,0.05001067370176315,0.8313183784484863,23.273038864135742,0.1167314425110817,0.011132016777992249,0.8483924865722656,0.023744037374854088
3352,clean,none,0.005176727660000324,0.9966301918029785,42.41401290893555,0.8172835111618042,0.02807231992483139,0.09696972370147705,0.057674456387758255
3353,salt_pepper,high,0.044897474348545074,0.826677680015564,23.154155731201172,0.024099931120872498,0.9153602719306946,0.04392315447330475,0.016616564244031906
3354,clean,none,0.004338845144957304,0.9925867915153503,43.459991455078125,0.8217273950576782,0.031934622675180435,0.0481666661798954,0.09817126393318176
3355,blur,high,0.09608390182256699,0.8304452896118164,17.107698440551758,0.11092180758714676,0.013467332348227501,0.8460166454315186,0.029594171792268753
3356,salt_pepper,high,0.04815705120563507,0.8493470549583435,23.972488403320312,0.03547287359833717,0.881048321723938,0.05908571928739548,0.02439316175878048
3357,salt_pepper,high,0.08041197061538696,0.7893038988113403,19.082067489624023,0.024705279618501663,0.9140161275863647,0.043656520545482635,0.01762206293642521
3358,salt_pepper,medium,0.04278390854597092,0.8207125067710876,23.2450008392334,0.019120946526527405,0.9224228858947754,0.04213055595755577,0.016325615346431732
3359,salt_pepper,medium,0.038556843996047974,0.7937009334564209,24.518281936645508,0.027801912277936935,0.8955919742584229,0.054566673934459686,0.02203943021595478
3360,occlusion,high,0.04754225164651871,0.7808808088302612,22.329072952270508,0.00010648794705048203,0.004201796837151051,9.823367145145312e-05,0.9955934882164001
3361,clean,none,0.0043046241626143456,0.9987224340438843,43.94800567626953,0.8942193388938904,0.023096473887562752,0.035906899720430374,0.04677732661366463
3362,blur,low,0.031567689031362534,0.8863422870635986,27.683101654052734,0.22884809970855713,0.019586725160479546,0.7148082256317139,0.036757029592990875
3363,salt_pepper,high,0.06221892684698105,0.8234878778457642,21.444150924682617,0.029805967584252357,0.8972007632255554,0.05209921672940254,0.020894110202789307
3364,salt_pepper,medium,0.07101073861122131,0.8282567858695984,19.68674087524414,0.026907550171017647,0.8972302079200745,0.05389375612139702,0.02196844480931759
3365,salt_pepper,low,0.047606244683265686,0.8754350543022156,23.866254806518555,0.03642285615205765,0.8623275756835938,0.06917831301689148,0.03207128867506981
3366,clean,none,0.00842289812862873,0.9938572645187378,36.83183288574219,0.8924224972724915,0.026778560131788254,0.03424200788140297,0.04655686393380165
3367,clean,none,0.004950434900820255,0.9982819557189941,43.255035400390625,0.8821310997009277,0.025166641920804977,0.043354716151952744,0.04934747517108917
3368,blur,high,0.0384676456451416,0.7748831510543823,24.791967391967773,0.10025539249181747,0.01600831374526024,0.8373225331306458,0.046413667500019073
3369,occlusion,high,0.0718252956867218,0.613104522228241,19.637310028076172,0.00010134702461073175,0.006020700093358755,0.00036230499972589314,0.9935156106948853
3370,salt_pepper,high,0.12141686677932739,0.7403686046600342,16.53732681274414,0.041380494832992554,0.8607742786407471,0.06762421131134033,0.03022100403904915
3371,salt_pepper,low,0.03391116112470627,0.9200062155723572,26.40159797668457,0.024526802822947502,0.8819970488548279,0.06506335735321045,0.028412772342562675
3372,clean,none,0.007355743087828159,0.9971014857292175,39.86316680908203,0.8923221230506897,0.02797604538500309,0.026689520105719566,0.05301224812865257
3373,blur,high,0.1848682165145874,0.5799176692962646,11.789783477783203,0.11155081540346146,0.012314487248659134,0.8494974374771118,0.026637230068445206
3374,salt_pepper,low,0.06348270177841187,0.764089047908783,21.12481117248535,0.02555900812149048,0.874701976776123,0.06783362478017807,0.03190547227859497
3375,blur,high,0.034152429550886154,0.747878909111023,26.536949157714844,0.12562377750873566,0.012870097532868385,0.8348166942596436,0.026689469814300537
3376,clean,none,0.005966923665255308,0.9973636865615845,41.479434967041016,0.8940839767456055,0.029385048896074295,0.029985440894961357,0.04654555022716522
3377,blur,medium,0.03579326719045639,0.8864967823028564,26.341243743896484,0.11750796437263489,0.010743734426796436,0.8490143418312073,0.022733958438038826
3378,blur,medium,0.02950499951839447,0.9546809196472168,28.11385726928711,0.12072047591209412,0.010655567981302738,0.8469845652580261,0.021639380604028702
3379,clean,none,0.005389256402850151,0.9966253042221069,42.240135192871094,0.8785528540611267,0.029200872406363487,0.03958697244524956,0.052659306675195694
3380,salt_pepper,low,0.03582095354795456,0.8816771507263184,26.771373748779297,0.041968125849962234,0.8384132385253906,0.08297703415155411,0.03664158657193184
3381,clean,none,0.006887064315378666,0.9976705312728882,38.4879150390625,0.8870278596878052,0.03058723546564579,0.0302183348685503,0.05216662958264351
3382,clean,none,0.0045902966521680355,0.9969426989555359,43.48737716674805,0.8674402832984924,0.02865523286163807,0.047465305775403976,0.05643918365240097
3383,clean,none,0.004639649298042059,0.9989064931869507,44.269412994384766,0.904639482498169,0.021091558039188385,0.03215376287698746,0.04211512207984924
3384,occlusion,medium,0.06832107901573181,0.6085658073425293,20.26032257080078,0.007028473541140556,0.033228106796741486,0.003327556885778904,0.9564158916473389
3385,occlusion,high,0.15032267570495605,0.4634670615196228,11.933761596679688,0.00010137917706742883,0.006417479831725359,0.00040263542905449867,0.9930785298347473
3386,salt_pepper,high,0.07528399676084518,0.7116903066635132,20.341705322265625,0.03354983031749725,0.8865065574645996,0.05564447119832039,0.02429920993745327
3387,clean,none,0.008509635925292969,0.9965545535087585,40.024723052978516,0.8400357365608215,0.02527604065835476,0.08287910372018814,0.05180911347270012
3388,occlusion,medium,0.07750959694385529,0.6770762801170349,17.931236267089844,0.0006574444123543799,0.024868525564670563,0.0009600196499377489,0.9735140800476074
3389,occlusion,low,0.056300532072782516,0.8074633479118347,19.47625732421875,0.5607219338417053,0.06815947592258453,0.039258334785699844,0.331860214471817
3390,salt_pepper,low,0.09057506918907166,0.6682511568069458,18.900545120239258,0.061357904225587845,0.7986825108528137,0.08901973813772202,0.050939805805683136
3391,blur,medium,0.06494387984275818,0.7580415606498718,20.668752670288086,0.09712088853120804,0.00928020291030407,0.8735204935073853,0.020078347995877266
3392,blur,high,0.07863783091306686,0.5016924142837524,20.196447372436523,0.10831454396247864,0.010987545363605022,0.8561312556266785,0.024566588923335075
3393,clean,none,0.007208853494375944,0.9954349398612976,40.25587463378906,0.857944905757904,0.03707263991236687,0.03581666201353073,0.06916569173336029
3394,blur,high,0.04614248499274254,0.8259400129318237,24.425846099853516,0.118320994079113,0.013692901469767094,0.8393672704696655,0.028618859127163887
3395,salt_pepper,high,0.03649744391441345,0.8527116775512695,25.601394653320312,0.021787572652101517,0.923808217048645,0.03939555957913399,0.015008692629635334
3396,blur,low,0.037702884525060654,0.794292151927948,25.909242630004883,0.24406030774116516,0.015901679173111916,0.7103906273841858,0.029647452756762505
3397,occlusion,medium,0.12021096050739288,0.5172179937362671,16.293415069580078,0.01844792068004608,0.039150647819042206,0.015322462655603886,0.9270789623260498
3398,blur,medium,0.05549144744873047,0.8173291087150574,21.8887996673584,0.11372414231300354,0.012334279716014862,0.8478536605834961,0.0260879285633564
3399,salt_pepper,low,0.07989178597927094,0.8237835168838501,18.82648468017578,0.05978564918041229,0.8032463788986206,0.0911782905459404,0.04578967019915581
3400,blur,low,0.06632830202579498,0.7786377668380737,21.227590560913086,0.15413852035999298,0.01300331111997366,0.8083600997924805,0.02449812740087509
3401,clean,none,0.005093059968203306,0.9985828399658203,43.60175323486328,0.9078410863876343,0.022917214781045914,0.02720528282225132,0.042036473751068115
3402,clean,none,0.013258108869194984,0.992617130279541,35.57227325439453,0.8065274357795715,0.03667976334691048,0.06714265048503876,0.08965010195970535
3403,salt_pepper,high,0.03920358419418335,0.805808424949646,25.74852752685547,0.030661167576909065,0.893504798412323,0.05340712144970894,0.022426938638091087
3404,clean,none,0.003027923172339797,0.9994892477989197,47.1654167175293,0.9308233261108398,0.023469407111406326,0.01349436305463314,0.03221284598112106
3405,occlusion,low,0.0728461891412735,0.742511510848999,19.116382598876953,0.2792949080467224,0.08179844915866852,0.024958228692412376,0.613948404788971
3406,blur,low,0.035158947110176086,0.9192628264427185,26.4484806060791,0.1663166731595993,0.013909727334976196,0.7916738986968994,0.02809976041316986
3407,occlusion,high,0.06778915971517563,0.6971654295921326,18.346067428588867,7.84110015956685e-05,0.005570310167968273,0.00029763320344500244,0.9940536618232727
3408,salt_pepper,low,0.06258338689804077,0.8115237951278687,22.217395782470703,0.060864176601171494,0.8038620352745056,0.08903183043003082,0.046242035925388336
3409,blur,high,0.0390428826212883,0.8002855181694031,25.6822566986084,0.12117363512516022,0.013133697211742401,0.8381739854812622,0.027518700808286667
3410,blur,medium,0.054789796471595764,0.8207785487174988,22.38648223876953,0.11825630068778992,0.011705741286277771,0.8454833030700684,0.024554695934057236
3411,clean,none,0.009616496041417122,0.9928933382034302,38.270843505859375,0.8497965931892395,0.02982012741267681,0.05893285945057869,0.061450373381376266
3412,salt_pepper,low,0.05385677143931389,0.8772740364074707,19.356929779052734,0.02711179293692112,0.8813031911849976,0.06353455036878586,0.028050445020198822
3413,blur,medium,0.08456061780452728,0.7910654544830322,19.07159996032715,0.11719960719347,0.013555674813687801,0.840292751789093,0.028951983898878098
3414,occlusion,medium,0.08886517584323883,0.5155684351921082,18.259525299072266,0.018921956419944763,0.04545719921588898,0.00527423107996583,0.9303464889526367
3415,clean,none,0.005288863088935614,0.9978534579277039,42.527584075927734,0.8328190445899963,0.024590643122792244,0.08807473629713058,0.05451556667685509
3416,clean,none,0.012645217590034008,0.9887897372245789,35.12982177734375,0.7792015671730042,0.03212274610996246,0.12233298271894455,0.06634274125099182
3417,clean,none,0.009232322685420513,0.995914876461029,38.24098587036133,0.7816949486732483,0.028316287323832512,0.12358887493610382,0.06639987230300903
3418,occlusion,high,0.08247503638267517,0.5759710669517517,17.794490814208984,2.9168215405661613e-05,0.0029300579335540533,9.216415492119268e-05,0.9969486594200134
3419,clean,none,0.009795993566513062,0.9962184429168701,37.467559814453125,0.8764247298240662,0.033801738172769547,0.029842162504792213,0.059931449592113495
3420,occlusion,low,0.08025694638490677,0.8446147441864014,16.402820587158203,0.4331539273262024,0.14535236358642578,0.03795279189944267,0.38354095816612244
3421,clean,none,0.004620797000825405,0.9974557161331177,44.3355598449707,0.8669122457504272,0.02633969485759735,0.047689925879240036,0.05905812233686447
3422,occlusion,low,0.055561672896146774,0.7681034803390503,21.740928649902344,0.0842803567647934,0.088554747402668,0.011091873049736023,0.8160730004310608
3423,salt_pepper,low,0.04580880329012871,0.7381843328475952,24.3576602935791,0.04379681125283241,0.8421346545219421,0.07511990517377853,0.03894856572151184
3424,occlusion,medium,0.05365736410021782,0.7156202793121338,22.154644012451172,8.178351708920673e-05,0.0054925293661653996,0.0002231705148005858,0.9942025542259216
3425,occlusion,medium,0.07748493552207947,0.6619536876678467,18.753206253051758,0.0011420437367632985,0.01630500704050064,0.0016664820723235607,0.9808863997459412
3426,blur,medium,0.05371370166540146,0.7081948518753052,22.891128540039062,0.11952439695596695,0.012091027572751045,0.8431283831596375,0.025256242603063583
3427,blur,high,0.08120647072792053,0.6867262721061707,19.350614547729492,0.11282005906105042,0.01149962842464447,0.8505786061286926,0.02510174550116062
3428,salt_pepper,medium,0.10550640523433685,0.6488139629364014,17.417871475219727,0.07451878488063812,0.7754954695701599,0.09723401069641113,0.05275176838040352
3429,blur,high,0.03991074487566948,0.7959593534469604,24.677371978759766,0.1194288581609726,0.013261603191494942,0.8393658399581909,0.0279436893761158
3430,salt_pepper,medium,0.04903082549571991,0.6825789213180542,22.825090408325195,0.04202178120613098,0.8526949882507324,0.07235851138830185,0.032924700528383255
3431,salt_pepper,medium,0.0641983225941658,0.8194689750671387,21.48980140686035,0.049734387546777725,0.8345023393630981,0.07799356430768967,0.037769611924886703
3432,salt_pepper,low,0.03632280230522156,0.9041575193405151,26.557294845581055,0.0311594121158123,0.8658641576766968,0.06999768316745758,0.03297871723771095
3433,salt_pepper,low,0.04553338512778282,0.8561195135116577,23.785205841064453,0.042170025408267975,0.8428011536598206,0.07535866647958755,0.0396701842546463
3434,occlusion,medium,0.06803682446479797,0.6910141706466675,19.61589813232422,0.011369296349585056,0.03922339901328087,0.004584337584674358,0.9448229670524597
3435,clean,none,0.007940209470689297,0.99622642993927,39.8123893737793,0.8935149908065796,0.031671103090047836,0.02326313965022564,0.05155079811811447
3436,occlusion,low,0.07936585694551468,0.6815361380577087,19.068172454833984,0.036057837307453156,0.07381398230791092,0.010816757567226887,0.8793115019798279
3437,blur,high,0.05351369082927704,0.8023764491081238,22.7341365814209,0.11499140411615372,0.010485062375664711,0.8523356914520264,0.022187724709510803
3438,salt_pepper,low,0.08257807046175003,0.8205481767654419,16.66509246826172,0.03803854063153267,0.8469058275222778,0.07685106247663498,0.038204628974199295
3439,salt_pepper,medium,0.0482940673828125,0.8229014873504639,23.92371368408203,0.029092218726873398,0.8871179819107056,0.059113480150699615,0.024676363915205002
3440,occlusion,low,0.04963497072458267,0.7252134084701538,23.176515579223633,0.06538708508014679,0.0684397742152214,0.02028576470911503,0.845887303352356
3441,blur,low,0.038507357239723206,0.8249996900558472,25.243900299072266,0.19740720093250275,0.013853318989276886,0.7631208896636963,0.02561859041452408
3442,clean,none,0.008849304169416428,0.9955312609672546,38.121551513671875,0.8739671111106873,0.02816889062523842,0.04563884809613228,0.05222512036561966
3443,clean,none,0.007586355321109295,0.9964842796325684,39.6838493347168,0.9048630595207214,0.029831355437636375,0.018703434616327286,0.04660208523273468
3444,salt_pepper,low,0.10869966447353363,0.65110182762146,17.12063980102539,0.1367909014225006,0.7132140398025513,0.08500267565250397,0.06499239802360535
3445,occlusion,low,0.0997934341430664,0.6923453211784363,18.045866012573242,0.14039532840251923,0.0635153129696846,0.0413208082318306,0.7547685503959656
3446,occlusion,medium,0.05695829540491104,0.5751341581344604,22.119461059570312,0.0019512816797941923,0.01809481903910637,0.0010005177464336157,0.9789533019065857
3447,salt_pepper,medium,0.07332243770360947,0.6655118465423584,20.269264221191406,0.055658530443906784,0.8187983632087708,0.08292025327682495,0.04262281581759453
3448,occlusion,high,0.07598773390054703,0.6414259672164917,19.618871688842773,2.1734358597313985e-06,0.0011142705334350467,1.2619031622307375e-05,0.9988709092140198
3449,blur,medium,0.02462301030755043,0.8764090538024902,28.76676368713379,0.1120254322886467,0.01687113754451275,0.8269984722137451,0.0441049225628376
3450,salt_pepper,high,0.08795541524887085,0.5909489393234253,19.4482364654541,0.05968625470995903,0.8151736259460449,0.08130895346403122,0.04383113980293274
3451,salt_pepper,medium,0.09784003347158432,0.6873066425323486,17.73178482055664,0.05447177588939667,0.8150813579559326,0.09090042114257812,0.03954644501209259
3452,blur,low,0.04606229066848755,0.8756382465362549,24.37425994873047,0.1609671711921692,0.013582435436546803,0.7985643148422241,0.026886029168963432
3453,blur,medium,0.05854315310716629,0.7763903141021729,22.70917510986328,0.11331015825271606,0.01450649555772543,0.8414183855056763,0.030764978379011154
3454,salt_pepper,low,0.04825577884912491,0.8344172239303589,23.526647567749023,0.039149101823568344,0.8412131667137146,0.07663673162460327,0.04300107806921005
3455,occlusion,high,0.08881878107786179,0.6732920408248901,17.043380737304688,9.048014248946856e-07,0.0006759277894161642,9.655026588006876e-06,0.999313473701477
3456,blur,medium,0.06878748536109924,0.763171911239624,21.09750747680664,0.1088804379105568,0.010396165773272514,0.8581672310829163,0.022556165233254433
3457,blur,medium,0.06411683559417725,0.824862003326416,21.08709144592285,0.1208219900727272,0.01058132853358984,0.8465010523796082,0.02209562249481678
3458,blur,high,0.07577216625213623,0.7201108932495117,20.363218307495117,0.10812220722436905,0.010498677380383015,0.858147144317627,0.023232026025652885
3459,clean,none,0.019350387156009674,0.9860007166862488,32.444610595703125,0.7511588931083679,0.026278816163539886,0.157490536570549,0.06507180631160736
3460,clean,none,0.001725038862787187,0.9997686147689819,52.17765426635742,0.9388900399208069,0.018453208729624748,0.012081626802682877,0.030575109645724297
3461,occlusion,high,0.08608923852443695,0.5267671942710876,17.411527633666992,0.0007552621536888182,0.00924069806933403,0.0008623255416750908,0.9891417026519775
3462,salt_pepper,high,0.05463690310716629,0.7315605878829956,23.10037612915039,0.04696134105324745,0.8505443930625916,0.07045024633407593,0.03204403072595596
3463,occlusion,medium,0.09910832345485687,0.513119101524353,17.27798843383789,0.0038329865783452988,0.02722286619246006,0.0031233695335686207,0.965820848941803
3464,blur,low,0.05954953283071518,0.8192223906517029,21.672239303588867,0.18578395247459412,0.01341824047267437,0.7751361727714539,0.02566167153418064
3465,blur,medium,0.0471193753182888,0.8088669776916504,24.232547760009766,0.1189793273806572,0.011881092563271523,0.8446794748306274,0.024460159242153168
3466,blur,medium,0.05244046449661255,0.8159899115562439,22.509328842163086,0.11240479350090027,0.010759991593658924,0.8535928130149841,0.023242410272359848
3467,blur,medium,0.043236877769231796,0.784614086151123,23.767148971557617,0.11809427291154861,0.010681064799427986,0.8491857051849365,0.02203899621963501
3468,blur,low,0.042317718267440796,0.9150177240371704,24.41758918762207,0.1626601368188858,0.01452024094760418,0.7949690222740173,0.02785062976181507
3469,occlusion,high,0.04957473278045654,0.6913281679153442,22.621126174926758,0.00015845111920498312,0.006357135251164436,0.0003439192078076303,0.9931405186653137
3470,blur,medium,0.0575069896876812,0.7673356533050537,22.452316284179688,0.11743395030498505,0.014701210893690586,0.8374456763267517,0.030419113114476204
3471,clean,none,0.0051721627824008465,0.9973914623260498,43.42485046386719,0.8822416663169861,0.025009291246533394,0.043549198657274246,0.04919988662004471
3472,blur,medium,0.06458590179681778,0.6671494245529175,21.034772872924805,0.11954869329929352,0.012434556148946285,0.8412694931030273,0.02674723230302334
3473,blur,high,0.08741655945777893,0.5782567858695984,18.97515106201172,0.10984440892934799,0.01350006740540266,0.847417414188385,0.029238032177090645
3474,clean,none,0.0061838747933506966,0.9958502650260925,41.787357330322266,0.839873194694519,0.03117462806403637,0.06968255341053009,0.05926955118775368
3475,clean,none,0.0061426181346178055,0.9980822801589966,41.92215347290039,0.8929978013038635,0.03321161866188049,0.022312015295028687,0.051478564739227295
3476,blur,high,0.03857772424817085,0.8241071701049805,26.054475784301758,0.11563649028539658,0.012032153084874153,0.8460076451301575,0.02632378786802292
3477,occlusion,low,0.04071599245071411,0.6869895458221436,24.95751953125,0.013990518637001514,0.04173087701201439,0.014738082885742188,0.9295405745506287
3478,occlusion,medium,0.08427711576223373,0.6712393164634705,16.51401710510254,0.0023836686741560698,0.018325621262192726,0.002955819247290492,0.976334810256958
3479,clean,none,0.005190062336623669,0.9979963302612305,43.26959991455078,0.8658777475357056,0.026361731812357903,0.04587673395872116,0.061883747577667236
3480,occlusion,low,0.027643725275993347,0.8804563283920288,27.288225173950195,0.009860304184257984,0.03406655043363571,0.011593097820878029,0.9444800019264221
3481,occlusion,high,0.0608602873980999,0.6337320804595947,20.776700973510742,3.715877937793266e-06,0.0012817297829315066,1.8501927115721628e-05,0.9986960291862488
3482,clean,none,0.0061429329216480255,0.9960875511169434,41.415306091308594,0.8293652534484863,0.029500072821974754,0.07184626907110214,0.06928844004869461
3483,blur,low,0.05045537278056145,0.7348138689994812,23.271703720092773,0.2011990249156952,0.013739261776208878,0.7602999210357666,0.024761728942394257
3484,blur,high,0.0340828001499176,0.8549338579177856,26.983463287353516,0.11946049332618713,0.01087877806276083,0.8470195531845093,0.022641215473413467
3485,salt_pepper,high,0.054179899394512177,0.800925612449646,22.848461151123047,0.029838189482688904,0.8956648707389832,0.05294480919837952,0.021552126854658127
3486,occlusion,medium,0.07848076522350311,0.6643654108047485,19.470144271850586,8.630621596239507e-05,0.004669282119721174,0.00021424645092338324,0.9950301647186279
3487,salt_pepper,medium,0.03309398889541626,0.9280542135238647,27.299591064453125,0.02215421013534069,0.9145199656486511,0.04600382223725319,0.017322104424238205
3488,clean,none,0.014698721468448639,0.9907655119895935,32.2376708984375,0.7759395241737366,0.042018141597509384,0.11655384302139282,0.06548850983381271
3489,blur,medium,0.046933919191360474,0.8182587623596191,23.77419662475586,0.12307555228471756,0.011049415916204453,0.842563271522522,0.023311765864491463
3490,blur,medium,0.061737142503261566,0.7027562856674194,21.55086898803711,0.10676717013120651,0.010827021673321724,0.8600165247917175,0.022389313206076622
3491,blur,high,0.0491098128259182,0.7185208201408386,23.769451141357422,0.1194811686873436,0.011185560375452042,0.845807671546936,0.023525597527623177
3492,occlusion,medium,0.03915000706911087,0.7386472225189209,23.994810104370117,0.03912105783820152,0.05142314359545708,0.025781644508242607,0.8836742043495178
3493,occlusion,medium,0.0496729277074337,0.7067126631736755,22.142139434814453,0.0011214487021788955,0.026642562821507454,0.0012404926819726825,0.9709955453872681
3494,occlusion,low,0.054076265543699265,0.7815624475479126,20.82523536682129,0.16276736557483673,0.10122818499803543,0.03141826018691063,0.7045861482620239
3495,salt_pepper,high,0.04036836326122284,0.813882052898407,25.49379539489746,0.036825984716415405,0.8789342045783997,0.05852296203374863,0.025716833770275116
3496,blur,high,0.04569084942340851,0.794089674949646,23.907024383544922,0.11235310137271881,0.01119915209710598,0.852687656879425,0.023760177195072174
3497,blur,low,0.04719153046607971,0.784089207649231,24.748594284057617,0.18757227063179016,0.01424153707921505,0.7701911926269531,0.027994966134428978
3498,clean,none,0.00636072363704443,0.9965461492538452,41.74295425415039,0.8851322531700134,0.025849808007478714,0.03589370474219322,0.053124282509088516
3499,salt_pepper,low,0.042630456387996674,0.8758081793785095,25.253231048583984,0.04126274585723877,0.845965564250946,0.0766223892569542,0.03614930436015129
3500,blur,high,0.0504954569041729,0.781329333782196,22.92535972595215,0.11164257675409317,0.010547002777457237,0.8550236821174622,0.02278672717511654
3501,occlusion,high,0.04481042921543121,0.7118825912475586,24.821203231811523,1.6204883650061674e-05,0.0023842728696763515,5.013448389945552e-05,0.9975493550300598
3502,blur,medium,0.025126446038484573,0.8799619078636169,29.345294952392578,0.12504109740257263,0.010987834073603153,0.8410488963127136,0.022922223433852196
3503,salt_pepper,medium,0.06830333173274994,0.7367173433303833,20.600345611572266,0.0415985994040966,0.8564985990524292,0.07092037796974182,0.03098239190876484
3504,occlusion,high,0.0887622982263565,0.39681097865104675,17.183998107910156,0.00013389693049248308,0.007950372993946075,0.0002420055534457788,0.9916736483573914
3505,blur,high,0.0862249955534935,0.583139955997467,18.923254013061523,0.10919109731912613,0.011547867208719254,0.8544677495956421,0.02479330077767372
3506,occlusion,high,0.06758202612400055,0.6571627855300903,19.369081497192383,0.0008345649112015963,0.017812781035900116,0.0017621429869905114,0.9795904159545898
3507,occlusion,low,0.05705650895833969,0.7278417944908142,21.884521484375,0.17544110119342804,0.0842246413230896,0.032273631542921066,0.708060622215271
3508,occlusion,medium,0.07293055951595306,0.6243945360183716,19.987817764282227,0.008861513808369637,0.04233046621084213,0.014222786761820316,0.9345852136611938
3509,blur,medium,0.06420700997114182,0.6122597455978394,21.651723861694336,0.1180780827999115,0.011969100683927536,0.8448310494422913,0.025121860206127167
3510,salt_pepper,medium,0.06361588090658188,0.7056059241294861,21.672189712524414,0.032381147146224976,0.8762455582618713,0.06354132294654846,0.027831941843032837
3511,blur,low,0.03419879451394081,0.8769805431365967,26.401805877685547,0.1698441058397293,0.017704013735055923,0.7776850461959839,0.034766826778650284
3512,salt_pepper,low,0.033496372401714325,0.8488281965255737,26.80507469177246,0.04236588627099991,0.8377214074134827,0.08010236918926239,0.03981032595038414
3513,clean,none,0.006188053637742996,0.9968265295028687,41.718238830566406,0.8788157105445862,0.03136983886361122,0.03376612439751625,0.05604824796319008
3514,occlusion,high,0.05161271616816521,0.6798561811447144,21.941669464111328,0.0018763428088277578,0.015516646206378937,0.0017652759561315179,0.9808417558670044
3515,blur,high,0.06523294001817703,0.7042710185050964,20.943204879760742,0.12001896649599075,0.012594999745488167,0.8408811092376709,0.026504971086978912
3516,occlusion,low,0.0349101684987545,0.8469216227531433,24.849437713623047,0.14181169867515564,0.07587002217769623,0.038256775587797165,0.7440614700317383
3517,occlusion,medium,0.05493319034576416,0.7504315376281738,21.452054977416992,0.0012950107920914888,0.017068184912204742,0.002707691630348563,0.9789291024208069
3518,salt_pepper,medium,0.050718098878860474,0.7806393504142761,22.744142532348633,0.03551702946424484,0.8732894659042358,0.06422477215528488,0.02696874551475048
3519,salt_pepper,low,0.06592310965061188,0.7196524143218994,21.18536949157715,0.04199666157364845,0.8397923111915588,0.07911846041679382,0.03909258916974068
3520,clean,none,0.009843207895755768,0.9952640533447266,38.145477294921875,0.8822686672210693,0.03439534828066826,0.030815673992037773,0.05252032354474068
3521,salt_pepper,high,0.04225492477416992,0.7940578460693359,24.45164680480957,0.03338684141635895,0.8853219747543335,0.05737750604748726,0.023913724347949028
3522,occlusion,high,0.05193863436579704,0.6949305534362793,20.941471099853516,0.001446001697331667,0.01303480938076973,0.0018463811138644814,0.9836727976799011
3523,blur,high,0.06729903817176819,0.7363251447677612,21.273544311523438,0.11205626279115677,0.0131476279348135,0.8459371328353882,0.02885894477367401
3524,occlusion,low,0.05243973061442375,0.6887961626052856,22.67951011657715,0.021653685718774796,0.03537316992878914,0.009542962536215782,0.9334301352500916
3525,clean,none,0.0059943487867712975,0.9937931895256042,41.8795051574707,0.8004283905029297,0.02739875391125679,0.11318221688270569,0.058990709483623505
3526,clean,none,0.017349151894450188,0.9840723872184753,33.075218200683594,0.7671310305595398,0.033228084444999695,0.13166561722755432,0.06797519326210022
3527,occlusion,low,0.03736021742224693,0.7851567268371582,24.74384117126465,0.025619979947805405,0.05601442605257034,0.012859831564128399,0.9055057764053345
3528,clean,none,0.006415808107703924,0.9936234354972839,41.4463005065918,0.776521623134613,0.03119349479675293,0.1262415200471878,0.06604332476854324
3529,occlusion,low,0.056982457637786865,0.759516179561615,20.179941177368164,0.340546578168869,0.09608582407236099,0.043800678104162216,0.5195669531822205
3530,salt_pepper,medium,0.08855181932449341,0.6529696583747864,18.61860466003418,0.05033738911151886,0.8361664414405823,0.07600472122430801,0.037491463124752045
3531,occlusion,low,0.038154251873493195,0.7227065563201904,24.29959487915039,0.008658908307552338,0.022958749905228615,0.004014805890619755,0.9643675684928894
3532,salt_pepper,medium,0.14384666085243225,0.7795127630233765,15.211904525756836,0.04044082760810852,0.8588099479675293,0.0703199952840805,0.030429208651185036
3533,clean,none,0.01393998321145773,0.9856631755828857,34.14548873901367,0.8775234222412109,0.028043635189533234,0.028671467676758766,0.0657615214586258
3534,clean,none,0.0063407886773347855,0.996943473815918,41.375572204589844,0.792498767375946,0.03203461319208145,0.10250668227672577,0.07295999675989151
3535,salt_pepper,high,0.11227717250585556,0.7348300814628601,16.472021102905273,0.02802230417728424,0.90462327003479,0.04803619533777237,0.019318295642733574
3536,blur,medium,0.07119642198085785,0.6666371822357178,20.668657302856445,0.10745132714509964,0.013315761461853981,0.8507073521614075,0.028525570407509804
3537,blur,low,0.07904320955276489,0.8026019334793091,19.709354400634766,0.2555505633354187,0.022218510508537292,0.6813814043998718,0.04084957018494606
3538,occlusion,low,0.08786565065383911,0.5934420824050903,18.191486358642578,0.06602261960506439,0.08512687683105469,0.019343603402376175,0.8295068740844727
3539,blur,high,0.08877402544021606,0.6080318689346313,18.61261558532715,0.10881105810403824,0.011941850185394287,0.8530842661857605,0.026162905618548393
3540,blur,low,0.040478892624378204,0.7773928046226501,25.515907287597656,0.15640762448310852,0.013812659308314323,0.8043755888938904,0.025404170155525208
3541,blur,high,0.07949083298444748,0.6653684377670288,19.610973358154297,0.11598646640777588,0.012184103019535542,0.8457214832305908,0.0261079091578722
3542,occlusion,medium,0.04305991530418396,0.7315043210983276,23.205341339111328,0.00023123905702959746,0.006023654714226723,0.00025614610058255494,0.9934890270233154
3543,clean,none,0.011992218904197216,0.9904303550720215,35.89579772949219,0.7472828030586243,0.030569301918148994,0.1589944064617157,0.06315350532531738
3544,salt_pepper,low,0.0555921345949173,0.792794406414032,22.649093627929688,0.04398394376039505,0.8313027620315552,0.08396989107131958,0.04074333608150482
3545,clean,none,0.007641962729394436,0.9962978363037109,39.18244171142578,0.8643366694450378,0.03174470737576485,0.04377457872033119,0.06014404073357582
3546,clean,none,0.010039098560810089,0.9967525005340576,37.618934631347656,0.8674180507659912,0.027463819831609726,0.053211260586977005,0.05190690979361534
3547,occlusion,medium,0.05605226755142212,0.7006450891494751,21.968994140625,0.00912892259657383,0.0649474710226059,0.006516038905829191,0.9194076061248779
3548,salt_pepper,low,0.031980276107788086,0.8348796367645264,27.01641082763672,0.04121376946568489,0.8435059785842896,0.07837355136871338,0.03690679371356964
3549,clean,none,0.008125226944684982,0.9836217761039734,38.83000183105469,0.8981039524078369,0.029009602963924408,0.028984487056732178,0.04390203580260277
3550,clean,none,0.007628791034221649,0.9950911998748779,39.37628173828125,0.8769259452819824,0.03610967472195625,0.022641809657216072,0.06432253122329712
3551,blur,low,0.06368614733219147,0.766266942024231,20.674251556396484,0.12905023992061615,0.013797525316476822,0.8288813233375549,0.028270913287997246
3552,salt_pepper,low,0.07246625423431396,0.7857460975646973,20.41079330444336,0.05022928863763809,0.8296362161636353,0.07716572284698486,0.04296875
3553,blur,low,0.04864063858985901,0.8497735857963562,23.431564331054688,0.15589718520641327,0.01569485478103161,0.7983792424201965,0.030028780922293663
3554,blur,low,0.12326701730489731,0.6323655247688293,15.728239059448242,0.13726980984210968,0.013637853786349297,0.8226686120033264,0.02642369084060192
3555,salt_pepper,high,0.058679744601249695,0.7066078186035156,22.215574264526367,0.041249215602874756,0.8623155951499939,0.06762635707855225,0.028808778151869774
3556,salt_pepper,medium,0.03601057082414627,0.8399108648300171,26.36211395263672,0.03845112770795822,0.8639775514602661,0.06820463389158249,0.02936664968729019
3557,occlusion,high,0.06052745506167412,0.6821573972702026,20.634546279907227,3.3260708732996136e-05,0.0036278667394071817,0.00017895156634040177,0.9961599111557007
3558,clean,none,0.006968928501009941,0.994877278804779,40.835693359375,0.8898074626922607,0.030964400619268417,0.02603713423013687,0.05319100245833397
3559,salt_pepper,low,0.07471385598182678,0.7562693953514099,18.846628189086914,0.0438142828643322,0.8352287411689758,0.083438940346241,0.03751800209283829
3560,occlusion,high,0.07468660175800323,0.5755144357681274,19.965198516845703,0.0004498270864132792,0.008563198149204254,0.0005137735861353576,0.990473210811615
3561,salt_pepper,high,0.05812617391347885,0.7809023857116699,22.619455337524414,0.03699310123920441,0.876395583152771,0.061205070465803146,0.02540622279047966
3562,occlusion,low,0.055090513080358505,0.7518143057823181,20.709503173828125,0.07100707292556763,0.07274127006530762,0.01830720342695713,0.8379444479942322
3563,blur,medium,0.04096798598766327,0.8385302424430847,25.529253005981445,0.12114450335502625,0.010737180709838867,0.8454912304878235,0.0226270891726017
3564,blur,high,0.07780914008617401,0.6793367266654968,19.760068893432617,0.12461007386445999,0.014290056191384792,0.8314876556396484,0.029612213373184204
3565,blur,high,0.04924643784761429,0.7881194949150085,24.346101760864258,0.12396486103534698,0.01160429883748293,0.8405272960662842,0.02390347421169281
3566,occlusion,low,0.03171953186392784,0.8053398132324219,26.024871826171875,0.0045876833610236645,0.023322448134422302,0.0050685955211520195,0.9670212864875793
3567,salt_pepper,high,0.04371391236782074,0.7431632876396179,25.252368927001953,0.03679020330309868,0.8787364363670349,0.059139132499694824,0.025334229692816734
3568,clean,none,0.01804676651954651,0.9955440759658813,33.24822998046875,0.8381565809249878,0.022926418110728264,0.08952698856592178,0.04938999190926552
3569,clean,none,0.0057941609993577,0.9982039332389832,41.773094177246094,0.9110580682754517,0.024653229862451553,0.01930803246796131,0.04498060792684555
3570,salt_pepper,medium,0.061318539083004,0.7315771579742432,22.269868850708008,0.04636864736676216,0.8358392119407654,0.08005639165639877,0.037735674530267715
3571,clean,none,0.00952443853020668,0.9938620924949646,37.87205123901367,0.8219298720359802,0.02622753567993641,0.09574601799249649,0.056096531450748444
3572,salt_pepper,high,0.029282500967383385,0.8530646562576294,29.02094268798828,0.03321458399295807,0.8894797563552856,0.053931690752506256,0.023373981937766075
3573,clean,none,0.010395999066531658,0.9941594004631042,37.08256149291992,0.8396313190460205,0.034113749861717224,0.06446362286806107,0.061791274696588516
3574,blur,medium,0.06718724966049194,0.8274145126342773,21.045764923095703,0.11931131035089493,0.010853053070604801,0.8468948006629944,0.022940853610634804
3575,salt_pepper,low,0.08058077096939087,0.7476500272750854,19.540695190429688,0.06672205030918121,0.7999932765960693,0.07991286367177963,0.0533718578517437
3576,clean,none,0.011044833809137344,0.9951229095458984,36.72040557861328,0.8717818260192871,0.033512722700834274,0.03507135063409805,0.05963410064578056
3577,salt_pepper,low,0.0893721804022789,0.6729148626327515,18.6680965423584,0.12058521062135696,0.6949462890625,0.11090909689664841,0.07355939596891403
3578,blur,low,0.038156572729349136,0.8134085536003113,25.98973846435547,0.24880185723304749,0.018369019031524658,0.6993407011032104,0.03348838537931442
3579,occlusion,low,0.060909103602170944,0.7594395875930786,21.886951446533203,0.0196678526699543,0.03899530693888664,0.020298991352319717,0.9210377931594849
3580,occlusion,low,0.048928048461675644,0.7820755243301392,23.76629638671875,0.03299129009246826,0.06473112851381302,0.015971055254340172,0.8863065838813782
3581,clean,none,0.004431604407727718,0.9979855418205261,44.50802230834961,0.8959833383560181,0.02359629049897194,0.034257423132658005,0.04616295173764229
3582,clean,none,0.005656159482896328,0.9966330528259277,41.768341064453125,0.8623468279838562,0.030976884067058563,0.04792182892560959,0.05875442549586296
3583,blur,medium,0.04051187261939049,0.8333386182785034,25.14862060546875,0.12383481860160828,0.015732252970337868,0.826106071472168,0.03432686999440193
3584,clean,none,0.012785933911800385,0.9924299120903015,35.09194564819336,0.8264157772064209,0.03714697062969208,0.0653354600071907,0.07110170274972916
3585,clean,none,0.004710093140602112,0.9965192675590515,40.86463928222656,0.8989182710647583,0.023518439382314682,0.023814182728528976,0.053749214857816696
3586,blur,medium,0.07055653631687164,0.7771470546722412,20.728158950805664,0.11649217456579208,0.012315122410655022,0.8445563316345215,0.026636362075805664
3587,clean,none,0.005943322088569403,0.9980106353759766,42.572330474853516,0.9013701677322388,0.022736936807632446,0.032882701605558395,0.04301018640398979
3588,occlusion,low,0.09178745746612549,0.7301816940307617,15.8268404006958,0.011798177845776081,0.04560696706175804,0.0032265204936265945,0.9393683075904846
3589,blur,high,0.06274154037237167,0.7508530616760254,21.30660629272461,0.12183135002851486,0.013330289162695408,0.8368136286735535,0.02802472561597824
3590,clean,none,0.006268240045756102,0.9984562397003174,42.002925872802734,0.9090573787689209,0.021280253306031227,0.026918917894363403,0.04274342954158783
3591,blur,low,0.05269496887922287,0.8138260841369629,23.001644134521484,0.15497907996177673,0.013906513340771198,0.8042231798171997,0.02689124271273613
3592,occlusion,high,0.06939059495925903,0.596054196357727,18.328720092773438,0.001420256681740284,0.012422261759638786,0.0007137087523005903,0.9854437708854675
3593,clean,none,0.010968736372888088,0.9957503080368042,36.832366943359375,0.8692391514778137,0.0376308336853981,0.02660948410630226,0.06652061641216278
3594,clean,none,0.007556942757219076,0.9967333674430847,39.96662521362305,0.8957574367523193,0.03922102972865105,0.017136482521891594,0.047885067760944366
3595,salt_pepper,high,0.0595683753490448,0.8435291051864624,18.77721405029297,0.022902214899659157,0.9155915975570679,0.044190455228090286,0.017315762117505074
3596,salt_pepper,high,0.14225399494171143,0.7023054361343384,14.876408576965332,0.04357391595840454,0.85245680809021,0.07114705443382263,0.032822176814079285
3597,salt_pepper,low,0.05263591930270195,0.791665256023407,23.520509719848633,0.05355560779571533,0.812648355960846,0.08942563831806183,0.04437042772769928
3598,occlusion,high,0.06982867419719696,0.6005429625511169,19.715333938598633,3.12152951664757e-05,0.00451927725225687,0.00011732867278624326,0.9953321814537048
3599,occlusion,low,0.04474559426307678,0.8240889310836792,23.03146743774414,0.01094956323504448,0.02949712611734867,0.004886392969638109,0.9546668529510498
3600,salt_pepper,medium,0.062361352145671844,0.7631301283836365,22.000911712646484,0.0418282225728035,0.8536404967308044,0.07303396612405777,0.03149736300110817
3601,blur,low,0.06086617708206177,0.8533816337585449,22.12598419189453,0.13937810063362122,0.013088555075228214,0.8221623301506042,0.025371043011546135
3602,blur,low,0.05189666897058487,0.8687919974327087,23.131248474121094,0.1714499294757843,0.013593463227152824,0.7881911396980286,0.026765447109937668
3603,occlusion,low,0.02939726412296295,0.8855007886886597,25.04340171813965,0.44209977984428406,0.07833879441022873,0.10043974220752716,0.3791217505931854
3604,salt_pepper,low,0.06970670074224472,0.8153483271598816,20.546722412109375,0.05056308954954147,0.8235755562782288,0.08149557560682297,0.044365838170051575
3605,blur,medium,0.05766737461090088,0.7329702377319336,22.498977661132812,0.1184728741645813,0.013864466920495033,0.8383309841156006,0.029331602156162262
3606,salt_pepper,low,0.052301764488220215,0.7549242973327637,23.059139251708984,0.05400411784648895,0.8164330720901489,0.08680492639541626,0.04275796189904213
3607,salt_pepper,high,0.0761268213391304,0.7626680135726929,20.636821746826172,0.043936558067798615,0.8576557040214539,0.06783531606197357,0.030572375282645226
3608,salt_pepper,low,0.06993913650512695,0.7839611768722534,21.15821647644043,0.04979120194911957,0.8227671980857849,0.08459267765283585,0.04284883290529251
3609,blur,medium,0.06195831298828125,0.7484461665153503,21.83631706237793,0.12012385576963425,0.013769651763141155,0.8367465734481812,0.029359854757785797
3610,occlusion,low,0.047514837235212326,0.7431671619415283,23.656082153320312,0.08898771554231644,0.08024190366268158,0.04056069999933243,0.7902096509933472
3611,blur,low,0.04983474314212799,0.8274509310722351,23.733327865600586,0.1905820667743683,0.019162168726325035,0.7543476819992065,0.035908062011003494
3612,occlusion,medium,0.07752972841262817,0.611177384853363,17.512523651123047,0.033933594822883606,0.05700790137052536,0.012610295787453651,0.8964482545852661
3613,clean,none,0.006062413565814495,0.9953405857086182,41.98459243774414,0.8435847759246826,0.027770694345235825,0.07214989513158798,0.056494615972042084
3614,clean,none,0.005116879008710384,0.9955477714538574,41.34128952026367,0.8851523995399475,0.0371280200779438,0.0236140638589859,0.0541054904460907
3615,occlusion,low,0.05784457176923752,0.7472295761108398,21.481285095214844,0.024448424577713013,0.049956221133470535,0.012610726989805698,0.9129845499992371
3616,occlusion,high,0.0803578644990921,0.46009406447410583,17.16786766052246,6.937131547601894e-05,0.005582363810390234,0.00016846212383825332,0.9941798448562622
3617,occlusion,medium,0.09390127658843994,0.6428548097610474,18.104679107666016,0.005112032871693373,0.030447104945778847,0.003307502483949065,0.9611334204673767
3618,occlusion,medium,0.08577494323253632,0.6479907035827637,17.738994598388672,0.024319162592291832,0.03744855895638466,0.006952075287699699,0.9312801957130432
3619,salt_pepper,low,0.06635886430740356,0.8326913714408875,21.534339904785156,0.057466842234134674,0.81206876039505,0.08592621237039566,0.044538211077451706
3620,salt_pepper,low,0.05946557968854904,0.7418807744979858,21.939453125,0.04310479015111923,0.835662305355072,0.07869277149438858,0.042540181428194046
3621,occlusion,high,0.09147849678993225,0.5760806798934937,17.182199478149414,5.683591734850779e-05,0.003369217272847891,0.0001543025573482737,0.9964195489883423
3622,salt_pepper,low,0.04903312772512436,0.8248066306114197,23.692317962646484,0.04571085050702095,0.8336040377616882,0.07676132023334503,0.043923862278461456
3623,clean,none,0.007129292469471693,0.9969122409820557,40.456703186035156,0.8856592178344727,0.026002561673521996,0.03590073436498642,0.05243757739663124
3624,occlusion,low,0.08869548887014389,0.7183220386505127,17.859487533569336,0.37015360593795776,0.1163610965013504,0.050585269927978516,0.46289995312690735
3625,clean,none,0.0037287496961653233,0.9987103939056396,45.09927749633789,0.912777304649353,0.021739285439252853,0.02276371791958809,0.04271967336535454
3626,blur,high,0.052176665514707565,0.7879969477653503,23.62492561340332,0.11980929225683212,0.01133423950523138,0.8449864387512207,0.023869957774877548
3627,occlusion,high,0.05780249461531639,0.6657893657684326,19.758466720581055,4.3497057049535215e-05,0.005161582492291927,0.00013001497427467257,0.9946649074554443
3628,blur,low,0.04303164407610893,0.8697892427444458,24.21870994567871,0.1707378625869751,0.019176296889781952,0.7733545899391174,0.03673135116696358
3629,clean,none,0.004690357483923435,0.9970654249191284,43.74683380126953,0.8815449476242065,0.02345108799636364,0.046837467700242996,0.04816650226712227
3630,occlusion,low,0.054831039160490036,0.7852427363395691,19.774768829345703,0.3438071310520172,0.1026306226849556,0.044379331171512604,0.509182870388031
3631,clean,none,0.010239416733384132,0.9946646690368652,37.10539627075195,0.8711299896240234,0.031165296211838722,0.04299443960189819,0.054710257798433304
3632,clean,none,0.004751348868012428,0.9978514909744263,43.75130081176758,0.8870089054107666,0.025312112644314766,0.0414760448038578,0.04620296508073807
3633,blur,high,0.059840500354766846,0.7303852438926697,21.16032600402832,0.1280226707458496,0.01421774085611105,0.8258274793624878,0.03193216025829315
3634,blur,high,0.04273834452033043,0.7568703889846802,25.099891662597656,0.12223433703184128,0.012102105654776096,0.8400338292121887,0.025629797950387
3635,clean,none,0.015232237055897713,0.9898590445518494,34.31206512451172,0.8285138010978699,0.030512632802128792,0.08442439883947372,0.05654917284846306
3636,occlusion,low,0.04957464337348938,0.7167272567749023,22.63097381591797,0.009792988188564777,0.0333169549703598,0.0046761720441281796,0.9522139430046082
3637,salt_pepper,low,0.0502341203391552,0.8078815340995789,21.975074768066406,0.03905925527215004,0.8493374586105347,0.07376553863286972,0.0378376804292202
3638,blur,high,0.05456341430544853,0.738001823425293,23.13489532470703,0.12089043110609055,0.013480099849402905,0.8370220065116882,0.028607483953237534
3639,salt_pepper,high,0.0839378833770752,0.6834906339645386,19.219694137573242,0.04301026836037636,0.8587127923965454,0.06737600266933441,0.030900998041033745
3640,blur,low,0.06736945360898972,0.8274628520011902,21.489952087402344,0.14230506122112274,0.012195407412946224,0.8216277360916138,0.02387179061770439
3641,clean,none,0.005096974782645702,0.9976701736450195,42.87379455566406,0.8822536468505859,0.026469066739082336,0.03913091495633125,0.05214638635516167
3642,occlusion,low,0.04394654557108879,0.7861075401306152,23.38726806640625,0.05752434954047203,0.07100649923086166,0.023627320304512978,0.847841739654541
3643,clean,none,0.013239914551377296,0.9952349662780762,35.791664123535156,0.828216552734375,0.023822298273444176,0.09330613911151886,0.054655060172080994
3644,salt_pepper,high,0.07285668700933456,0.7490540742874146,20.815420150756836,0.04831141233444214,0.8427934646606445,0.07372488081455231,0.0351702943444252
3645,clean,none,0.006410605274140835,0.9979802966117859,38.45630645751953,0.8800854086875916,0.02767983078956604,0.02922152355313301,0.06301331520080566
3646,occlusion,medium,0.0763847678899765,0.5885495543479919,20.28660774230957,0.053258009254932404,0.05767468735575676,0.030938537791371346,0.8581287264823914
3647,blur,medium,0.06635615229606628,0.7744037508964539,18.556766510009766,0.11269447207450867,0.010862182825803757,0.8532742857933044,0.02316909283399582
3648,occlusion,medium,0.06753414869308472,0.5998389720916748,20.640270233154297,0.016208073124289513,0.03603365272283554,0.0059419721364974976,0.9418162703514099
3649,blur,high,0.05068257451057434,0.8405296802520752,22.57206153869629,0.11681217700242996,0.011502140201628208,0.8470948934555054,0.024590829387307167
3650,salt_pepper,low,0.05266985297203064,0.7931801676750183,23.01955223083496,0.03762518987059593,0.8565632104873657,0.07281758636236191,0.03299398720264435
3651,blur,high,0.0600334033370018,0.5770249366760254,22.06770133972168,0.1113959550857544,0.013185320422053337,0.8462467789649963,0.02917197346687317
3652,occlusion,high,0.09412296861410141,0.5561870336532593,17.28738021850586,1.548543878016062e-05,0.002547062933444977,4.074114985996857e-05,0.99739670753479
3653,clean,none,0.01750423014163971,0.9853801131248474,33.27998352050781,0.8032975196838379,0.031044477596879005,0.10402636229991913,0.061631619930267334
3654,salt_pepper,low,0.058959852904081345,0.7325941324234009,22.078441619873047,0.033513423055410385,0.8644201755523682,0.06908833980560303,0.03297805041074753
3655,salt_pepper,low,0.03049541637301445,0.8021933436393738,27.169097900390625,0.03764202445745468,0.8525822758674622,0.0750788077712059,0.03469688817858696
3656,salt_pepper,high,0.06883230805397034,0.6967743635177612,20.855867385864258,0.03574984520673752,0.8816490769386292,0.05748991295695305,0.025111157447099686
3657,occlusion,medium,0.08834167569875717,0.5615553855895996,18.81574821472168,0.0836213156580925,0.08450182527303696,0.039907462894916534,0.7919694185256958
3658,blur,medium,0.11143004894256592,0.7262285947799683,15.991669654846191,0.11446816474199295,0.010572172701358795,0.8523536324501038,0.022606026381254196
3659,clean,none,0.00587096530944109,0.9975199103355408,41.373756408691406,0.8822052478790283,0.03362584859132767,0.028019139543175697,0.05614982917904854
3660,clean,none,0.006509787403047085,0.9962314367294312,41.185604095458984,0.8661459684371948,0.03144803270697594,0.043658044189214706,0.05874798446893692
3661,salt_pepper,high,0.09384940564632416,0.7270824313163757,18.7222843170166,0.040749140083789825,0.8666606545448303,0.06390242278575897,0.02868773601949215
3662,clean,none,0.01019082497805357,0.9938434958457947,37.78681182861328,0.7129042148590088,0.02822071872651577,0.19438160955905914,0.06449348479509354
3663,salt_pepper,high,0.050708260387182236,0.7951873540878296,23.16704559326172,0.02845105715095997,0.8999009728431702,0.05096420273184776,0.020683731883764267
3664,clean,none,0.010644329711794853,0.9943526983261108,37.20164108276367,0.8494575023651123,0.0263440553098917,0.07216612249612808,0.05203227698802948
3665,occlusion,medium,0.07834470272064209,0.6106972098350525,19.444181442260742,0.006001674570143223,0.03490571677684784,0.004985742270946503,0.9541068077087402
3666,clean,none,0.010815992951393127,0.993004560470581,36.381370544433594,0.8026078343391418,0.06471847742795944,0.037293240427970886,0.09538045525550842
3667,occlusion,high,0.0952441394329071,0.6144155859947205,16.813949584960938,1.953145329025574e-05,0.003778968472033739,5.9688954934244975e-05,0.9961418509483337
3668,occlusion,high,0.06367488205432892,0.6869653463363647,19.714208602905273,2.8304873467277503e-06,0.001045056153088808,2.065813896479085e-05,0.9989314675331116
